
C:/Users/Chen/Desktop/Pico/PicoPhone/DeepSeekCode/probe_rp2040/build/probe_rp2040.elf:     file format elf32-littlearm

Sections:
Idx Name          Size      VMA       LMA       File off  Algn
  0 .boot2        00000100  10000000  10000000  00001000  2**0
                  CONTENTS, ALLOC, LOAD, READONLY, CODE
  1 .text         00008f00  10000100  10000100  00001100  2**3
                  CONTENTS, ALLOC, LOAD, READONLY, CODE
  2 .rodata       00000ad8  10009000  10009000  0000a000  2**3
                  CONTENTS, ALLOC, LOAD, READONLY, DATA
  3 .binary_info  0000002c  10009ad8  10009ad8  0000aad8  2**2
                  CONTENTS, ALLOC, LOAD, READONLY, DATA
  4 .xip_ram      00000000  15000000  15000000  0000c7d8  2**0
                  CONTENTS
  5 .ram_vector_table 000000c0  20000000  20000000  0000d000  2**2
                  ALLOC
  6 .uninitialized_data 00000000  200000c0  200000c0  0000c7d8  2**0
                  CONTENTS
  7 .data         00001718  200000c0  10009b04  0000b0c0  2**4
                  CONTENTS, ALLOC, LOAD, READONLY, CODE
  8 .tdata        00000000  200017d8  200017d8  0000c7d8  2**0
                  CONTENTS, ALLOC, LOAD, DATA, THREAD_LOCAL
  9 .tbss         00000000  200017d8  200017d8  00000000  2**0
                  ALLOC, THREAD_LOCAL
 10 .tbss_space   00000000  200017d8  200017d8  0000c7d8  2**0
                  CONTENTS
 11 .bss          00010dc8  20002000  1000b21c  0000d000  2**12
                  ALLOC
 12 .tls0         00000000  20012dc8  20012dc8  0000c7d8  2**0
                  CONTENTS
 13 .tls1         00000000  20012dc8  20012dc8  0000c7d8  2**0
                  CONTENTS
 14 .persistent_data 00000000  20012dc8  20012dc8  0000c7d8  2**0
                  CONTENTS
 15 .dummy_pre_heap 00000000  20012dc8  20012dc8  0000c7d8  2**0
                  CONTENTS
 16 .heap         00000800  20012dc8  20012dc8  0000cdc8  2**2
                  ALLOC, READONLY
 17 .scratch_x    00000000  20040000  20040000  0000c7d8  2**0
                  CONTENTS
 18 .scratch_y    00000000  20041000  20041000  0000c7d8  2**0
                  CONTENTS
 19 .stack_dummy  00000800  20041000  20041000  0000d000  2**5
                  ALLOC, READONLY
 20 .debug_info   00038204  00000000  00000000  0000c7d8  2**0
                  CONTENTS, READONLY, DEBUGGING, OCTETS
 21 .debug_abbrev 00009a00  00000000  00000000  000449dc  2**0
                  CONTENTS, READONLY, DEBUGGING, OCTETS
 22 .debug_loclists 0001d847  00000000  00000000  0004e3dc  2**0
                  CONTENTS, READONLY, DEBUGGING, OCTETS
 23 .debug_aranges 00001898  00000000  00000000  0006bc28  2**3
                  CONTENTS, READONLY, DEBUGGING, OCTETS
 24 .debug_rnglists 00004ebc  00000000  00000000  0006d4c0  2**0
                  CONTENTS, READONLY, DEBUGGING, OCTETS
 25 .debug_line   00027c65  00000000  00000000  0007237c  2**0
                  CONTENTS, READONLY, DEBUGGING, OCTETS
 26 .debug_str    0000a6ad  00000000  00000000  00099fe1  2**0
                  CONTENTS, READONLY, DEBUGGING, OCTETS
 27 .comment      00000045  00000000  00000000  000a468e  2**0
                  CONTENTS, READONLY
 28 .ARM.attributes 0000002a  00000000  00000000  000a46d3  2**0
                  CONTENTS, READONLY
 29 .debug_frame  00003b94  00000000  00000000  000a4700  2**2
                  CONTENTS, READONLY, DEBUGGING, OCTETS
 30 .debug_line_str 00000373  00000000  00000000  000a8294  2**0
                  CONTENTS, READONLY, DEBUGGING, OCTETS

C:/Users/Chen/Desktop/Pico/PicoPhone/DeepSeekCode/probe_rp2040/build/probe_rp2040.elf:     file format elf32-littlearm


Disassembly of section .boot2:

10000000 <__boot2_start__>:
10000000:	4b32b500 	.word	0x4b32b500
10000004:	60582021 	.word	0x60582021
10000008:	21026898 	.word	0x21026898
1000000c:	60984388 	.word	0x60984388
10000010:	611860d8 	.word	0x611860d8
10000014:	4b2e6158 	.word	0x4b2e6158
10000018:	60992100 	.word	0x60992100
1000001c:	61592102 	.word	0x61592102
10000020:	22f02101 	.word	0x22f02101
10000024:	492b5099 	.word	0x492b5099
10000028:	21016019 	.word	0x21016019
1000002c:	20356099 	.word	0x20356099
10000030:	f844f000 	.word	0xf844f000
10000034:	42902202 	.word	0x42902202
10000038:	2106d014 	.word	0x2106d014
1000003c:	f0006619 	.word	0xf0006619
10000040:	6e19f834 	.word	0x6e19f834
10000044:	66192101 	.word	0x66192101
10000048:	66182000 	.word	0x66182000
1000004c:	f000661a 	.word	0xf000661a
10000050:	6e19f82c 	.word	0x6e19f82c
10000054:	6e196e19 	.word	0x6e196e19
10000058:	f0002005 	.word	0xf0002005
1000005c:	2101f82f 	.word	0x2101f82f
10000060:	d1f94208 	.word	0xd1f94208
10000064:	60992100 	.word	0x60992100
10000068:	6019491b 	.word	0x6019491b
1000006c:	60592100 	.word	0x60592100
10000070:	481b491a 	.word	0x481b491a
10000074:	21016001 	.word	0x21016001
10000078:	21eb6099 	.word	0x21eb6099
1000007c:	21a06619 	.word	0x21a06619
10000080:	f0006619 	.word	0xf0006619
10000084:	2100f812 	.word	0x2100f812
10000088:	49166099 	.word	0x49166099
1000008c:	60014814 	.word	0x60014814
10000090:	60992101 	.word	0x60992101
10000094:	2800bc01 	.word	0x2800bc01
10000098:	4700d000 	.word	0x4700d000
1000009c:	49134812 	.word	0x49134812
100000a0:	c8036008 	.word	0xc8036008
100000a4:	8808f380 	.word	0x8808f380
100000a8:	b5034708 	.word	0xb5034708
100000ac:	20046a99 	.word	0x20046a99
100000b0:	d0fb4201 	.word	0xd0fb4201
100000b4:	42012001 	.word	0x42012001
100000b8:	bd03d1f8 	.word	0xbd03d1f8
100000bc:	6618b502 	.word	0x6618b502
100000c0:	f7ff6618 	.word	0xf7ff6618
100000c4:	6e18fff2 	.word	0x6e18fff2
100000c8:	bd026e18 	.word	0xbd026e18
100000cc:	40020000 	.word	0x40020000
100000d0:	18000000 	.word	0x18000000
100000d4:	00070000 	.word	0x00070000
100000d8:	005f0300 	.word	0x005f0300
100000dc:	00002221 	.word	0x00002221
100000e0:	180000f4 	.word	0x180000f4
100000e4:	a0002022 	.word	0xa0002022
100000e8:	10000100 	.word	0x10000100
100000ec:	e000ed08 	.word	0xe000ed08
	...
100000fc:	7a4eb274 	.word	0x7a4eb274

Disassembly of section .text:

10000100 <__VECTOR_TABLE>:
10000100:	20042000 	.word	0x20042000
10000104:	100001f7 	.word	0x100001f7
10000108:	100001cb 	.word	0x100001cb
1000010c:	100001cd 	.word	0x100001cd
10000110:	100001c9 	.word	0x100001c9
10000114:	100001c9 	.word	0x100001c9
10000118:	100001c9 	.word	0x100001c9
1000011c:	100001c9 	.word	0x100001c9
10000120:	100001c9 	.word	0x100001c9
10000124:	100001c9 	.word	0x100001c9
10000128:	100001c9 	.word	0x100001c9
1000012c:	100001cf 	.word	0x100001cf
10000130:	100001c9 	.word	0x100001c9
10000134:	100001c9 	.word	0x100001c9
10000138:	100001d1 	.word	0x100001d1
1000013c:	100001d3 	.word	0x100001d3
10000140:	100001c1 	.word	0x100001c1
10000144:	100001c1 	.word	0x100001c1
10000148:	100001c1 	.word	0x100001c1
1000014c:	100001c1 	.word	0x100001c1
10000150:	100001c1 	.word	0x100001c1
10000154:	100001c1 	.word	0x100001c1
10000158:	100001c1 	.word	0x100001c1
1000015c:	100001c1 	.word	0x100001c1
10000160:	100001c1 	.word	0x100001c1
10000164:	100001c1 	.word	0x100001c1
10000168:	100001c1 	.word	0x100001c1
1000016c:	100001c1 	.word	0x100001c1
10000170:	100001c1 	.word	0x100001c1
10000174:	100001c1 	.word	0x100001c1
10000178:	100001c1 	.word	0x100001c1
1000017c:	100001c1 	.word	0x100001c1
10000180:	100001c1 	.word	0x100001c1
10000184:	100001c1 	.word	0x100001c1
10000188:	100001c1 	.word	0x100001c1
1000018c:	100001c1 	.word	0x100001c1
10000190:	100001c1 	.word	0x100001c1
10000194:	100001c1 	.word	0x100001c1
10000198:	100001c1 	.word	0x100001c1
1000019c:	100001c1 	.word	0x100001c1
100001a0:	100001c1 	.word	0x100001c1
100001a4:	100001c1 	.word	0x100001c1
100001a8:	100001c1 	.word	0x100001c1
100001ac:	100001c1 	.word	0x100001c1
100001b0:	100001c1 	.word	0x100001c1
100001b4:	100001c1 	.word	0x100001c1
100001b8:	100001c1 	.word	0x100001c1
100001bc:	100001c1 	.word	0x100001c1

100001c0 <__unhandled_user_irq>:
100001c0:	f3ef 8005 	mrs	r0, IPSR
100001c4:	3810      	subs	r0, #16

100001c6 <unhandled_user_irq_num_in_r0>:
100001c6:	be00      	bkpt	0x0000

100001c8 <isr_invalid>:
100001c8:	be00      	bkpt	0x0000

100001ca <isr_nmi>:
100001ca:	be00      	bkpt	0x0000

100001cc <isr_hardfault>:
100001cc:	be00      	bkpt	0x0000

100001ce <isr_svcall>:
100001ce:	be00      	bkpt	0x0000

100001d0 <isr_pendsv>:
100001d0:	be00      	bkpt	0x0000

100001d2 <isr_systick>:
100001d2:	be00      	bkpt	0x0000

100001d4 <__default_isrs_end>:
100001d4:	7188ebf2 	.word	0x7188ebf2
100001d8:	10009ad8 	.word	0x10009ad8
100001dc:	10009b04 	.word	0x10009b04
100001e0:	10000238 	.word	0x10000238
100001e4:	e71aa390 	.word	0xe71aa390

100001e8 <_entry_point>:
100001e8:	2000      	movs	r0, #0

100001ea <_enter_vtable_in_r0>:
100001ea:	491e      	ldr	r1, [pc, #120]	@ (10000264 <data_cpy_table+0x2c>)
100001ec:	6008      	str	r0, [r1, #0]
100001ee:	c806      	ldmia	r0!, {r1, r2}
100001f0:	f381 8808 	msr	MSP, r1
100001f4:	4710      	bx	r2

100001f6 <_reset_handler>:
100001f6:	481c      	ldr	r0, [pc, #112]	@ (10000268 <data_cpy_table+0x30>)
100001f8:	6800      	ldr	r0, [r0, #0]
100001fa:	2800      	cmp	r0, #0
100001fc:	d001      	beq.n	10000202 <hold_non_core0_in_bootrom+0x4>

100001fe <hold_non_core0_in_bootrom>:
100001fe:	2000      	movs	r0, #0
10000200:	e7f3      	b.n	100001ea <_enter_vtable_in_r0>
10000202:	a40d      	add	r4, pc, #52	@ (adr r4, 10000238 <data_cpy_table>)
10000204:	cc0e      	ldmia	r4!, {r1, r2, r3}
10000206:	2900      	cmp	r1, #0
10000208:	d002      	beq.n	10000210 <hold_non_core0_in_bootrom+0x12>
1000020a:	f000 f812 	bl	10000232 <data_cpy>
1000020e:	e7f9      	b.n	10000204 <hold_non_core0_in_bootrom+0x6>
10000210:	4916      	ldr	r1, [pc, #88]	@ (1000026c <data_cpy_table+0x34>)
10000212:	4a17      	ldr	r2, [pc, #92]	@ (10000270 <data_cpy_table+0x38>)
10000214:	2000      	movs	r0, #0
10000216:	e000      	b.n	1000021a <bss_fill_test>

10000218 <bss_fill_loop>:
10000218:	c101      	stmia	r1!, {r0}

1000021a <bss_fill_test>:
1000021a:	4291      	cmp	r1, r2
1000021c:	d1fc      	bne.n	10000218 <bss_fill_loop>

1000021e <platform_entry>:
1000021e:	4915      	ldr	r1, [pc, #84]	@ (10000274 <data_cpy_table+0x3c>)
10000220:	4788      	blx	r1
10000222:	4915      	ldr	r1, [pc, #84]	@ (10000278 <data_cpy_table+0x40>)
10000224:	4788      	blx	r1
10000226:	4915      	ldr	r1, [pc, #84]	@ (1000027c <data_cpy_table+0x44>)
10000228:	4788      	blx	r1
1000022a:	be00      	bkpt	0x0000
1000022c:	e7fd      	b.n	1000022a <platform_entry+0xc>

1000022e <data_cpy_loop>:
1000022e:	c901      	ldmia	r1!, {r0}
10000230:	c201      	stmia	r2!, {r0}

10000232 <data_cpy>:
10000232:	429a      	cmp	r2, r3
10000234:	d3fb      	bcc.n	1000022e <data_cpy_loop>

10000236 <data_cpy_done>:
10000236:	4770      	bx	lr

10000238 <data_cpy_table>:
10000238:	10009b04 	.word	0x10009b04
1000023c:	200000c0 	.word	0x200000c0
10000240:	200017d8 	.word	0x200017d8
10000244:	1000b21c 	.word	0x1000b21c
10000248:	20040000 	.word	0x20040000
1000024c:	20040000 	.word	0x20040000
10000250:	1000b21c 	.word	0x1000b21c
10000254:	20041000 	.word	0x20041000
10000258:	20041000 	.word	0x20041000
1000025c:	00000000 	.word	0x00000000
10000260:	4770      	bx	lr
10000262:	0000      	.short	0x0000
10000264:	e000ed08 	.word	0xe000ed08
10000268:	d0000000 	.word	0xd0000000
1000026c:	200017d8 	.word	0x200017d8
10000270:	20012dc8 	.word	0x20012dc8
10000274:	10004ac9 	.word	0x10004ac9
10000278:	100002f5 	.word	0x100002f5
1000027c:	10004ac1 	.word	0x10004ac1

10000280 <dma_irq_handler>:
10000280:	4b08      	ldr	r3, [pc, #32]	@ (100002a4 <dma_irq_handler+0x24>)
10000282:	b510      	push	{r4, lr}
10000284:	681b      	ldr	r3, [r3, #0]
10000286:	21a0      	movs	r1, #160	@ 0xa0
10000288:	001c      	movs	r4, r3
1000028a:	2301      	movs	r3, #1
1000028c:	40a3      	lsls	r3, r4
1000028e:	4a06      	ldr	r2, [pc, #24]	@ (100002a8 <dma_irq_handler+0x28>)
10000290:	05c9      	lsls	r1, r1, #23
10000292:	5888      	ldr	r0, [r1, r2]
10000294:	4203      	tst	r3, r0
10000296:	d004      	beq.n	100002a2 <dma_irq_handler+0x22>
10000298:	508b      	str	r3, [r1, r2]
1000029a:	4a04      	ldr	r2, [pc, #16]	@ (100002ac <dma_irq_handler+0x2c>)
1000029c:	6813      	ldr	r3, [r2, #0]
1000029e:	3301      	adds	r3, #1
100002a0:	6013      	str	r3, [r2, #0]
100002a2:	bd10      	pop	{r4, pc}
100002a4:	200010b0 	.word	0x200010b0
100002a8:	0000040c 	.word	0x0000040c
100002ac:	20012958 	.word	0x20012958

100002b0 <help>:
100002b0:	b510      	push	{r4, lr}
100002b2:	480c      	ldr	r0, [pc, #48]	@ (100002e4 <help+0x34>)
100002b4:	f004 fe08 	bl	10004ec8 <__wrap_puts>
100002b8:	2005      	movs	r0, #5
100002ba:	f001 fcbb 	bl	10001c34 <clock_get_hz>
100002be:	2380      	movs	r3, #128	@ 0x80
100002c0:	2280      	movs	r2, #128	@ 0x80
100002c2:	0001      	movs	r1, r0
100002c4:	025b      	lsls	r3, r3, #9
100002c6:	01d2      	lsls	r2, r2, #7
100002c8:	4807      	ldr	r0, [pc, #28]	@ (100002e8 <help+0x38>)
100002ca:	f004 fe7f 	bl	10004fcc <__wrap_printf>
100002ce:	2207      	movs	r2, #7
100002d0:	2100      	movs	r1, #0
100002d2:	4806      	ldr	r0, [pc, #24]	@ (100002ec <help+0x3c>)
100002d4:	f004 fe7a 	bl	10004fcc <__wrap_printf>
100002d8:	4b05      	ldr	r3, [pc, #20]	@ (100002f0 <help+0x40>)
100002da:	681b      	ldr	r3, [r3, #0]
100002dc:	6898      	ldr	r0, [r3, #8]
100002de:	f007 ff15 	bl	1000810c <fflush>
100002e2:	bd10      	pop	{r4, pc}
100002e4:	10009000 	.word	0x10009000
100002e8:	10009024 	.word	0x10009024
100002ec:	10009058 	.word	0x10009058
100002f0:	200015cc 	.word	0x200015cc

100002f4 <main>:
100002f4:	b5f0      	push	{r4, r5, r6, r7, lr}
100002f6:	46de      	mov	lr, fp
100002f8:	4657      	mov	r7, sl
100002fa:	464e      	mov	r6, r9
100002fc:	4645      	mov	r5, r8
100002fe:	b5e0      	push	{r5, r6, r7, lr}
10000300:	b099      	sub	sp, #100	@ 0x64
10000302:	f004 fd43 	bl	10004d8c <stdio_init_all>
10000306:	48c1      	ldr	r0, [pc, #772]	@ (1000060c <main+0x318>)
10000308:	f001 f9aa 	bl	10001660 <sleep_ms>
1000030c:	200e      	movs	r0, #14
1000030e:	f001 ff0d 	bl	1000212c <vreg_set_voltage>
10000312:	200a      	movs	r0, #10
10000314:	f001 f9a4 	bl	10001660 <sleep_ms>
10000318:	48bd      	ldr	r0, [pc, #756]	@ (10000610 <main+0x31c>)
1000031a:	ab14      	add	r3, sp, #80	@ 0x50
1000031c:	aa10      	add	r2, sp, #64	@ 0x40
1000031e:	a90f      	add	r1, sp, #60	@ 0x3c
10000320:	f001 fd68 	bl	10001df4 <check_sys_clock_khz>
10000324:	2800      	cmp	r0, #0
10000326:	d103      	bne.n	10000330 <main+0x3c>
10000328:	48ba      	ldr	r0, [pc, #744]	@ (10000614 <main+0x320>)
1000032a:	49b9      	ldr	r1, [pc, #740]	@ (10000610 <main+0x31c>)
1000032c:	f000 fac4 	bl	100008b8 <panic>
10000330:	26d0      	movs	r6, #208	@ 0xd0
10000332:	9a14      	ldr	r2, [sp, #80]	@ 0x50
10000334:	9910      	ldr	r1, [sp, #64]	@ 0x40
10000336:	980f      	ldr	r0, [sp, #60]	@ 0x3c
10000338:	f001 fc82 	bl	10001c40 <set_sys_clock_pll>
1000033c:	2400      	movs	r4, #0
1000033e:	2501      	movs	r5, #1
10000340:	0636      	lsls	r6, r6, #24
10000342:	0020      	movs	r0, r4
10000344:	f000 fa94 	bl	10000870 <gpio_init>
10000348:	002b      	movs	r3, r5
1000034a:	40a3      	lsls	r3, r4
1000034c:	0020      	movs	r0, r4
1000034e:	2106      	movs	r1, #6
10000350:	62b3      	str	r3, [r6, #40]	@ 0x28
10000352:	3401      	adds	r4, #1
10000354:	f000 fa74 	bl	10000840 <gpio_set_function>
10000358:	2c08      	cmp	r4, #8
1000035a:	d1f2      	bne.n	10000342 <main+0x4e>
1000035c:	4eae      	ldr	r6, [pc, #696]	@ (10000618 <main+0x324>)
1000035e:	48af      	ldr	r0, [pc, #700]	@ (1000061c <main+0x328>)
10000360:	2101      	movs	r1, #1
10000362:	9609      	str	r6, [sp, #36]	@ 0x24
10000364:	6030      	str	r0, [r6, #0]
10000366:	f007 f8af 	bl	100074c8 <pio_claim_unused_sm>
1000036a:	4fad      	ldr	r7, [pc, #692]	@ (10000620 <main+0x32c>)
1000036c:	49ad      	ldr	r1, [pc, #692]	@ (10000624 <main+0x330>)
1000036e:	6038      	str	r0, [r7, #0]
10000370:	6830      	ldr	r0, [r6, #0]
10000372:	970a      	str	r7, [sp, #40]	@ 0x28
10000374:	f007 f8c4 	bl	10007500 <pio_add_program>
10000378:	2300      	movs	r3, #0
1000037a:	2280      	movs	r2, #128	@ 0x80
1000037c:	9313      	str	r3, [sp, #76]	@ 0x4c
1000037e:	23f8      	movs	r3, #248	@ 0xf8
10000380:	0252      	lsls	r2, r2, #9
10000382:	025b      	lsls	r3, r3, #9
10000384:	9210      	str	r2, [sp, #64]	@ 0x40
10000386:	9311      	str	r3, [sp, #68]	@ 0x44
10000388:	23c0      	movs	r3, #192	@ 0xc0
1000038a:	0004      	movs	r4, r0
1000038c:	031b      	lsls	r3, r3, #12
1000038e:	2210      	movs	r2, #16
10000390:	a910      	add	r1, sp, #64	@ 0x40
10000392:	a814      	add	r0, sp, #80	@ 0x50
10000394:	9312      	str	r3, [sp, #72]	@ 0x48
10000396:	f002 ff7d 	bl	10003294 <__wrap___aeabi_memcpy>
1000039a:	0322      	lsls	r2, r4, #12
1000039c:	01e3      	lsls	r3, r4, #7
1000039e:	4313      	orrs	r3, r2
100003a0:	a914      	add	r1, sp, #80	@ 0x50
100003a2:	2210      	movs	r2, #16
100003a4:	a810      	add	r0, sp, #64	@ 0x40
100003a6:	9315      	str	r3, [sp, #84]	@ 0x54
100003a8:	f002 ff74 	bl	10003294 <__wrap___aeabi_memcpy>
100003ac:	2390      	movs	r3, #144	@ 0x90
100003ae:	031b      	lsls	r3, r3, #12
100003b0:	0022      	movs	r2, r4
100003b2:	6839      	ldr	r1, [r7, #0]
100003b4:	6830      	ldr	r0, [r6, #0]
100003b6:	9312      	str	r3, [sp, #72]	@ 0x48
100003b8:	ab10      	add	r3, sp, #64	@ 0x40
100003ba:	f007 f915 	bl	100075e8 <pio_sm_init>
100003be:	0028      	movs	r0, r5
100003c0:	683b      	ldr	r3, [r7, #0]
100003c2:	6832      	ldr	r2, [r6, #0]
100003c4:	4098      	lsls	r0, r3
100003c6:	0003      	movs	r3, r0
100003c8:	6811      	ldr	r1, [r2, #0]
100003ca:	2001      	movs	r0, #1
100003cc:	430b      	orrs	r3, r1
100003ce:	6013      	str	r3, [r2, #0]
100003d0:	f007 f95e 	bl	10007690 <dma_claim_unused_channel>
100003d4:	4b94      	ldr	r3, [pc, #592]	@ (10000628 <main+0x334>)
100003d6:	683a      	ldr	r2, [r7, #0]
100003d8:	4994      	ldr	r1, [pc, #592]	@ (1000062c <main+0x338>)
100003da:	6018      	str	r0, [r3, #0]
100003dc:	930c      	str	r3, [sp, #48]	@ 0x30
100003de:	02c3      	lsls	r3, r0, #11
100003e0:	400b      	ands	r3, r1
100003e2:	1d11      	adds	r1, r2, #4
100003e4:	03c9      	lsls	r1, r1, #15
100003e6:	6834      	ldr	r4, [r6, #0]
100003e8:	430b      	orrs	r3, r1
100003ea:	26a0      	movs	r6, #160	@ 0xa0
100003ec:	2129      	movs	r1, #41	@ 0x29
100003ee:	3208      	adds	r2, #8
100003f0:	4319      	orrs	r1, r3
100003f2:	05f6      	lsls	r6, r6, #23
100003f4:	0183      	lsls	r3, r0, #6
100003f6:	0092      	lsls	r2, r2, #2
100003f8:	199b      	adds	r3, r3, r6
100003fa:	18a2      	adds	r2, r4, r2
100003fc:	601a      	str	r2, [r3, #0]
100003fe:	4a8c      	ldr	r2, [pc, #560]	@ (10000630 <main+0x33c>)
10000400:	4085      	lsls	r5, r0
10000402:	605a      	str	r2, [r3, #4]
10000404:	920b      	str	r2, [sp, #44]	@ 0x2c
10000406:	2280      	movs	r2, #128	@ 0x80
10000408:	01d2      	lsls	r2, r2, #7
1000040a:	609a      	str	r2, [r3, #8]
1000040c:	60d9      	str	r1, [r3, #12]
1000040e:	4b89      	ldr	r3, [pc, #548]	@ (10000634 <main+0x340>)
10000410:	200b      	movs	r0, #11
10000412:	601d      	str	r5, [r3, #0]
10000414:	4988      	ldr	r1, [pc, #544]	@ (10000638 <main+0x344>)
10000416:	f000 fb6d 	bl	10000af4 <irq_set_exclusive_handler>
1000041a:	2101      	movs	r1, #1
1000041c:	200b      	movs	r0, #11
1000041e:	f000 fb33 	bl	10000a88 <irq_set_enabled>
10000422:	f7ff ff45 	bl	100002b0 <help>
10000426:	4b85      	ldr	r3, [pc, #532]	@ (1000063c <main+0x348>)
10000428:	469b      	mov	fp, r3
1000042a:	4b85      	ldr	r3, [pc, #532]	@ (10000640 <main+0x34c>)
1000042c:	9308      	str	r3, [sp, #32]
1000042e:	23d0      	movs	r3, #208	@ 0xd0
10000430:	061b      	lsls	r3, r3, #24
10000432:	469a      	mov	sl, r3
10000434:	2301      	movs	r3, #1
10000436:	4699      	mov	r9, r3
10000438:	4882      	ldr	r0, [pc, #520]	@ (10000644 <main+0x350>)
1000043a:	f004 fcaf 	bl	10004d9c <stdio_getchar_timeout_us>
1000043e:	1c83      	adds	r3, r0, #2
10000440:	d020      	beq.n	10000484 <main+0x190>
10000442:	3830      	subs	r0, #48	@ 0x30
10000444:	2843      	cmp	r0, #67	@ 0x43
10000446:	d8f7      	bhi.n	10000438 <main+0x144>
10000448:	9b08      	ldr	r3, [sp, #32]
1000044a:	0080      	lsls	r0, r0, #2
1000044c:	581b      	ldr	r3, [r3, r0]
1000044e:	469f      	mov	pc, r3
10000450:	f7ff ff2e 	bl	100002b0 <help>
10000454:	e7f0      	b.n	10000438 <main+0x144>
10000456:	4648      	mov	r0, r9
10000458:	9b09      	ldr	r3, [sp, #36]	@ 0x24
1000045a:	681a      	ldr	r2, [r3, #0]
1000045c:	9b0a      	ldr	r3, [sp, #40]	@ 0x28
1000045e:	6811      	ldr	r1, [r2, #0]
10000460:	681b      	ldr	r3, [r3, #0]
10000462:	4098      	lsls	r0, r3
10000464:	0003      	movs	r3, r0
10000466:	4878      	ldr	r0, [pc, #480]	@ (10000648 <main+0x354>)
10000468:	430b      	orrs	r3, r1
1000046a:	6013      	str	r3, [r2, #0]
1000046c:	f004 fd2c 	bl	10004ec8 <__wrap_puts>
10000470:	465b      	mov	r3, fp
10000472:	681b      	ldr	r3, [r3, #0]
10000474:	6898      	ldr	r0, [r3, #8]
10000476:	f007 fe49 	bl	1000810c <fflush>
1000047a:	4872      	ldr	r0, [pc, #456]	@ (10000644 <main+0x350>)
1000047c:	f004 fc8e 	bl	10004d9c <stdio_getchar_timeout_us>
10000480:	1c83      	adds	r3, r0, #2
10000482:	d1de      	bne.n	10000442 <main+0x14e>
10000484:	4b71      	ldr	r3, [pc, #452]	@ (1000064c <main+0x358>)
10000486:	681a      	ldr	r2, [r3, #0]
10000488:	3201      	adds	r2, #1
1000048a:	601a      	str	r2, [r3, #0]
1000048c:	4b70      	ldr	r3, [pc, #448]	@ (10000650 <main+0x35c>)
1000048e:	4353      	muls	r3, r2
10000490:	2202      	movs	r2, #2
10000492:	41d3      	rors	r3, r2
10000494:	4a6f      	ldr	r2, [pc, #444]	@ (10000654 <main+0x360>)
10000496:	4293      	cmp	r3, r2
10000498:	d8ce      	bhi.n	10000438 <main+0x144>
1000049a:	4b6f      	ldr	r3, [pc, #444]	@ (10000658 <main+0x364>)
1000049c:	486f      	ldr	r0, [pc, #444]	@ (1000065c <main+0x368>)
1000049e:	6819      	ldr	r1, [r3, #0]
100004a0:	f004 fd94 	bl	10004fcc <__wrap_printf>
100004a4:	465b      	mov	r3, fp
100004a6:	681b      	ldr	r3, [r3, #0]
100004a8:	6898      	ldr	r0, [r3, #8]
100004aa:	f007 fe2f 	bl	1000810c <fflush>
100004ae:	e7c3      	b.n	10000438 <main+0x144>
100004b0:	4648      	mov	r0, r9
100004b2:	990a      	ldr	r1, [sp, #40]	@ 0x28
100004b4:	9b09      	ldr	r3, [sp, #36]	@ 0x24
100004b6:	6809      	ldr	r1, [r1, #0]
100004b8:	681a      	ldr	r2, [r3, #0]
100004ba:	4088      	lsls	r0, r1
100004bc:	6813      	ldr	r3, [r2, #0]
100004be:	4383      	bics	r3, r0
100004c0:	6013      	str	r3, [r2, #0]
100004c2:	4867      	ldr	r0, [pc, #412]	@ (10000660 <main+0x36c>)
100004c4:	e7d2      	b.n	1000046c <main+0x178>
100004c6:	2005      	movs	r0, #5
100004c8:	f001 fbb4 	bl	10001c34 <clock_get_hz>
100004cc:	4b62      	ldr	r3, [pc, #392]	@ (10000658 <main+0x364>)
100004ce:	0001      	movs	r1, r0
100004d0:	681a      	ldr	r2, [r3, #0]
100004d2:	2380      	movs	r3, #128	@ 0x80
100004d4:	4863      	ldr	r0, [pc, #396]	@ (10000664 <main+0x370>)
100004d6:	01db      	lsls	r3, r3, #7
100004d8:	f004 fd78 	bl	10004fcc <__wrap_printf>
100004dc:	2480      	movs	r4, #128	@ 0x80
100004de:	2200      	movs	r2, #0
100004e0:	2301      	movs	r3, #1
100004e2:	0011      	movs	r1, r2
100004e4:	980b      	ldr	r0, [sp, #44]	@ 0x2c
100004e6:	425b      	negs	r3, r3
100004e8:	01e4      	lsls	r4, r4, #7
100004ea:	e007      	b.n	100004fc <main+0x208>
100004ec:	6845      	ldr	r5, [r0, #4]
100004ee:	3004      	adds	r0, #4
100004f0:	2d00      	cmp	r5, #0
100004f2:	d109      	bne.n	10000508 <main+0x214>
100004f4:	3201      	adds	r2, #1
100004f6:	3004      	adds	r0, #4
100004f8:	42a2      	cmp	r2, r4
100004fa:	d009      	beq.n	10000510 <main+0x21c>
100004fc:	6805      	ldr	r5, [r0, #0]
100004fe:	2d00      	cmp	r5, #0
10000500:	d0f8      	beq.n	100004f4 <main+0x200>
10000502:	1c5d      	adds	r5, r3, #1
10000504:	d100      	bne.n	10000508 <main+0x214>
10000506:	0013      	movs	r3, r2
10000508:	3201      	adds	r2, #1
1000050a:	3101      	adds	r1, #1
1000050c:	42a2      	cmp	r2, r4
1000050e:	d1ed      	bne.n	100004ec <main+0x1f8>
10000510:	20a0      	movs	r0, #160	@ 0xa0
10000512:	9a0c      	ldr	r2, [sp, #48]	@ 0x30
10000514:	9e09      	ldr	r6, [sp, #36]	@ 0x24
10000516:	6812      	ldr	r2, [r2, #0]
10000518:	9f0a      	ldr	r7, [sp, #40]	@ 0x28
1000051a:	05c0      	lsls	r0, r0, #23
1000051c:	0192      	lsls	r2, r2, #6
1000051e:	1812      	adds	r2, r2, r0
10000520:	6830      	ldr	r0, [r6, #0]
10000522:	683e      	ldr	r6, [r7, #0]
10000524:	6895      	ldr	r5, [r2, #8]
10000526:	00f7      	lsls	r7, r6, #3
10000528:	6802      	ldr	r2, [r0, #0]
1000052a:	68c4      	ldr	r4, [r0, #12]
1000052c:	3704      	adds	r7, #4
1000052e:	40fc      	lsrs	r4, r7
10000530:	270f      	movs	r7, #15
10000532:	00b6      	lsls	r6, r6, #2
10000534:	403c      	ands	r4, r7
10000536:	9402      	str	r4, [sp, #8]
10000538:	40f2      	lsrs	r2, r6
1000053a:	464c      	mov	r4, r9
1000053c:	4022      	ands	r2, r4
1000053e:	9201      	str	r2, [sp, #4]
10000540:	2280      	movs	r2, #128	@ 0x80
10000542:	2418      	movs	r4, #24
10000544:	9500      	str	r5, [sp, #0]
10000546:	01d2      	lsls	r2, r2, #7
10000548:	4847      	ldr	r0, [pc, #284]	@ (10000668 <main+0x374>)
1000054a:	f004 fd3f 	bl	10004fcc <__wrap_printf>
1000054e:	21d4      	movs	r1, #212	@ 0xd4
10000550:	0025      	movs	r5, r4
10000552:	468c      	mov	ip, r1
10000554:	9e09      	ldr	r6, [sp, #36]	@ 0x24
10000556:	9f0a      	ldr	r7, [sp, #40]	@ 0x28
10000558:	6830      	ldr	r0, [r6, #0]
1000055a:	6803      	ldr	r3, [r0, #0]
1000055c:	6842      	ldr	r2, [r0, #4]
1000055e:	930d      	str	r3, [sp, #52]	@ 0x34
10000560:	683b      	ldr	r3, [r7, #0]
10000562:	435d      	muls	r5, r3
10000564:	1940      	adds	r0, r0, r5
10000566:	4484      	add	ip, r0
10000568:	0005      	movs	r5, r0
1000056a:	0006      	movs	r6, r0
1000056c:	0007      	movs	r7, r0
1000056e:	4661      	mov	r1, ip
10000570:	35c8      	adds	r5, #200	@ 0xc8
10000572:	36cc      	adds	r6, #204	@ 0xcc
10000574:	37d0      	adds	r7, #208	@ 0xd0
10000576:	682d      	ldr	r5, [r5, #0]
10000578:	6836      	ldr	r6, [r6, #0]
1000057a:	683f      	ldr	r7, [r7, #0]
1000057c:	6809      	ldr	r1, [r1, #0]
1000057e:	30dc      	adds	r0, #220	@ 0xdc
10000580:	468c      	mov	ip, r1
10000582:	6801      	ldr	r1, [r0, #0]
10000584:	9702      	str	r7, [sp, #8]
10000586:	9104      	str	r1, [sp, #16]
10000588:	4661      	mov	r1, ip
1000058a:	9601      	str	r6, [sp, #4]
1000058c:	9103      	str	r1, [sp, #12]
1000058e:	9500      	str	r5, [sp, #0]
10000590:	990d      	ldr	r1, [sp, #52]	@ 0x34
10000592:	4836      	ldr	r0, [pc, #216]	@ (1000066c <main+0x378>)
10000594:	f004 fd1a 	bl	10004fcc <__wrap_printf>
10000598:	9e09      	ldr	r6, [sp, #36]	@ 0x24
1000059a:	4835      	ldr	r0, [pc, #212]	@ (10000670 <main+0x37c>)
1000059c:	6833      	ldr	r3, [r6, #0]
1000059e:	6c99      	ldr	r1, [r3, #72]	@ 0x48
100005a0:	f004 fd14 	bl	10004fcc <__wrap_printf>
100005a4:	9f0a      	ldr	r7, [sp, #40]	@ 0x28
100005a6:	6835      	ldr	r5, [r6, #0]
100005a8:	683b      	ldr	r3, [r7, #0]
100005aa:	435c      	muls	r4, r3
100005ac:	192c      	adds	r4, r5, r4
100005ae:	0023      	movs	r3, r4
100005b0:	33cc      	adds	r3, #204	@ 0xcc
100005b2:	6819      	ldr	r1, [r3, #0]
100005b4:	231f      	movs	r3, #31
100005b6:	34d4      	adds	r4, #212	@ 0xd4
100005b8:	6822      	ldr	r2, [r4, #0]
100005ba:	0b09      	lsrs	r1, r1, #12
100005bc:	401a      	ands	r2, r3
100005be:	4019      	ands	r1, r3
100005c0:	000b      	movs	r3, r1
100005c2:	0010      	movs	r0, r2
100005c4:	3312      	adds	r3, #18
100005c6:	3012      	adds	r0, #18
100005c8:	0080      	lsls	r0, r0, #2
100005ca:	009b      	lsls	r3, r3, #2
100005cc:	595b      	ldr	r3, [r3, r5]
100005ce:	5944      	ldr	r4, [r0, r5]
100005d0:	4828      	ldr	r0, [pc, #160]	@ (10000674 <main+0x380>)
100005d2:	9400      	str	r4, [sp, #0]
100005d4:	f004 fcfa 	bl	10004fcc <__wrap_printf>
100005d8:	9a0c      	ldr	r2, [sp, #48]	@ 0x30
100005da:	4827      	ldr	r0, [pc, #156]	@ (10000678 <main+0x384>)
100005dc:	6813      	ldr	r3, [r2, #0]
100005de:	22a0      	movs	r2, #160	@ 0xa0
100005e0:	019b      	lsls	r3, r3, #6
100005e2:	05d2      	lsls	r2, r2, #23
100005e4:	189b      	adds	r3, r3, r2
100005e6:	68d9      	ldr	r1, [r3, #12]
100005e8:	683b      	ldr	r3, [r7, #0]
100005ea:	6832      	ldr	r2, [r6, #0]
100005ec:	3308      	adds	r3, #8
100005ee:	009b      	lsls	r3, r3, #2
100005f0:	589a      	ldr	r2, [r3, r2]
100005f2:	f004 fceb 	bl	10004fcc <__wrap_printf>
100005f6:	465b      	mov	r3, fp
100005f8:	681b      	ldr	r3, [r3, #0]
100005fa:	6898      	ldr	r0, [r3, #8]
100005fc:	f007 fd86 	bl	1000810c <fflush>
10000600:	e71a      	b.n	10000438 <main+0x144>
10000602:	2200      	movs	r2, #0
10000604:	4b14      	ldr	r3, [pc, #80]	@ (10000658 <main+0x364>)
10000606:	481d      	ldr	r0, [pc, #116]	@ (1000067c <main+0x388>)
10000608:	601a      	str	r2, [r3, #0]
1000060a:	e72f      	b.n	1000046c <main+0x178>
1000060c:	000005dc 	.word	0x000005dc
10000610:	0003d860 	.word	0x0003d860
10000614:	100090bc 	.word	0x100090bc
10000618:	20012950 	.word	0x20012950
1000061c:	50200000 	.word	0x50200000
10000620:	20012954 	.word	0x20012954
10000624:	10009620 	.word	0x10009620
10000628:	200010b0 	.word	0x200010b0
1000062c:	ff007fff 	.word	0xff007fff
10000630:	20002000 	.word	0x20002000
10000634:	50002404 	.word	0x50002404
10000638:	10000281 	.word	0x10000281
1000063c:	200015cc 	.word	0x200015cc
10000640:	10009510 	.word	0x10009510
10000644:	000186a0 	.word	0x000186a0
10000648:	100092a0 	.word	0x100092a0
1000064c:	20012d9c 	.word	0x20012d9c
10000650:	eeeeeeef 	.word	0xeeeeeeef
10000654:	04444444 	.word	0x04444444
10000658:	20012958 	.word	0x20012958
1000065c:	100090f0 	.word	0x100090f0
10000660:	10009294 	.word	0x10009294
10000664:	10009100 	.word	0x10009100
10000668:	10009120 	.word	0x10009120
1000066c:	10009164 	.word	0x10009164
10000670:	100091d8 	.word	0x100091d8
10000674:	1000920c 	.word	0x1000920c
10000678:	10009250 	.word	0x10009250
1000067c:	10009290 	.word	0x10009290
10000680:	2400      	movs	r4, #0
10000682:	4866      	ldr	r0, [pc, #408]	@ (1000081c <main+0x528>)
10000684:	f004 fc20 	bl	10004ec8 <__wrap_puts>
10000688:	4d65      	ldr	r5, [pc, #404]	@ (10000820 <main+0x52c>)
1000068a:	4653      	mov	r3, sl
1000068c:	6859      	ldr	r1, [r3, #4]
1000068e:	464b      	mov	r3, r9
10000690:	4019      	ands	r1, r3
10000692:	4653      	mov	r3, sl
10000694:	2202      	movs	r2, #2
10000696:	685b      	ldr	r3, [r3, #4]
10000698:	421a      	tst	r2, r3
1000069a:	d000      	beq.n	1000069e <main+0x3aa>
1000069c:	4311      	orrs	r1, r2
1000069e:	4653      	mov	r3, sl
100006a0:	685a      	ldr	r2, [r3, #4]
100006a2:	2304      	movs	r3, #4
100006a4:	4213      	tst	r3, r2
100006a6:	d000      	beq.n	100006aa <main+0x3b6>
100006a8:	4319      	orrs	r1, r3
100006aa:	4653      	mov	r3, sl
100006ac:	685a      	ldr	r2, [r3, #4]
100006ae:	2308      	movs	r3, #8
100006b0:	4213      	tst	r3, r2
100006b2:	d000      	beq.n	100006b6 <main+0x3c2>
100006b4:	4319      	orrs	r1, r3
100006b6:	4653      	mov	r3, sl
100006b8:	685a      	ldr	r2, [r3, #4]
100006ba:	2310      	movs	r3, #16
100006bc:	4213      	tst	r3, r2
100006be:	d000      	beq.n	100006c2 <main+0x3ce>
100006c0:	4319      	orrs	r1, r3
100006c2:	4653      	mov	r3, sl
100006c4:	685a      	ldr	r2, [r3, #4]
100006c6:	2320      	movs	r3, #32
100006c8:	4213      	tst	r3, r2
100006ca:	d000      	beq.n	100006ce <main+0x3da>
100006cc:	4319      	orrs	r1, r3
100006ce:	4653      	mov	r3, sl
100006d0:	685a      	ldr	r2, [r3, #4]
100006d2:	2340      	movs	r3, #64	@ 0x40
100006d4:	4213      	tst	r3, r2
100006d6:	d000      	beq.n	100006da <main+0x3e6>
100006d8:	4319      	orrs	r1, r3
100006da:	4653      	mov	r3, sl
100006dc:	685a      	ldr	r2, [r3, #4]
100006de:	2380      	movs	r3, #128	@ 0x80
100006e0:	4213      	tst	r3, r2
100006e2:	d000      	beq.n	100006e6 <main+0x3f2>
100006e4:	4319      	orrs	r1, r3
100006e6:	4648      	mov	r0, r9
100006e8:	464e      	mov	r6, r9
100006ea:	464a      	mov	r2, r9
100006ec:	4008      	ands	r0, r1
100006ee:	9005      	str	r0, [sp, #20]
100006f0:	0848      	lsrs	r0, r1, #1
100006f2:	4030      	ands	r0, r6
100006f4:	9004      	str	r0, [sp, #16]
100006f6:	0888      	lsrs	r0, r1, #2
100006f8:	4030      	ands	r0, r6
100006fa:	9003      	str	r0, [sp, #12]
100006fc:	08c8      	lsrs	r0, r1, #3
100006fe:	098b      	lsrs	r3, r1, #6
10000700:	4030      	ands	r0, r6
10000702:	4013      	ands	r3, r2
10000704:	9106      	str	r1, [sp, #24]
10000706:	09ca      	lsrs	r2, r1, #7
10000708:	9002      	str	r0, [sp, #8]
1000070a:	0908      	lsrs	r0, r1, #4
1000070c:	0949      	lsrs	r1, r1, #5
1000070e:	4030      	ands	r0, r6
10000710:	4031      	ands	r1, r6
10000712:	9001      	str	r0, [sp, #4]
10000714:	9100      	str	r1, [sp, #0]
10000716:	0028      	movs	r0, r5
10000718:	0021      	movs	r1, r4
1000071a:	f004 fc57 	bl	10004fcc <__wrap_printf>
1000071e:	3401      	adds	r4, #1
10000720:	20c8      	movs	r0, #200	@ 0xc8
10000722:	f000 ff9d 	bl	10001660 <sleep_ms>
10000726:	2c05      	cmp	r4, #5
10000728:	d1af      	bne.n	1000068a <main+0x396>
1000072a:	e6a1      	b.n	10000470 <main+0x17c>
1000072c:	2180      	movs	r1, #128	@ 0x80
1000072e:	2680      	movs	r6, #128	@ 0x80
10000730:	4b3c      	ldr	r3, [pc, #240]	@ (10000824 <main+0x530>)
10000732:	483d      	ldr	r0, [pc, #244]	@ (10000828 <main+0x534>)
10000734:	681a      	ldr	r2, [r3, #0]
10000736:	01c9      	lsls	r1, r1, #7
10000738:	f004 fc48 	bl	10004fcc <__wrap_printf>
1000073c:	4b3b      	ldr	r3, [pc, #236]	@ (1000082c <main+0x538>)
1000073e:	2400      	movs	r4, #0
10000740:	4698      	mov	r8, r3
10000742:	9d0b      	ldr	r5, [sp, #44]	@ 0x2c
10000744:	4f3a      	ldr	r7, [pc, #232]	@ (10000830 <main+0x53c>)
10000746:	01f6      	lsls	r6, r6, #7
10000748:	e003      	b.n	10000752 <main+0x45e>
1000074a:	3401      	adds	r4, #1
1000074c:	3504      	adds	r5, #4
1000074e:	42b4      	cmp	r4, r6
10000750:	d010      	beq.n	10000774 <main+0x480>
10000752:	4640      	mov	r0, r8
10000754:	6829      	ldr	r1, [r5, #0]
10000756:	f004 fc39 	bl	10004fcc <__wrap_printf>
1000075a:	05a3      	lsls	r3, r4, #22
1000075c:	0d9b      	lsrs	r3, r3, #22
1000075e:	42bb      	cmp	r3, r7
10000760:	d1f3      	bne.n	1000074a <main+0x456>
10000762:	465b      	mov	r3, fp
10000764:	681b      	ldr	r3, [r3, #0]
10000766:	3401      	adds	r4, #1
10000768:	6898      	ldr	r0, [r3, #8]
1000076a:	f007 fccf 	bl	1000810c <fflush>
1000076e:	3504      	adds	r5, #4
10000770:	42b4      	cmp	r4, r6
10000772:	d1ee      	bne.n	10000752 <main+0x45e>
10000774:	482f      	ldr	r0, [pc, #188]	@ (10000834 <main+0x540>)
10000776:	f004 fba7 	bl	10004ec8 <__wrap_puts>
1000077a:	465b      	mov	r3, fp
1000077c:	681b      	ldr	r3, [r3, #0]
1000077e:	6898      	ldr	r0, [r3, #8]
10000780:	f007 fcc4 	bl	1000810c <fflush>
10000784:	22a0      	movs	r2, #160	@ 0xa0
10000786:	9b0c      	ldr	r3, [sp, #48]	@ 0x30
10000788:	05d2      	lsls	r2, r2, #23
1000078a:	681b      	ldr	r3, [r3, #0]
1000078c:	019b      	lsls	r3, r3, #6
1000078e:	189b      	adds	r3, r3, r2
10000790:	9a0b      	ldr	r2, [sp, #44]	@ 0x2c
10000792:	605a      	str	r2, [r3, #4]
10000794:	61dc      	str	r4, [r3, #28]
10000796:	e64f      	b.n	10000438 <main+0x144>
10000798:	4b22      	ldr	r3, [pc, #136]	@ (10000824 <main+0x530>)
1000079a:	2480      	movs	r4, #128	@ 0x80
1000079c:	681b      	ldr	r3, [r3, #0]
1000079e:	2202      	movs	r2, #2
100007a0:	9315      	str	r3, [sp, #84]	@ 0x54
100007a2:	465b      	mov	r3, fp
100007a4:	681b      	ldr	r3, [r3, #0]
100007a6:	2104      	movs	r1, #4
100007a8:	01e4      	lsls	r4, r4, #7
100007aa:	689b      	ldr	r3, [r3, #8]
100007ac:	a814      	add	r0, sp, #80	@ 0x50
100007ae:	9414      	str	r4, [sp, #80]	@ 0x50
100007b0:	f007 fe60 	bl	10008474 <fwrite>
100007b4:	465b      	mov	r3, fp
100007b6:	681b      	ldr	r3, [r3, #0]
100007b8:	6898      	ldr	r0, [r3, #8]
100007ba:	f007 fca7 	bl	1000810c <fflush>
100007be:	465b      	mov	r3, fp
100007c0:	681b      	ldr	r3, [r3, #0]
100007c2:	0022      	movs	r2, r4
100007c4:	2104      	movs	r1, #4
100007c6:	689b      	ldr	r3, [r3, #8]
100007c8:	980b      	ldr	r0, [sp, #44]	@ 0x2c
100007ca:	f007 fe53 	bl	10008474 <fwrite>
100007ce:	465b      	mov	r3, fp
100007d0:	681b      	ldr	r3, [r3, #0]
100007d2:	6898      	ldr	r0, [r3, #8]
100007d4:	f007 fc9a 	bl	1000810c <fflush>
100007d8:	e62e      	b.n	10000438 <main+0x144>
100007da:	4817      	ldr	r0, [pc, #92]	@ (10000838 <main+0x544>)
100007dc:	f004 fb74 	bl	10004ec8 <__wrap_puts>
100007e0:	465b      	mov	r3, fp
100007e2:	681b      	ldr	r3, [r3, #0]
100007e4:	6898      	ldr	r0, [r3, #8]
100007e6:	f007 fc91 	bl	1000810c <fflush>
100007ea:	2032      	movs	r0, #50	@ 0x32
100007ec:	f000 ff38 	bl	10001660 <sleep_ms>
100007f0:	2200      	movs	r2, #0
100007f2:	0011      	movs	r1, r2
100007f4:	0010      	movs	r0, r2
100007f6:	f001 fca7 	bl	10002148 <watchdog_reboot>
100007fa:	e61d      	b.n	10000438 <main+0x144>
100007fc:	480f      	ldr	r0, [pc, #60]	@ (1000083c <main+0x548>)
100007fe:	f004 fb63 	bl	10004ec8 <__wrap_puts>
10000802:	465b      	mov	r3, fp
10000804:	681b      	ldr	r3, [r3, #0]
10000806:	6898      	ldr	r0, [r3, #8]
10000808:	f007 fc80 	bl	1000810c <fflush>
1000080c:	2032      	movs	r0, #50	@ 0x32
1000080e:	f000 ff27 	bl	10001660 <sleep_ms>
10000812:	2100      	movs	r1, #0
10000814:	0008      	movs	r0, r1
10000816:	f001 fd1f 	bl	10002258 <rom_reset_usb_boot>
1000081a:	46c0      	nop			@ (mov r8, r8)
1000081c:	100092ac 	.word	0x100092ac
10000820:	100092c8 	.word	0x100092c8
10000824:	20012958 	.word	0x20012958
10000828:	10009274 	.word	0x10009274
1000082c:	10009284 	.word	0x10009284
10000830:	000003ff 	.word	0x000003ff
10000834:	1000928c 	.word	0x1000928c
10000838:	10009318 	.word	0x10009318
1000083c:	100092f8 	.word	0x100092f8

10000840 <gpio_set_function>:
10000840:	b510      	push	{r4, lr}
10000842:	2440      	movs	r4, #64	@ 0x40
10000844:	4a07      	ldr	r2, [pc, #28]	@ (10000864 <gpio_set_function+0x24>)
10000846:	0083      	lsls	r3, r0, #2
10000848:	189a      	adds	r2, r3, r2
1000084a:	6812      	ldr	r2, [r2, #0]
1000084c:	00c0      	lsls	r0, r0, #3
1000084e:	4054      	eors	r4, r2
10000850:	22c0      	movs	r2, #192	@ 0xc0
10000852:	4022      	ands	r2, r4
10000854:	4c04      	ldr	r4, [pc, #16]	@ (10000868 <gpio_set_function+0x28>)
10000856:	191b      	adds	r3, r3, r4
10000858:	601a      	str	r2, [r3, #0]
1000085a:	4b04      	ldr	r3, [pc, #16]	@ (1000086c <gpio_set_function+0x2c>)
1000085c:	18c0      	adds	r0, r0, r3
1000085e:	6041      	str	r1, [r0, #4]
10000860:	bd10      	pop	{r4, pc}
10000862:	46c0      	nop			@ (mov r8, r8)
10000864:	4001c004 	.word	0x4001c004
10000868:	4001d004 	.word	0x4001d004
1000086c:	40014000 	.word	0x40014000

10000870 <gpio_init>:
10000870:	2301      	movs	r3, #1
10000872:	22d0      	movs	r2, #208	@ 0xd0
10000874:	4083      	lsls	r3, r0
10000876:	0612      	lsls	r2, r2, #24
10000878:	6293      	str	r3, [r2, #40]	@ 0x28
1000087a:	6193      	str	r3, [r2, #24]
1000087c:	4a08      	ldr	r2, [pc, #32]	@ (100008a0 <gpio_init+0x30>)
1000087e:	0083      	lsls	r3, r0, #2
10000880:	189a      	adds	r2, r3, r2
10000882:	6811      	ldr	r1, [r2, #0]
10000884:	2240      	movs	r2, #64	@ 0x40
10000886:	4051      	eors	r1, r2
10000888:	3280      	adds	r2, #128	@ 0x80
1000088a:	400a      	ands	r2, r1
1000088c:	4905      	ldr	r1, [pc, #20]	@ (100008a4 <gpio_init+0x34>)
1000088e:	00c0      	lsls	r0, r0, #3
10000890:	185b      	adds	r3, r3, r1
10000892:	601a      	str	r2, [r3, #0]
10000894:	4b04      	ldr	r3, [pc, #16]	@ (100008a8 <gpio_init+0x38>)
10000896:	18c0      	adds	r0, r0, r3
10000898:	2305      	movs	r3, #5
1000089a:	6043      	str	r3, [r0, #4]
1000089c:	4770      	bx	lr
1000089e:	46c0      	nop			@ (mov r8, r8)
100008a0:	4001c004 	.word	0x4001c004
100008a4:	4001d004 	.word	0x4001d004
100008a8:	40014000 	.word	0x40014000

100008ac <rp2040_chip_version>:
100008ac:	2380      	movs	r3, #128	@ 0x80
100008ae:	05db      	lsls	r3, r3, #23
100008b0:	6818      	ldr	r0, [r3, #0]
100008b2:	0f00      	lsrs	r0, r0, #28
100008b4:	4770      	bx	lr
100008b6:	46c0      	nop			@ (mov r8, r8)

100008b8 <panic>:
100008b8:	b40f      	push	{r0, r1, r2, r3}
100008ba:	b500      	push	{lr}
100008bc:	4808      	ldr	r0, [pc, #32]	@ (100008e0 <panic+0x28>)
100008be:	b083      	sub	sp, #12
100008c0:	f004 fb02 	bl	10004ec8 <__wrap_puts>
100008c4:	9b04      	ldr	r3, [sp, #16]
100008c6:	2b00      	cmp	r3, #0
100008c8:	d007      	beq.n	100008da <panic+0x22>
100008ca:	a905      	add	r1, sp, #20
100008cc:	0018      	movs	r0, r3
100008ce:	9101      	str	r1, [sp, #4]
100008d0:	f004 f88e 	bl	100049f0 <weak_raw_vprintf>
100008d4:	4803      	ldr	r0, [pc, #12]	@ (100008e4 <panic+0x2c>)
100008d6:	f004 faf7 	bl	10004ec8 <__wrap_puts>
100008da:	2001      	movs	r0, #1
100008dc:	f004 f8a0 	bl	10004a20 <_exit>
100008e0:	10009330 	.word	0x10009330
100008e4:	10009208 	.word	0x10009208

100008e8 <hw_claim_lock>:
100008e8:	f3ef 8010 	mrs	r0, PRIMASK
100008ec:	b672      	cpsid	i
100008ee:	4a03      	ldr	r2, [pc, #12]	@ (100008fc <hw_claim_lock+0x14>)
100008f0:	6813      	ldr	r3, [r2, #0]
100008f2:	2b00      	cmp	r3, #0
100008f4:	d0fc      	beq.n	100008f0 <hw_claim_lock+0x8>
100008f6:	f3bf 8f5f 	dmb	sy
100008fa:	4770      	bx	lr
100008fc:	d000012c 	.word	0xd000012c

10000900 <hw_claim_unlock>:
10000900:	f3bf 8f5f 	dmb	sy
10000904:	2200      	movs	r2, #0
10000906:	4b02      	ldr	r3, [pc, #8]	@ (10000910 <hw_claim_unlock+0x10>)
10000908:	601a      	str	r2, [r3, #0]
1000090a:	f380 8810 	msr	PRIMASK, r0
1000090e:	4770      	bx	lr
10000910:	d000012c 	.word	0xd000012c

10000914 <hw_claim_or_assert>:
10000914:	b570      	push	{r4, r5, r6, lr}
10000916:	468c      	mov	ip, r1
10000918:	0016      	movs	r6, r2
1000091a:	f3ef 8410 	mrs	r4, PRIMASK
1000091e:	b672      	cpsid	i
10000920:	490f      	ldr	r1, [pc, #60]	@ (10000960 <hw_claim_or_assert+0x4c>)
10000922:	680b      	ldr	r3, [r1, #0]
10000924:	2b00      	cmp	r3, #0
10000926:	d0fc      	beq.n	10000922 <hw_claim_or_assert+0xe>
10000928:	f3bf 8f5f 	dmb	sy
1000092c:	4663      	mov	r3, ip
1000092e:	08db      	lsrs	r3, r3, #3
10000930:	18c5      	adds	r5, r0, r3
10000932:	2207      	movs	r2, #7
10000934:	5cc0      	ldrb	r0, [r0, r3]
10000936:	4663      	mov	r3, ip
10000938:	401a      	ands	r2, r3
1000093a:	2301      	movs	r3, #1
1000093c:	4093      	lsls	r3, r2
1000093e:	001a      	movs	r2, r3
10000940:	4002      	ands	r2, r0
10000942:	4203      	tst	r3, r0
10000944:	d107      	bne.n	10000956 <hw_claim_or_assert+0x42>
10000946:	4318      	orrs	r0, r3
10000948:	7028      	strb	r0, [r5, #0]
1000094a:	f3bf 8f5f 	dmb	sy
1000094e:	600a      	str	r2, [r1, #0]
10000950:	f384 8810 	msr	PRIMASK, r4
10000954:	bd70      	pop	{r4, r5, r6, pc}
10000956:	4661      	mov	r1, ip
10000958:	0030      	movs	r0, r6
1000095a:	f7ff ffad 	bl	100008b8 <panic>
1000095e:	46c0      	nop			@ (mov r8, r8)
10000960:	d000012c 	.word	0xd000012c

10000964 <hw_claim_unused_from_range>:
10000964:	b5f8      	push	{r3, r4, r5, r6, r7, lr}
10000966:	46ce      	mov	lr, r9
10000968:	4647      	mov	r7, r8
1000096a:	468c      	mov	ip, r1
1000096c:	b580      	push	{r7, lr}
1000096e:	001c      	movs	r4, r3
10000970:	f3ef 8810 	mrs	r8, PRIMASK
10000974:	b672      	cpsid	i
10000976:	491c      	ldr	r1, [pc, #112]	@ (100009e8 <hw_claim_unused_from_range+0x84>)
10000978:	680b      	ldr	r3, [r1, #0]
1000097a:	2b00      	cmp	r3, #0
1000097c:	d0fc      	beq.n	10000978 <hw_claim_unused_from_range+0x14>
1000097e:	f3bf 8f5f 	dmb	sy
10000982:	42a2      	cmp	r2, r4
10000984:	d821      	bhi.n	100009ca <hw_claim_unused_from_range+0x66>
10000986:	2307      	movs	r3, #7
10000988:	4699      	mov	r9, r3
1000098a:	e002      	b.n	10000992 <hw_claim_unused_from_range+0x2e>
1000098c:	3201      	adds	r2, #1
1000098e:	4294      	cmp	r4, r2
10000990:	d318      	bcc.n	100009c4 <hw_claim_unused_from_range+0x60>
10000992:	4649      	mov	r1, r9
10000994:	2601      	movs	r6, #1
10000996:	4011      	ands	r1, r2
10000998:	408e      	lsls	r6, r1
1000099a:	08d3      	lsrs	r3, r2, #3
1000099c:	18c7      	adds	r7, r0, r3
1000099e:	5cc3      	ldrb	r3, [r0, r3]
100009a0:	421e      	tst	r6, r3
100009a2:	d1f3      	bne.n	1000098c <hw_claim_unused_from_range+0x28>
100009a4:	0010      	movs	r0, r2
100009a6:	4333      	orrs	r3, r6
100009a8:	703b      	strb	r3, [r7, #0]
100009aa:	f3bf 8f5f 	dmb	sy
100009ae:	2200      	movs	r2, #0
100009b0:	4b0d      	ldr	r3, [pc, #52]	@ (100009e8 <hw_claim_unused_from_range+0x84>)
100009b2:	601a      	str	r2, [r3, #0]
100009b4:	f388 8810 	msr	PRIMASK, r8
100009b8:	2800      	cmp	r0, #0
100009ba:	db0e      	blt.n	100009da <hw_claim_unused_from_range+0x76>
100009bc:	bcc0      	pop	{r6, r7}
100009be:	46b9      	mov	r9, r7
100009c0:	46b0      	mov	r8, r6
100009c2:	bdf8      	pop	{r3, r4, r5, r6, r7, pc}
100009c4:	2001      	movs	r0, #1
100009c6:	4240      	negs	r0, r0
100009c8:	e7ef      	b.n	100009aa <hw_claim_unused_from_range+0x46>
100009ca:	f3bf 8f5f 	dmb	sy
100009ce:	2300      	movs	r3, #0
100009d0:	600b      	str	r3, [r1, #0]
100009d2:	f388 8810 	msr	PRIMASK, r8
100009d6:	2001      	movs	r0, #1
100009d8:	4240      	negs	r0, r0
100009da:	4663      	mov	r3, ip
100009dc:	2b00      	cmp	r3, #0
100009de:	d0ed      	beq.n	100009bc <hw_claim_unused_from_range+0x58>
100009e0:	9808      	ldr	r0, [sp, #32]
100009e2:	f7ff ff69 	bl	100008b8 <panic>
100009e6:	46c0      	nop			@ (mov r8, r8)
100009e8:	d000012c 	.word	0xd000012c

100009ec <next_striped_spin_lock_num>:
100009ec:	4a04      	ldr	r2, [pc, #16]	@ (10000a00 <next_striped_spin_lock_num+0x14>)
100009ee:	7810      	ldrb	r0, [r2, #0]
100009f0:	1c43      	adds	r3, r0, #1
100009f2:	b2db      	uxtb	r3, r3
100009f4:	2b17      	cmp	r3, #23
100009f6:	d900      	bls.n	100009fa <next_striped_spin_lock_num+0xe>
100009f8:	2310      	movs	r3, #16
100009fa:	7013      	strb	r3, [r2, #0]
100009fc:	4770      	bx	lr
100009fe:	46c0      	nop			@ (mov r8, r8)
10000a00:	200010b4 	.word	0x200010b4

10000a04 <spin_lock_claim_unused>:
10000a04:	b500      	push	{lr}
10000a06:	4b05      	ldr	r3, [pc, #20]	@ (10000a1c <spin_lock_claim_unused+0x18>)
10000a08:	b083      	sub	sp, #12
10000a0a:	0001      	movs	r1, r0
10000a0c:	9300      	str	r3, [sp, #0]
10000a0e:	2218      	movs	r2, #24
10000a10:	231f      	movs	r3, #31
10000a12:	4803      	ldr	r0, [pc, #12]	@ (10000a20 <spin_lock_claim_unused+0x1c>)
10000a14:	f7ff ffa6 	bl	10000964 <hw_claim_unused_from_range>
10000a18:	b003      	add	sp, #12
10000a1a:	bd00      	pop	{pc}
10000a1c:	10009340 	.word	0x10009340
10000a20:	200128e4 	.word	0x200128e4

10000a24 <spin_locks_reset>:
10000a24:	2100      	movs	r1, #0
10000a26:	4b04      	ldr	r3, [pc, #16]	@ (10000a38 <spin_locks_reset+0x14>)
10000a28:	4a04      	ldr	r2, [pc, #16]	@ (10000a3c <spin_locks_reset+0x18>)
10000a2a:	f3bf 8f5f 	dmb	sy
10000a2e:	c302      	stmia	r3!, {r1}
10000a30:	4293      	cmp	r3, r2
10000a32:	d1fa      	bne.n	10000a2a <spin_locks_reset+0x6>
10000a34:	4770      	bx	lr
10000a36:	46c0      	nop			@ (mov r8, r8)
10000a38:	d0000100 	.word	0xd0000100
10000a3c:	d0000180 	.word	0xd0000180

10000a40 <runtime_init_per_core_irq_priorities>:
10000a40:	4b08      	ldr	r3, [pc, #32]	@ (10000a64 <runtime_init_per_core_irq_priorities+0x24>)
10000a42:	4a09      	ldr	r2, [pc, #36]	@ (10000a68 <runtime_init_per_core_irq_priorities+0x28>)
10000a44:	6013      	str	r3, [r2, #0]
10000a46:	4a09      	ldr	r2, [pc, #36]	@ (10000a6c <runtime_init_per_core_irq_priorities+0x2c>)
10000a48:	6013      	str	r3, [r2, #0]
10000a4a:	4a09      	ldr	r2, [pc, #36]	@ (10000a70 <runtime_init_per_core_irq_priorities+0x30>)
10000a4c:	6013      	str	r3, [r2, #0]
10000a4e:	4a09      	ldr	r2, [pc, #36]	@ (10000a74 <runtime_init_per_core_irq_priorities+0x34>)
10000a50:	6013      	str	r3, [r2, #0]
10000a52:	4a09      	ldr	r2, [pc, #36]	@ (10000a78 <runtime_init_per_core_irq_priorities+0x38>)
10000a54:	6013      	str	r3, [r2, #0]
10000a56:	4a09      	ldr	r2, [pc, #36]	@ (10000a7c <runtime_init_per_core_irq_priorities+0x3c>)
10000a58:	6013      	str	r3, [r2, #0]
10000a5a:	4a09      	ldr	r2, [pc, #36]	@ (10000a80 <runtime_init_per_core_irq_priorities+0x40>)
10000a5c:	6013      	str	r3, [r2, #0]
10000a5e:	4a09      	ldr	r2, [pc, #36]	@ (10000a84 <runtime_init_per_core_irq_priorities+0x44>)
10000a60:	6013      	str	r3, [r2, #0]
10000a62:	4770      	bx	lr
10000a64:	80808080 	.word	0x80808080
10000a68:	e000e400 	.word	0xe000e400
10000a6c:	e000e404 	.word	0xe000e404
10000a70:	e000e408 	.word	0xe000e408
10000a74:	e000e40c 	.word	0xe000e40c
10000a78:	e000e410 	.word	0xe000e410
10000a7c:	e000e414 	.word	0xe000e414
10000a80:	e000e418 	.word	0xe000e418
10000a84:	e000e41c 	.word	0xe000e41c

10000a88 <irq_set_enabled>:
10000a88:	231f      	movs	r3, #31
10000a8a:	4018      	ands	r0, r3
10000a8c:	3b1e      	subs	r3, #30
10000a8e:	4083      	lsls	r3, r0
10000a90:	2900      	cmp	r1, #0
10000a92:	d005      	beq.n	10000aa0 <irq_set_enabled+0x18>
10000a94:	21c0      	movs	r1, #192	@ 0xc0
10000a96:	4a04      	ldr	r2, [pc, #16]	@ (10000aa8 <irq_set_enabled+0x20>)
10000a98:	0049      	lsls	r1, r1, #1
10000a9a:	5053      	str	r3, [r2, r1]
10000a9c:	6013      	str	r3, [r2, #0]
10000a9e:	4770      	bx	lr
10000aa0:	2280      	movs	r2, #128	@ 0x80
10000aa2:	4901      	ldr	r1, [pc, #4]	@ (10000aa8 <irq_set_enabled+0x20>)
10000aa4:	508b      	str	r3, [r1, r2]
10000aa6:	e7fa      	b.n	10000a9e <irq_set_enabled+0x16>
10000aa8:	e000e100 	.word	0xe000e100

10000aac <irq_is_enabled>:
10000aac:	2201      	movs	r2, #1
10000aae:	4082      	lsls	r2, r0
10000ab0:	4b03      	ldr	r3, [pc, #12]	@ (10000ac0 <irq_is_enabled+0x14>)
10000ab2:	681b      	ldr	r3, [r3, #0]
10000ab4:	4013      	ands	r3, r2
10000ab6:	1e5a      	subs	r2, r3, #1
10000ab8:	4193      	sbcs	r3, r2
10000aba:	b2d8      	uxtb	r0, r3
10000abc:	4770      	bx	lr
10000abe:	46c0      	nop			@ (mov r8, r8)
10000ac0:	e000e100 	.word	0xe000e100

10000ac4 <irq_set_pending>:
10000ac4:	2301      	movs	r3, #1
10000ac6:	4083      	lsls	r3, r0
10000ac8:	4a01      	ldr	r2, [pc, #4]	@ (10000ad0 <irq_set_pending+0xc>)
10000aca:	6013      	str	r3, [r2, #0]
10000acc:	4770      	bx	lr
10000ace:	46c0      	nop			@ (mov r8, r8)
10000ad0:	e000e200 	.word	0xe000e200

10000ad4 <irq_has_shared_handler>:
10000ad4:	4b05      	ldr	r3, [pc, #20]	@ (10000aec <irq_has_shared_handler+0x18>)
10000ad6:	3010      	adds	r0, #16
10000ad8:	689b      	ldr	r3, [r3, #8]
10000ada:	0080      	lsls	r0, r0, #2
10000adc:	58c3      	ldr	r3, [r0, r3]
10000ade:	4a04      	ldr	r2, [pc, #16]	@ (10000af0 <irq_has_shared_handler+0x1c>)
10000ae0:	2000      	movs	r0, #0
10000ae2:	1a9b      	subs	r3, r3, r2
10000ae4:	2247      	movs	r2, #71	@ 0x47
10000ae6:	429a      	cmp	r2, r3
10000ae8:	4140      	adcs	r0, r0
10000aea:	4770      	bx	lr
10000aec:	e000ed00 	.word	0xe000ed00
10000af0:	200010b8 	.word	0x200010b8

10000af4 <irq_set_exclusive_handler>:
10000af4:	b510      	push	{r4, lr}
10000af6:	f3ef 8c10 	mrs	ip, PRIMASK
10000afa:	b672      	cpsid	i
10000afc:	4a0f      	ldr	r2, [pc, #60]	@ (10000b3c <irq_set_exclusive_handler+0x48>)
10000afe:	6813      	ldr	r3, [r2, #0]
10000b00:	2b00      	cmp	r3, #0
10000b02:	d0fc      	beq.n	10000afe <irq_set_exclusive_handler+0xa>
10000b04:	f3bf 8f5f 	dmb	sy
10000b08:	4b0d      	ldr	r3, [pc, #52]	@ (10000b40 <irq_set_exclusive_handler+0x4c>)
10000b0a:	3010      	adds	r0, #16
10000b0c:	689b      	ldr	r3, [r3, #8]
10000b0e:	0080      	lsls	r0, r0, #2
10000b10:	581b      	ldr	r3, [r3, r0]
10000b12:	4a0c      	ldr	r2, [pc, #48]	@ (10000b44 <irq_set_exclusive_handler+0x50>)
10000b14:	4293      	cmp	r3, r2
10000b16:	d001      	beq.n	10000b1c <irq_set_exclusive_handler+0x28>
10000b18:	4299      	cmp	r1, r3
10000b1a:	d10c      	bne.n	10000b36 <irq_set_exclusive_handler+0x42>
10000b1c:	4b08      	ldr	r3, [pc, #32]	@ (10000b40 <irq_set_exclusive_handler+0x4c>)
10000b1e:	689b      	ldr	r3, [r3, #8]
10000b20:	5019      	str	r1, [r3, r0]
10000b22:	f3bf 8f5f 	dmb	sy
10000b26:	f3bf 8f5f 	dmb	sy
10000b2a:	2200      	movs	r2, #0
10000b2c:	4b03      	ldr	r3, [pc, #12]	@ (10000b3c <irq_set_exclusive_handler+0x48>)
10000b2e:	601a      	str	r2, [r3, #0]
10000b30:	f38c 8810 	msr	PRIMASK, ip
10000b34:	bd10      	pop	{r4, pc}
10000b36:	f001 fbc5 	bl	100022c4 <hard_assertion_failure>
10000b3a:	46c0      	nop			@ (mov r8, r8)
10000b3c:	d0000124 	.word	0xd0000124
10000b40:	e000ed00 	.word	0xe000ed00
10000b44:	100001c1 	.word	0x100001c1

10000b48 <irq_add_shared_handler>:
10000b48:	b5f0      	push	{r4, r5, r6, r7, lr}
10000b4a:	46de      	mov	lr, fp
10000b4c:	4657      	mov	r7, sl
10000b4e:	464e      	mov	r6, r9
10000b50:	4645      	mov	r5, r8
10000b52:	b5e0      	push	{r5, r6, r7, lr}
10000b54:	468b      	mov	fp, r1
10000b56:	b085      	sub	sp, #20
10000b58:	f3ef 8810 	mrs	r8, PRIMASK
10000b5c:	b672      	cpsid	i
10000b5e:	0016      	movs	r6, r2
10000b60:	4a5b      	ldr	r2, [pc, #364]	@ (10000cd0 <irq_add_shared_handler+0x188>)
10000b62:	6813      	ldr	r3, [r2, #0]
10000b64:	2b00      	cmp	r3, #0
10000b66:	d0fc      	beq.n	10000b62 <irq_add_shared_handler+0x1a>
10000b68:	46b2      	mov	sl, r6
10000b6a:	f3bf 8f5f 	dmb	sy
10000b6e:	2500      	movs	r5, #0
10000b70:	4958      	ldr	r1, [pc, #352]	@ (10000cd4 <irq_add_shared_handler+0x18c>)
10000b72:	574d      	ldrsb	r5, [r1, r5]
10000b74:	2d00      	cmp	r5, #0
10000b76:	da00      	bge.n	10000b7a <irq_add_shared_handler+0x32>
10000b78:	e0a8      	b.n	10000ccc <irq_add_shared_handler+0x184>
10000b7a:	006b      	lsls	r3, r5, #1
10000b7c:	4a56      	ldr	r2, [pc, #344]	@ (10000cd8 <irq_add_shared_handler+0x190>)
10000b7e:	9301      	str	r3, [sp, #4]
10000b80:	195b      	adds	r3, r3, r5
10000b82:	009b      	lsls	r3, r3, #2
10000b84:	18d4      	adds	r4, r2, r3
10000b86:	79a7      	ldrb	r7, [r4, #6]
10000b88:	3010      	adds	r0, #16
10000b8a:	700f      	strb	r7, [r1, #0]
10000b8c:	4953      	ldr	r1, [pc, #332]	@ (10000cdc <irq_add_shared_handler+0x194>)
10000b8e:	0080      	lsls	r0, r0, #2
10000b90:	6889      	ldr	r1, [r1, #8]
10000b92:	4684      	mov	ip, r0
10000b94:	580f      	ldr	r7, [r1, r0]
10000b96:	1ab9      	subs	r1, r7, r2
10000b98:	2947      	cmp	r1, #71	@ 0x47
10000b9a:	d833      	bhi.n	10000c04 <irq_add_shared_handler+0xbc>
10000b9c:	2001      	movs	r0, #1
10000b9e:	0039      	movs	r1, r7
10000ba0:	4381      	bics	r1, r0
10000ba2:	79ce      	ldrb	r6, [r1, #7]
10000ba4:	4556      	cmp	r6, sl
10000ba6:	d800      	bhi.n	10000baa <irq_add_shared_handler+0x62>
10000ba8:	e06a      	b.n	10000c80 <irq_add_shared_handler+0x138>
10000baa:	46a1      	mov	r9, r4
10000bac:	4656      	mov	r6, sl
10000bae:	9303      	str	r3, [sp, #12]
10000bb0:	e007      	b.n	10000bc2 <irq_add_shared_handler+0x7a>
10000bb2:	0058      	lsls	r0, r3, #1
10000bb4:	18c0      	adds	r0, r0, r3
10000bb6:	0080      	lsls	r0, r0, #2
10000bb8:	1810      	adds	r0, r2, r0
10000bba:	79c4      	ldrb	r4, [r0, #7]
10000bbc:	42b4      	cmp	r4, r6
10000bbe:	d94d      	bls.n	10000c5c <irq_add_shared_handler+0x114>
10000bc0:	0001      	movs	r1, r0
10000bc2:	2306      	movs	r3, #6
10000bc4:	56cb      	ldrsb	r3, [r1, r3]
10000bc6:	2b00      	cmp	r3, #0
10000bc8:	daf3      	bge.n	10000bb2 <irq_add_shared_handler+0x6a>
10000bca:	1d08      	adds	r0, r1, #4
10000bcc:	464c      	mov	r4, r9
10000bce:	46b2      	mov	sl, r6
10000bd0:	4681      	mov	r9, r0
10000bd2:	9302      	str	r3, [sp, #8]
10000bd4:	4b42      	ldr	r3, [pc, #264]	@ (10000ce0 <irq_add_shared_handler+0x198>)
10000bd6:	464e      	mov	r6, r9
10000bd8:	3c04      	subs	r4, #4
10000bda:	1ba4      	subs	r4, r4, r6
10000bdc:	0524      	lsls	r4, r4, #20
10000bde:	4e41      	ldr	r6, [pc, #260]	@ (10000ce4 <irq_add_shared_handler+0x19c>)
10000be0:	0d64      	lsrs	r4, r4, #21
10000be2:	4334      	orrs	r4, r6
10000be4:	808c      	strh	r4, [r1, #4]
10000be6:	718d      	strb	r5, [r1, #6]
10000be8:	9901      	ldr	r1, [sp, #4]
10000bea:	1949      	adds	r1, r1, r5
10000bec:	0089      	lsls	r1, r1, #2
10000bee:	1852      	adds	r2, r2, r1
10000bf0:	8093      	strh	r3, [r2, #4]
10000bf2:	9b02      	ldr	r3, [sp, #8]
10000bf4:	493c      	ldr	r1, [pc, #240]	@ (10000ce8 <irq_add_shared_handler+0x1a0>)
10000bf6:	7193      	strb	r3, [r2, #6]
10000bf8:	4653      	mov	r3, sl
10000bfa:	71d3      	strb	r3, [r2, #7]
10000bfc:	465b      	mov	r3, fp
10000bfe:	6011      	str	r1, [r2, #0]
10000c00:	6093      	str	r3, [r2, #8]
10000c02:	e017      	b.n	10000c34 <irq_add_shared_handler+0xec>
10000c04:	4939      	ldr	r1, [pc, #228]	@ (10000cec <irq_add_shared_handler+0x1a4>)
10000c06:	428f      	cmp	r7, r1
10000c08:	d160      	bne.n	10000ccc <irq_add_shared_handler+0x184>
10000c0a:	4939      	ldr	r1, [pc, #228]	@ (10000cf0 <irq_add_shared_handler+0x1a8>)
10000c0c:	2701      	movs	r7, #1
10000c0e:	52d1      	strh	r1, [r2, r3]
10000c10:	4938      	ldr	r1, [pc, #224]	@ (10000cf4 <irq_add_shared_handler+0x1ac>)
10000c12:	3302      	adds	r3, #2
10000c14:	18d3      	adds	r3, r2, r3
10000c16:	3904      	subs	r1, #4
10000c18:	1acb      	subs	r3, r1, r3
10000c1a:	4a32      	ldr	r2, [pc, #200]	@ (10000ce4 <irq_add_shared_handler+0x19c>)
10000c1c:	051b      	lsls	r3, r3, #20
10000c1e:	0d5b      	lsrs	r3, r3, #21
10000c20:	4313      	orrs	r3, r2
10000c22:	8063      	strh	r3, [r4, #2]
10000c24:	4b34      	ldr	r3, [pc, #208]	@ (10000cf8 <irq_add_shared_handler+0x1b0>)
10000c26:	71e6      	strb	r6, [r4, #7]
10000c28:	80a3      	strh	r3, [r4, #4]
10000c2a:	23ff      	movs	r3, #255	@ 0xff
10000c2c:	71a3      	strb	r3, [r4, #6]
10000c2e:	465b      	mov	r3, fp
10000c30:	4327      	orrs	r7, r4
10000c32:	60a3      	str	r3, [r4, #8]
10000c34:	4662      	mov	r2, ip
10000c36:	4b29      	ldr	r3, [pc, #164]	@ (10000cdc <irq_add_shared_handler+0x194>)
10000c38:	689b      	ldr	r3, [r3, #8]
10000c3a:	509f      	str	r7, [r3, r2]
10000c3c:	f3bf 8f5f 	dmb	sy
10000c40:	f3bf 8f5f 	dmb	sy
10000c44:	2200      	movs	r2, #0
10000c46:	4b22      	ldr	r3, [pc, #136]	@ (10000cd0 <irq_add_shared_handler+0x188>)
10000c48:	601a      	str	r2, [r3, #0]
10000c4a:	f388 8810 	msr	PRIMASK, r8
10000c4e:	b005      	add	sp, #20
10000c50:	bcf0      	pop	{r4, r5, r6, r7}
10000c52:	46bb      	mov	fp, r7
10000c54:	46b2      	mov	sl, r6
10000c56:	46a9      	mov	r9, r5
10000c58:	46a0      	mov	r8, r4
10000c5a:	bdf0      	pop	{r4, r5, r6, r7, pc}
10000c5c:	46b2      	mov	sl, r6
10000c5e:	1d0e      	adds	r6, r1, #4
10000c60:	464c      	mov	r4, r9
10000c62:	46b1      	mov	r9, r6
10000c64:	8888      	ldrh	r0, [r1, #4]
10000c66:	9302      	str	r3, [sp, #8]
10000c68:	9b03      	ldr	r3, [sp, #12]
10000c6a:	0540      	lsls	r0, r0, #21
10000c6c:	1500      	asrs	r0, r0, #20
10000c6e:	3304      	adds	r3, #4
10000c70:	4448      	add	r0, r9
10000c72:	18d3      	adds	r3, r2, r3
10000c74:	1ac3      	subs	r3, r0, r3
10000c76:	051b      	lsls	r3, r3, #20
10000c78:	481a      	ldr	r0, [pc, #104]	@ (10000ce4 <irq_add_shared_handler+0x19c>)
10000c7a:	0d5b      	lsrs	r3, r3, #21
10000c7c:	4303      	orrs	r3, r0
10000c7e:	e7aa      	b.n	10000bd6 <irq_add_shared_handler+0x8e>
10000c80:	1c9e      	adds	r6, r3, #2
10000c82:	46b1      	mov	r9, r6
10000c84:	4491      	add	r9, r2
10000c86:	464e      	mov	r6, r9
10000c88:	000f      	movs	r7, r1
10000c8a:	4d1c      	ldr	r5, [pc, #112]	@ (10000cfc <irq_add_shared_handler+0x1b4>)
10000c8c:	1abf      	subs	r7, r7, r2
10000c8e:	417f      	adcs	r7, r7
10000c90:	437d      	muls	r5, r7
10000c92:	0d2d      	lsrs	r5, r5, #20
10000c94:	4f16      	ldr	r7, [pc, #88]	@ (10000cf0 <irq_add_shared_handler+0x1a8>)
10000c96:	71a5      	strb	r5, [r4, #6]
10000c98:	52d7      	strh	r7, [r2, r3]
10000c9a:	4f16      	ldr	r7, [pc, #88]	@ (10000cf4 <irq_add_shared_handler+0x1ac>)
10000c9c:	3304      	adds	r3, #4
10000c9e:	3f04      	subs	r7, #4
10000ca0:	18d3      	adds	r3, r2, r3
10000ca2:	1bbf      	subs	r7, r7, r6
10000ca4:	1acb      	subs	r3, r1, r3
10000ca6:	053f      	lsls	r7, r7, #20
10000ca8:	3b04      	subs	r3, #4
10000caa:	0d7e      	lsrs	r6, r7, #21
10000cac:	051b      	lsls	r3, r3, #20
10000cae:	4f0d      	ldr	r7, [pc, #52]	@ (10000ce4 <irq_add_shared_handler+0x19c>)
10000cb0:	0d5b      	lsrs	r3, r3, #21
10000cb2:	433e      	orrs	r6, r7
10000cb4:	431f      	orrs	r7, r3
10000cb6:	4653      	mov	r3, sl
10000cb8:	71e3      	strb	r3, [r4, #7]
10000cba:	465b      	mov	r3, fp
10000cbc:	60a3      	str	r3, [r4, #8]
10000cbe:	4b0a      	ldr	r3, [pc, #40]	@ (10000ce8 <irq_add_shared_handler+0x1a0>)
10000cc0:	80a7      	strh	r7, [r4, #4]
10000cc2:	8066      	strh	r6, [r4, #2]
10000cc4:	4304      	orrs	r4, r0
10000cc6:	0027      	movs	r7, r4
10000cc8:	600b      	str	r3, [r1, #0]
10000cca:	e7b3      	b.n	10000c34 <irq_add_shared_handler+0xec>
10000ccc:	f001 fafa 	bl	100022c4 <hard_assertion_failure>
10000cd0:	d0000124 	.word	0xd0000124
10000cd4:	20012dc0 	.word	0x20012dc0
10000cd8:	200010b8 	.word	0x200010b8
10000cdc:	e000ed00 	.word	0xe000ed00
10000ce0:	0000bd01 	.word	0x0000bd01
10000ce4:	ffffe000 	.word	0xffffe000
10000ce8:	47804801 	.word	0x47804801
10000cec:	100001c1 	.word	0x100001c1
10000cf0:	ffffa100 	.word	0xffffa100
10000cf4:	20001100 	.word	0x20001100
10000cf8:	ffffbd01 	.word	0xffffbd01
10000cfc:	0000aaaa 	.word	0x0000aaaa

10000d00 <irq_remove_handler>:
10000d00:	b5f0      	push	{r4, r5, r6, r7, lr}
10000d02:	46de      	mov	lr, fp
10000d04:	4657      	mov	r7, sl
10000d06:	464e      	mov	r6, r9
10000d08:	4645      	mov	r5, r8
10000d0a:	b5e0      	push	{r5, r6, r7, lr}
10000d0c:	b083      	sub	sp, #12
10000d0e:	f3ef 8910 	mrs	r9, PRIMASK
10000d12:	b672      	cpsid	i
10000d14:	4a5d      	ldr	r2, [pc, #372]	@ (10000e8c <irq_remove_handler+0x18c>)
10000d16:	6813      	ldr	r3, [r2, #0]
10000d18:	2b00      	cmp	r3, #0
10000d1a:	d0fc      	beq.n	10000d16 <irq_remove_handler+0x16>
10000d1c:	f3bf 8f5f 	dmb	sy
10000d20:	4b5b      	ldr	r3, [pc, #364]	@ (10000e90 <irq_remove_handler+0x190>)
10000d22:	4e5c      	ldr	r6, [pc, #368]	@ (10000e94 <irq_remove_handler+0x194>)
10000d24:	689a      	ldr	r2, [r3, #8]
10000d26:	0003      	movs	r3, r0
10000d28:	3310      	adds	r3, #16
10000d2a:	009c      	lsls	r4, r3, #2
10000d2c:	5912      	ldr	r2, [r2, r4]
10000d2e:	4698      	mov	r8, r3
10000d30:	42b2      	cmp	r2, r6
10000d32:	d03b      	beq.n	10000dac <irq_remove_handler+0xac>
10000d34:	428a      	cmp	r2, r1
10000d36:	d04c      	beq.n	10000dd2 <irq_remove_handler+0xd2>
10000d38:	4f57      	ldr	r7, [pc, #348]	@ (10000e98 <irq_remove_handler+0x198>)
10000d3a:	46bc      	mov	ip, r7
10000d3c:	1bd7      	subs	r7, r2, r7
10000d3e:	2f47      	cmp	r7, #71	@ 0x47
10000d40:	d834      	bhi.n	10000dac <irq_remove_handler+0xac>
10000d42:	4b56      	ldr	r3, [pc, #344]	@ (10000e9c <irq_remove_handler+0x19c>)
10000d44:	271f      	movs	r7, #31
10000d46:	681d      	ldr	r5, [r3, #0]
10000d48:	4007      	ands	r7, r0
10000d4a:	46aa      	mov	sl, r5
10000d4c:	2501      	movs	r5, #1
10000d4e:	40bd      	lsls	r5, r7
10000d50:	2780      	movs	r7, #128	@ 0x80
10000d52:	9501      	str	r5, [sp, #4]
10000d54:	51dd      	str	r5, [r3, r7]
10000d56:	f3bf 8f5f 	dmb	sy
10000d5a:	f3ef 8505 	mrs	r5, IPSR
10000d5e:	46ab      	mov	fp, r5
10000d60:	2d00      	cmp	r5, #0
10000d62:	d138      	bne.n	10000dd6 <irq_remove_handler+0xd6>
10000d64:	2301      	movs	r3, #1
10000d66:	001d      	movs	r5, r3
10000d68:	4085      	lsls	r5, r0
10000d6a:	0028      	movs	r0, r5
10000d6c:	4655      	mov	r5, sl
10000d6e:	4005      	ands	r5, r0
10000d70:	0010      	movs	r0, r2
10000d72:	4398      	bics	r0, r3
10000d74:	6887      	ldr	r7, [r0, #8]
10000d76:	46aa      	mov	sl, r5
10000d78:	42b9      	cmp	r1, r7
10000d7a:	d108      	bne.n	10000d8e <irq_remove_handler+0x8e>
10000d7c:	e07c      	b.n	10000e78 <irq_remove_handler+0x178>
10000d7e:	0073      	lsls	r3, r6, #1
10000d80:	199b      	adds	r3, r3, r6
10000d82:	009b      	lsls	r3, r3, #2
10000d84:	4463      	add	r3, ip
10000d86:	689f      	ldr	r7, [r3, #8]
10000d88:	42b9      	cmp	r1, r7
10000d8a:	d02d      	beq.n	10000de8 <irq_remove_handler+0xe8>
10000d8c:	0018      	movs	r0, r3
10000d8e:	2606      	movs	r6, #6
10000d90:	5786      	ldrsb	r6, [r0, r6]
10000d92:	2e00      	cmp	r6, #0
10000d94:	daf3      	bge.n	10000d7e <irq_remove_handler+0x7e>
10000d96:	42b9      	cmp	r1, r7
10000d98:	d04c      	beq.n	10000e34 <irq_remove_handler+0x134>
10000d9a:	4653      	mov	r3, sl
10000d9c:	2b00      	cmp	r3, #0
10000d9e:	d01e      	beq.n	10000dde <irq_remove_handler+0xde>
10000da0:	21c0      	movs	r1, #192	@ 0xc0
10000da2:	4b3e      	ldr	r3, [pc, #248]	@ (10000e9c <irq_remove_handler+0x19c>)
10000da4:	9801      	ldr	r0, [sp, #4]
10000da6:	0049      	lsls	r1, r1, #1
10000da8:	5058      	str	r0, [r3, r1]
10000daa:	6018      	str	r0, [r3, #0]
10000dac:	4b38      	ldr	r3, [pc, #224]	@ (10000e90 <irq_remove_handler+0x190>)
10000dae:	689b      	ldr	r3, [r3, #8]
10000db0:	511a      	str	r2, [r3, r4]
10000db2:	f3bf 8f5f 	dmb	sy
10000db6:	f3bf 8f5f 	dmb	sy
10000dba:	2200      	movs	r2, #0
10000dbc:	4b33      	ldr	r3, [pc, #204]	@ (10000e8c <irq_remove_handler+0x18c>)
10000dbe:	601a      	str	r2, [r3, #0]
10000dc0:	f389 8810 	msr	PRIMASK, r9
10000dc4:	b003      	add	sp, #12
10000dc6:	bcf0      	pop	{r4, r5, r6, r7}
10000dc8:	46bb      	mov	fp, r7
10000dca:	46b2      	mov	sl, r6
10000dcc:	46a9      	mov	r9, r5
10000dce:	46a0      	mov	r8, r4
10000dd0:	bdf0      	pop	{r4, r5, r6, r7, pc}
10000dd2:	0032      	movs	r2, r6
10000dd4:	e7ea      	b.n	10000dac <irq_remove_handler+0xac>
10000dd6:	45a8      	cmp	r8, r5
10000dd8:	d0c4      	beq.n	10000d64 <irq_remove_handler+0x64>
10000dda:	f001 fa73 	bl	100022c4 <hard_assertion_failure>
10000dde:	2380      	movs	r3, #128	@ 0x80
10000de0:	492e      	ldr	r1, [pc, #184]	@ (10000e9c <irq_remove_handler+0x19c>)
10000de2:	9801      	ldr	r0, [sp, #4]
10000de4:	50c8      	str	r0, [r1, r3]
10000de6:	e7e1      	b.n	10000dac <irq_remove_handler+0xac>
10000de8:	2706      	movs	r7, #6
10000dea:	57df      	ldrsb	r7, [r3, r7]
10000dec:	2f00      	cmp	r7, #0
10000dee:	db22      	blt.n	10000e36 <irq_remove_handler+0x136>
10000df0:	0079      	lsls	r1, r7, #1
10000df2:	19c8      	adds	r0, r1, r7
10000df4:	0085      	lsls	r5, r0, #2
10000df6:	002e      	movs	r6, r5
10000df8:	4466      	add	r6, ip
10000dfa:	68b0      	ldr	r0, [r6, #8]
10000dfc:	6098      	str	r0, [r3, #8]
10000dfe:	79f0      	ldrb	r0, [r6, #7]
10000e00:	71d8      	strb	r0, [r3, #7]
10000e02:	2006      	movs	r0, #6
10000e04:	5630      	ldrsb	r0, [r6, r0]
10000e06:	7198      	strb	r0, [r3, #6]
10000e08:	2800      	cmp	r0, #0
10000e0a:	db26      	blt.n	10000e5a <irq_remove_handler+0x15a>
10000e0c:	4660      	mov	r0, ip
10000e0e:	88b6      	ldrh	r6, [r6, #4]
10000e10:	1ac0      	subs	r0, r0, r3
10000e12:	0576      	lsls	r6, r6, #21
10000e14:	1536      	asrs	r6, r6, #20
10000e16:	1976      	adds	r6, r6, r5
10000e18:	1980      	adds	r0, r0, r6
10000e1a:	0500      	lsls	r0, r0, #20
10000e1c:	4e20      	ldr	r6, [pc, #128]	@ (10000ea0 <irq_remove_handler+0x1a0>)
10000e1e:	0d40      	lsrs	r0, r0, #21
10000e20:	4330      	orrs	r0, r6
10000e22:	8098      	strh	r0, [r3, #4]
10000e24:	19cb      	adds	r3, r1, r7
10000e26:	491f      	ldr	r1, [pc, #124]	@ (10000ea4 <irq_remove_handler+0x1a4>)
10000e28:	009b      	lsls	r3, r3, #2
10000e2a:	7808      	ldrb	r0, [r1, #0]
10000e2c:	4463      	add	r3, ip
10000e2e:	7198      	strb	r0, [r3, #6]
10000e30:	700f      	strb	r7, [r1, #0]
10000e32:	e7b2      	b.n	10000d9a <irq_remove_handler+0x9a>
10000e34:	0003      	movs	r3, r0
10000e36:	4659      	mov	r1, fp
10000e38:	2900      	cmp	r1, #0
10000e3a:	d110      	bne.n	10000e5e <irq_remove_handler+0x15e>
10000e3c:	31ff      	adds	r1, #255	@ 0xff
10000e3e:	7181      	strb	r1, [r0, #6]
10000e40:	4919      	ldr	r1, [pc, #100]	@ (10000ea8 <irq_remove_handler+0x1a8>)
10000e42:	8081      	strh	r1, [r0, #4]
10000e44:	4817      	ldr	r0, [pc, #92]	@ (10000ea4 <irq_remove_handler+0x1a4>)
10000e46:	4665      	mov	r5, ip
10000e48:	7801      	ldrb	r1, [r0, #0]
10000e4a:	7199      	strb	r1, [r3, #6]
10000e4c:	4917      	ldr	r1, [pc, #92]	@ (10000eac <irq_remove_handler+0x1ac>)
10000e4e:	1b5b      	subs	r3, r3, r5
10000e50:	415b      	adcs	r3, r3
10000e52:	4359      	muls	r1, r3
10000e54:	0d09      	lsrs	r1, r1, #20
10000e56:	7001      	strb	r1, [r0, #0]
10000e58:	e79f      	b.n	10000d9a <irq_remove_handler+0x9a>
10000e5a:	4813      	ldr	r0, [pc, #76]	@ (10000ea8 <irq_remove_handler+0x1a8>)
10000e5c:	e7e1      	b.n	10000e22 <irq_remove_handler+0x122>
10000e5e:	4914      	ldr	r1, [pc, #80]	@ (10000eb0 <irq_remove_handler+0x1b0>)
10000e60:	4814      	ldr	r0, [pc, #80]	@ (10000eb4 <irq_remove_handler+0x1b4>)
10000e62:	1ac9      	subs	r1, r1, r3
10000e64:	3908      	subs	r1, #8
10000e66:	024e      	lsls	r6, r1, #9
10000e68:	0d76      	lsrs	r6, r6, #21
10000e6a:	4330      	orrs	r0, r6
10000e6c:	8098      	strh	r0, [r3, #4]
10000e6e:	4812      	ldr	r0, [pc, #72]	@ (10000eb8 <irq_remove_handler+0x1b8>)
10000e70:	0849      	lsrs	r1, r1, #1
10000e72:	4301      	orrs	r1, r0
10000e74:	80d9      	strh	r1, [r3, #6]
10000e76:	e790      	b.n	10000d9a <irq_remove_handler+0x9a>
10000e78:	2706      	movs	r7, #6
10000e7a:	57c7      	ldrsb	r7, [r0, r7]
10000e7c:	0003      	movs	r3, r0
10000e7e:	2f00      	cmp	r7, #0
10000e80:	dab6      	bge.n	10000df0 <irq_remove_handler+0xf0>
10000e82:	4659      	mov	r1, fp
10000e84:	2900      	cmp	r1, #0
10000e86:	d1ea      	bne.n	10000e5e <irq_remove_handler+0x15e>
10000e88:	0032      	movs	r2, r6
10000e8a:	e7db      	b.n	10000e44 <irq_remove_handler+0x144>
10000e8c:	d0000124 	.word	0xd0000124
10000e90:	e000ed00 	.word	0xe000ed00
10000e94:	100001c1 	.word	0x100001c1
10000e98:	200010b8 	.word	0x200010b8
10000e9c:	e000e100 	.word	0xe000e100
10000ea0:	ffffe000 	.word	0xffffe000
10000ea4:	20012dc0 	.word	0x20012dc0
10000ea8:	ffffbd01 	.word	0xffffbd01
10000eac:	0000aaaa 	.word	0x0000aaaa
10000eb0:	2000110a 	.word	0x2000110a
10000eb4:	fffff000 	.word	0xfffff000
10000eb8:	fffff800 	.word	0xfffff800

10000ebc <irq_add_tail_to_free_list>:
10000ebc:	2301      	movs	r3, #1
10000ebe:	4303      	orrs	r3, r0
10000ec0:	b570      	push	{r4, r5, r6, lr}
10000ec2:	469c      	mov	ip, r3
10000ec4:	f3ef 8105 	mrs	r1, IPSR
10000ec8:	f3ef 8510 	mrs	r5, PRIMASK
10000ecc:	b672      	cpsid	i
10000ece:	4a27      	ldr	r2, [pc, #156]	@ (10000f6c <irq_add_tail_to_free_list+0xb0>)
10000ed0:	6813      	ldr	r3, [r2, #0]
10000ed2:	2b00      	cmp	r3, #0
10000ed4:	d0fc      	beq.n	10000ed0 <irq_add_tail_to_free_list+0x14>
10000ed6:	f3bf 8f5f 	dmb	sy
10000eda:	4a25      	ldr	r2, [pc, #148]	@ (10000f70 <irq_add_tail_to_free_list+0xb4>)
10000edc:	0004      	movs	r4, r0
10000ede:	4b25      	ldr	r3, [pc, #148]	@ (10000f74 <irq_add_tail_to_free_list+0xb8>)
10000ee0:	1aa4      	subs	r4, r4, r2
10000ee2:	4164      	adcs	r4, r4
10000ee4:	4363      	muls	r3, r4
10000ee6:	0d1b      	lsrs	r3, r3, #20
10000ee8:	4c23      	ldr	r4, [pc, #140]	@ (10000f78 <irq_add_tail_to_free_list+0xbc>)
10000eea:	0089      	lsls	r1, r1, #2
10000eec:	68a6      	ldr	r6, [r4, #8]
10000eee:	b25b      	sxtb	r3, r3
10000ef0:	5876      	ldr	r6, [r6, r1]
10000ef2:	4566      	cmp	r6, ip
10000ef4:	d024      	beq.n	10000f40 <irq_add_tail_to_free_list+0x84>
10000ef6:	2106      	movs	r1, #6
10000ef8:	5651      	ldrsb	r1, [r2, r1]
10000efa:	4299      	cmp	r1, r3
10000efc:	d024      	beq.n	10000f48 <irq_add_tail_to_free_list+0x8c>
10000efe:	2112      	movs	r1, #18
10000f00:	5651      	ldrsb	r1, [r2, r1]
10000f02:	4299      	cmp	r1, r3
10000f04:	d02a      	beq.n	10000f5c <irq_add_tail_to_free_list+0xa0>
10000f06:	211e      	movs	r1, #30
10000f08:	5651      	ldrsb	r1, [r2, r1]
10000f0a:	4299      	cmp	r1, r3
10000f0c:	d028      	beq.n	10000f60 <irq_add_tail_to_free_list+0xa4>
10000f0e:	212a      	movs	r1, #42	@ 0x2a
10000f10:	5651      	ldrsb	r1, [r2, r1]
10000f12:	4299      	cmp	r1, r3
10000f14:	d026      	beq.n	10000f64 <irq_add_tail_to_free_list+0xa8>
10000f16:	2136      	movs	r1, #54	@ 0x36
10000f18:	5651      	ldrsb	r1, [r2, r1]
10000f1a:	4299      	cmp	r1, r3
10000f1c:	d024      	beq.n	10000f68 <irq_add_tail_to_free_list+0xac>
10000f1e:	2142      	movs	r1, #66	@ 0x42
10000f20:	5651      	ldrsb	r1, [r2, r1]
10000f22:	2405      	movs	r4, #5
10000f24:	4299      	cmp	r1, r3
10000f26:	d010      	beq.n	10000f4a <irq_add_tail_to_free_list+0x8e>
10000f28:	4a14      	ldr	r2, [pc, #80]	@ (10000f7c <irq_add_tail_to_free_list+0xc0>)
10000f2a:	7811      	ldrb	r1, [r2, #0]
10000f2c:	7013      	strb	r3, [r2, #0]
10000f2e:	7181      	strb	r1, [r0, #6]
10000f30:	f3bf 8f5f 	dmb	sy
10000f34:	2200      	movs	r2, #0
10000f36:	4b0d      	ldr	r3, [pc, #52]	@ (10000f6c <irq_add_tail_to_free_list+0xb0>)
10000f38:	601a      	str	r2, [r3, #0]
10000f3a:	f385 8810 	msr	PRIMASK, r5
10000f3e:	bd70      	pop	{r4, r5, r6, pc}
10000f40:	68a2      	ldr	r2, [r4, #8]
10000f42:	4c0f      	ldr	r4, [pc, #60]	@ (10000f80 <irq_add_tail_to_free_list+0xc4>)
10000f44:	5054      	str	r4, [r2, r1]
10000f46:	e7ef      	b.n	10000f28 <irq_add_tail_to_free_list+0x6c>
10000f48:	2400      	movs	r4, #0
10000f4a:	0061      	lsls	r1, r4, #1
10000f4c:	1909      	adds	r1, r1, r4
10000f4e:	0089      	lsls	r1, r1, #2
10000f50:	1852      	adds	r2, r2, r1
10000f52:	21ff      	movs	r1, #255	@ 0xff
10000f54:	7191      	strb	r1, [r2, #6]
10000f56:	490b      	ldr	r1, [pc, #44]	@ (10000f84 <irq_add_tail_to_free_list+0xc8>)
10000f58:	8091      	strh	r1, [r2, #4]
10000f5a:	e7e5      	b.n	10000f28 <irq_add_tail_to_free_list+0x6c>
10000f5c:	2401      	movs	r4, #1
10000f5e:	e7f4      	b.n	10000f4a <irq_add_tail_to_free_list+0x8e>
10000f60:	2402      	movs	r4, #2
10000f62:	e7f2      	b.n	10000f4a <irq_add_tail_to_free_list+0x8e>
10000f64:	2403      	movs	r4, #3
10000f66:	e7f0      	b.n	10000f4a <irq_add_tail_to_free_list+0x8e>
10000f68:	2404      	movs	r4, #4
10000f6a:	e7ee      	b.n	10000f4a <irq_add_tail_to_free_list+0x8e>
10000f6c:	d0000124 	.word	0xd0000124
10000f70:	200010b8 	.word	0x200010b8
10000f74:	0000aaaa 	.word	0x0000aaaa
10000f78:	e000ed00 	.word	0xe000ed00
10000f7c:	20012dc0 	.word	0x20012dc0
10000f80:	100001c1 	.word	0x100001c1
10000f84:	ffffbd01 	.word	0xffffbd01

10000f88 <user_irq_claim_unused>:
10000f88:	b500      	push	{lr}
10000f8a:	4b07      	ldr	r3, [pc, #28]	@ (10000fa8 <user_irq_claim_unused+0x20>)
10000f8c:	b083      	sub	sp, #12
10000f8e:	0001      	movs	r1, r0
10000f90:	9300      	str	r3, [sp, #0]
10000f92:	2200      	movs	r2, #0
10000f94:	2305      	movs	r3, #5
10000f96:	4805      	ldr	r0, [pc, #20]	@ (10000fac <user_irq_claim_unused+0x24>)
10000f98:	f7ff fce4 	bl	10000964 <hw_claim_unused_from_range>
10000f9c:	2800      	cmp	r0, #0
10000f9e:	db01      	blt.n	10000fa4 <user_irq_claim_unused+0x1c>
10000fa0:	231f      	movs	r3, #31
10000fa2:	1a18      	subs	r0, r3, r0
10000fa4:	b003      	add	sp, #12
10000fa6:	bd00      	pop	{pc}
10000fa8:	1000935c 	.word	0x1000935c
10000fac:	20012dc4 	.word	0x20012dc4

10000fb0 <lock_init>:
10000fb0:	4b02      	ldr	r3, [pc, #8]	@ (10000fbc <lock_init+0xc>)
10000fb2:	18c9      	adds	r1, r1, r3
10000fb4:	0089      	lsls	r1, r1, #2
10000fb6:	6001      	str	r1, [r0, #0]
10000fb8:	4770      	bx	lr
10000fba:	46c0      	nop			@ (mov r8, r8)
10000fbc:	34000040 	.word	0x34000040

10000fc0 <runtime_init_mutex>:
10000fc0:	b570      	push	{r4, r5, r6, lr}
10000fc2:	4c11      	ldr	r4, [pc, #68]	@ (10001008 <runtime_init_mutex+0x48>)
10000fc4:	4d11      	ldr	r5, [pc, #68]	@ (1000100c <runtime_init_mutex+0x4c>)
10000fc6:	42ac      	cmp	r4, r5
10000fc8:	d20f      	bcs.n	10000fea <runtime_init_mutex+0x2a>
10000fca:	26ff      	movs	r6, #255	@ 0xff
10000fcc:	6823      	ldr	r3, [r4, #0]
10000fce:	2b00      	cmp	r3, #0
10000fd0:	d00c      	beq.n	10000fec <runtime_init_mutex+0x2c>
10000fd2:	f7ff fd0b 	bl	100009ec <next_striped_spin_lock_num>
10000fd6:	0001      	movs	r1, r0
10000fd8:	0020      	movs	r0, r4
10000fda:	f7ff ffe9 	bl	10000fb0 <lock_init>
10000fde:	80a6      	strh	r6, [r4, #4]
10000fe0:	f3bf 8f5f 	dmb	sy
10000fe4:	3408      	adds	r4, #8
10000fe6:	42ac      	cmp	r4, r5
10000fe8:	d3f0      	bcc.n	10000fcc <runtime_init_mutex+0xc>
10000fea:	bd70      	pop	{r4, r5, r6, pc}
10000fec:	f7ff fcfe 	bl	100009ec <next_striped_spin_lock_num>
10000ff0:	0001      	movs	r1, r0
10000ff2:	0020      	movs	r0, r4
10000ff4:	f7ff ffdc 	bl	10000fb0 <lock_init>
10000ff8:	7126      	strb	r6, [r4, #4]
10000ffa:	f3bf 8f5f 	dmb	sy
10000ffe:	3408      	adds	r4, #8
10001000:	42ac      	cmp	r4, r5
10001002:	d3e3      	bcc.n	10000fcc <runtime_init_mutex+0xc>
10001004:	e7f1      	b.n	10000fea <runtime_init_mutex+0x2a>
10001006:	46c0      	nop			@ (mov r8, r8)
10001008:	200017d0 	.word	0x200017d0
1000100c:	200017d8 	.word	0x200017d8

10001010 <mutex_init>:
10001010:	b510      	push	{r4, lr}
10001012:	0004      	movs	r4, r0
10001014:	f7ff fcea 	bl	100009ec <next_striped_spin_lock_num>
10001018:	0001      	movs	r1, r0
1000101a:	0020      	movs	r0, r4
1000101c:	f7ff ffc8 	bl	10000fb0 <lock_init>
10001020:	23ff      	movs	r3, #255	@ 0xff
10001022:	7123      	strb	r3, [r4, #4]
10001024:	f3bf 8f5f 	dmb	sy
10001028:	bd10      	pop	{r4, pc}
1000102a:	46c0      	nop			@ (mov r8, r8)

1000102c <critical_section_init>:
1000102c:	b510      	push	{r4, lr}
1000102e:	0004      	movs	r4, r0
10001030:	2001      	movs	r0, #1
10001032:	f7ff fce7 	bl	10000a04 <spin_lock_claim_unused>
10001036:	4b03      	ldr	r3, [pc, #12]	@ (10001044 <critical_section_init+0x18>)
10001038:	18c0      	adds	r0, r0, r3
1000103a:	0080      	lsls	r0, r0, #2
1000103c:	6020      	str	r0, [r4, #0]
1000103e:	f3bf 8f5f 	dmb	sy
10001042:	bd10      	pop	{r4, pc}
10001044:	34000040 	.word	0x34000040

10001048 <critical_section_init_with_lock_num>:
10001048:	4b03      	ldr	r3, [pc, #12]	@ (10001058 <critical_section_init_with_lock_num+0x10>)
1000104a:	18c9      	adds	r1, r1, r3
1000104c:	0089      	lsls	r1, r1, #2
1000104e:	6001      	str	r1, [r0, #0]
10001050:	f3bf 8f5f 	dmb	sy
10001054:	4770      	bx	lr
10001056:	46c0      	nop			@ (mov r8, r8)
10001058:	34000040 	.word	0x34000040

1000105c <sleep_until_callback>:
1000105c:	4b0a      	ldr	r3, [pc, #40]	@ (10001088 <sleep_until_callback+0x2c>)
1000105e:	6819      	ldr	r1, [r3, #0]
10001060:	f3ef 8010 	mrs	r0, PRIMASK
10001064:	b672      	cpsid	i
10001066:	680a      	ldr	r2, [r1, #0]
10001068:	2a00      	cmp	r2, #0
1000106a:	d0fc      	beq.n	10001066 <sleep_until_callback+0xa>
1000106c:	f3bf 8f5f 	dmb	sy
10001070:	681b      	ldr	r3, [r3, #0]
10001072:	f3bf 8f5f 	dmb	sy
10001076:	2200      	movs	r2, #0
10001078:	601a      	str	r2, [r3, #0]
1000107a:	f380 8810 	msr	PRIMASK, r0
1000107e:	bf40      	sev
10001080:	2000      	movs	r0, #0
10001082:	2100      	movs	r1, #0
10001084:	4770      	bx	lr
10001086:	46c0      	nop			@ (mov r8, r8)
10001088:	20012d90 	.word	0x20012d90

1000108c <alarm_pool_irq_handler>:
1000108c:	b5f0      	push	{r4, r5, r6, r7, lr}
1000108e:	46de      	mov	lr, fp
10001090:	4657      	mov	r7, sl
10001092:	464e      	mov	r6, r9
10001094:	4645      	mov	r5, r8
10001096:	b5e0      	push	{r5, r6, r7, lr}
10001098:	b085      	sub	sp, #20
1000109a:	f3ef 8305 	mrs	r3, IPSR
1000109e:	2203      	movs	r2, #3
100010a0:	401a      	ands	r2, r3
100010a2:	4bb3      	ldr	r3, [pc, #716]	@ (10001370 <alarm_pool_irq_handler+0x2e4>)
100010a4:	0091      	lsls	r1, r2, #2
100010a6:	585f      	ldr	r7, [r3, r1]
100010a8:	2301      	movs	r3, #1
100010aa:	4093      	lsls	r3, r2
100010ac:	469b      	mov	fp, r3
100010ae:	9202      	str	r2, [sp, #8]
100010b0:	465a      	mov	r2, fp
100010b2:	4688      	mov	r8, r1
100010b4:	4baf      	ldr	r3, [pc, #700]	@ (10001374 <alarm_pool_irq_handler+0x2e8>)
100010b6:	601a      	str	r2, [r3, #0]
100010b8:	4baf      	ldr	r3, [pc, #700]	@ (10001378 <alarm_pool_irq_handler+0x2ec>)
100010ba:	9303      	str	r3, [sp, #12]
100010bc:	465b      	mov	r3, fp
100010be:	48af      	ldr	r0, [pc, #700]	@ (1000137c <alarm_pool_irq_handler+0x2f0>)
100010c0:	6343      	str	r3, [r0, #52]	@ 0x34
100010c2:	2308      	movs	r3, #8
100010c4:	5efe      	ldrsh	r6, [r7, r3]
100010c6:	2e00      	cmp	r6, #0
100010c8:	da37      	bge.n	1000113a <alarm_pool_irq_handler+0xae>
100010ca:	88bb      	ldrh	r3, [r7, #4]
100010cc:	b21b      	sxth	r3, r3
100010ce:	2b00      	cmp	r3, #0
100010d0:	db00      	blt.n	100010d4 <alarm_pool_irq_handler+0x48>
100010d2:	e0a4      	b.n	1000121e <alarm_pool_irq_handler+0x192>
100010d4:	79bb      	ldrb	r3, [r7, #6]
100010d6:	2b00      	cmp	r3, #0
100010d8:	d000      	beq.n	100010dc <alarm_pool_irq_handler+0x50>
100010da:	e0e5      	b.n	100012a8 <alarm_pool_irq_handler+0x21c>
100010dc:	2308      	movs	r3, #8
100010de:	5ef9      	ldrsh	r1, [r7, r3]
100010e0:	2900      	cmp	r1, #0
100010e2:	db20      	blt.n	10001126 <alarm_pool_irq_handler+0x9a>
100010e4:	004b      	lsls	r3, r1, #1
100010e6:	697a      	ldr	r2, [r7, #20]
100010e8:	185b      	adds	r3, r3, r1
100010ea:	00db      	lsls	r3, r3, #3
100010ec:	18d3      	adds	r3, r2, r3
100010ee:	689d      	ldr	r5, [r3, #8]
100010f0:	68dc      	ldr	r4, [r3, #12]
100010f2:	1c6b      	adds	r3, r5, #1
100010f4:	d100      	bne.n	100010f8 <alarm_pool_irq_handler+0x6c>
100010f6:	e104      	b.n	10001302 <alarm_pool_irq_handler+0x276>
100010f8:	48a0      	ldr	r0, [pc, #640]	@ (1000137c <alarm_pool_irq_handler+0x2f0>)
100010fa:	0001      	movs	r1, r0
100010fc:	4441      	add	r1, r8
100010fe:	6a82      	ldr	r2, [r0, #40]	@ 0x28
10001100:	690b      	ldr	r3, [r1, #16]
10001102:	1aae      	subs	r6, r5, r2
10001104:	1a9b      	subs	r3, r3, r2
10001106:	429e      	cmp	r6, r3
10001108:	d315      	bcc.n	10001136 <alarm_pool_irq_handler+0xaa>
1000110a:	2301      	movs	r3, #1
1000110c:	6a02      	ldr	r2, [r0, #32]
1000110e:	9802      	ldr	r0, [sp, #8]
10001110:	4083      	lsls	r3, r0
10001112:	421a      	tst	r2, r3
10001114:	d00f      	beq.n	10001136 <alarm_pool_irq_handler+0xaa>
10001116:	4899      	ldr	r0, [pc, #612]	@ (1000137c <alarm_pool_irq_handler+0x2f0>)
10001118:	f000 fbc0 	bl	1000189c <timer_time_us_64>
1000111c:	428c      	cmp	r4, r1
1000111e:	dc02      	bgt.n	10001126 <alarm_pool_irq_handler+0x9a>
10001120:	d1cc      	bne.n	100010bc <alarm_pool_irq_handler+0x30>
10001122:	4285      	cmp	r5, r0
10001124:	d9ca      	bls.n	100010bc <alarm_pool_irq_handler+0x30>
10001126:	bf40      	sev
10001128:	b005      	add	sp, #20
1000112a:	bcf0      	pop	{r4, r5, r6, r7}
1000112c:	46bb      	mov	fp, r7
1000112e:	46b2      	mov	sl, r6
10001130:	46a9      	mov	r9, r5
10001132:	46a0      	mov	r8, r4
10001134:	bdf0      	pop	{r4, r5, r6, r7, pc}
10001136:	610d      	str	r5, [r1, #16]
10001138:	e7ed      	b.n	10001116 <alarm_pool_irq_handler+0x8a>
1000113a:	697a      	ldr	r2, [r7, #20]
1000113c:	0073      	lsls	r3, r6, #1
1000113e:	4691      	mov	r9, r2
10001140:	199b      	adds	r3, r3, r6
10001142:	00db      	lsls	r3, r3, #3
10001144:	4499      	add	r9, r3
10001146:	464b      	mov	r3, r9
10001148:	689c      	ldr	r4, [r3, #8]
1000114a:	68dd      	ldr	r5, [r3, #12]
1000114c:	f000 fba6 	bl	1000189c <timer_time_us_64>
10001150:	428d      	cmp	r5, r1
10001152:	dcba      	bgt.n	100010ca <alarm_pool_irq_handler+0x3e>
10001154:	d100      	bne.n	10001158 <alarm_pool_irq_handler+0xcc>
10001156:	e0f6      	b.n	10001346 <alarm_pool_irq_handler+0x2ba>
10001158:	2d00      	cmp	r5, #0
1000115a:	da00      	bge.n	1000115e <alarm_pool_irq_handler+0xd2>
1000115c:	e0db      	b.n	10001316 <alarm_pool_irq_handler+0x28a>
1000115e:	464a      	mov	r2, r9
10001160:	464b      	mov	r3, r9
10001162:	6952      	ldr	r2, [r2, #20]
10001164:	691b      	ldr	r3, [r3, #16]
10001166:	4692      	mov	sl, r2
10001168:	9a03      	ldr	r2, [sp, #12]
1000116a:	4293      	cmp	r3, r2
1000116c:	d100      	bne.n	10001170 <alarm_pool_irq_handler+0xe4>
1000116e:	e0cc      	b.n	1000130a <alarm_pool_irq_handler+0x27e>
10001170:	464a      	mov	r2, r9
10001172:	2108      	movs	r1, #8
10001174:	5e78      	ldrsh	r0, [r7, r1]
10001176:	8852      	ldrh	r2, [r2, #2]
10001178:	0400      	lsls	r0, r0, #16
1000117a:	4651      	mov	r1, sl
1000117c:	4310      	orrs	r0, r2
1000117e:	4798      	blx	r3
10001180:	9000      	str	r0, [sp, #0]
10001182:	9101      	str	r1, [sp, #4]
10001184:	9900      	ldr	r1, [sp, #0]
10001186:	9a01      	ldr	r2, [sp, #4]
10001188:	000b      	movs	r3, r1
1000118a:	4313      	orrs	r3, r2
1000118c:	d100      	bne.n	10001190 <alarm_pool_irq_handler+0x104>
1000118e:	e0c2      	b.n	10001316 <alarm_pool_irq_handler+0x28a>
10001190:	0013      	movs	r3, r2
10001192:	000a      	movs	r2, r1
10001194:	2b00      	cmp	r3, #0
10001196:	db00      	blt.n	1000119a <alarm_pool_irq_handler+0x10e>
10001198:	e0d9      	b.n	1000134e <alarm_pool_irq_handler+0x2c2>
1000119a:	0020      	movs	r0, r4
1000119c:	0029      	movs	r1, r5
1000119e:	1a80      	subs	r0, r0, r2
100011a0:	4199      	sbcs	r1, r3
100011a2:	464b      	mov	r3, r9
100011a4:	6098      	str	r0, [r3, #8]
100011a6:	60d9      	str	r1, [r3, #12]
100011a8:	2200      	movs	r2, #0
100011aa:	5e9b      	ldrsh	r3, [r3, r2]
100011ac:	2b00      	cmp	r3, #0
100011ae:	da00      	bge.n	100011b2 <alarm_pool_irq_handler+0x126>
100011b0:	e78b      	b.n	100010ca <alarm_pool_irq_handler+0x3e>
100011b2:	005d      	lsls	r5, r3, #1
100011b4:	697c      	ldr	r4, [r7, #20]
100011b6:	18ea      	adds	r2, r5, r3
100011b8:	00d2      	lsls	r2, r2, #3
100011ba:	18a2      	adds	r2, r4, r2
100011bc:	9400      	str	r4, [sp, #0]
100011be:	6894      	ldr	r4, [r2, #8]
100011c0:	68d2      	ldr	r2, [r2, #12]
100011c2:	46a2      	mov	sl, r4
100011c4:	428a      	cmp	r2, r1
100011c6:	dd00      	ble.n	100011ca <alarm_pool_irq_handler+0x13e>
100011c8:	e77f      	b.n	100010ca <alarm_pool_irq_handler+0x3e>
100011ca:	d102      	bne.n	100011d2 <alarm_pool_irq_handler+0x146>
100011cc:	4284      	cmp	r4, r0
100011ce:	d900      	bls.n	100011d2 <alarm_pool_irq_handler+0x146>
100011d0:	e77b      	b.n	100010ca <alarm_pool_irq_handler+0x3e>
100011d2:	2408      	movs	r4, #8
100011d4:	46a4      	mov	ip, r4
100011d6:	813b      	strh	r3, [r7, #8]
100011d8:	44bc      	add	ip, r7
100011da:	9c00      	ldr	r4, [sp, #0]
100011dc:	9700      	str	r7, [sp, #0]
100011de:	002f      	movs	r7, r5
100011e0:	4665      	mov	r5, ip
100011e2:	46b4      	mov	ip, r6
100011e4:	003e      	movs	r6, r7
100011e6:	e006      	b.n	100011f6 <alarm_pool_irq_handler+0x16a>
100011e8:	005e      	lsls	r6, r3, #1
100011ea:	18f2      	adds	r2, r6, r3
100011ec:	00d2      	lsls	r2, r2, #3
100011ee:	18a2      	adds	r2, r4, r2
100011f0:	6897      	ldr	r7, [r2, #8]
100011f2:	68d2      	ldr	r2, [r2, #12]
100011f4:	46ba      	mov	sl, r7
100011f6:	428a      	cmp	r2, r1
100011f8:	dc07      	bgt.n	1000120a <alarm_pool_irq_handler+0x17e>
100011fa:	d100      	bne.n	100011fe <alarm_pool_irq_handler+0x172>
100011fc:	e0b4      	b.n	10001368 <alarm_pool_irq_handler+0x2dc>
100011fe:	18f3      	adds	r3, r6, r3
10001200:	00db      	lsls	r3, r3, #3
10001202:	18e5      	adds	r5, r4, r3
10001204:	5ee3      	ldrsh	r3, [r4, r3]
10001206:	2b00      	cmp	r3, #0
10001208:	daee      	bge.n	100011e8 <alarm_pool_irq_handler+0x15c>
1000120a:	4666      	mov	r6, ip
1000120c:	464a      	mov	r2, r9
1000120e:	9f00      	ldr	r7, [sp, #0]
10001210:	8013      	strh	r3, [r2, #0]
10001212:	802e      	strh	r6, [r5, #0]
10001214:	88bb      	ldrh	r3, [r7, #4]
10001216:	b21b      	sxth	r3, r3
10001218:	2b00      	cmp	r3, #0
1000121a:	da00      	bge.n	1000121e <alarm_pool_irq_handler+0x192>
1000121c:	e75a      	b.n	100010d4 <alarm_pool_irq_handler+0x48>
1000121e:	693a      	ldr	r2, [r7, #16]
10001220:	f3ef 8110 	mrs	r1, PRIMASK
10001224:	b672      	cpsid	i
10001226:	6813      	ldr	r3, [r2, #0]
10001228:	2b00      	cmp	r3, #0
1000122a:	d0fc      	beq.n	10001226 <alarm_pool_irq_handler+0x19a>
1000122c:	f3bf 8f5f 	dmb	sy
10001230:	2301      	movs	r3, #1
10001232:	88be      	ldrh	r6, [r7, #4]
10001234:	425b      	negs	r3, r3
10001236:	80bb      	strh	r3, [r7, #4]
10001238:	b236      	sxth	r6, r6
1000123a:	693b      	ldr	r3, [r7, #16]
1000123c:	f3bf 8f5f 	dmb	sy
10001240:	2200      	movs	r2, #0
10001242:	601a      	str	r2, [r3, #0]
10001244:	f381 8810 	msr	PRIMASK, r1
10001248:	2e00      	cmp	r6, #0
1000124a:	da00      	bge.n	1000124e <alarm_pool_irq_handler+0x1c2>
1000124c:	e742      	b.n	100010d4 <alarm_pool_irq_handler+0x48>
1000124e:	003b      	movs	r3, r7
10001250:	3308      	adds	r3, #8
10001252:	003a      	movs	r2, r7
10001254:	4699      	mov	r9, r3
10001256:	697d      	ldr	r5, [r7, #20]
10001258:	0073      	lsls	r3, r6, #1
1000125a:	199b      	adds	r3, r3, r6
1000125c:	2408      	movs	r4, #8
1000125e:	5f11      	ldrsh	r1, [r2, r4]
10001260:	00db      	lsls	r3, r3, #3
10001262:	4648      	mov	r0, r9
10001264:	18eb      	adds	r3, r5, r3
10001266:	2900      	cmp	r1, #0
10001268:	db13      	blt.n	10001292 <alarm_pool_irq_handler+0x206>
1000126a:	689c      	ldr	r4, [r3, #8]
1000126c:	9300      	str	r3, [sp, #0]
1000126e:	46a4      	mov	ip, r4
10001270:	68dc      	ldr	r4, [r3, #12]
10001272:	e006      	b.n	10001282 <alarm_pool_irq_handler+0x1f6>
10001274:	42a3      	cmp	r3, r4
10001276:	d040      	beq.n	100012fa <alarm_pool_irq_handler+0x26e>
10001278:	2300      	movs	r3, #0
1000127a:	5ef9      	ldrsh	r1, [r7, r3]
1000127c:	0038      	movs	r0, r7
1000127e:	2900      	cmp	r1, #0
10001280:	db06      	blt.n	10001290 <alarm_pool_irq_handler+0x204>
10001282:	004f      	lsls	r7, r1, #1
10001284:	187f      	adds	r7, r7, r1
10001286:	00ff      	lsls	r7, r7, #3
10001288:	19ef      	adds	r7, r5, r7
1000128a:	68fb      	ldr	r3, [r7, #12]
1000128c:	42a3      	cmp	r3, r4
1000128e:	ddf1      	ble.n	10001274 <alarm_pool_irq_handler+0x1e8>
10001290:	9b00      	ldr	r3, [sp, #0]
10001292:	8006      	strh	r6, [r0, #0]
10001294:	2000      	movs	r0, #0
10001296:	5e1e      	ldrsh	r6, [r3, r0]
10001298:	8019      	strh	r1, [r3, #0]
1000129a:	2e00      	cmp	r6, #0
1000129c:	dadc      	bge.n	10001258 <alarm_pool_irq_handler+0x1cc>
1000129e:	0017      	movs	r7, r2
100012a0:	79bb      	ldrb	r3, [r7, #6]
100012a2:	2b00      	cmp	r3, #0
100012a4:	d100      	bne.n	100012a8 <alarm_pool_irq_handler+0x21c>
100012a6:	e719      	b.n	100010dc <alarm_pool_irq_handler+0x50>
100012a8:	2300      	movs	r3, #0
100012aa:	71bb      	strb	r3, [r7, #6]
100012ac:	2308      	movs	r3, #8
100012ae:	5ef9      	ldrsh	r1, [r7, r3]
100012b0:	1c4b      	adds	r3, r1, #1
100012b2:	d100      	bne.n	100012b6 <alarm_pool_irq_handler+0x22a>
100012b4:	e737      	b.n	10001126 <alarm_pool_irq_handler+0x9a>
100012b6:	003d      	movs	r5, r7
100012b8:	3508      	adds	r5, #8
100012ba:	46ac      	mov	ip, r5
100012bc:	697c      	ldr	r4, [r7, #20]
100012be:	e003      	b.n	100012c8 <alarm_pool_irq_handler+0x23c>
100012c0:	4684      	mov	ip, r0
100012c2:	1c4b      	adds	r3, r1, #1
100012c4:	d100      	bne.n	100012c8 <alarm_pool_irq_handler+0x23c>
100012c6:	e709      	b.n	100010dc <alarm_pool_irq_handler+0x50>
100012c8:	004b      	lsls	r3, r1, #1
100012ca:	185b      	adds	r3, r3, r1
100012cc:	00db      	lsls	r3, r3, #3
100012ce:	18e0      	adds	r0, r4, r3
100012d0:	000a      	movs	r2, r1
100012d2:	5ee1      	ldrsh	r1, [r4, r3]
100012d4:	8843      	ldrh	r3, [r0, #2]
100012d6:	b21b      	sxth	r3, r3
100012d8:	2b00      	cmp	r3, #0
100012da:	daf1      	bge.n	100012c0 <alarm_pool_irq_handler+0x234>
100012dc:	2501      	movs	r5, #1
100012de:	426d      	negs	r5, r5
100012e0:	17ee      	asrs	r6, r5, #31
100012e2:	6085      	str	r5, [r0, #8]
100012e4:	60c6      	str	r6, [r0, #12]
100012e6:	2508      	movs	r5, #8
100012e8:	5f7b      	ldrsh	r3, [r7, r5]
100012ea:	4293      	cmp	r3, r2
100012ec:	d0e9      	beq.n	100012c2 <alarm_pool_irq_handler+0x236>
100012ee:	4663      	mov	r3, ip
100012f0:	8019      	strh	r1, [r3, #0]
100012f2:	893b      	ldrh	r3, [r7, #8]
100012f4:	8003      	strh	r3, [r0, #0]
100012f6:	813a      	strh	r2, [r7, #8]
100012f8:	e7e3      	b.n	100012c2 <alarm_pool_irq_handler+0x236>
100012fa:	68bb      	ldr	r3, [r7, #8]
100012fc:	4563      	cmp	r3, ip
100012fe:	d9bb      	bls.n	10001278 <alarm_pool_irq_handler+0x1ec>
10001300:	e7c6      	b.n	10001290 <alarm_pool_irq_handler+0x204>
10001302:	1c63      	adds	r3, r4, #1
10001304:	d000      	beq.n	10001308 <alarm_pool_irq_handler+0x27c>
10001306:	e6f7      	b.n	100010f8 <alarm_pool_irq_handler+0x6c>
10001308:	e705      	b.n	10001116 <alarm_pool_irq_handler+0x8a>
1000130a:	4653      	mov	r3, sl
1000130c:	4650      	mov	r0, sl
1000130e:	691b      	ldr	r3, [r3, #16]
10001310:	4798      	blx	r3
10001312:	2800      	cmp	r0, #0
10001314:	d123      	bne.n	1000135e <alarm_pool_irq_handler+0x2d2>
10001316:	464b      	mov	r3, r9
10001318:	881b      	ldrh	r3, [r3, #0]
1000131a:	693a      	ldr	r2, [r7, #16]
1000131c:	813b      	strh	r3, [r7, #8]
1000131e:	f3ef 8310 	mrs	r3, PRIMASK
10001322:	b672      	cpsid	i
10001324:	6811      	ldr	r1, [r2, #0]
10001326:	2900      	cmp	r1, #0
10001328:	d0fc      	beq.n	10001324 <alarm_pool_irq_handler+0x298>
1000132a:	f3bf 8f5f 	dmb	sy
1000132e:	4649      	mov	r1, r9
10001330:	887a      	ldrh	r2, [r7, #2]
10001332:	800a      	strh	r2, [r1, #0]
10001334:	693a      	ldr	r2, [r7, #16]
10001336:	807e      	strh	r6, [r7, #2]
10001338:	f3bf 8f5f 	dmb	sy
1000133c:	2100      	movs	r1, #0
1000133e:	6011      	str	r1, [r2, #0]
10001340:	f383 8810 	msr	PRIMASK, r3
10001344:	e6c1      	b.n	100010ca <alarm_pool_irq_handler+0x3e>
10001346:	4284      	cmp	r4, r0
10001348:	d800      	bhi.n	1000134c <alarm_pool_irq_handler+0x2c0>
1000134a:	e705      	b.n	10001158 <alarm_pool_irq_handler+0xcc>
1000134c:	e6bd      	b.n	100010ca <alarm_pool_irq_handler+0x3e>
1000134e:	480b      	ldr	r0, [pc, #44]	@ (1000137c <alarm_pool_irq_handler+0x2f0>)
10001350:	f000 faa4 	bl	1000189c <timer_time_us_64>
10001354:	9b00      	ldr	r3, [sp, #0]
10001356:	9c01      	ldr	r4, [sp, #4]
10001358:	18c0      	adds	r0, r0, r3
1000135a:	4161      	adcs	r1, r4
1000135c:	e721      	b.n	100011a2 <alarm_pool_irq_handler+0x116>
1000135e:	4653      	mov	r3, sl
10001360:	cb0c      	ldmia	r3, {r2, r3}
10001362:	9200      	str	r2, [sp, #0]
10001364:	9301      	str	r3, [sp, #4]
10001366:	e70d      	b.n	10001184 <alarm_pool_irq_handler+0xf8>
10001368:	4582      	cmp	sl, r0
1000136a:	d800      	bhi.n	1000136e <alarm_pool_irq_handler+0x2e2>
1000136c:	e747      	b.n	100011fe <alarm_pool_irq_handler+0x172>
1000136e:	e74c      	b.n	1000120a <alarm_pool_irq_handler+0x17e>
10001370:	20012d74 	.word	0x20012d74
10001374:	4005703c 	.word	0x4005703c
10001378:	1000108d 	.word	0x1000108d
1000137c:	40054000 	.word	0x40054000

10001380 <runtime_init_default_alarm_pool>:
10001380:	b570      	push	{r4, r5, r6, lr}
10001382:	4c2d      	ldr	r4, [pc, #180]	@ (10001438 <runtime_init_default_alarm_pool+0xb8>)
10001384:	6925      	ldr	r5, [r4, #16]
10001386:	2d00      	cmp	r5, #0
10001388:	d004      	beq.n	10001394 <runtime_init_default_alarm_pool+0x14>
1000138a:	210a      	movs	r1, #10
1000138c:	482b      	ldr	r0, [pc, #172]	@ (1000143c <runtime_init_default_alarm_pool+0xbc>)
1000138e:	f7ff fe0f 	bl	10000fb0 <lock_init>
10001392:	bd70      	pop	{r4, r5, r6, pc}
10001394:	4e2a      	ldr	r6, [pc, #168]	@ (10001440 <runtime_init_default_alarm_pool+0xc0>)
10001396:	2103      	movs	r1, #3
10001398:	4829      	ldr	r0, [pc, #164]	@ (10001440 <runtime_init_default_alarm_pool+0xc0>)
1000139a:	f000 fa75 	bl	10001888 <timer_hardware_alarm_claim>
1000139e:	60e6      	str	r6, [r4, #12]
100013a0:	f7ff fb24 	bl	100009ec <next_striped_spin_lock_num>
100013a4:	4b27      	ldr	r3, [pc, #156]	@ (10001444 <runtime_init_default_alarm_pool+0xc4>)
100013a6:	2203      	movs	r2, #3
100013a8:	18c0      	adds	r0, r0, r3
100013aa:	23d0      	movs	r3, #208	@ 0xd0
100013ac:	7022      	strb	r2, [r4, #0]
100013ae:	061b      	lsls	r3, r3, #24
100013b0:	681b      	ldr	r3, [r3, #0]
100013b2:	2101      	movs	r1, #1
100013b4:	7063      	strb	r3, [r4, #1]
100013b6:	4b24      	ldr	r3, [pc, #144]	@ (10001448 <runtime_init_default_alarm_pool+0xc8>)
100013b8:	0080      	lsls	r0, r0, #2
100013ba:	60a3      	str	r3, [r4, #8]
100013bc:	230f      	movs	r3, #15
100013be:	6120      	str	r0, [r4, #16]
100013c0:	2002      	movs	r0, #2
100013c2:	8063      	strh	r3, [r4, #2]
100013c4:	6963      	ldr	r3, [r4, #20]
100013c6:	4249      	negs	r1, r1
100013c8:	80a1      	strh	r1, [r4, #4]
100013ca:	8019      	strh	r1, [r3, #0]
100013cc:	3102      	adds	r1, #2
100013ce:	8619      	strh	r1, [r3, #48]	@ 0x30
100013d0:	3147      	adds	r1, #71	@ 0x47
100013d2:	831d      	strh	r5, [r3, #24]
100013d4:	5258      	strh	r0, [r3, r1]
100013d6:	3118      	adds	r1, #24
100013d8:	525a      	strh	r2, [r3, r1]
100013da:	3275      	adds	r2, #117	@ 0x75
100013dc:	395c      	subs	r1, #92	@ 0x5c
100013de:	5299      	strh	r1, [r3, r2]
100013e0:	3218      	adds	r2, #24
100013e2:	3101      	adds	r1, #1
100013e4:	5299      	strh	r1, [r3, r2]
100013e6:	3218      	adds	r2, #24
100013e8:	3101      	adds	r1, #1
100013ea:	5299      	strh	r1, [r3, r2]
100013ec:	3218      	adds	r2, #24
100013ee:	3101      	adds	r1, #1
100013f0:	5299      	strh	r1, [r3, r2]
100013f2:	3508      	adds	r5, #8
100013f4:	3218      	adds	r2, #24
100013f6:	529d      	strh	r5, [r3, r2]
100013f8:	3102      	adds	r1, #2
100013fa:	3218      	adds	r2, #24
100013fc:	5299      	strh	r1, [r3, r2]
100013fe:	3218      	adds	r2, #24
10001400:	3101      	adds	r1, #1
10001402:	5299      	strh	r1, [r3, r2]
10001404:	3218      	adds	r2, #24
10001406:	3101      	adds	r1, #1
10001408:	5299      	strh	r1, [r3, r2]
1000140a:	3218      	adds	r2, #24
1000140c:	3101      	adds	r1, #1
1000140e:	5299      	strh	r1, [r3, r2]
10001410:	3218      	adds	r2, #24
10001412:	3101      	adds	r1, #1
10001414:	5299      	strh	r1, [r3, r2]
10001416:	3218      	adds	r2, #24
10001418:	3101      	adds	r1, #1
1000141a:	5299      	strh	r1, [r3, r2]
1000141c:	4b0b      	ldr	r3, [pc, #44]	@ (1000144c <runtime_init_default_alarm_pool+0xcc>)
1000141e:	490c      	ldr	r1, [pc, #48]	@ (10001450 <runtime_init_default_alarm_pool+0xd0>)
10001420:	60dc      	str	r4, [r3, #12]
10001422:	3001      	adds	r0, #1
10001424:	6235      	str	r5, [r6, #32]
10001426:	f7ff fb65 	bl	10000af4 <irq_set_exclusive_handler>
1000142a:	2101      	movs	r1, #1
1000142c:	2003      	movs	r0, #3
1000142e:	f7ff fb2b 	bl	10000a88 <irq_set_enabled>
10001432:	4b08      	ldr	r3, [pc, #32]	@ (10001454 <runtime_init_default_alarm_pool+0xd4>)
10001434:	601d      	str	r5, [r3, #0]
10001436:	e7a8      	b.n	1000138a <runtime_init_default_alarm_pool+0xa>
10001438:	20001120 	.word	0x20001120
1000143c:	20012d90 	.word	0x20012d90
10001440:	40054000 	.word	0x40054000
10001444:	34000040 	.word	0x34000040
10001448:	0010ffff 	.word	0x0010ffff
1000144c:	20012d74 	.word	0x20012d74
10001450:	1000108d 	.word	0x1000108d
10001454:	40056038 	.word	0x40056038

10001458 <alarm_pool_get_default>:
10001458:	4800      	ldr	r0, [pc, #0]	@ (1000145c <alarm_pool_get_default+0x4>)
1000145a:	4770      	bx	lr
1000145c:	20001120 	.word	0x20001120

10001460 <alarm_pool_add_alarm_at>:
10001460:	b5f8      	push	{r3, r4, r5, r6, r7, lr}
10001462:	001f      	movs	r7, r3
10001464:	ab08      	add	r3, sp, #32
10001466:	781b      	ldrb	r3, [r3, #0]
10001468:	0004      	movs	r4, r0
1000146a:	0016      	movs	r6, r2
1000146c:	2b00      	cmp	r3, #0
1000146e:	d107      	bne.n	10001480 <alarm_pool_add_alarm_at+0x20>
10001470:	f000 fa1c 	bl	100018ac <time_us_64>
10001474:	0032      	movs	r2, r6
10001476:	003b      	movs	r3, r7
10001478:	1a12      	subs	r2, r2, r0
1000147a:	418b      	sbcs	r3, r1
1000147c:	2b00      	cmp	r3, #0
1000147e:	db51      	blt.n	10001524 <alarm_pool_add_alarm_at+0xc4>
10001480:	6922      	ldr	r2, [r4, #16]
10001482:	f3ef 8c10 	mrs	ip, PRIMASK
10001486:	b672      	cpsid	i
10001488:	6813      	ldr	r3, [r2, #0]
1000148a:	2b00      	cmp	r3, #0
1000148c:	d0fc      	beq.n	10001488 <alarm_pool_add_alarm_at+0x28>
1000148e:	f3bf 8f5f 	dmb	sy
10001492:	2302      	movs	r3, #2
10001494:	5ee1      	ldrsh	r1, [r4, r3]
10001496:	6925      	ldr	r5, [r4, #16]
10001498:	2900      	cmp	r1, #0
1000149a:	db3a      	blt.n	10001512 <alarm_pool_add_alarm_at+0xb2>
1000149c:	004b      	lsls	r3, r1, #1
1000149e:	6960      	ldr	r0, [r4, #20]
100014a0:	185b      	adds	r3, r3, r1
100014a2:	00db      	lsls	r3, r3, #3
100014a4:	18c2      	adds	r2, r0, r3
100014a6:	5ac3      	ldrh	r3, [r0, r3]
100014a8:	8063      	strh	r3, [r4, #2]
100014aa:	f3bf 8f5f 	dmb	sy
100014ae:	2300      	movs	r3, #0
100014b0:	602b      	str	r3, [r5, #0]
100014b2:	f38c 8810 	msr	PRIMASK, ip
100014b6:	9b06      	ldr	r3, [sp, #24]
100014b8:	6096      	str	r6, [r2, #8]
100014ba:	60d7      	str	r7, [r2, #12]
100014bc:	6113      	str	r3, [r2, #16]
100014be:	9b07      	ldr	r3, [sp, #28]
100014c0:	6153      	str	r3, [r2, #20]
100014c2:	8853      	ldrh	r3, [r2, #2]
100014c4:	3301      	adds	r3, #1
100014c6:	045b      	lsls	r3, r3, #17
100014c8:	0c5b      	lsrs	r3, r3, #17
100014ca:	1c18      	adds	r0, r3, #0
100014cc:	2b00      	cmp	r3, #0
100014ce:	d01e      	beq.n	1000150e <alarm_pool_add_alarm_at+0xae>
100014d0:	b283      	uxth	r3, r0
100014d2:	8050      	strh	r0, [r2, #2]
100014d4:	0408      	lsls	r0, r1, #16
100014d6:	4318      	orrs	r0, r3
100014d8:	6925      	ldr	r5, [r4, #16]
100014da:	f3ef 8610 	mrs	r6, PRIMASK
100014de:	b672      	cpsid	i
100014e0:	682b      	ldr	r3, [r5, #0]
100014e2:	2b00      	cmp	r3, #0
100014e4:	d0fc      	beq.n	100014e0 <alarm_pool_add_alarm_at+0x80>
100014e6:	f3bf 8f5f 	dmb	sy
100014ea:	88a3      	ldrh	r3, [r4, #4]
100014ec:	8013      	strh	r3, [r2, #0]
100014ee:	80a1      	strh	r1, [r4, #4]
100014f0:	6923      	ldr	r3, [r4, #16]
100014f2:	f3bf 8f5f 	dmb	sy
100014f6:	2200      	movs	r2, #0
100014f8:	601a      	str	r2, [r3, #0]
100014fa:	f386 8810 	msr	PRIMASK, r6
100014fe:	7823      	ldrb	r3, [r4, #0]
10001500:	3201      	adds	r2, #1
10001502:	409a      	lsls	r2, r3
10001504:	4908      	ldr	r1, [pc, #32]	@ (10001528 <alarm_pool_add_alarm_at+0xc8>)
10001506:	68e3      	ldr	r3, [r4, #12]
10001508:	185b      	adds	r3, r3, r1
1000150a:	601a      	str	r2, [r3, #0]
1000150c:	bdf8      	pop	{r3, r4, r5, r6, r7, pc}
1000150e:	2001      	movs	r0, #1
10001510:	e7de      	b.n	100014d0 <alarm_pool_add_alarm_at+0x70>
10001512:	f3bf 8f5f 	dmb	sy
10001516:	2300      	movs	r3, #0
10001518:	602b      	str	r3, [r5, #0]
1000151a:	f38c 8810 	msr	PRIMASK, ip
1000151e:	2001      	movs	r0, #1
10001520:	4240      	negs	r0, r0
10001522:	e7f3      	b.n	1000150c <alarm_pool_add_alarm_at+0xac>
10001524:	2000      	movs	r0, #0
10001526:	e7f1      	b.n	1000150c <alarm_pool_add_alarm_at+0xac>
10001528:	0000203c 	.word	0x0000203c

1000152c <alarm_pool_add_alarm_at_force_in_context>:
1000152c:	b570      	push	{r4, r5, r6, lr}
1000152e:	b082      	sub	sp, #8
10001530:	9200      	str	r2, [sp, #0]
10001532:	9301      	str	r3, [sp, #4]
10001534:	0001      	movs	r1, r0
10001536:	6902      	ldr	r2, [r0, #16]
10001538:	f3ef 8410 	mrs	r4, PRIMASK
1000153c:	b672      	cpsid	i
1000153e:	6813      	ldr	r3, [r2, #0]
10001540:	2b00      	cmp	r3, #0
10001542:	d0fc      	beq.n	1000153e <alarm_pool_add_alarm_at_force_in_context+0x12>
10001544:	f3bf 8f5f 	dmb	sy
10001548:	2302      	movs	r3, #2
1000154a:	5ec8      	ldrsh	r0, [r1, r3]
1000154c:	690d      	ldr	r5, [r1, #16]
1000154e:	2800      	cmp	r0, #0
10001550:	db3f      	blt.n	100015d2 <alarm_pool_add_alarm_at_force_in_context+0xa6>
10001552:	694a      	ldr	r2, [r1, #20]
10001554:	0043      	lsls	r3, r0, #1
10001556:	0016      	movs	r6, r2
10001558:	181b      	adds	r3, r3, r0
1000155a:	00db      	lsls	r3, r3, #3
1000155c:	18d2      	adds	r2, r2, r3
1000155e:	5af3      	ldrh	r3, [r6, r3]
10001560:	804b      	strh	r3, [r1, #2]
10001562:	f3bf 8f5f 	dmb	sy
10001566:	2300      	movs	r3, #0
10001568:	602b      	str	r3, [r5, #0]
1000156a:	f384 8810 	msr	PRIMASK, r4
1000156e:	9b06      	ldr	r3, [sp, #24]
10001570:	6113      	str	r3, [r2, #16]
10001572:	9b07      	ldr	r3, [sp, #28]
10001574:	6153      	str	r3, [r2, #20]
10001576:	9b00      	ldr	r3, [sp, #0]
10001578:	9c01      	ldr	r4, [sp, #4]
1000157a:	6093      	str	r3, [r2, #8]
1000157c:	60d4      	str	r4, [r2, #12]
1000157e:	8853      	ldrh	r3, [r2, #2]
10001580:	3301      	adds	r3, #1
10001582:	045b      	lsls	r3, r3, #17
10001584:	0c5b      	lsrs	r3, r3, #17
10001586:	1c1d      	adds	r5, r3, #0
10001588:	2b00      	cmp	r3, #0
1000158a:	d020      	beq.n	100015ce <alarm_pool_add_alarm_at_force_in_context+0xa2>
1000158c:	b2ac      	uxth	r4, r5
1000158e:	0403      	lsls	r3, r0, #16
10001590:	8055      	strh	r5, [r2, #2]
10001592:	4323      	orrs	r3, r4
10001594:	690d      	ldr	r5, [r1, #16]
10001596:	f3ef 8c10 	mrs	ip, PRIMASK
1000159a:	b672      	cpsid	i
1000159c:	682c      	ldr	r4, [r5, #0]
1000159e:	2c00      	cmp	r4, #0
100015a0:	d0fc      	beq.n	1000159c <alarm_pool_add_alarm_at_force_in_context+0x70>
100015a2:	f3bf 8f5f 	dmb	sy
100015a6:	888c      	ldrh	r4, [r1, #4]
100015a8:	8014      	strh	r4, [r2, #0]
100015aa:	8088      	strh	r0, [r1, #4]
100015ac:	690a      	ldr	r2, [r1, #16]
100015ae:	f3bf 8f5f 	dmb	sy
100015b2:	2000      	movs	r0, #0
100015b4:	6010      	str	r0, [r2, #0]
100015b6:	f38c 8810 	msr	PRIMASK, ip
100015ba:	780a      	ldrb	r2, [r1, #0]
100015bc:	3001      	adds	r0, #1
100015be:	4090      	lsls	r0, r2
100015c0:	68ca      	ldr	r2, [r1, #12]
100015c2:	4908      	ldr	r1, [pc, #32]	@ (100015e4 <alarm_pool_add_alarm_at_force_in_context+0xb8>)
100015c4:	1852      	adds	r2, r2, r1
100015c6:	6010      	str	r0, [r2, #0]
100015c8:	0018      	movs	r0, r3
100015ca:	b002      	add	sp, #8
100015cc:	bd70      	pop	{r4, r5, r6, pc}
100015ce:	2501      	movs	r5, #1
100015d0:	e7dc      	b.n	1000158c <alarm_pool_add_alarm_at_force_in_context+0x60>
100015d2:	f3bf 8f5f 	dmb	sy
100015d6:	2300      	movs	r3, #0
100015d8:	602b      	str	r3, [r5, #0]
100015da:	f384 8810 	msr	PRIMASK, r4
100015de:	3b01      	subs	r3, #1
100015e0:	e7f2      	b.n	100015c8 <alarm_pool_add_alarm_at_force_in_context+0x9c>
100015e2:	46c0      	nop			@ (mov r8, r8)
100015e4:	0000203c 	.word	0x0000203c

100015e8 <alarm_pool_cancel_alarm>:
100015e8:	b510      	push	{r4, lr}
100015ea:	8943      	ldrh	r3, [r0, #10]
100015ec:	140a      	asrs	r2, r1, #16
100015ee:	4293      	cmp	r3, r2
100015f0:	dd1a      	ble.n	10001628 <alarm_pool_cancel_alarm+0x40>
100015f2:	0053      	lsls	r3, r2, #1
100015f4:	189b      	adds	r3, r3, r2
100015f6:	6942      	ldr	r2, [r0, #20]
100015f8:	00db      	lsls	r3, r3, #3
100015fa:	18d3      	adds	r3, r2, r3
100015fc:	6904      	ldr	r4, [r0, #16]
100015fe:	f3ef 8c10 	mrs	ip, PRIMASK
10001602:	b672      	cpsid	i
10001604:	6822      	ldr	r2, [r4, #0]
10001606:	2a00      	cmp	r2, #0
10001608:	d0fc      	beq.n	10001604 <alarm_pool_cancel_alarm+0x1c>
1000160a:	f3bf 8f5f 	dmb	sy
1000160e:	885a      	ldrh	r2, [r3, #2]
10001610:	0409      	lsls	r1, r1, #16
10001612:	b294      	uxth	r4, r2
10001614:	0c09      	lsrs	r1, r1, #16
10001616:	428a      	cmp	r2, r1
10001618:	d008      	beq.n	1000162c <alarm_pool_cancel_alarm+0x44>
1000161a:	6903      	ldr	r3, [r0, #16]
1000161c:	f3bf 8f5f 	dmb	sy
10001620:	2200      	movs	r2, #0
10001622:	601a      	str	r2, [r3, #0]
10001624:	f38c 8810 	msr	PRIMASK, ip
10001628:	2000      	movs	r0, #0
1000162a:	bd10      	pop	{r4, pc}
1000162c:	4a09      	ldr	r2, [pc, #36]	@ (10001654 <alarm_pool_cancel_alarm+0x6c>)
1000162e:	4322      	orrs	r2, r4
10001630:	805a      	strh	r2, [r3, #2]
10001632:	2301      	movs	r3, #1
10001634:	6902      	ldr	r2, [r0, #16]
10001636:	7183      	strb	r3, [r0, #6]
10001638:	f3bf 8f5f 	dmb	sy
1000163c:	2100      	movs	r1, #0
1000163e:	6011      	str	r1, [r2, #0]
10001640:	f38c 8810 	msr	PRIMASK, ip
10001644:	7802      	ldrb	r2, [r0, #0]
10001646:	4904      	ldr	r1, [pc, #16]	@ (10001658 <alarm_pool_cancel_alarm+0x70>)
10001648:	4093      	lsls	r3, r2
1000164a:	68c2      	ldr	r2, [r0, #12]
1000164c:	2001      	movs	r0, #1
1000164e:	1852      	adds	r2, r2, r1
10001650:	6013      	str	r3, [r2, #0]
10001652:	e7ea      	b.n	1000162a <alarm_pool_cancel_alarm+0x42>
10001654:	ffff8000 	.word	0xffff8000
10001658:	0000203c 	.word	0x0000203c

1000165c <alarm_pool_core_num>:
1000165c:	7840      	ldrb	r0, [r0, #1]
1000165e:	4770      	bx	lr

10001660 <sleep_ms>:
10001660:	b5f0      	push	{r4, r5, r6, r7, lr}
10001662:	46c6      	mov	lr, r8
10001664:	b500      	push	{lr}
10001666:	b082      	sub	sp, #8
10001668:	0004      	movs	r4, r0
1000166a:	f000 f91f 	bl	100018ac <time_us_64>
1000166e:	22fa      	movs	r2, #250	@ 0xfa
10001670:	0006      	movs	r6, r0
10001672:	000f      	movs	r7, r1
10001674:	0020      	movs	r0, r4
10001676:	2300      	movs	r3, #0
10001678:	2100      	movs	r1, #0
1000167a:	0092      	lsls	r2, r2, #2
1000167c:	f001 fd98 	bl	100031b0 <__wrap___aeabi_lmul>
10001680:	1980      	adds	r0, r0, r6
10001682:	4179      	adcs	r1, r7
10001684:	0004      	movs	r4, r0
10001686:	1e0d      	subs	r5, r1, #0
10001688:	da02      	bge.n	10001690 <sleep_ms+0x30>
1000168a:	2401      	movs	r4, #1
1000168c:	4d2e      	ldr	r5, [pc, #184]	@ (10001748 <sleep_ms+0xe8>)
1000168e:	4264      	negs	r4, r4
10001690:	2606      	movs	r6, #6
10001692:	4276      	negs	r6, r6
10001694:	17f7      	asrs	r7, r6, #31
10001696:	1936      	adds	r6, r6, r4
10001698:	416f      	adcs	r7, r5
1000169a:	42af      	cmp	r7, r5
1000169c:	d814      	bhi.n	100016c8 <sleep_ms+0x68>
1000169e:	d011      	beq.n	100016c4 <sleep_ms+0x64>
100016a0:	f000 f904 	bl	100018ac <time_us_64>
100016a4:	0032      	movs	r2, r6
100016a6:	003b      	movs	r3, r7
100016a8:	1a12      	subs	r2, r2, r0
100016aa:	418b      	sbcs	r3, r1
100016ac:	2b00      	cmp	r3, #0
100016ae:	dc15      	bgt.n	100016dc <sleep_ms+0x7c>
100016b0:	2b00      	cmp	r3, #0
100016b2:	d046      	beq.n	10001742 <sleep_ms+0xe2>
100016b4:	0020      	movs	r0, r4
100016b6:	0029      	movs	r1, r5
100016b8:	f000 f938 	bl	1000192c <busy_wait_until>
100016bc:	b002      	add	sp, #8
100016be:	bc80      	pop	{r7}
100016c0:	46b8      	mov	r8, r7
100016c2:	bdf0      	pop	{r4, r5, r6, r7, pc}
100016c4:	42a6      	cmp	r6, r4
100016c6:	d9eb      	bls.n	100016a0 <sleep_ms+0x40>
100016c8:	2600      	movs	r6, #0
100016ca:	2700      	movs	r7, #0
100016cc:	f000 f8ee 	bl	100018ac <time_us_64>
100016d0:	0032      	movs	r2, r6
100016d2:	003b      	movs	r3, r7
100016d4:	1a12      	subs	r2, r2, r0
100016d6:	418b      	sbcs	r3, r1
100016d8:	2b00      	cmp	r3, #0
100016da:	dde9      	ble.n	100016b0 <sleep_ms+0x50>
100016dc:	f000 f8e6 	bl	100018ac <time_us_64>
100016e0:	0032      	movs	r2, r6
100016e2:	003b      	movs	r3, r7
100016e4:	1a12      	subs	r2, r2, r0
100016e6:	418b      	sbcs	r3, r1
100016e8:	2b00      	cmp	r3, #0
100016ea:	db0a      	blt.n	10001702 <sleep_ms+0xa2>
100016ec:	2300      	movs	r3, #0
100016ee:	9301      	str	r3, [sp, #4]
100016f0:	4b16      	ldr	r3, [pc, #88]	@ (1000174c <sleep_ms+0xec>)
100016f2:	0032      	movs	r2, r6
100016f4:	9300      	str	r3, [sp, #0]
100016f6:	4816      	ldr	r0, [pc, #88]	@ (10001750 <sleep_ms+0xf0>)
100016f8:	003b      	movs	r3, r7
100016fa:	f7ff ff17 	bl	1000152c <alarm_pool_add_alarm_at_force_in_context>
100016fe:	3001      	adds	r0, #1
10001700:	d0d8      	beq.n	100016b4 <sleep_ms+0x54>
10001702:	2300      	movs	r3, #0
10001704:	0039      	movs	r1, r7
10001706:	46b0      	mov	r8, r6
10001708:	469c      	mov	ip, r3
1000170a:	4a12      	ldr	r2, [pc, #72]	@ (10001754 <sleep_ms+0xf4>)
1000170c:	4812      	ldr	r0, [pc, #72]	@ (10001758 <sleep_ms+0xf8>)
1000170e:	6a53      	ldr	r3, [r2, #36]	@ 0x24
10001710:	4299      	cmp	r1, r3
10001712:	d804      	bhi.n	1000171e <sleep_ms+0xbe>
10001714:	6a96      	ldr	r6, [r2, #40]	@ 0x28
10001716:	4546      	cmp	r6, r8
10001718:	d2cc      	bcs.n	100016b4 <sleep_ms+0x54>
1000171a:	4299      	cmp	r1, r3
1000171c:	d1ca      	bne.n	100016b4 <sleep_ms+0x54>
1000171e:	6806      	ldr	r6, [r0, #0]
10001720:	f3ef 8710 	mrs	r7, PRIMASK
10001724:	b672      	cpsid	i
10001726:	6833      	ldr	r3, [r6, #0]
10001728:	2b00      	cmp	r3, #0
1000172a:	d0fc      	beq.n	10001726 <sleep_ms+0xc6>
1000172c:	f3bf 8f5f 	dmb	sy
10001730:	6803      	ldr	r3, [r0, #0]
10001732:	f3bf 8f5f 	dmb	sy
10001736:	4666      	mov	r6, ip
10001738:	601e      	str	r6, [r3, #0]
1000173a:	f387 8810 	msr	PRIMASK, r7
1000173e:	bf20      	wfe
10001740:	e7e5      	b.n	1000170e <sleep_ms+0xae>
10001742:	2a00      	cmp	r2, #0
10001744:	d0b6      	beq.n	100016b4 <sleep_ms+0x54>
10001746:	e7c9      	b.n	100016dc <sleep_ms+0x7c>
10001748:	7fffffff 	.word	0x7fffffff
1000174c:	1000105d 	.word	0x1000105d
10001750:	20001120 	.word	0x20001120
10001754:	40054000 	.word	0x40054000
10001758:	20012d90 	.word	0x20012d90

1000175c <best_effort_wfe_or_timeout>:
1000175c:	b5f0      	push	{r4, r5, r6, r7, lr}
1000175e:	46ce      	mov	lr, r9
10001760:	4647      	mov	r7, r8
10001762:	b580      	push	{r7, lr}
10001764:	0004      	movs	r4, r0
10001766:	000d      	movs	r5, r1
10001768:	b085      	sub	sp, #20
1000176a:	f3ef 8305 	mrs	r3, IPSR
1000176e:	4689      	mov	r9, r1
10001770:	2b00      	cmp	r3, #0
10001772:	d132      	bne.n	100017da <best_effort_wfe_or_timeout+0x7e>
10001774:	4e40      	ldr	r6, [pc, #256]	@ (10001878 <best_effort_wfe_or_timeout+0x11c>)
10001776:	6833      	ldr	r3, [r6, #0]
10001778:	4283      	cmp	r3, r0
1000177a:	d02a      	beq.n	100017d2 <best_effort_wfe_or_timeout+0x76>
1000177c:	4f3f      	ldr	r7, [pc, #252]	@ (1000187c <best_effort_wfe_or_timeout+0x120>)
1000177e:	68fb      	ldr	r3, [r7, #12]
10001780:	783a      	ldrb	r2, [r7, #0]
10001782:	4698      	mov	r8, r3
10001784:	0018      	movs	r0, r3
10001786:	9203      	str	r2, [sp, #12]
10001788:	f000 f888 	bl	1000189c <timer_time_us_64>
1000178c:	9a03      	ldr	r2, [sp, #12]
1000178e:	1d13      	adds	r3, r2, #4
10001790:	4642      	mov	r2, r8
10001792:	009b      	lsls	r3, r3, #2
10001794:	589b      	ldr	r3, [r3, r2]
10001796:	0022      	movs	r2, r4
10001798:	1a1b      	subs	r3, r3, r0
1000179a:	469c      	mov	ip, r3
1000179c:	002b      	movs	r3, r5
1000179e:	1a12      	subs	r2, r2, r0
100017a0:	418b      	sbcs	r3, r1
100017a2:	0019      	movs	r1, r3
100017a4:	2300      	movs	r3, #0
100017a6:	0010      	movs	r0, r2
100017a8:	428b      	cmp	r3, r1
100017aa:	dc25      	bgt.n	100017f8 <best_effort_wfe_or_timeout+0x9c>
100017ac:	d022      	beq.n	100017f4 <best_effort_wfe_or_timeout+0x98>
100017ae:	bf20      	wfe
100017b0:	4b33      	ldr	r3, [pc, #204]	@ (10001880 <best_effort_wfe_or_timeout+0x124>)
100017b2:	6a58      	ldr	r0, [r3, #36]	@ 0x24
100017b4:	4548      	cmp	r0, r9
100017b6:	d32b      	bcc.n	10001810 <best_effort_wfe_or_timeout+0xb4>
100017b8:	1b40      	subs	r0, r0, r5
100017ba:	6a9a      	ldr	r2, [r3, #40]	@ 0x28
100017bc:	1e43      	subs	r3, r0, #1
100017be:	4198      	sbcs	r0, r3
100017c0:	2300      	movs	r3, #0
100017c2:	42a2      	cmp	r2, r4
100017c4:	415b      	adcs	r3, r3
100017c6:	4318      	orrs	r0, r3
100017c8:	b005      	add	sp, #20
100017ca:	bcc0      	pop	{r6, r7}
100017cc:	46b9      	mov	r9, r7
100017ce:	46b0      	mov	r8, r6
100017d0:	bdf0      	pop	{r4, r5, r6, r7, pc}
100017d2:	6873      	ldr	r3, [r6, #4]
100017d4:	428b      	cmp	r3, r1
100017d6:	d1d1      	bne.n	1000177c <best_effort_wfe_or_timeout+0x20>
100017d8:	e7e9      	b.n	100017ae <best_effort_wfe_or_timeout+0x52>
100017da:	4929      	ldr	r1, [pc, #164]	@ (10001880 <best_effort_wfe_or_timeout+0x124>)
100017dc:	2000      	movs	r0, #0
100017de:	6a4b      	ldr	r3, [r1, #36]	@ 0x24
100017e0:	42ab      	cmp	r3, r5
100017e2:	d3f1      	bcc.n	100017c8 <best_effort_wfe_or_timeout+0x6c>
100017e4:	6a8a      	ldr	r2, [r1, #40]	@ 0x28
100017e6:	1b5b      	subs	r3, r3, r5
100017e8:	1e59      	subs	r1, r3, #1
100017ea:	418b      	sbcs	r3, r1
100017ec:	42a2      	cmp	r2, r4
100017ee:	4140      	adcs	r0, r0
100017f0:	4318      	orrs	r0, r3
100017f2:	e7e9      	b.n	100017c8 <best_effort_wfe_or_timeout+0x6c>
100017f4:	4584      	cmp	ip, r0
100017f6:	d9da      	bls.n	100017ae <best_effort_wfe_or_timeout+0x52>
100017f8:	f000 f858 	bl	100018ac <time_us_64>
100017fc:	0022      	movs	r2, r4
100017fe:	002b      	movs	r3, r5
10001800:	1a12      	subs	r2, r2, r0
10001802:	418b      	sbcs	r3, r1
10001804:	2b00      	cmp	r3, #0
10001806:	da05      	bge.n	10001814 <best_effort_wfe_or_timeout+0xb8>
10001808:	4a1d      	ldr	r2, [pc, #116]	@ (10001880 <best_effort_wfe_or_timeout+0x124>)
1000180a:	6a53      	ldr	r3, [r2, #36]	@ 0x24
1000180c:	454b      	cmp	r3, r9
1000180e:	d229      	bcs.n	10001864 <best_effort_wfe_or_timeout+0x108>
10001810:	2000      	movs	r0, #0
10001812:	e7d9      	b.n	100017c8 <best_effort_wfe_or_timeout+0x6c>
10001814:	2300      	movs	r3, #0
10001816:	9301      	str	r3, [sp, #4]
10001818:	4b1a      	ldr	r3, [pc, #104]	@ (10001884 <best_effort_wfe_or_timeout+0x128>)
1000181a:	0022      	movs	r2, r4
1000181c:	9300      	str	r3, [sp, #0]
1000181e:	0038      	movs	r0, r7
10001820:	002b      	movs	r3, r5
10001822:	f7ff fe83 	bl	1000152c <alarm_pool_add_alarm_at_force_in_context>
10001826:	2800      	cmp	r0, #0
10001828:	ddee      	ble.n	10001808 <best_effort_wfe_or_timeout+0xac>
1000182a:	4b15      	ldr	r3, [pc, #84]	@ (10001880 <best_effort_wfe_or_timeout+0x124>)
1000182c:	c630      	stmia	r6!, {r4, r5}
1000182e:	6a5a      	ldr	r2, [r3, #36]	@ 0x24
10001830:	454a      	cmp	r2, r9
10001832:	d315      	bcc.n	10001860 <best_effort_wfe_or_timeout+0x104>
10001834:	6a9b      	ldr	r3, [r3, #40]	@ 0x28
10001836:	42a3      	cmp	r3, r4
10001838:	d310      	bcc.n	1000185c <best_effort_wfe_or_timeout+0x100>
1000183a:	0001      	movs	r1, r0
1000183c:	0038      	movs	r0, r7
1000183e:	f7ff fed3 	bl	100015e8 <alarm_pool_cancel_alarm>
10001842:	4a0f      	ldr	r2, [pc, #60]	@ (10001880 <best_effort_wfe_or_timeout+0x124>)
10001844:	2000      	movs	r0, #0
10001846:	6a53      	ldr	r3, [r2, #36]	@ 0x24
10001848:	454b      	cmp	r3, r9
1000184a:	d3bd      	bcc.n	100017c8 <best_effort_wfe_or_timeout+0x6c>
1000184c:	6a92      	ldr	r2, [r2, #40]	@ 0x28
1000184e:	1b5b      	subs	r3, r3, r5
10001850:	1e59      	subs	r1, r3, #1
10001852:	418b      	sbcs	r3, r1
10001854:	42a2      	cmp	r2, r4
10001856:	4140      	adcs	r0, r0
10001858:	4318      	orrs	r0, r3
1000185a:	e7b5      	b.n	100017c8 <best_effort_wfe_or_timeout+0x6c>
1000185c:	454a      	cmp	r2, r9
1000185e:	d1ec      	bne.n	1000183a <best_effort_wfe_or_timeout+0xde>
10001860:	bf20      	wfe
10001862:	e7ea      	b.n	1000183a <best_effort_wfe_or_timeout+0xde>
10001864:	2000      	movs	r0, #0
10001866:	6a92      	ldr	r2, [r2, #40]	@ 0x28
10001868:	1b5b      	subs	r3, r3, r5
1000186a:	42a2      	cmp	r2, r4
1000186c:	4140      	adcs	r0, r0
1000186e:	1e5a      	subs	r2, r3, #1
10001870:	4193      	sbcs	r3, r2
10001872:	4318      	orrs	r0, r3
10001874:	e7a8      	b.n	100017c8 <best_effort_wfe_or_timeout+0x6c>
10001876:	46c0      	nop			@ (mov r8, r8)
10001878:	20001118 	.word	0x20001118
1000187c:	20001120 	.word	0x20001120
10001880:	40054000 	.word	0x40054000
10001884:	1000105d 	.word	0x1000105d

10001888 <timer_hardware_alarm_claim>:
10001888:	b510      	push	{r4, lr}
1000188a:	4a02      	ldr	r2, [pc, #8]	@ (10001894 <timer_hardware_alarm_claim+0xc>)
1000188c:	4802      	ldr	r0, [pc, #8]	@ (10001898 <timer_hardware_alarm_claim+0x10>)
1000188e:	f7ff f841 	bl	10000914 <hw_claim_or_assert>
10001892:	bd10      	pop	{r4, pc}
10001894:	10009378 	.word	0x10009378
10001898:	200128e8 	.word	0x200128e8

1000189c <timer_time_us_64>:
1000189c:	0003      	movs	r3, r0
1000189e:	6a41      	ldr	r1, [r0, #36]	@ 0x24
100018a0:	000a      	movs	r2, r1
100018a2:	6a98      	ldr	r0, [r3, #40]	@ 0x28
100018a4:	6a59      	ldr	r1, [r3, #36]	@ 0x24
100018a6:	428a      	cmp	r2, r1
100018a8:	d1fa      	bne.n	100018a0 <timer_time_us_64+0x4>
100018aa:	4770      	bx	lr

100018ac <time_us_64>:
100018ac:	4b03      	ldr	r3, [pc, #12]	@ (100018bc <time_us_64+0x10>)
100018ae:	6a59      	ldr	r1, [r3, #36]	@ 0x24
100018b0:	000a      	movs	r2, r1
100018b2:	6a98      	ldr	r0, [r3, #40]	@ 0x28
100018b4:	6a59      	ldr	r1, [r3, #36]	@ 0x24
100018b6:	4291      	cmp	r1, r2
100018b8:	d1fa      	bne.n	100018b0 <time_us_64+0x4>
100018ba:	4770      	bx	lr
100018bc:	40054000 	.word	0x40054000

100018c0 <busy_wait_us>:
100018c0:	b570      	push	{r4, r5, r6, lr}
100018c2:	0005      	movs	r5, r0
100018c4:	000e      	movs	r6, r1
100018c6:	4a18      	ldr	r2, [pc, #96]	@ (10001928 <busy_wait_us+0x68>)
100018c8:	6a53      	ldr	r3, [r2, #36]	@ 0x24
100018ca:	0019      	movs	r1, r3
100018cc:	6a94      	ldr	r4, [r2, #40]	@ 0x28
100018ce:	6a53      	ldr	r3, [r2, #36]	@ 0x24
100018d0:	428b      	cmp	r3, r1
100018d2:	d1fa      	bne.n	100018ca <busy_wait_us+0xa>
100018d4:	0020      	movs	r0, r4
100018d6:	0019      	movs	r1, r3
100018d8:	002c      	movs	r4, r5
100018da:	0035      	movs	r5, r6
100018dc:	1824      	adds	r4, r4, r0
100018de:	414d      	adcs	r5, r1
100018e0:	42ab      	cmp	r3, r5
100018e2:	d816      	bhi.n	10001912 <busy_wait_us+0x52>
100018e4:	d013      	beq.n	1000190e <busy_wait_us+0x4e>
100018e6:	4b10      	ldr	r3, [pc, #64]	@ (10001928 <busy_wait_us+0x68>)
100018e8:	002a      	movs	r2, r5
100018ea:	6a5b      	ldr	r3, [r3, #36]	@ 0x24
100018ec:	429d      	cmp	r5, r3
100018ee:	d903      	bls.n	100018f8 <busy_wait_us+0x38>
100018f0:	490d      	ldr	r1, [pc, #52]	@ (10001928 <busy_wait_us+0x68>)
100018f2:	6a4b      	ldr	r3, [r1, #36]	@ 0x24
100018f4:	4293      	cmp	r3, r2
100018f6:	d3fc      	bcc.n	100018f2 <busy_wait_us+0x32>
100018f8:	4293      	cmp	r3, r2
100018fa:	d107      	bne.n	1000190c <busy_wait_us+0x4c>
100018fc:	4a0a      	ldr	r2, [pc, #40]	@ (10001928 <busy_wait_us+0x68>)
100018fe:	e002      	b.n	10001906 <busy_wait_us+0x46>
10001900:	6a51      	ldr	r1, [r2, #36]	@ 0x24
10001902:	4299      	cmp	r1, r3
10001904:	d102      	bne.n	1000190c <busy_wait_us+0x4c>
10001906:	6a91      	ldr	r1, [r2, #40]	@ 0x28
10001908:	42a1      	cmp	r1, r4
1000190a:	d3f9      	bcc.n	10001900 <busy_wait_us+0x40>
1000190c:	bd70      	pop	{r4, r5, r6, pc}
1000190e:	42a0      	cmp	r0, r4
10001910:	d9e9      	bls.n	100018e6 <busy_wait_us+0x26>
10001912:	4b05      	ldr	r3, [pc, #20]	@ (10001928 <busy_wait_us+0x68>)
10001914:	6a5b      	ldr	r3, [r3, #36]	@ 0x24
10001916:	001c      	movs	r4, r3
10001918:	1c5a      	adds	r2, r3, #1
1000191a:	d0ef      	beq.n	100018fc <busy_wait_us+0x3c>
1000191c:	2201      	movs	r2, #1
1000191e:	2401      	movs	r4, #1
10001920:	4264      	negs	r4, r4
10001922:	17e5      	asrs	r5, r4, #31
10001924:	4252      	negs	r2, r2
10001926:	e7e3      	b.n	100018f0 <busy_wait_us+0x30>
10001928:	40054000 	.word	0x40054000

1000192c <busy_wait_until>:
1000192c:	4a06      	ldr	r2, [pc, #24]	@ (10001948 <busy_wait_until+0x1c>)
1000192e:	6a53      	ldr	r3, [r2, #36]	@ 0x24
10001930:	4299      	cmp	r1, r3
10001932:	d8fc      	bhi.n	1000192e <busy_wait_until+0x2>
10001934:	d107      	bne.n	10001946 <busy_wait_until+0x1a>
10001936:	4b04      	ldr	r3, [pc, #16]	@ (10001948 <busy_wait_until+0x1c>)
10001938:	e002      	b.n	10001940 <busy_wait_until+0x14>
1000193a:	6a5a      	ldr	r2, [r3, #36]	@ 0x24
1000193c:	4291      	cmp	r1, r2
1000193e:	d102      	bne.n	10001946 <busy_wait_until+0x1a>
10001940:	6a9a      	ldr	r2, [r3, #40]	@ 0x28
10001942:	4290      	cmp	r0, r2
10001944:	d8f9      	bhi.n	1000193a <busy_wait_until+0xe>
10001946:	4770      	bx	lr
10001948:	40054000 	.word	0x40054000

1000194c <uart_init>:
1000194c:	b5f8      	push	{r3, r4, r5, r6, r7, lr}
1000194e:	0004      	movs	r4, r0
10001950:	2006      	movs	r0, #6
10001952:	000d      	movs	r5, r1
10001954:	f000 f96e 	bl	10001c34 <clock_get_hz>
10001958:	2800      	cmp	r0, #0
1000195a:	d043      	beq.n	100019e4 <uart_init+0x98>
1000195c:	4b36      	ldr	r3, [pc, #216]	@ (10001a38 <uart_init+0xec>)
1000195e:	4937      	ldr	r1, [pc, #220]	@ (10001a3c <uart_init+0xf0>)
10001960:	18e3      	adds	r3, r4, r3
10001962:	1e5a      	subs	r2, r3, #1
10001964:	4193      	sbcs	r3, r2
10001966:	2280      	movs	r2, #128	@ 0x80
10001968:	425b      	negs	r3, r3
1000196a:	0d9b      	lsrs	r3, r3, #22
1000196c:	0412      	lsls	r2, r2, #16
1000196e:	059b      	lsls	r3, r3, #22
10001970:	189b      	adds	r3, r3, r2
10001972:	4a33      	ldr	r2, [pc, #204]	@ (10001a40 <uart_init+0xf4>)
10001974:	6013      	str	r3, [r2, #0]
10001976:	4a33      	ldr	r2, [pc, #204]	@ (10001a44 <uart_init+0xf8>)
10001978:	6013      	str	r3, [r2, #0]
1000197a:	0018      	movs	r0, r3
1000197c:	680a      	ldr	r2, [r1, #0]
1000197e:	4390      	bics	r0, r2
10001980:	d1fb      	bne.n	1000197a <uart_init+0x2e>
10001982:	4b2d      	ldr	r3, [pc, #180]	@ (10001a38 <uart_init+0xec>)
10001984:	4a30      	ldr	r2, [pc, #192]	@ (10001a48 <uart_init+0xfc>)
10001986:	18e3      	adds	r3, r4, r3
10001988:	4259      	negs	r1, r3
1000198a:	414b      	adcs	r3, r1
1000198c:	2180      	movs	r1, #128	@ 0x80
1000198e:	005b      	lsls	r3, r3, #1
10001990:	0049      	lsls	r1, r1, #1
10001992:	2006      	movs	r0, #6
10001994:	5299      	strh	r1, [r3, r2]
10001996:	f000 f94d 	bl	10001c34 <clock_get_hz>
1000199a:	0029      	movs	r1, r5
1000199c:	00c0      	lsls	r0, r0, #3
1000199e:	f000 fde3 	bl	10002568 <__wrap___aeabi_uidiv>
100019a2:	3001      	adds	r0, #1
100019a4:	09c3      	lsrs	r3, r0, #7
100019a6:	d11e      	bne.n	100019e6 <uart_init+0x9a>
100019a8:	2740      	movs	r7, #64	@ 0x40
100019aa:	2201      	movs	r2, #1
100019ac:	6262      	str	r2, [r4, #36]	@ 0x24
100019ae:	62a3      	str	r3, [r4, #40]	@ 0x28
100019b0:	6b26      	ldr	r6, [r4, #48]	@ 0x30
100019b2:	07f3      	lsls	r3, r6, #31
100019b4:	d422      	bmi.n	100019fc <uart_init+0xb0>
100019b6:	6ae3      	ldr	r3, [r4, #44]	@ 0x2c
100019b8:	4b24      	ldr	r3, [pc, #144]	@ (10001a4c <uart_init+0x100>)
100019ba:	2006      	movs	r0, #6
100019bc:	18e5      	adds	r5, r4, r3
100019be:	2300      	movs	r3, #0
100019c0:	602b      	str	r3, [r5, #0]
100019c2:	6326      	str	r6, [r4, #48]	@ 0x30
100019c4:	f000 f936 	bl	10001c34 <clock_get_hz>
100019c8:	0039      	movs	r1, r7
100019ca:	0080      	lsls	r0, r0, #2
100019cc:	f000 fdcc 	bl	10002568 <__wrap___aeabi_uidiv>
100019d0:	2370      	movs	r3, #112	@ 0x70
100019d2:	6ae2      	ldr	r2, [r4, #44]	@ 0x2c
100019d4:	405a      	eors	r2, r3
100019d6:	330e      	adds	r3, #14
100019d8:	4013      	ands	r3, r2
100019da:	602b      	str	r3, [r5, #0]
100019dc:	4b1c      	ldr	r3, [pc, #112]	@ (10001a50 <uart_init+0x104>)
100019de:	6323      	str	r3, [r4, #48]	@ 0x30
100019e0:	2303      	movs	r3, #3
100019e2:	64a3      	str	r3, [r4, #72]	@ 0x48
100019e4:	bdf8      	pop	{r3, r4, r5, r6, r7, pc}
100019e6:	4a1b      	ldr	r2, [pc, #108]	@ (10001a54 <uart_init+0x108>)
100019e8:	4293      	cmp	r3, r2
100019ea:	d91d      	bls.n	10001a28 <uart_init+0xdc>
100019ec:	2300      	movs	r3, #0
100019ee:	4a1a      	ldr	r2, [pc, #104]	@ (10001a58 <uart_init+0x10c>)
100019f0:	4f1a      	ldr	r7, [pc, #104]	@ (10001a5c <uart_init+0x110>)
100019f2:	6262      	str	r2, [r4, #36]	@ 0x24
100019f4:	62a3      	str	r3, [r4, #40]	@ 0x28
100019f6:	6b26      	ldr	r6, [r4, #48]	@ 0x30
100019f8:	07f3      	lsls	r3, r6, #31
100019fa:	d5dc      	bpl.n	100019b6 <uart_init+0x6a>
100019fc:	4b18      	ldr	r3, [pc, #96]	@ (10001a60 <uart_init+0x114>)
100019fe:	4a14      	ldr	r2, [pc, #80]	@ (10001a50 <uart_init+0x104>)
10001a00:	18e3      	adds	r3, r4, r3
10001a02:	601a      	str	r2, [r3, #0]
10001a04:	6a65      	ldr	r5, [r4, #36]	@ 0x24
10001a06:	6aa3      	ldr	r3, [r4, #40]	@ 0x28
10001a08:	2006      	movs	r0, #6
10001a0a:	01ad      	lsls	r5, r5, #6
10001a0c:	18ed      	adds	r5, r5, r3
10001a0e:	f000 f911 	bl	10001c34 <clock_get_hz>
10001a12:	4914      	ldr	r1, [pc, #80]	@ (10001a64 <uart_init+0x118>)
10001a14:	f000 fda8 	bl	10002568 <__wrap___aeabi_uidiv>
10001a18:	0001      	movs	r1, r0
10001a1a:	02a8      	lsls	r0, r5, #10
10001a1c:	f000 fda4 	bl	10002568 <__wrap___aeabi_uidiv>
10001a20:	2100      	movs	r1, #0
10001a22:	f7ff ff4d 	bl	100018c0 <busy_wait_us>
10001a26:	e7c6      	b.n	100019b6 <uart_init+0x6a>
10001a28:	0640      	lsls	r0, r0, #25
10001a2a:	019a      	lsls	r2, r3, #6
10001a2c:	0e80      	lsrs	r0, r0, #26
10001a2e:	1817      	adds	r7, r2, r0
10001a30:	001a      	movs	r2, r3
10001a32:	0003      	movs	r3, r0
10001a34:	e7ba      	b.n	100019ac <uart_init+0x60>
10001a36:	46c0      	nop			@ (mov r8, r8)
10001a38:	bffc8000 	.word	0xbffc8000
10001a3c:	4000c008 	.word	0x4000c008
10001a40:	4000e000 	.word	0x4000e000
10001a44:	4000f000 	.word	0x4000f000
10001a48:	20012da0 	.word	0x20012da0
10001a4c:	0000102c 	.word	0x0000102c
10001a50:	00000301 	.word	0x00000301
10001a54:	0000fffe 	.word	0x0000fffe
10001a58:	0000ffff 	.word	0x0000ffff
10001a5c:	003fffc0 	.word	0x003fffc0
10001a60:	00003030 	.word	0x00003030
10001a64:	00000e4e 	.word	0x00000e4e

10001a68 <clock_configure_int_divider>:
10001a68:	b5f8      	push	{r3, r4, r5, r6, r7, lr}
10001a6a:	46de      	mov	lr, fp
10001a6c:	464e      	mov	r6, r9
10001a6e:	4645      	mov	r5, r8
10001a70:	4657      	mov	r7, sl
10001a72:	b5e0      	push	{r5, r6, r7, lr}
10001a74:	0005      	movs	r5, r0
10001a76:	468b      	mov	fp, r1
10001a78:	0018      	movs	r0, r3
10001a7a:	990a      	ldr	r1, [sp, #40]	@ 0x28
10001a7c:	4691      	mov	r9, r2
10001a7e:	f000 fd73 	bl	10002568 <__wrap___aeabi_uidiv>
10001a82:	9b0a      	ldr	r3, [sp, #40]	@ 0x28
10001a84:	006c      	lsls	r4, r5, #1
10001a86:	021e      	lsls	r6, r3, #8
10001a88:	1964      	adds	r4, r4, r5
10001a8a:	4b30      	ldr	r3, [pc, #192]	@ (10001b4c <clock_configure_int_divider+0xe4>)
10001a8c:	00a4      	lsls	r4, r4, #2
10001a8e:	18e4      	adds	r4, r4, r3
10001a90:	6863      	ldr	r3, [r4, #4]
10001a92:	4680      	mov	r8, r0
10001a94:	429e      	cmp	r6, r3
10001a96:	d900      	bls.n	10001a9a <clock_configure_int_divider+0x32>
10001a98:	6066      	str	r6, [r4, #4]
10001a9a:	1f2f      	subs	r7, r5, #4
10001a9c:	b2fb      	uxtb	r3, r7
10001a9e:	469a      	mov	sl, r3
10001aa0:	2b01      	cmp	r3, #1
10001aa2:	d92f      	bls.n	10001b04 <clock_configure_int_divider+0x9c>
10001aa4:	23c0      	movs	r3, #192	@ 0xc0
10001aa6:	2280      	movs	r2, #128	@ 0x80
10001aa8:	4f29      	ldr	r7, [pc, #164]	@ (10001b50 <clock_configure_int_divider+0xe8>)
10001aaa:	00ad      	lsls	r5, r5, #2
10001aac:	019b      	lsls	r3, r3, #6
10001aae:	5979      	ldr	r1, [r7, r5]
10001ab0:	0112      	lsls	r2, r2, #4
10001ab2:	18e3      	adds	r3, r4, r3
10001ab4:	601a      	str	r2, [r3, #0]
10001ab6:	2900      	cmp	r1, #0
10001ab8:	d11b      	bne.n	10001af2 <clock_configure_int_divider+0x8a>
10001aba:	464b      	mov	r3, r9
10001abc:	6822      	ldr	r2, [r4, #0]
10001abe:	015b      	lsls	r3, r3, #5
10001ac0:	4053      	eors	r3, r2
10001ac2:	22e0      	movs	r2, #224	@ 0xe0
10001ac4:	4013      	ands	r3, r2
10001ac6:	2280      	movs	r2, #128	@ 0x80
10001ac8:	0152      	lsls	r2, r2, #5
10001aca:	18a2      	adds	r2, r4, r2
10001acc:	6013      	str	r3, [r2, #0]
10001ace:	4653      	mov	r3, sl
10001ad0:	2b01      	cmp	r3, #1
10001ad2:	d92f      	bls.n	10001b34 <clock_configure_int_divider+0xcc>
10001ad4:	2380      	movs	r3, #128	@ 0x80
10001ad6:	2280      	movs	r2, #128	@ 0x80
10001ad8:	019b      	lsls	r3, r3, #6
10001ada:	18e3      	adds	r3, r4, r3
10001adc:	0112      	lsls	r2, r2, #4
10001ade:	601a      	str	r2, [r3, #0]
10001ae0:	4643      	mov	r3, r8
10001ae2:	6066      	str	r6, [r4, #4]
10001ae4:	517b      	str	r3, [r7, r5]
10001ae6:	bcf0      	pop	{r4, r5, r6, r7}
10001ae8:	46bb      	mov	fp, r7
10001aea:	46b2      	mov	sl, r6
10001aec:	46a9      	mov	r9, r5
10001aee:	46a0      	mov	r8, r4
10001af0:	bdf8      	pop	{r3, r4, r5, r6, r7, pc}
10001af2:	6978      	ldr	r0, [r7, #20]
10001af4:	f000 fd38 	bl	10002568 <__wrap___aeabi_uidiv>
10001af8:	3001      	adds	r0, #1
10001afa:	0043      	lsls	r3, r0, #1
10001afc:	181b      	adds	r3, r3, r0
10001afe:	3b03      	subs	r3, #3
10001b00:	d2fd      	bcs.n	10001afe <clock_configure_int_divider+0x96>
10001b02:	e7da      	b.n	10001aba <clock_configure_int_divider+0x52>
10001b04:	465b      	mov	r3, fp
10001b06:	2b01      	cmp	r3, #1
10001b08:	d1cc      	bne.n	10001aa4 <clock_configure_int_divider+0x3c>
10001b0a:	23c0      	movs	r3, #192	@ 0xc0
10001b0c:	2203      	movs	r2, #3
10001b0e:	019b      	lsls	r3, r3, #6
10001b10:	18e3      	adds	r3, r4, r3
10001b12:	601a      	str	r2, [r3, #0]
10001b14:	3a02      	subs	r2, #2
10001b16:	68a3      	ldr	r3, [r4, #8]
10001b18:	421a      	tst	r2, r3
10001b1a:	d0fc      	beq.n	10001b16 <clock_configure_int_divider+0xae>
10001b1c:	464a      	mov	r2, r9
10001b1e:	6823      	ldr	r3, [r4, #0]
10001b20:	0152      	lsls	r2, r2, #5
10001b22:	405a      	eors	r2, r3
10001b24:	23e0      	movs	r3, #224	@ 0xe0
10001b26:	4013      	ands	r3, r2
10001b28:	2280      	movs	r2, #128	@ 0x80
10001b2a:	0152      	lsls	r2, r2, #5
10001b2c:	18a2      	adds	r2, r4, r2
10001b2e:	4f08      	ldr	r7, [pc, #32]	@ (10001b50 <clock_configure_int_divider+0xe8>)
10001b30:	6013      	str	r3, [r2, #0]
10001b32:	00ad      	lsls	r5, r5, #2
10001b34:	4658      	mov	r0, fp
10001b36:	2303      	movs	r3, #3
10001b38:	6821      	ldr	r1, [r4, #0]
10001b3a:	4041      	eors	r1, r0
10001b3c:	400b      	ands	r3, r1
10001b3e:	6013      	str	r3, [r2, #0]
10001b40:	2201      	movs	r2, #1
10001b42:	4082      	lsls	r2, r0
10001b44:	68a3      	ldr	r3, [r4, #8]
10001b46:	421a      	tst	r2, r3
10001b48:	d0fc      	beq.n	10001b44 <clock_configure_int_divider+0xdc>
10001b4a:	e7c3      	b.n	10001ad4 <clock_configure_int_divider+0x6c>
10001b4c:	40008000 	.word	0x40008000
10001b50:	200128f0 	.word	0x200128f0

10001b54 <clock_configure_undivided>:
10001b54:	b5f0      	push	{r4, r5, r6, r7, lr}
10001b56:	46d6      	mov	lr, sl
10001b58:	464f      	mov	r7, r9
10001b5a:	4646      	mov	r6, r8
10001b5c:	0044      	lsls	r4, r0, #1
10001b5e:	4698      	mov	r8, r3
10001b60:	1824      	adds	r4, r4, r0
10001b62:	4b32      	ldr	r3, [pc, #200]	@ (10001c2c <clock_configure_undivided+0xd8>)
10001b64:	00a4      	lsls	r4, r4, #2
10001b66:	18e4      	adds	r4, r4, r3
10001b68:	6863      	ldr	r3, [r4, #4]
10001b6a:	468a      	mov	sl, r1
10001b6c:	4691      	mov	r9, r2
10001b6e:	b5c0      	push	{r6, r7, lr}
10001b70:	2bff      	cmp	r3, #255	@ 0xff
10001b72:	d802      	bhi.n	10001b7a <clock_configure_undivided+0x26>
10001b74:	2380      	movs	r3, #128	@ 0x80
10001b76:	005b      	lsls	r3, r3, #1
10001b78:	6063      	str	r3, [r4, #4]
10001b7a:	1f06      	subs	r6, r0, #4
10001b7c:	b2f6      	uxtb	r6, r6
10001b7e:	2e01      	cmp	r6, #1
10001b80:	d92f      	bls.n	10001be2 <clock_configure_undivided+0x8e>
10001b82:	23c0      	movs	r3, #192	@ 0xc0
10001b84:	2280      	movs	r2, #128	@ 0x80
10001b86:	4f2a      	ldr	r7, [pc, #168]	@ (10001c30 <clock_configure_undivided+0xdc>)
10001b88:	0085      	lsls	r5, r0, #2
10001b8a:	019b      	lsls	r3, r3, #6
10001b8c:	5979      	ldr	r1, [r7, r5]
10001b8e:	0112      	lsls	r2, r2, #4
10001b90:	18e3      	adds	r3, r4, r3
10001b92:	601a      	str	r2, [r3, #0]
10001b94:	2900      	cmp	r1, #0
10001b96:	d11b      	bne.n	10001bd0 <clock_configure_undivided+0x7c>
10001b98:	464b      	mov	r3, r9
10001b9a:	6822      	ldr	r2, [r4, #0]
10001b9c:	015b      	lsls	r3, r3, #5
10001b9e:	4053      	eors	r3, r2
10001ba0:	22e0      	movs	r2, #224	@ 0xe0
10001ba2:	4013      	ands	r3, r2
10001ba4:	2280      	movs	r2, #128	@ 0x80
10001ba6:	0152      	lsls	r2, r2, #5
10001ba8:	18a2      	adds	r2, r4, r2
10001baa:	6013      	str	r3, [r2, #0]
10001bac:	2e01      	cmp	r6, #1
10001bae:	d930      	bls.n	10001c12 <clock_configure_undivided+0xbe>
10001bb0:	2380      	movs	r3, #128	@ 0x80
10001bb2:	2280      	movs	r2, #128	@ 0x80
10001bb4:	019b      	lsls	r3, r3, #6
10001bb6:	18e3      	adds	r3, r4, r3
10001bb8:	0112      	lsls	r2, r2, #4
10001bba:	601a      	str	r2, [r3, #0]
10001bbc:	2380      	movs	r3, #128	@ 0x80
10001bbe:	005b      	lsls	r3, r3, #1
10001bc0:	6063      	str	r3, [r4, #4]
10001bc2:	4643      	mov	r3, r8
10001bc4:	517b      	str	r3, [r7, r5]
10001bc6:	bce0      	pop	{r5, r6, r7}
10001bc8:	46ba      	mov	sl, r7
10001bca:	46b1      	mov	r9, r6
10001bcc:	46a8      	mov	r8, r5
10001bce:	bdf0      	pop	{r4, r5, r6, r7, pc}
10001bd0:	6978      	ldr	r0, [r7, #20]
10001bd2:	f000 fcc9 	bl	10002568 <__wrap___aeabi_uidiv>
10001bd6:	3001      	adds	r0, #1
10001bd8:	0043      	lsls	r3, r0, #1
10001bda:	181b      	adds	r3, r3, r0
10001bdc:	3b03      	subs	r3, #3
10001bde:	d2fd      	bcs.n	10001bdc <clock_configure_undivided+0x88>
10001be0:	e7da      	b.n	10001b98 <clock_configure_undivided+0x44>
10001be2:	4653      	mov	r3, sl
10001be4:	2b01      	cmp	r3, #1
10001be6:	d1cc      	bne.n	10001b82 <clock_configure_undivided+0x2e>
10001be8:	23c0      	movs	r3, #192	@ 0xc0
10001bea:	2203      	movs	r2, #3
10001bec:	019b      	lsls	r3, r3, #6
10001bee:	18e3      	adds	r3, r4, r3
10001bf0:	601a      	str	r2, [r3, #0]
10001bf2:	3a02      	subs	r2, #2
10001bf4:	68a3      	ldr	r3, [r4, #8]
10001bf6:	421a      	tst	r2, r3
10001bf8:	d0fc      	beq.n	10001bf4 <clock_configure_undivided+0xa0>
10001bfa:	464a      	mov	r2, r9
10001bfc:	6823      	ldr	r3, [r4, #0]
10001bfe:	0152      	lsls	r2, r2, #5
10001c00:	405a      	eors	r2, r3
10001c02:	23e0      	movs	r3, #224	@ 0xe0
10001c04:	4013      	ands	r3, r2
10001c06:	2280      	movs	r2, #128	@ 0x80
10001c08:	0152      	lsls	r2, r2, #5
10001c0a:	18a2      	adds	r2, r4, r2
10001c0c:	4f08      	ldr	r7, [pc, #32]	@ (10001c30 <clock_configure_undivided+0xdc>)
10001c0e:	6013      	str	r3, [r2, #0]
10001c10:	0085      	lsls	r5, r0, #2
10001c12:	4650      	mov	r0, sl
10001c14:	2303      	movs	r3, #3
10001c16:	6821      	ldr	r1, [r4, #0]
10001c18:	4041      	eors	r1, r0
10001c1a:	400b      	ands	r3, r1
10001c1c:	6013      	str	r3, [r2, #0]
10001c1e:	2201      	movs	r2, #1
10001c20:	4082      	lsls	r2, r0
10001c22:	68a3      	ldr	r3, [r4, #8]
10001c24:	421a      	tst	r2, r3
10001c26:	d0fc      	beq.n	10001c22 <clock_configure_undivided+0xce>
10001c28:	e7c2      	b.n	10001bb0 <clock_configure_undivided+0x5c>
10001c2a:	46c0      	nop			@ (mov r8, r8)
10001c2c:	40008000 	.word	0x40008000
10001c30:	200128f0 	.word	0x200128f0

10001c34 <clock_get_hz>:
10001c34:	4b01      	ldr	r3, [pc, #4]	@ (10001c3c <clock_get_hz+0x8>)
10001c36:	0080      	lsls	r0, r0, #2
10001c38:	58c0      	ldr	r0, [r0, r3]
10001c3a:	4770      	bx	lr
10001c3c:	200128f0 	.word	0x200128f0

10001c40 <set_sys_clock_pll>:
10001c40:	b5f0      	push	{r4, r5, r6, r7, lr}
10001c42:	46c6      	mov	lr, r8
10001c44:	b500      	push	{lr}
10001c46:	4b5b      	ldr	r3, [pc, #364]	@ (10001db4 <set_sys_clock_pll+0x174>)
10001c48:	0015      	movs	r5, r2
10001c4a:	685a      	ldr	r2, [r3, #4]
10001c4c:	4684      	mov	ip, r0
10001c4e:	000f      	movs	r7, r1
10001c50:	b082      	sub	sp, #8
10001c52:	2aff      	cmp	r2, #255	@ 0xff
10001c54:	d802      	bhi.n	10001c5c <set_sys_clock_pll+0x1c>
10001c56:	2280      	movs	r2, #128	@ 0x80
10001c58:	0052      	lsls	r2, r2, #1
10001c5a:	605a      	str	r2, [r3, #4]
10001c5c:	2203      	movs	r2, #3
10001c5e:	4b56      	ldr	r3, [pc, #344]	@ (10001db8 <set_sys_clock_pll+0x178>)
10001c60:	4854      	ldr	r0, [pc, #336]	@ (10001db4 <set_sys_clock_pll+0x174>)
10001c62:	601a      	str	r2, [r3, #0]
10001c64:	2301      	movs	r3, #1
10001c66:	6882      	ldr	r2, [r0, #8]
10001c68:	4213      	tst	r3, r2
10001c6a:	d0fc      	beq.n	10001c66 <set_sys_clock_pll+0x26>
10001c6c:	2220      	movs	r2, #32
10001c6e:	6801      	ldr	r1, [r0, #0]
10001c70:	4051      	eors	r1, r2
10001c72:	32c0      	adds	r2, #192	@ 0xc0
10001c74:	400a      	ands	r2, r1
10001c76:	4951      	ldr	r1, [pc, #324]	@ (10001dbc <set_sys_clock_pll+0x17c>)
10001c78:	600a      	str	r2, [r1, #0]
10001c7a:	6802      	ldr	r2, [r0, #0]
10001c7c:	484d      	ldr	r0, [pc, #308]	@ (10001db4 <set_sys_clock_pll+0x174>)
10001c7e:	405a      	eors	r2, r3
10001c80:	2303      	movs	r3, #3
10001c82:	4013      	ands	r3, r2
10001c84:	600b      	str	r3, [r1, #0]
10001c86:	2302      	movs	r3, #2
10001c88:	6882      	ldr	r2, [r0, #8]
10001c8a:	4213      	tst	r3, r2
10001c8c:	d0fc      	beq.n	10001c88 <set_sys_clock_pll+0x48>
10001c8e:	2280      	movs	r2, #128	@ 0x80
10001c90:	2680      	movs	r6, #128	@ 0x80
10001c92:	4b4b      	ldr	r3, [pc, #300]	@ (10001dc0 <set_sys_clock_pll+0x180>)
10001c94:	0112      	lsls	r2, r2, #4
10001c96:	601a      	str	r2, [r3, #0]
10001c98:	4c4a      	ldr	r4, [pc, #296]	@ (10001dc4 <set_sys_clock_pll+0x184>)
10001c9a:	4b4b      	ldr	r3, [pc, #300]	@ (10001dc8 <set_sys_clock_pll+0x188>)
10001c9c:	0076      	lsls	r6, r6, #1
10001c9e:	6046      	str	r6, [r0, #4]
10001ca0:	4662      	mov	r2, ip
10001ca2:	6163      	str	r3, [r4, #20]
10001ca4:	2101      	movs	r1, #1
10001ca6:	003b      	movs	r3, r7
10001ca8:	4848      	ldr	r0, [pc, #288]	@ (10001dcc <set_sys_clock_pll+0x18c>)
10001caa:	9500      	str	r5, [sp, #0]
10001cac:	46e0      	mov	r8, ip
10001cae:	f000 f9e5 	bl	1000207c <pll_init>
10001cb2:	0029      	movs	r1, r5
10001cb4:	4640      	mov	r0, r8
10001cb6:	4379      	muls	r1, r7
10001cb8:	f000 fc56 	bl	10002568 <__wrap___aeabi_uidiv>
10001cbc:	4b44      	ldr	r3, [pc, #272]	@ (10001dd0 <set_sys_clock_pll+0x190>)
10001cbe:	0005      	movs	r5, r0
10001cc0:	685a      	ldr	r2, [r3, #4]
10001cc2:	2aff      	cmp	r2, #255	@ 0xff
10001cc4:	d800      	bhi.n	10001cc8 <set_sys_clock_pll+0x88>
10001cc6:	605e      	str	r6, [r3, #4]
10001cc8:	2280      	movs	r2, #128	@ 0x80
10001cca:	4b42      	ldr	r3, [pc, #264]	@ (10001dd4 <set_sys_clock_pll+0x194>)
10001ccc:	0112      	lsls	r2, r2, #4
10001cce:	601a      	str	r2, [r3, #0]
10001cd0:	6921      	ldr	r1, [r4, #16]
10001cd2:	2900      	cmp	r1, #0
10001cd4:	d007      	beq.n	10001ce6 <set_sys_clock_pll+0xa6>
10001cd6:	6960      	ldr	r0, [r4, #20]
10001cd8:	f000 fc46 	bl	10002568 <__wrap___aeabi_uidiv>
10001cdc:	3001      	adds	r0, #1
10001cde:	0043      	lsls	r3, r0, #1
10001ce0:	181b      	adds	r3, r3, r0
10001ce2:	3b03      	subs	r3, #3
10001ce4:	d2fd      	bcs.n	10001ce2 <set_sys_clock_pll+0xa2>
10001ce6:	23e0      	movs	r3, #224	@ 0xe0
10001ce8:	4a39      	ldr	r2, [pc, #228]	@ (10001dd0 <set_sys_clock_pll+0x190>)
10001cea:	483b      	ldr	r0, [pc, #236]	@ (10001dd8 <set_sys_clock_pll+0x198>)
10001cec:	6811      	ldr	r1, [r2, #0]
10001cee:	400b      	ands	r3, r1
10001cf0:	6003      	str	r3, [r0, #0]
10001cf2:	2302      	movs	r3, #2
10001cf4:	6811      	ldr	r1, [r2, #0]
10001cf6:	4059      	eors	r1, r3
10001cf8:	3301      	adds	r3, #1
10001cfa:	400b      	ands	r3, r1
10001cfc:	2104      	movs	r1, #4
10001cfe:	6003      	str	r3, [r0, #0]
10001d00:	6893      	ldr	r3, [r2, #8]
10001d02:	4219      	tst	r1, r3
10001d04:	d0fc      	beq.n	10001d00 <set_sys_clock_pll+0xc0>
10001d06:	2180      	movs	r1, #128	@ 0x80
10001d08:	4b34      	ldr	r3, [pc, #208]	@ (10001ddc <set_sys_clock_pll+0x19c>)
10001d0a:	0109      	lsls	r1, r1, #4
10001d0c:	6019      	str	r1, [r3, #0]
10001d0e:	2180      	movs	r1, #128	@ 0x80
10001d10:	4b33      	ldr	r3, [pc, #204]	@ (10001de0 <set_sys_clock_pll+0x1a0>)
10001d12:	0049      	lsls	r1, r1, #1
10001d14:	6051      	str	r1, [r2, #4]
10001d16:	6123      	str	r3, [r4, #16]
10001d18:	4b26      	ldr	r3, [pc, #152]	@ (10001db4 <set_sys_clock_pll+0x174>)
10001d1a:	685a      	ldr	r2, [r3, #4]
10001d1c:	2aff      	cmp	r2, #255	@ 0xff
10001d1e:	d800      	bhi.n	10001d22 <set_sys_clock_pll+0xe2>
10001d20:	6059      	str	r1, [r3, #4]
10001d22:	2203      	movs	r2, #3
10001d24:	2101      	movs	r1, #1
10001d26:	4b24      	ldr	r3, [pc, #144]	@ (10001db8 <set_sys_clock_pll+0x178>)
10001d28:	601a      	str	r2, [r3, #0]
10001d2a:	4a22      	ldr	r2, [pc, #136]	@ (10001db4 <set_sys_clock_pll+0x174>)
10001d2c:	6893      	ldr	r3, [r2, #8]
10001d2e:	4219      	tst	r1, r3
10001d30:	d0fc      	beq.n	10001d2c <set_sys_clock_pll+0xec>
10001d32:	23e0      	movs	r3, #224	@ 0xe0
10001d34:	6810      	ldr	r0, [r2, #0]
10001d36:	4003      	ands	r3, r0
10001d38:	4820      	ldr	r0, [pc, #128]	@ (10001dbc <set_sys_clock_pll+0x17c>)
10001d3a:	6003      	str	r3, [r0, #0]
10001d3c:	6812      	ldr	r2, [r2, #0]
10001d3e:	2303      	movs	r3, #3
10001d40:	404a      	eors	r2, r1
10001d42:	2102      	movs	r1, #2
10001d44:	4013      	ands	r3, r2
10001d46:	4a1b      	ldr	r2, [pc, #108]	@ (10001db4 <set_sys_clock_pll+0x174>)
10001d48:	6003      	str	r3, [r0, #0]
10001d4a:	6893      	ldr	r3, [r2, #8]
10001d4c:	4219      	tst	r1, r3
10001d4e:	d0fc      	beq.n	10001d4a <set_sys_clock_pll+0x10a>
10001d50:	2180      	movs	r1, #128	@ 0x80
10001d52:	4b1b      	ldr	r3, [pc, #108]	@ (10001dc0 <set_sys_clock_pll+0x180>)
10001d54:	0109      	lsls	r1, r1, #4
10001d56:	6019      	str	r1, [r3, #0]
10001d58:	2180      	movs	r1, #128	@ 0x80
10001d5a:	4b22      	ldr	r3, [pc, #136]	@ (10001de4 <set_sys_clock_pll+0x1a4>)
10001d5c:	0049      	lsls	r1, r1, #1
10001d5e:	6051      	str	r1, [r2, #4]
10001d60:	6165      	str	r5, [r4, #20]
10001d62:	685a      	ldr	r2, [r3, #4]
10001d64:	2aff      	cmp	r2, #255	@ 0xff
10001d66:	d800      	bhi.n	10001d6a <set_sys_clock_pll+0x12a>
10001d68:	6059      	str	r1, [r3, #4]
10001d6a:	2280      	movs	r2, #128	@ 0x80
10001d6c:	4b1e      	ldr	r3, [pc, #120]	@ (10001de8 <set_sys_clock_pll+0x1a8>)
10001d6e:	0112      	lsls	r2, r2, #4
10001d70:	601a      	str	r2, [r3, #0]
10001d72:	69a1      	ldr	r1, [r4, #24]
10001d74:	2900      	cmp	r1, #0
10001d76:	d007      	beq.n	10001d88 <set_sys_clock_pll+0x148>
10001d78:	6960      	ldr	r0, [r4, #20]
10001d7a:	f000 fbf5 	bl	10002568 <__wrap___aeabi_uidiv>
10001d7e:	3001      	adds	r0, #1
10001d80:	0043      	lsls	r3, r0, #1
10001d82:	181b      	adds	r3, r3, r0
10001d84:	3b03      	subs	r3, #3
10001d86:	d2fd      	bcs.n	10001d84 <set_sys_clock_pll+0x144>
10001d88:	2340      	movs	r3, #64	@ 0x40
10001d8a:	4916      	ldr	r1, [pc, #88]	@ (10001de4 <set_sys_clock_pll+0x1a4>)
10001d8c:	680a      	ldr	r2, [r1, #0]
10001d8e:	405a      	eors	r2, r3
10001d90:	33a0      	adds	r3, #160	@ 0xa0
10001d92:	4013      	ands	r3, r2
10001d94:	4a15      	ldr	r2, [pc, #84]	@ (10001dec <set_sys_clock_pll+0x1ac>)
10001d96:	6013      	str	r3, [r2, #0]
10001d98:	2280      	movs	r2, #128	@ 0x80
10001d9a:	4b15      	ldr	r3, [pc, #84]	@ (10001df0 <set_sys_clock_pll+0x1b0>)
10001d9c:	0112      	lsls	r2, r2, #4
10001d9e:	601a      	str	r2, [r3, #0]
10001da0:	2380      	movs	r3, #128	@ 0x80
10001da2:	005b      	lsls	r3, r3, #1
10001da4:	604b      	str	r3, [r1, #4]
10001da6:	4b08      	ldr	r3, [pc, #32]	@ (10001dc8 <set_sys_clock_pll+0x188>)
10001da8:	61a3      	str	r3, [r4, #24]
10001daa:	b002      	add	sp, #8
10001dac:	bc80      	pop	{r7}
10001dae:	46b8      	mov	r8, r7
10001db0:	bdf0      	pop	{r4, r5, r6, r7, pc}
10001db2:	46c0      	nop			@ (mov r8, r8)
10001db4:	4000803c 	.word	0x4000803c
10001db8:	4000b03c 	.word	0x4000b03c
10001dbc:	4000903c 	.word	0x4000903c
10001dc0:	4000a03c 	.word	0x4000a03c
10001dc4:	200128f0 	.word	0x200128f0
10001dc8:	02dc6c00 	.word	0x02dc6c00
10001dcc:	40028000 	.word	0x40028000
10001dd0:	40008030 	.word	0x40008030
10001dd4:	4000b030 	.word	0x4000b030
10001dd8:	40009030 	.word	0x40009030
10001ddc:	4000a030 	.word	0x4000a030
10001de0:	00b71b00 	.word	0x00b71b00
10001de4:	40008048 	.word	0x40008048
10001de8:	4000b048 	.word	0x4000b048
10001dec:	40009048 	.word	0x40009048
10001df0:	4000a048 	.word	0x4000a048

10001df4 <check_sys_clock_khz>:
10001df4:	b5f0      	push	{r4, r5, r6, r7, lr}
10001df6:	4645      	mov	r5, r8
10001df8:	4680      	mov	r8, r0
10001dfa:	20a0      	movs	r0, #160	@ 0xa0
10001dfc:	4657      	mov	r7, sl
10001dfe:	464e      	mov	r6, r9
10001e00:	46de      	mov	lr, fp
10001e02:	001c      	movs	r4, r3
10001e04:	4b98      	ldr	r3, [pc, #608]	@ (10002068 <check_sys_clock_khz+0x274>)
10001e06:	0040      	lsls	r0, r0, #1
10001e08:	4681      	mov	r9, r0
10001e0a:	469a      	mov	sl, r3
10001e0c:	b5e0      	push	{r5, r6, r7, lr}
10001e0e:	b085      	sub	sp, #20
10001e10:	9101      	str	r1, [sp, #4]
10001e12:	9202      	str	r2, [sp, #8]
10001e14:	9403      	str	r4, [sp, #12]
10001e16:	4b95      	ldr	r3, [pc, #596]	@ (1000206c <check_sys_clock_khz+0x278>)
10001e18:	459a      	cmp	sl, r3
10001e1a:	d909      	bls.n	10001e30 <check_sys_clock_khz+0x3c>
10001e1c:	2301      	movs	r3, #1
10001e1e:	425b      	negs	r3, r3
10001e20:	4499      	add	r9, r3
10001e22:	4b93      	ldr	r3, [pc, #588]	@ (10002070 <check_sys_clock_khz+0x27c>)
10001e24:	449a      	add	sl, r3
10001e26:	464b      	mov	r3, r9
10001e28:	2b0f      	cmp	r3, #15
10001e2a:	d1f4      	bne.n	10001e16 <check_sys_clock_khz+0x22>
10001e2c:	2000      	movs	r0, #0
10001e2e:	e08e      	b.n	10001f4e <check_sys_clock_khz+0x15a>
10001e30:	2507      	movs	r5, #7
10001e32:	4c90      	ldr	r4, [pc, #576]	@ (10002074 <check_sys_clock_khz+0x280>)
10001e34:	4454      	add	r4, sl
10001e36:	002f      	movs	r7, r5
10001e38:	436f      	muls	r7, r5
10001e3a:	0020      	movs	r0, r4
10001e3c:	0039      	movs	r1, r7
10001e3e:	f000 fb93 	bl	10002568 <__wrap___aeabi_uidiv>
10001e42:	46ab      	mov	fp, r5
10001e44:	1e6e      	subs	r6, r5, #1
10001e46:	4540      	cmp	r0, r8
10001e48:	d053      	beq.n	10001ef2 <check_sys_clock_khz+0xfe>
10001e4a:	4375      	muls	r5, r6
10001e4c:	0020      	movs	r0, r4
10001e4e:	0029      	movs	r1, r5
10001e50:	002f      	movs	r7, r5
10001e52:	f000 fb89 	bl	10002568 <__wrap___aeabi_uidiv>
10001e56:	4580      	cmp	r8, r0
10001e58:	d05c      	beq.n	10001f14 <check_sys_clock_khz+0x120>
10001e5a:	4643      	mov	r3, r8
10001e5c:	1e75      	subs	r5, r6, #1
10001e5e:	46a8      	mov	r8, r5
10001e60:	001d      	movs	r5, r3
10001e62:	465b      	mov	r3, fp
10001e64:	1aff      	subs	r7, r7, r3
10001e66:	0039      	movs	r1, r7
10001e68:	0020      	movs	r0, r4
10001e6a:	f000 fb7d 	bl	10002568 <__wrap___aeabi_uidiv>
10001e6e:	4285      	cmp	r5, r0
10001e70:	d05d      	beq.n	10001f2e <check_sys_clock_khz+0x13a>
10001e72:	1eb3      	subs	r3, r6, #2
10001e74:	4698      	mov	r8, r3
10001e76:	2e02      	cmp	r6, #2
10001e78:	d100      	bne.n	10001e7c <check_sys_clock_khz+0x88>
10001e7a:	e0ba      	b.n	10001ff2 <check_sys_clock_khz+0x1fe>
10001e7c:	465b      	mov	r3, fp
10001e7e:	1aff      	subs	r7, r7, r3
10001e80:	0039      	movs	r1, r7
10001e82:	0020      	movs	r0, r4
10001e84:	f000 fb70 	bl	10002568 <__wrap___aeabi_uidiv>
10001e88:	4285      	cmp	r5, r0
10001e8a:	d067      	beq.n	10001f5c <check_sys_clock_khz+0x168>
10001e8c:	1ef3      	subs	r3, r6, #3
10001e8e:	4698      	mov	r8, r3
10001e90:	2e03      	cmp	r6, #3
10001e92:	d069      	beq.n	10001f68 <check_sys_clock_khz+0x174>
10001e94:	465b      	mov	r3, fp
10001e96:	1aff      	subs	r7, r7, r3
10001e98:	0039      	movs	r1, r7
10001e9a:	0020      	movs	r0, r4
10001e9c:	f000 fb64 	bl	10002568 <__wrap___aeabi_uidiv>
10001ea0:	4285      	cmp	r5, r0
10001ea2:	d100      	bne.n	10001ea6 <check_sys_clock_khz+0xb2>
10001ea4:	e076      	b.n	10001f94 <check_sys_clock_khz+0x1a0>
10001ea6:	1f33      	subs	r3, r6, #4
10001ea8:	4698      	mov	r8, r3
10001eaa:	2e04      	cmp	r6, #4
10001eac:	d100      	bne.n	10001eb0 <check_sys_clock_khz+0xbc>
10001eae:	e078      	b.n	10001fa2 <check_sys_clock_khz+0x1ae>
10001eb0:	465b      	mov	r3, fp
10001eb2:	1aff      	subs	r7, r7, r3
10001eb4:	0039      	movs	r1, r7
10001eb6:	0020      	movs	r0, r4
10001eb8:	f000 fb56 	bl	10002568 <__wrap___aeabi_uidiv>
10001ebc:	4285      	cmp	r5, r0
10001ebe:	d100      	bne.n	10001ec2 <check_sys_clock_khz+0xce>
10001ec0:	e07e      	b.n	10001fc0 <check_sys_clock_khz+0x1cc>
10001ec2:	2e05      	cmp	r6, #5
10001ec4:	d100      	bne.n	10001ec8 <check_sys_clock_khz+0xd4>
10001ec6:	e080      	b.n	10001fca <check_sys_clock_khz+0x1d6>
10001ec8:	465b      	mov	r3, fp
10001eca:	0020      	movs	r0, r4
10001ecc:	1af9      	subs	r1, r7, r3
10001ece:	46a8      	mov	r8, r5
10001ed0:	f000 fb4a 	bl	10002568 <__wrap___aeabi_uidiv>
10001ed4:	2506      	movs	r5, #6
10001ed6:	4580      	cmp	r8, r0
10001ed8:	d1ad      	bne.n	10001e36 <check_sys_clock_khz+0x42>
10001eda:	2900      	cmp	r1, #0
10001edc:	d1ab      	bne.n	10001e36 <check_sys_clock_khz+0x42>
10001ede:	46ca      	mov	sl, r9
10001ee0:	9901      	ldr	r1, [sp, #4]
10001ee2:	46d9      	mov	r9, fp
10001ee4:	9a02      	ldr	r2, [sp, #8]
10001ee6:	9c03      	ldr	r4, [sp, #12]
10001ee8:	3d05      	subs	r5, #5
10001eea:	e028      	b.n	10001f3e <check_sys_clock_khz+0x14a>
10001eec:	002b      	movs	r3, r5
10001eee:	4645      	mov	r5, r8
10001ef0:	4698      	mov	r8, r3
10001ef2:	0039      	movs	r1, r7
10001ef4:	0020      	movs	r0, r4
10001ef6:	f000 fb37 	bl	10002568 <__wrap___aeabi_uidiv>
10001efa:	2900      	cmp	r1, #0
10001efc:	d100      	bne.n	10001f00 <check_sys_clock_khz+0x10c>
10001efe:	e0a4      	b.n	1000204a <check_sys_clock_khz+0x256>
10001f00:	1e6e      	subs	r6, r5, #1
10001f02:	46ab      	mov	fp, r5
10001f04:	4375      	muls	r5, r6
10001f06:	0020      	movs	r0, r4
10001f08:	0029      	movs	r1, r5
10001f0a:	002f      	movs	r7, r5
10001f0c:	f000 fb2c 	bl	10002568 <__wrap___aeabi_uidiv>
10001f10:	4580      	cmp	r8, r0
10001f12:	d1a2      	bne.n	10001e5a <check_sys_clock_khz+0x66>
10001f14:	0039      	movs	r1, r7
10001f16:	0020      	movs	r0, r4
10001f18:	f000 fb26 	bl	10002568 <__wrap___aeabi_uidiv>
10001f1c:	2900      	cmp	r1, #0
10001f1e:	d19c      	bne.n	10001e5a <check_sys_clock_khz+0x66>
10001f20:	46ca      	mov	sl, r9
10001f22:	0035      	movs	r5, r6
10001f24:	46d9      	mov	r9, fp
10001f26:	9901      	ldr	r1, [sp, #4]
10001f28:	9a02      	ldr	r2, [sp, #8]
10001f2a:	9c03      	ldr	r4, [sp, #12]
10001f2c:	e007      	b.n	10001f3e <check_sys_clock_khz+0x14a>
10001f2e:	2900      	cmp	r1, #0
10001f30:	d19f      	bne.n	10001e72 <check_sys_clock_khz+0x7e>
10001f32:	46ca      	mov	sl, r9
10001f34:	4645      	mov	r5, r8
10001f36:	46d9      	mov	r9, fp
10001f38:	9901      	ldr	r1, [sp, #4]
10001f3a:	9a02      	ldr	r2, [sp, #8]
10001f3c:	9c03      	ldr	r4, [sp, #12]
10001f3e:	4650      	mov	r0, sl
10001f40:	4b4d      	ldr	r3, [pc, #308]	@ (10002078 <check_sys_clock_khz+0x284>)
10001f42:	4343      	muls	r3, r0
10001f44:	600b      	str	r3, [r1, #0]
10001f46:	464b      	mov	r3, r9
10001f48:	2001      	movs	r0, #1
10001f4a:	6013      	str	r3, [r2, #0]
10001f4c:	6025      	str	r5, [r4, #0]
10001f4e:	b005      	add	sp, #20
10001f50:	bcf0      	pop	{r4, r5, r6, r7}
10001f52:	46bb      	mov	fp, r7
10001f54:	46b2      	mov	sl, r6
10001f56:	46a9      	mov	r9, r5
10001f58:	46a0      	mov	r8, r4
10001f5a:	bdf0      	pop	{r4, r5, r6, r7, pc}
10001f5c:	2900      	cmp	r1, #0
10001f5e:	d0e8      	beq.n	10001f32 <check_sys_clock_khz+0x13e>
10001f60:	1ef3      	subs	r3, r6, #3
10001f62:	4698      	mov	r8, r3
10001f64:	2e03      	cmp	r6, #3
10001f66:	d195      	bne.n	10001e94 <check_sys_clock_khz+0xa0>
10001f68:	2303      	movs	r3, #3
10001f6a:	2109      	movs	r1, #9
10001f6c:	0020      	movs	r0, r4
10001f6e:	2709      	movs	r7, #9
10001f70:	4698      	mov	r8, r3
10001f72:	f000 faf9 	bl	10002568 <__wrap___aeabi_uidiv>
10001f76:	42a8      	cmp	r0, r5
10001f78:	d0b8      	beq.n	10001eec <check_sys_clock_khz+0xf8>
10001f7a:	2303      	movs	r3, #3
10001f7c:	2106      	movs	r1, #6
10001f7e:	0020      	movs	r0, r4
10001f80:	469b      	mov	fp, r3
10001f82:	2602      	movs	r6, #2
10001f84:	3f03      	subs	r7, #3
10001f86:	f000 faef 	bl	10002568 <__wrap___aeabi_uidiv>
10001f8a:	4285      	cmp	r5, r0
10001f8c:	d048      	beq.n	10002020 <check_sys_clock_khz+0x22c>
10001f8e:	2301      	movs	r3, #1
10001f90:	4698      	mov	r8, r3
10001f92:	e766      	b.n	10001e62 <check_sys_clock_khz+0x6e>
10001f94:	2900      	cmp	r1, #0
10001f96:	d0cc      	beq.n	10001f32 <check_sys_clock_khz+0x13e>
10001f98:	1f33      	subs	r3, r6, #4
10001f9a:	4698      	mov	r8, r3
10001f9c:	2e04      	cmp	r6, #4
10001f9e:	d000      	beq.n	10001fa2 <check_sys_clock_khz+0x1ae>
10001fa0:	e786      	b.n	10001eb0 <check_sys_clock_khz+0xbc>
10001fa2:	0923      	lsrs	r3, r4, #4
10001fa4:	429d      	cmp	r5, r3
10001fa6:	d056      	beq.n	10002056 <check_sys_clock_khz+0x262>
10001fa8:	270c      	movs	r7, #12
10001faa:	0020      	movs	r0, r4
10001fac:	0039      	movs	r1, r7
10001fae:	46b3      	mov	fp, r6
10001fb0:	3e01      	subs	r6, #1
10001fb2:	f000 fad9 	bl	10002568 <__wrap___aeabi_uidiv>
10001fb6:	4285      	cmp	r5, r0
10001fb8:	d032      	beq.n	10002020 <check_sys_clock_khz+0x22c>
10001fba:	2302      	movs	r3, #2
10001fbc:	4698      	mov	r8, r3
10001fbe:	e750      	b.n	10001e62 <check_sys_clock_khz+0x6e>
10001fc0:	2900      	cmp	r1, #0
10001fc2:	d0b6      	beq.n	10001f32 <check_sys_clock_khz+0x13e>
10001fc4:	2e05      	cmp	r6, #5
10001fc6:	d000      	beq.n	10001fca <check_sys_clock_khz+0x1d6>
10001fc8:	e77e      	b.n	10001ec8 <check_sys_clock_khz+0xd4>
10001fca:	2119      	movs	r1, #25
10001fcc:	0020      	movs	r0, r4
10001fce:	2719      	movs	r7, #25
10001fd0:	f000 faca 	bl	10002568 <__wrap___aeabi_uidiv>
10001fd4:	4285      	cmp	r5, r0
10001fd6:	d02d      	beq.n	10002034 <check_sys_clock_khz+0x240>
10001fd8:	2114      	movs	r1, #20
10001fda:	0020      	movs	r0, r4
10001fdc:	3f05      	subs	r7, #5
10001fde:	f000 fac3 	bl	10002568 <__wrap___aeabi_uidiv>
10001fe2:	4285      	cmp	r5, r0
10001fe4:	d017      	beq.n	10002016 <check_sys_clock_khz+0x222>
10001fe6:	2305      	movs	r3, #5
10001fe8:	469b      	mov	fp, r3
10001fea:	3b02      	subs	r3, #2
10001fec:	2604      	movs	r6, #4
10001fee:	4698      	mov	r8, r3
10001ff0:	e737      	b.n	10001e62 <check_sys_clock_khz+0x6e>
10001ff2:	46a8      	mov	r8, r5
10001ff4:	08a1      	lsrs	r1, r4, #2
10001ff6:	428d      	cmp	r5, r1
10001ff8:	d014      	beq.n	10002024 <check_sys_clock_khz+0x230>
10001ffa:	0861      	lsrs	r1, r4, #1
10001ffc:	428d      	cmp	r5, r1
10001ffe:	d01c      	beq.n	1000203a <check_sys_clock_khz+0x246>
10002000:	4544      	cmp	r4, r8
10002002:	d000      	beq.n	10002006 <check_sys_clock_khz+0x212>
10002004:	e70a      	b.n	10001e1c <check_sys_clock_khz+0x28>
10002006:	2301      	movs	r3, #1
10002008:	46ca      	mov	sl, r9
1000200a:	2501      	movs	r5, #1
1000200c:	4699      	mov	r9, r3
1000200e:	9901      	ldr	r1, [sp, #4]
10002010:	9a02      	ldr	r2, [sp, #8]
10002012:	9c03      	ldr	r4, [sp, #12]
10002014:	e793      	b.n	10001f3e <check_sys_clock_khz+0x14a>
10002016:	2305      	movs	r3, #5
10002018:	46a8      	mov	r8, r5
1000201a:	469b      	mov	fp, r3
1000201c:	2604      	movs	r6, #4
1000201e:	e779      	b.n	10001f14 <check_sys_clock_khz+0x120>
10002020:	46a8      	mov	r8, r5
10002022:	e777      	b.n	10001f14 <check_sys_clock_khz+0x120>
10002024:	2302      	movs	r3, #2
10002026:	46ca      	mov	sl, r9
10002028:	2502      	movs	r5, #2
1000202a:	4699      	mov	r9, r3
1000202c:	9901      	ldr	r1, [sp, #4]
1000202e:	9a02      	ldr	r2, [sp, #8]
10002030:	9c03      	ldr	r4, [sp, #12]
10002032:	e784      	b.n	10001f3e <check_sys_clock_khz+0x14a>
10002034:	46a8      	mov	r8, r5
10002036:	2505      	movs	r5, #5
10002038:	e75b      	b.n	10001ef2 <check_sys_clock_khz+0xfe>
1000203a:	2302      	movs	r3, #2
1000203c:	46ca      	mov	sl, r9
1000203e:	2501      	movs	r5, #1
10002040:	4699      	mov	r9, r3
10002042:	9901      	ldr	r1, [sp, #4]
10002044:	9a02      	ldr	r2, [sp, #8]
10002046:	9c03      	ldr	r4, [sp, #12]
10002048:	e779      	b.n	10001f3e <check_sys_clock_khz+0x14a>
1000204a:	46ca      	mov	sl, r9
1000204c:	9901      	ldr	r1, [sp, #4]
1000204e:	46a9      	mov	r9, r5
10002050:	9a02      	ldr	r2, [sp, #8]
10002052:	9c03      	ldr	r4, [sp, #12]
10002054:	e773      	b.n	10001f3e <check_sys_clock_khz+0x14a>
10002056:	2304      	movs	r3, #4
10002058:	46ca      	mov	sl, r9
1000205a:	001d      	movs	r5, r3
1000205c:	4699      	mov	r9, r3
1000205e:	9901      	ldr	r1, [sp, #4]
10002060:	9a02      	ldr	r2, [sp, #8]
10002062:	9c03      	ldr	r4, [sp, #12]
10002064:	e76b      	b.n	10001f3e <check_sys_clock_khz+0x14a>
10002066:	46c0      	nop			@ (mov r8, r8)
10002068:	002f2650 	.word	0x002f2650
1000206c:	000cf850 	.word	0x000cf850
10002070:	ffffd120 	.word	0xffffd120
10002074:	000b71b0 	.word	0x000b71b0
10002078:	00b71b00 	.word	0x00b71b00

1000207c <pll_init>:
1000207c:	b5f0      	push	{r4, r5, r6, r7, lr}
1000207e:	46c6      	mov	lr, r8
10002080:	0004      	movs	r4, r0
10002082:	b500      	push	{lr}
10002084:	4823      	ldr	r0, [pc, #140]	@ (10002114 <pll_init+0x98>)
10002086:	0016      	movs	r6, r2
10002088:	4698      	mov	r8, r3
1000208a:	000d      	movs	r5, r1
1000208c:	f000 fa6c 	bl	10002568 <__wrap___aeabi_uidiv>
10002090:	0001      	movs	r1, r0
10002092:	0030      	movs	r0, r6
10002094:	f000 fa68 	bl	10002568 <__wrap___aeabi_uidiv>
10002098:	4643      	mov	r3, r8
1000209a:	9a06      	ldr	r2, [sp, #24]
1000209c:	041b      	lsls	r3, r3, #16
1000209e:	0312      	lsls	r2, r2, #12
100020a0:	4313      	orrs	r3, r2
100020a2:	469c      	mov	ip, r3
100020a4:	6823      	ldr	r3, [r4, #0]
100020a6:	0006      	movs	r6, r0
100020a8:	2b00      	cmp	r3, #0
100020aa:	db22      	blt.n	100020f2 <pll_init+0x76>
100020ac:	4b1a      	ldr	r3, [pc, #104]	@ (10002118 <pll_init+0x9c>)
100020ae:	481b      	ldr	r0, [pc, #108]	@ (1000211c <pll_init+0xa0>)
100020b0:	18e2      	adds	r2, r4, r3
100020b2:	1e53      	subs	r3, r2, #1
100020b4:	419a      	sbcs	r2, r3
100020b6:	2380      	movs	r3, #128	@ 0x80
100020b8:	4252      	negs	r2, r2
100020ba:	0b12      	lsrs	r2, r2, #12
100020bc:	019b      	lsls	r3, r3, #6
100020be:	0312      	lsls	r2, r2, #12
100020c0:	18d2      	adds	r2, r2, r3
100020c2:	4b17      	ldr	r3, [pc, #92]	@ (10002120 <pll_init+0xa4>)
100020c4:	601a      	str	r2, [r3, #0]
100020c6:	4b17      	ldr	r3, [pc, #92]	@ (10002124 <pll_init+0xa8>)
100020c8:	601a      	str	r2, [r3, #0]
100020ca:	0013      	movs	r3, r2
100020cc:	6801      	ldr	r1, [r0, #0]
100020ce:	438b      	bics	r3, r1
100020d0:	d1fb      	bne.n	100020ca <pll_init+0x4e>
100020d2:	2221      	movs	r2, #33	@ 0x21
100020d4:	4b14      	ldr	r3, [pc, #80]	@ (10002128 <pll_init+0xac>)
100020d6:	6025      	str	r5, [r4, #0]
100020d8:	18e3      	adds	r3, r4, r3
100020da:	60a6      	str	r6, [r4, #8]
100020dc:	601a      	str	r2, [r3, #0]
100020de:	6822      	ldr	r2, [r4, #0]
100020e0:	2a00      	cmp	r2, #0
100020e2:	dafc      	bge.n	100020de <pll_init+0x62>
100020e4:	4662      	mov	r2, ip
100020e6:	60e2      	str	r2, [r4, #12]
100020e8:	2208      	movs	r2, #8
100020ea:	601a      	str	r2, [r3, #0]
100020ec:	bc80      	pop	{r7}
100020ee:	46b8      	mov	r8, r7
100020f0:	bdf0      	pop	{r4, r5, r6, r7, pc}
100020f2:	233f      	movs	r3, #63	@ 0x3f
100020f4:	6822      	ldr	r2, [r4, #0]
100020f6:	4013      	ands	r3, r2
100020f8:	42ab      	cmp	r3, r5
100020fa:	d1d7      	bne.n	100020ac <pll_init+0x30>
100020fc:	68a3      	ldr	r3, [r4, #8]
100020fe:	051b      	lsls	r3, r3, #20
10002100:	0d1b      	lsrs	r3, r3, #20
10002102:	4283      	cmp	r3, r0
10002104:	d1d2      	bne.n	100020ac <pll_init+0x30>
10002106:	22ee      	movs	r2, #238	@ 0xee
10002108:	68e3      	ldr	r3, [r4, #12]
1000210a:	02d2      	lsls	r2, r2, #11
1000210c:	4013      	ands	r3, r2
1000210e:	4563      	cmp	r3, ip
10002110:	d1cc      	bne.n	100020ac <pll_init+0x30>
10002112:	e7eb      	b.n	100020ec <pll_init+0x70>
10002114:	00b71b00 	.word	0x00b71b00
10002118:	bffd4000 	.word	0xbffd4000
1000211c:	4000c008 	.word	0x4000c008
10002120:	4000e000 	.word	0x4000e000
10002124:	4000f000 	.word	0x4000f000
10002128:	00003004 	.word	0x00003004

1000212c <vreg_set_voltage>:
1000212c:	4b04      	ldr	r3, [pc, #16]	@ (10002140 <vreg_set_voltage+0x14>)
1000212e:	0100      	lsls	r0, r0, #4
10002130:	681b      	ldr	r3, [r3, #0]
10002132:	4a04      	ldr	r2, [pc, #16]	@ (10002144 <vreg_set_voltage+0x18>)
10002134:	4058      	eors	r0, r3
10002136:	23f0      	movs	r3, #240	@ 0xf0
10002138:	4003      	ands	r3, r0
1000213a:	6013      	str	r3, [r2, #0]
1000213c:	4770      	bx	lr
1000213e:	46c0      	nop			@ (mov r8, r8)
10002140:	40064000 	.word	0x40064000
10002144:	40065000 	.word	0x40065000

10002148 <watchdog_reboot>:
10002148:	b510      	push	{r4, lr}
1000214a:	2480      	movs	r4, #128	@ 0x80
1000214c:	4b1c      	ldr	r3, [pc, #112]	@ (100021c0 <watchdog_reboot+0x78>)
1000214e:	05e4      	lsls	r4, r4, #23
10002150:	601c      	str	r4, [r3, #0]
10002152:	2800      	cmp	r0, #0
10002154:	d01a      	beq.n	1000218c <watchdog_reboot+0x44>
10002156:	2301      	movs	r3, #1
10002158:	4c1a      	ldr	r4, [pc, #104]	@ (100021c4 <watchdog_reboot+0x7c>)
1000215a:	4318      	orrs	r0, r3
1000215c:	4b1a      	ldr	r3, [pc, #104]	@ (100021c8 <watchdog_reboot+0x80>)
1000215e:	61dc      	str	r4, [r3, #28]
10002160:	4c1a      	ldr	r4, [pc, #104]	@ (100021cc <watchdog_reboot+0x84>)
10002162:	4044      	eors	r4, r0
10002164:	621c      	str	r4, [r3, #32]
10002166:	6259      	str	r1, [r3, #36]	@ 0x24
10002168:	6298      	str	r0, [r3, #40]	@ 0x28
1000216a:	2180      	movs	r1, #128	@ 0x80
1000216c:	4b14      	ldr	r3, [pc, #80]	@ (100021c0 <watchdog_reboot+0x78>)
1000216e:	05c9      	lsls	r1, r1, #23
10002170:	6019      	str	r1, [r3, #0]
10002172:	4817      	ldr	r0, [pc, #92]	@ (100021d0 <watchdog_reboot+0x88>)
10002174:	4917      	ldr	r1, [pc, #92]	@ (100021d4 <watchdog_reboot+0x8c>)
10002176:	6008      	str	r0, [r1, #0]
10002178:	21e0      	movs	r1, #224	@ 0xe0
1000217a:	04c9      	lsls	r1, r1, #19
1000217c:	6019      	str	r1, [r3, #0]
1000217e:	2a00      	cmp	r2, #0
10002180:	d107      	bne.n	10002192 <watchdog_reboot+0x4a>
10002182:	2280      	movs	r2, #128	@ 0x80
10002184:	4b14      	ldr	r3, [pc, #80]	@ (100021d8 <watchdog_reboot+0x90>)
10002186:	0612      	lsls	r2, r2, #24
10002188:	601a      	str	r2, [r3, #0]
1000218a:	bd10      	pop	{r4, pc}
1000218c:	4b0e      	ldr	r3, [pc, #56]	@ (100021c8 <watchdog_reboot+0x80>)
1000218e:	61d8      	str	r0, [r3, #28]
10002190:	e7eb      	b.n	1000216a <watchdog_reboot+0x22>
10002192:	0153      	lsls	r3, r2, #5
10002194:	1a9b      	subs	r3, r3, r2
10002196:	009b      	lsls	r3, r3, #2
10002198:	189a      	adds	r2, r3, r2
1000219a:	2380      	movs	r3, #128	@ 0x80
1000219c:	0112      	lsls	r2, r2, #4
1000219e:	045b      	lsls	r3, r3, #17
100021a0:	429a      	cmp	r2, r3
100021a2:	d209      	bcs.n	100021b8 <watchdog_reboot+0x70>
100021a4:	0013      	movs	r3, r2
100021a6:	490d      	ldr	r1, [pc, #52]	@ (100021dc <watchdog_reboot+0x94>)
100021a8:	600b      	str	r3, [r1, #0]
100021aa:	4b07      	ldr	r3, [pc, #28]	@ (100021c8 <watchdog_reboot+0x80>)
100021ac:	605a      	str	r2, [r3, #4]
100021ae:	2280      	movs	r2, #128	@ 0x80
100021b0:	4b09      	ldr	r3, [pc, #36]	@ (100021d8 <watchdog_reboot+0x90>)
100021b2:	05d2      	lsls	r2, r2, #23
100021b4:	601a      	str	r2, [r3, #0]
100021b6:	e7e8      	b.n	1000218a <watchdog_reboot+0x42>
100021b8:	4b09      	ldr	r3, [pc, #36]	@ (100021e0 <watchdog_reboot+0x98>)
100021ba:	001a      	movs	r2, r3
100021bc:	e7f3      	b.n	100021a6 <watchdog_reboot+0x5e>
100021be:	46c0      	nop			@ (mov r8, r8)
100021c0:	4005b000 	.word	0x4005b000
100021c4:	b007c0d3 	.word	0xb007c0d3
100021c8:	40058000 	.word	0x40058000
100021cc:	4ff83f2d 	.word	0x4ff83f2d
100021d0:	0001fffc 	.word	0x0001fffc
100021d4:	40012008 	.word	0x40012008
100021d8:	4005a000 	.word	0x4005a000
100021dc:	20012d64 	.word	0x20012d64
100021e0:	00ffffff 	.word	0x00ffffff

100021e4 <tick_start>:
100021e4:	2380      	movs	r3, #128	@ 0x80
100021e6:	4a02      	ldr	r2, [pc, #8]	@ (100021f0 <tick_start+0xc>)
100021e8:	009b      	lsls	r3, r3, #2
100021ea:	430b      	orrs	r3, r1
100021ec:	62d3      	str	r3, [r2, #44]	@ 0x2c
100021ee:	4770      	bx	lr
100021f0:	40058000 	.word	0x40058000

100021f4 <rom_func_lookup>:
100021f4:	2300      	movs	r3, #0
100021f6:	b510      	push	{r4, lr}
100021f8:	0001      	movs	r1, r0
100021fa:	8a98      	ldrh	r0, [r3, #20]
100021fc:	8b1b      	ldrh	r3, [r3, #24]
100021fe:	4798      	blx	r3
10002200:	bd10      	pop	{r4, pc}
10002202:	46c0      	nop			@ (mov r8, r8)

10002204 <rom_data_lookup>:
10002204:	2316      	movs	r3, #22
10002206:	b510      	push	{r4, lr}
10002208:	0001      	movs	r1, r0
1000220a:	8818      	ldrh	r0, [r3, #0]
1000220c:	885b      	ldrh	r3, [r3, #2]
1000220e:	4798      	blx	r3
10002210:	bd10      	pop	{r4, pc}
10002212:	46c0      	nop			@ (mov r8, r8)

10002214 <rom_funcs_lookup>:
10002214:	b5f8      	push	{r3, r4, r5, r6, r7, lr}
10002216:	4647      	mov	r7, r8
10002218:	46ce      	mov	lr, r9
1000221a:	b580      	push	{r7, lr}
1000221c:	1e0f      	subs	r7, r1, #0
1000221e:	d018      	beq.n	10002252 <rom_funcs_lookup+0x3e>
10002220:	2314      	movs	r3, #20
10002222:	4699      	mov	r9, r3
10002224:	3304      	adds	r3, #4
10002226:	0004      	movs	r4, r0
10002228:	2500      	movs	r5, #0
1000222a:	2601      	movs	r6, #1
1000222c:	4698      	mov	r8, r3
1000222e:	464b      	mov	r3, r9
10002230:	8818      	ldrh	r0, [r3, #0]
10002232:	4643      	mov	r3, r8
10002234:	6821      	ldr	r1, [r4, #0]
10002236:	881b      	ldrh	r3, [r3, #0]
10002238:	4798      	blx	r3
1000223a:	c401      	stmia	r4!, {r0}
1000223c:	1e43      	subs	r3, r0, #1
1000223e:	4198      	sbcs	r0, r3
10002240:	3501      	adds	r5, #1
10002242:	4006      	ands	r6, r0
10002244:	42af      	cmp	r7, r5
10002246:	d1f2      	bne.n	1000222e <rom_funcs_lookup+0x1a>
10002248:	0030      	movs	r0, r6
1000224a:	bcc0      	pop	{r6, r7}
1000224c:	46b9      	mov	r9, r7
1000224e:	46b0      	mov	r8, r6
10002250:	bdf8      	pop	{r3, r4, r5, r6, r7, pc}
10002252:	2601      	movs	r6, #1
10002254:	e7f8      	b.n	10002248 <rom_funcs_lookup+0x34>
10002256:	46c0      	nop			@ (mov r8, r8)

10002258 <rom_reset_usb_boot>:
10002258:	2300      	movs	r3, #0
1000225a:	b570      	push	{r4, r5, r6, lr}
1000225c:	0004      	movs	r4, r0
1000225e:	000d      	movs	r5, r1
10002260:	8a98      	ldrh	r0, [r3, #20]
10002262:	4903      	ldr	r1, [pc, #12]	@ (10002270 <rom_reset_usb_boot+0x18>)
10002264:	8b1b      	ldrh	r3, [r3, #24]
10002266:	4798      	blx	r3
10002268:	0029      	movs	r1, r5
1000226a:	0003      	movs	r3, r0
1000226c:	0020      	movs	r0, r4
1000226e:	4798      	blx	r3
10002270:	00004255 	.word	0x00004255

10002274 <rom_reset_usb_boot_extra>:
10002274:	2300      	movs	r3, #0
10002276:	b570      	push	{r4, r5, r6, lr}
10002278:	0004      	movs	r4, r0
1000227a:	000d      	movs	r5, r1
1000227c:	8a98      	ldrh	r0, [r3, #20]
1000227e:	4905      	ldr	r1, [pc, #20]	@ (10002294 <rom_reset_usb_boot_extra+0x20>)
10002280:	8b1b      	ldrh	r3, [r3, #24]
10002282:	4798      	blx	r3
10002284:	0003      	movs	r3, r0
10002286:	2000      	movs	r0, #0
10002288:	2c00      	cmp	r4, #0
1000228a:	db01      	blt.n	10002290 <rom_reset_usb_boot_extra+0x1c>
1000228c:	3001      	adds	r0, #1
1000228e:	40a0      	lsls	r0, r4
10002290:	0029      	movs	r1, r5
10002292:	4798      	blx	r3
10002294:	00004255 	.word	0x00004255

10002298 <xosc_init>:
10002298:	23aa      	movs	r3, #170	@ 0xaa
1000229a:	4a06      	ldr	r2, [pc, #24]	@ (100022b4 <xosc_init+0x1c>)
1000229c:	011b      	lsls	r3, r3, #4
1000229e:	6013      	str	r3, [r2, #0]
100022a0:	238d      	movs	r3, #141	@ 0x8d
100022a2:	005b      	lsls	r3, r3, #1
100022a4:	60d3      	str	r3, [r2, #12]
100022a6:	4904      	ldr	r1, [pc, #16]	@ (100022b8 <xosc_init+0x20>)
100022a8:	4b04      	ldr	r3, [pc, #16]	@ (100022bc <xosc_init+0x24>)
100022aa:	6019      	str	r1, [r3, #0]
100022ac:	6853      	ldr	r3, [r2, #4]
100022ae:	2b00      	cmp	r3, #0
100022b0:	dafc      	bge.n	100022ac <xosc_init+0x14>
100022b2:	4770      	bx	lr
100022b4:	40024000 	.word	0x40024000
100022b8:	00fab000 	.word	0x00fab000
100022bc:	40026000 	.word	0x40026000

100022c0 <first_per_core_initializer>:
100022c0:	4770      	bx	lr
100022c2:	46c0      	nop			@ (mov r8, r8)

100022c4 <hard_assertion_failure>:
100022c4:	b510      	push	{r4, lr}
100022c6:	4801      	ldr	r0, [pc, #4]	@ (100022cc <hard_assertion_failure+0x8>)
100022c8:	f7fe faf6 	bl	100008b8 <panic>
100022cc:	1000939c 	.word	0x1000939c

100022d0 <runtime_run_initializers>:
100022d0:	b570      	push	{r4, r5, r6, lr}
100022d2:	4d07      	ldr	r5, [pc, #28]	@ (100022f0 <runtime_run_initializers+0x20>)
100022d4:	4e07      	ldr	r6, [pc, #28]	@ (100022f4 <runtime_run_initializers+0x24>)
100022d6:	42b5      	cmp	r5, r6
100022d8:	d209      	bcs.n	100022ee <runtime_run_initializers+0x1e>
100022da:	2400      	movs	r4, #0
100022dc:	3e01      	subs	r6, #1
100022de:	1b76      	subs	r6, r6, r5
100022e0:	08b6      	lsrs	r6, r6, #2
100022e2:	3601      	adds	r6, #1
100022e4:	cd08      	ldmia	r5!, {r3}
100022e6:	3401      	adds	r4, #1
100022e8:	4798      	blx	r3
100022ea:	42b4      	cmp	r4, r6
100022ec:	d1fa      	bne.n	100022e4 <runtime_run_initializers+0x14>
100022ee:	bd70      	pop	{r4, r5, r6, pc}
100022f0:	10008fc0 	.word	0x10008fc0
100022f4:	10008ffc 	.word	0x10008ffc

100022f8 <runtime_init_early_resets>:
100022f8:	4b05      	ldr	r3, [pc, #20]	@ (10002310 <runtime_init_early_resets+0x18>)
100022fa:	4a06      	ldr	r2, [pc, #24]	@ (10002314 <runtime_init_early_resets+0x1c>)
100022fc:	4906      	ldr	r1, [pc, #24]	@ (10002318 <runtime_init_early_resets+0x20>)
100022fe:	601a      	str	r2, [r3, #0]
10002300:	4a06      	ldr	r2, [pc, #24]	@ (1000231c <runtime_init_early_resets+0x24>)
10002302:	4b07      	ldr	r3, [pc, #28]	@ (10002320 <runtime_init_early_resets+0x28>)
10002304:	601a      	str	r2, [r3, #0]
10002306:	0010      	movs	r0, r2
10002308:	680b      	ldr	r3, [r1, #0]
1000230a:	4398      	bics	r0, r3
1000230c:	d1fb      	bne.n	10002306 <runtime_init_early_resets+0xe>
1000230e:	4770      	bx	lr
10002310:	4000e000 	.word	0x4000e000
10002314:	fefbcdbf 	.word	0xfefbcdbf
10002318:	4000c008 	.word	0x4000c008
1000231c:	003c7ffe 	.word	0x003c7ffe
10002320:	4000f000 	.word	0x4000f000

10002324 <runtime_init_usb_power_down>:
10002324:	4b04      	ldr	r3, [pc, #16]	@ (10002338 <runtime_init_usb_power_down+0x14>)
10002326:	6cdb      	ldr	r3, [r3, #76]	@ 0x4c
10002328:	2b00      	cmp	r3, #0
1000232a:	d103      	bne.n	10002334 <runtime_init_usb_power_down+0x10>
1000232c:	2280      	movs	r2, #128	@ 0x80
1000232e:	4b03      	ldr	r3, [pc, #12]	@ (1000233c <runtime_init_usb_power_down+0x18>)
10002330:	02d2      	lsls	r2, r2, #11
10002332:	601a      	str	r2, [r3, #0]
10002334:	4770      	bx	lr
10002336:	46c0      	nop			@ (mov r8, r8)
10002338:	50110000 	.word	0x50110000
1000233c:	5011204c 	.word	0x5011204c

10002340 <runtime_init_post_clock_resets>:
10002340:	4a04      	ldr	r2, [pc, #16]	@ (10002354 <runtime_init_post_clock_resets+0x14>)
10002342:	4b05      	ldr	r3, [pc, #20]	@ (10002358 <runtime_init_post_clock_resets+0x18>)
10002344:	601a      	str	r2, [r3, #0]
10002346:	4a05      	ldr	r2, [pc, #20]	@ (1000235c <runtime_init_post_clock_resets+0x1c>)
10002348:	6813      	ldr	r3, [r2, #0]
1000234a:	01db      	lsls	r3, r3, #7
1000234c:	3380      	adds	r3, #128	@ 0x80
1000234e:	d1fb      	bne.n	10002348 <runtime_init_post_clock_resets+0x8>
10002350:	4770      	bx	lr
10002352:	46c0      	nop			@ (mov r8, r8)
10002354:	01ffffff 	.word	0x01ffffff
10002358:	4000f000 	.word	0x4000f000
1000235c:	4000c008 	.word	0x4000c008

10002360 <runtime_init_rp2040_gpio_ie_disable>:
10002360:	2240      	movs	r2, #64	@ 0x40
10002362:	4b03      	ldr	r3, [pc, #12]	@ (10002370 <runtime_init_rp2040_gpio_ie_disable+0x10>)
10002364:	679a      	str	r2, [r3, #120]	@ 0x78
10002366:	675a      	str	r2, [r3, #116]	@ 0x74
10002368:	671a      	str	r2, [r3, #112]	@ 0x70
1000236a:	66da      	str	r2, [r3, #108]	@ 0x6c
1000236c:	4770      	bx	lr
1000236e:	46c0      	nop			@ (mov r8, r8)
10002370:	4001f000 	.word	0x4001f000

10002374 <runtime_init_spin_locks_reset>:
10002374:	b510      	push	{r4, lr}
10002376:	f7fe fb55 	bl	10000a24 <spin_locks_reset>
1000237a:	bd10      	pop	{r4, pc}

1000237c <runtime_init_install_ram_vector_table>:
1000237c:	b570      	push	{r4, r5, r6, lr}
1000237e:	4927      	ldr	r1, [pc, #156]	@ (1000241c <runtime_init_install_ram_vector_table+0xa0>)
10002380:	4e27      	ldr	r6, [pc, #156]	@ (10002420 <runtime_init_install_ram_vector_table+0xa4>)
10002382:	4d28      	ldr	r5, [pc, #160]	@ (10002424 <runtime_init_install_ram_vector_table+0xa8>)
10002384:	1a76      	subs	r6, r6, r1
10002386:	08b4      	lsrs	r4, r6, #2
10002388:	0022      	movs	r2, r4
1000238a:	2c30      	cmp	r4, #48	@ 0x30
1000238c:	d900      	bls.n	10002390 <runtime_init_install_ram_vector_table+0x14>
1000238e:	2230      	movs	r2, #48	@ 0x30
10002390:	0028      	movs	r0, r5
10002392:	0092      	lsls	r2, r2, #2
10002394:	f000 ff7e 	bl	10003294 <__wrap___aeabi_memcpy>
10002398:	2c2f      	cmp	r4, #47	@ 0x2f
1000239a:	d83b      	bhi.n	10002414 <runtime_init_install_ram_vector_table+0x98>
1000239c:	0023      	movs	r3, r4
1000239e:	3b2a      	subs	r3, #42	@ 0x2a
100023a0:	4a21      	ldr	r2, [pc, #132]	@ (10002428 <runtime_init_install_ram_vector_table+0xac>)
100023a2:	2b05      	cmp	r3, #5
100023a4:	d91b      	bls.n	100023de <runtime_init_install_ram_vector_table+0x62>
100023a6:	2030      	movs	r0, #48	@ 0x30
100023a8:	19ae      	adds	r6, r5, r6
100023aa:	0771      	lsls	r1, r6, #29
100023ac:	1b00      	subs	r0, r0, r4
100023ae:	0026      	movs	r6, r4
100023b0:	0fcb      	lsrs	r3, r1, #31
100023b2:	2900      	cmp	r1, #0
100023b4:	da02      	bge.n	100023bc <runtime_init_install_ram_vector_table+0x40>
100023b6:	00a1      	lsls	r1, r4, #2
100023b8:	506a      	str	r2, [r5, r1]
100023ba:	1c66      	adds	r6, r4, #1
100023bc:	1ac0      	subs	r0, r0, r3
100023be:	18e3      	adds	r3, r4, r3
100023c0:	009b      	lsls	r3, r3, #2
100023c2:	0841      	lsrs	r1, r0, #1
100023c4:	18eb      	adds	r3, r5, r3
100023c6:	00c9      	lsls	r1, r1, #3
100023c8:	18c9      	adds	r1, r1, r3
100023ca:	601a      	str	r2, [r3, #0]
100023cc:	605a      	str	r2, [r3, #4]
100023ce:	3308      	adds	r3, #8
100023d0:	428b      	cmp	r3, r1
100023d2:	d1fa      	bne.n	100023ca <runtime_init_install_ram_vector_table+0x4e>
100023d4:	2301      	movs	r3, #1
100023d6:	4203      	tst	r3, r0
100023d8:	d01c      	beq.n	10002414 <runtime_init_install_ram_vector_table+0x98>
100023da:	4398      	bics	r0, r3
100023dc:	1984      	adds	r4, r0, r6
100023de:	00a3      	lsls	r3, r4, #2
100023e0:	50ea      	str	r2, [r5, r3]
100023e2:	1c63      	adds	r3, r4, #1
100023e4:	2c2f      	cmp	r4, #47	@ 0x2f
100023e6:	d015      	beq.n	10002414 <runtime_init_install_ram_vector_table+0x98>
100023e8:	009b      	lsls	r3, r3, #2
100023ea:	50ea      	str	r2, [r5, r3]
100023ec:	1ca3      	adds	r3, r4, #2
100023ee:	2c2e      	cmp	r4, #46	@ 0x2e
100023f0:	d010      	beq.n	10002414 <runtime_init_install_ram_vector_table+0x98>
100023f2:	009b      	lsls	r3, r3, #2
100023f4:	50ea      	str	r2, [r5, r3]
100023f6:	1ce3      	adds	r3, r4, #3
100023f8:	2c2d      	cmp	r4, #45	@ 0x2d
100023fa:	d00b      	beq.n	10002414 <runtime_init_install_ram_vector_table+0x98>
100023fc:	009b      	lsls	r3, r3, #2
100023fe:	50ea      	str	r2, [r5, r3]
10002400:	1d23      	adds	r3, r4, #4
10002402:	2c2c      	cmp	r4, #44	@ 0x2c
10002404:	d006      	beq.n	10002414 <runtime_init_install_ram_vector_table+0x98>
10002406:	009b      	lsls	r3, r3, #2
10002408:	50ea      	str	r2, [r5, r3]
1000240a:	1d63      	adds	r3, r4, #5
1000240c:	2c2b      	cmp	r4, #43	@ 0x2b
1000240e:	d001      	beq.n	10002414 <runtime_init_install_ram_vector_table+0x98>
10002410:	009b      	lsls	r3, r3, #2
10002412:	50ea      	str	r2, [r5, r3]
10002414:	4b05      	ldr	r3, [pc, #20]	@ (1000242c <runtime_init_install_ram_vector_table+0xb0>)
10002416:	609d      	str	r5, [r3, #8]
10002418:	bd70      	pop	{r4, r5, r6, pc}
1000241a:	46c0      	nop			@ (mov r8, r8)
1000241c:	10000100 	.word	0x10000100
10002420:	100001c0 	.word	0x100001c0
10002424:	20000000 	.word	0x20000000
10002428:	100001c1 	.word	0x100001c1
1000242c:	e000ed00 	.word	0xe000ed00

10002430 <runtime_init_clocks>:
10002430:	2300      	movs	r3, #0
10002432:	b510      	push	{r4, lr}
10002434:	4c29      	ldr	r4, [pc, #164]	@ (100024dc <runtime_init_clocks+0xac>)
10002436:	b082      	sub	sp, #8
10002438:	67a3      	str	r3, [r4, #120]	@ 0x78
1000243a:	f7ff ff2d 	bl	10002298 <xosc_init>
1000243e:	2201      	movs	r2, #1
10002440:	4b27      	ldr	r3, [pc, #156]	@ (100024e0 <runtime_init_clocks+0xb0>)
10002442:	601a      	str	r2, [r3, #0]
10002444:	6c63      	ldr	r3, [r4, #68]	@ 0x44
10002446:	2b01      	cmp	r3, #1
10002448:	d1fc      	bne.n	10002444 <runtime_init_clocks+0x14>
1000244a:	2203      	movs	r2, #3
1000244c:	4b25      	ldr	r3, [pc, #148]	@ (100024e4 <runtime_init_clocks+0xb4>)
1000244e:	601a      	str	r2, [r3, #0]
10002450:	4a22      	ldr	r2, [pc, #136]	@ (100024dc <runtime_init_clocks+0xac>)
10002452:	6b93      	ldr	r3, [r2, #56]	@ 0x38
10002454:	2b01      	cmp	r3, #1
10002456:	d1fc      	bne.n	10002452 <runtime_init_clocks+0x22>
10002458:	3301      	adds	r3, #1
1000245a:	9300      	str	r3, [sp, #0]
1000245c:	2101      	movs	r1, #1
1000245e:	4a22      	ldr	r2, [pc, #136]	@ (100024e8 <runtime_init_clocks+0xb8>)
10002460:	4822      	ldr	r0, [pc, #136]	@ (100024ec <runtime_init_clocks+0xbc>)
10002462:	3304      	adds	r3, #4
10002464:	f7ff fe0a 	bl	1000207c <pll_init>
10002468:	2305      	movs	r3, #5
1000246a:	2101      	movs	r1, #1
1000246c:	9300      	str	r3, [sp, #0]
1000246e:	4a20      	ldr	r2, [pc, #128]	@ (100024f0 <runtime_init_clocks+0xc0>)
10002470:	4820      	ldr	r0, [pc, #128]	@ (100024f4 <runtime_init_clocks+0xc4>)
10002472:	f7ff fe03 	bl	1000207c <pll_init>
10002476:	2200      	movs	r2, #0
10002478:	2102      	movs	r1, #2
1000247a:	2004      	movs	r0, #4
1000247c:	4b1e      	ldr	r3, [pc, #120]	@ (100024f8 <runtime_init_clocks+0xc8>)
1000247e:	f7ff fb69 	bl	10001b54 <clock_configure_undivided>
10002482:	2200      	movs	r2, #0
10002484:	2101      	movs	r1, #1
10002486:	2005      	movs	r0, #5
10002488:	4b1c      	ldr	r3, [pc, #112]	@ (100024fc <runtime_init_clocks+0xcc>)
1000248a:	f7ff fb63 	bl	10001b54 <clock_configure_undivided>
1000248e:	2200      	movs	r2, #0
10002490:	2100      	movs	r1, #0
10002492:	2007      	movs	r0, #7
10002494:	4b1a      	ldr	r3, [pc, #104]	@ (10002500 <runtime_init_clocks+0xd0>)
10002496:	f7ff fb5d 	bl	10001b54 <clock_configure_undivided>
1000249a:	2200      	movs	r2, #0
1000249c:	2100      	movs	r1, #0
1000249e:	2008      	movs	r0, #8
100024a0:	4b17      	ldr	r3, [pc, #92]	@ (10002500 <runtime_init_clocks+0xd0>)
100024a2:	f7ff fb57 	bl	10001b54 <clock_configure_undivided>
100024a6:	2380      	movs	r3, #128	@ 0x80
100024a8:	00db      	lsls	r3, r3, #3
100024aa:	9300      	str	r3, [sp, #0]
100024ac:	2200      	movs	r2, #0
100024ae:	2100      	movs	r1, #0
100024b0:	2009      	movs	r0, #9
100024b2:	4b13      	ldr	r3, [pc, #76]	@ (10002500 <runtime_init_clocks+0xd0>)
100024b4:	f7ff fad8 	bl	10001a68 <clock_configure_int_divider>
100024b8:	2200      	movs	r2, #0
100024ba:	4b10      	ldr	r3, [pc, #64]	@ (100024fc <runtime_init_clocks+0xcc>)
100024bc:	2100      	movs	r1, #0
100024be:	2006      	movs	r0, #6
100024c0:	f7ff fb48 	bl	10001b54 <clock_configure_undivided>
100024c4:	2004      	movs	r0, #4
100024c6:	f7ff fbb5 	bl	10001c34 <clock_get_hz>
100024ca:	490e      	ldr	r1, [pc, #56]	@ (10002504 <runtime_init_clocks+0xd4>)
100024cc:	f000 f84c 	bl	10002568 <__wrap___aeabi_uidiv>
100024d0:	0001      	movs	r1, r0
100024d2:	2000      	movs	r0, #0
100024d4:	f7ff fe86 	bl	100021e4 <tick_start>
100024d8:	b002      	add	sp, #8
100024da:	bd10      	pop	{r4, pc}
100024dc:	40008000 	.word	0x40008000
100024e0:	4000b03c 	.word	0x4000b03c
100024e4:	4000b030 	.word	0x4000b030
100024e8:	59682f00 	.word	0x59682f00
100024ec:	40028000 	.word	0x40028000
100024f0:	47868c00 	.word	0x47868c00
100024f4:	4002c000 	.word	0x4002c000
100024f8:	00b71b00 	.word	0x00b71b00
100024fc:	07735940 	.word	0x07735940
10002500:	02dc6c00 	.word	0x02dc6c00
10002504:	000f4240 	.word	0x000f4240

10002508 <__aeabi_bits_init>:
10002508:	4801      	ldr	r0, [pc, #4]	@ (10002510 <__aeabi_bits_init+0x8>)
1000250a:	2104      	movs	r1, #4
1000250c:	4b01      	ldr	r3, [pc, #4]	@ (10002514 <__aeabi_bits_init+0xc>)
1000250e:	4718      	bx	r3
10002510:	20001140 	.word	0x20001140
10002514:	10002215 	.word	0x10002215

10002518 <__wrap___aeabi_idiv>:
10002518:	4a12      	ldr	r2, [pc, #72]	@ (10002564 <divmod_s32s32_savestate+0x18>)
1000251a:	6f93      	ldr	r3, [r2, #120]	@ 0x78
1000251c:	089b      	lsrs	r3, r3, #2
1000251e:	d215      	bcs.n	1000254c <divmod_s32s32_savestate>

10002520 <divmod_s32s32_core>:
10002520:	6690      	str	r0, [r2, #104]	@ 0x68
10002522:	66d1      	str	r1, [r2, #108]	@ 0x6c
10002524:	2900      	cmp	r1, #0
10002526:	d005      	beq.n	10002534 <divmod_s32s32_core+0x14>
10002528:	e7ff      	b.n	1000252a <divmod_s32s32_core+0xa>
1000252a:	e7ff      	b.n	1000252c <divmod_s32s32_core+0xc>
1000252c:	e7ff      	b.n	1000252e <divmod_s32s32_core+0xe>
1000252e:	6f51      	ldr	r1, [r2, #116]	@ 0x74
10002530:	6f10      	ldr	r0, [r2, #112]	@ 0x70
10002532:	4770      	bx	lr
10002534:	b504      	push	{r2, lr}
10002536:	2180      	movs	r1, #128	@ 0x80
10002538:	0609      	lsls	r1, r1, #24
1000253a:	17c2      	asrs	r2, r0, #31
1000253c:	4051      	eors	r1, r2
1000253e:	2800      	cmp	r0, #0
10002540:	d000      	beq.n	10002544 <divmod_s32s32_core+0x24>
10002542:	43c8      	mvns	r0, r1
10002544:	f006 fcfc 	bl	10008f40 <____aeabi_idiv0_veneer>
10002548:	2100      	movs	r1, #0
1000254a:	bd04      	pop	{r2, pc}

1000254c <divmod_s32s32_savestate>:
1000254c:	b5f0      	push	{r4, r5, r6, r7, lr}
1000254e:	6e14      	ldr	r4, [r2, #96]	@ 0x60
10002550:	6e55      	ldr	r5, [r2, #100]	@ 0x64
10002552:	6f57      	ldr	r7, [r2, #116]	@ 0x74
10002554:	6f16      	ldr	r6, [r2, #112]	@ 0x70
10002556:	f7ff ffe3 	bl	10002520 <divmod_s32s32_core>
1000255a:	6614      	str	r4, [r2, #96]	@ 0x60
1000255c:	6655      	str	r5, [r2, #100]	@ 0x64
1000255e:	6757      	str	r7, [r2, #116]	@ 0x74
10002560:	6716      	str	r6, [r2, #112]	@ 0x70
10002562:	bdf0      	pop	{r4, r5, r6, r7, pc}
10002564:	d0000000 	.word	0xd0000000

10002568 <__wrap___aeabi_uidiv>:
10002568:	4a11      	ldr	r2, [pc, #68]	@ (100025b0 <divmod_u32u32_savestate+0x18>)
1000256a:	6f93      	ldr	r3, [r2, #120]	@ 0x78
1000256c:	089b      	lsrs	r3, r3, #2
1000256e:	d213      	bcs.n	10002598 <divmod_u32u32_savestate>

10002570 <divmod_u32u32_core>:
10002570:	6610      	str	r0, [r2, #96]	@ 0x60
10002572:	6651      	str	r1, [r2, #100]	@ 0x64
10002574:	2900      	cmp	r1, #0
10002576:	d005      	beq.n	10002584 <divmod_u32u32_core+0x14>
10002578:	e7ff      	b.n	1000257a <divmod_u32u32_core+0xa>
1000257a:	e7ff      	b.n	1000257c <divmod_u32u32_core+0xc>
1000257c:	e7ff      	b.n	1000257e <divmod_u32u32_core+0xe>
1000257e:	6f51      	ldr	r1, [r2, #116]	@ 0x74
10002580:	6f10      	ldr	r0, [r2, #112]	@ 0x70
10002582:	4770      	bx	lr
10002584:	b504      	push	{r2, lr}
10002586:	2800      	cmp	r0, #0
10002588:	d001      	beq.n	1000258e <divmod_u32u32_core+0x1e>
1000258a:	2000      	movs	r0, #0
1000258c:	43c0      	mvns	r0, r0
1000258e:	f006 fcd7 	bl	10008f40 <____aeabi_idiv0_veneer>
10002592:	2100      	movs	r1, #0
10002594:	bd04      	pop	{r2, pc}
10002596:	46c0      	nop			@ (mov r8, r8)

10002598 <divmod_u32u32_savestate>:
10002598:	b5f0      	push	{r4, r5, r6, r7, lr}
1000259a:	6e14      	ldr	r4, [r2, #96]	@ 0x60
1000259c:	6e55      	ldr	r5, [r2, #100]	@ 0x64
1000259e:	6f57      	ldr	r7, [r2, #116]	@ 0x74
100025a0:	6f16      	ldr	r6, [r2, #112]	@ 0x70
100025a2:	f7ff ffe5 	bl	10002570 <divmod_u32u32_core>
100025a6:	6614      	str	r4, [r2, #96]	@ 0x60
100025a8:	6655      	str	r5, [r2, #100]	@ 0x64
100025aa:	6757      	str	r7, [r2, #116]	@ 0x74
100025ac:	6716      	str	r6, [r2, #112]	@ 0x70
100025ae:	bdf0      	pop	{r4, r5, r6, r7, pc}
100025b0:	d0000000 	.word	0xd0000000

100025b4 <__wrap___aeabi_ldivmod>:
100025b4:	4694      	mov	ip, r2
100025b6:	4a4a      	ldr	r2, [pc, #296]	@ (100026e0 <udiv0+0x1a>)
100025b8:	6f92      	ldr	r2, [r2, #120]	@ 0x78
100025ba:	0892      	lsrs	r2, r2, #2
100025bc:	4662      	mov	r2, ip
100025be:	d201      	bcs.n	100025c4 <divmod_s64s64_savestate>
100025c0:	e028      	b.n	10002614 <divmod_s64s64_unsafe>
100025c2:	46c0      	nop			@ (mov r8, r8)

100025c4 <divmod_s64s64_savestate>:
100025c4:	b5f0      	push	{r4, r5, r6, r7, lr}
100025c6:	4e46      	ldr	r6, [pc, #280]	@ (100026e0 <udiv0+0x1a>)
100025c8:	6e34      	ldr	r4, [r6, #96]	@ 0x60
100025ca:	6e75      	ldr	r5, [r6, #100]	@ 0x64
100025cc:	6f77      	ldr	r7, [r6, #116]	@ 0x74
100025ce:	6f36      	ldr	r6, [r6, #112]	@ 0x70
100025d0:	f000 f820 	bl	10002614 <divmod_s64s64_unsafe>
100025d4:	4694      	mov	ip, r2
100025d6:	4a42      	ldr	r2, [pc, #264]	@ (100026e0 <udiv0+0x1a>)
100025d8:	6614      	str	r4, [r2, #96]	@ 0x60
100025da:	6655      	str	r5, [r2, #100]	@ 0x64
100025dc:	6757      	str	r7, [r2, #116]	@ 0x74
100025de:	6716      	str	r6, [r2, #112]	@ 0x70
100025e0:	4662      	mov	r2, ip
100025e2:	bdf0      	pop	{r4, r5, r6, r7, pc}

100025e4 <__wrap___aeabi_uldivmod>:
100025e4:	4694      	mov	ip, r2
100025e6:	4a3e      	ldr	r2, [pc, #248]	@ (100026e0 <udiv0+0x1a>)
100025e8:	6f92      	ldr	r2, [r2, #120]	@ 0x78
100025ea:	0892      	lsrs	r2, r2, #2
100025ec:	4662      	mov	r2, ip
100025ee:	d201      	bcs.n	100025f4 <divmod_u64u64_savestate>
100025f0:	e054      	b.n	1000269c <divmod_u64u64_unsafe>
100025f2:	46c0      	nop			@ (mov r8, r8)

100025f4 <divmod_u64u64_savestate>:
100025f4:	b5f0      	push	{r4, r5, r6, r7, lr}
100025f6:	4e3a      	ldr	r6, [pc, #232]	@ (100026e0 <udiv0+0x1a>)
100025f8:	6e34      	ldr	r4, [r6, #96]	@ 0x60
100025fa:	6e75      	ldr	r5, [r6, #100]	@ 0x64
100025fc:	6f77      	ldr	r7, [r6, #116]	@ 0x74
100025fe:	6f36      	ldr	r6, [r6, #112]	@ 0x70
10002600:	f000 f84c 	bl	1000269c <divmod_u64u64_unsafe>
10002604:	4694      	mov	ip, r2
10002606:	4a36      	ldr	r2, [pc, #216]	@ (100026e0 <udiv0+0x1a>)
10002608:	6614      	str	r4, [r2, #96]	@ 0x60
1000260a:	6655      	str	r5, [r2, #100]	@ 0x64
1000260c:	6757      	str	r7, [r2, #116]	@ 0x74
1000260e:	6716      	str	r6, [r2, #112]	@ 0x70
10002610:	4662      	mov	r2, ip
10002612:	bdf0      	pop	{r4, r5, r6, r7, pc}

10002614 <divmod_s64s64_unsafe>:
10002614:	2b00      	cmp	r3, #0
10002616:	db24      	blt.n	10002662 <l46_1+0x26>
10002618:	d011      	beq.n	1000263e <l46_1+0x2>
1000261a:	2900      	cmp	r1, #0
1000261c:	da3e      	bge.n	1000269c <divmod_u64u64_unsafe>
1000261e:	b500      	push	{lr}
10002620:	43c9      	mvns	r1, r1
10002622:	4240      	negs	r0, r0
10002624:	d100      	bne.n	10002628 <l44_1>
10002626:	3101      	adds	r1, #1

10002628 <l44_1>:
10002628:	f000 f838 	bl	1000269c <divmod_u64u64_unsafe>
1000262c:	43c9      	mvns	r1, r1
1000262e:	4240      	negs	r0, r0
10002630:	d100      	bne.n	10002634 <l45_1>
10002632:	3101      	adds	r1, #1

10002634 <l45_1>:
10002634:	43db      	mvns	r3, r3
10002636:	4252      	negs	r2, r2
10002638:	d100      	bne.n	1000263c <l46_1>
1000263a:	3301      	adds	r3, #1

1000263c <l46_1>:
1000263c:	bd00      	pop	{pc}
1000263e:	2a00      	cmp	r2, #0
10002640:	d1eb      	bne.n	1000261a <divmod_s64s64_unsafe+0x6>
10002642:	2800      	cmp	r0, #0
10002644:	d101      	bne.n	1000264a <l46_1+0xe>
10002646:	2900      	cmp	r1, #0
10002648:	d005      	beq.n	10002656 <l46_1+0x1a>
1000264a:	2000      	movs	r0, #0
1000264c:	0fc9      	lsrs	r1, r1, #31
1000264e:	07c9      	lsls	r1, r1, #31
10002650:	d101      	bne.n	10002656 <l46_1+0x1a>
10002652:	43c0      	mvns	r0, r0
10002654:	0841      	lsrs	r1, r0, #1
10002656:	b500      	push	{lr}
10002658:	f006 fc7a 	bl	10008f50 <____aeabi_ldiv0_veneer>
1000265c:	2200      	movs	r2, #0
1000265e:	2300      	movs	r3, #0
10002660:	bd00      	pop	{pc}
10002662:	b500      	push	{lr}
10002664:	2900      	cmp	r1, #0
10002666:	db0a      	blt.n	1000267e <l48_1+0x2>
10002668:	43db      	mvns	r3, r3
1000266a:	4252      	negs	r2, r2
1000266c:	d100      	bne.n	10002670 <l47_1>
1000266e:	3301      	adds	r3, #1

10002670 <l47_1>:
10002670:	f000 f814 	bl	1000269c <divmod_u64u64_unsafe>
10002674:	43c9      	mvns	r1, r1
10002676:	4240      	negs	r0, r0
10002678:	d100      	bne.n	1000267c <l48_1>
1000267a:	3101      	adds	r1, #1

1000267c <l48_1>:
1000267c:	bd00      	pop	{pc}
1000267e:	43c9      	mvns	r1, r1
10002680:	4240      	negs	r0, r0
10002682:	d100      	bne.n	10002686 <l49_1>
10002684:	3101      	adds	r1, #1

10002686 <l49_1>:
10002686:	43db      	mvns	r3, r3
10002688:	4252      	negs	r2, r2
1000268a:	d100      	bne.n	1000268e <l50_1>
1000268c:	3301      	adds	r3, #1

1000268e <l50_1>:
1000268e:	f000 f805 	bl	1000269c <divmod_u64u64_unsafe>
10002692:	43db      	mvns	r3, r3
10002694:	4252      	negs	r2, r2
10002696:	d100      	bne.n	1000269a <l51_1>
10002698:	3301      	adds	r3, #1

1000269a <l51_1>:
1000269a:	bd00      	pop	{pc}

1000269c <divmod_u64u64_unsafe>:
1000269c:	2900      	cmp	r1, #0
1000269e:	d123      	bne.n	100026e8 <y64>
100026a0:	2b00      	cmp	r3, #0
100026a2:	d118      	bne.n	100026d6 <udiv0+0x10>
100026a4:	2a00      	cmp	r2, #0
100026a6:	d00c      	beq.n	100026c2 <divmod_u64u64_unsafe+0x26>
100026a8:	46bc      	mov	ip, r7
100026aa:	4f0d      	ldr	r7, [pc, #52]	@ (100026e0 <udiv0+0x1a>)
100026ac:	6638      	str	r0, [r7, #96]	@ 0x60
100026ae:	667a      	str	r2, [r7, #100]	@ 0x64
100026b0:	2100      	movs	r1, #0
100026b2:	2300      	movs	r3, #0
100026b4:	e7ff      	b.n	100026b6 <divmod_u64u64_unsafe+0x1a>
100026b6:	e7ff      	b.n	100026b8 <divmod_u64u64_unsafe+0x1c>
100026b8:	e7ff      	b.n	100026ba <divmod_u64u64_unsafe+0x1e>
100026ba:	6f7a      	ldr	r2, [r7, #116]	@ 0x74
100026bc:	6f38      	ldr	r0, [r7, #112]	@ 0x70
100026be:	4667      	mov	r7, ip
100026c0:	4770      	bx	lr
100026c2:	2800      	cmp	r0, #0
100026c4:	d001      	beq.n	100026ca <udiv0+0x4>

100026c6 <udiv0>:
100026c6:	4807      	ldr	r0, [pc, #28]	@ (100026e4 <udiv0+0x1e>)
100026c8:	0001      	movs	r1, r0
100026ca:	b500      	push	{lr}
100026cc:	f006 fc40 	bl	10008f50 <____aeabi_ldiv0_veneer>
100026d0:	2200      	movs	r2, #0
100026d2:	2300      	movs	r3, #0
100026d4:	bd00      	pop	{pc}
100026d6:	0002      	movs	r2, r0
100026d8:	000b      	movs	r3, r1
100026da:	2000      	movs	r0, #0
100026dc:	2100      	movs	r1, #0
100026de:	4770      	bx	lr
100026e0:	d0000000 	.word	0xd0000000
100026e4:	ffffffff 	.word	0xffffffff

100026e8 <y64>:
100026e8:	2b00      	cmp	r3, #0
100026ea:	d000      	beq.n	100026ee <y64+0x6>
100026ec:	e0bf      	b.n	1000286e <y64_x48>
100026ee:	0c13      	lsrs	r3, r2, #16
100026f0:	d128      	bne.n	10002744 <y64_x32>
100026f2:	2a00      	cmp	r2, #0
100026f4:	d0e7      	beq.n	100026c6 <udiv0>
100026f6:	b480      	push	{r7}
100026f8:	4f11      	ldr	r7, [pc, #68]	@ (10002740 <y64+0x58>)
100026fa:	6639      	str	r1, [r7, #96]	@ 0x60
100026fc:	667a      	str	r2, [r7, #100]	@ 0x64
100026fe:	e7ff      	b.n	10002700 <y64+0x18>
10002700:	e7ff      	b.n	10002702 <y64+0x1a>
10002702:	b430      	push	{r4, r5}
10002704:	0c04      	lsrs	r4, r0, #16
10002706:	6f7b      	ldr	r3, [r7, #116]	@ 0x74
10002708:	6f39      	ldr	r1, [r7, #112]	@ 0x70
1000270a:	041b      	lsls	r3, r3, #16
1000270c:	4323      	orrs	r3, r4
1000270e:	663b      	str	r3, [r7, #96]	@ 0x60
10002710:	667a      	str	r2, [r7, #100]	@ 0x64
10002712:	e7ff      	b.n	10002714 <y64+0x2c>
10002714:	e7ff      	b.n	10002716 <y64+0x2e>
10002716:	e7ff      	b.n	10002718 <y64+0x30>
10002718:	46c0      	nop			@ (mov r8, r8)
1000271a:	b284      	uxth	r4, r0
1000271c:	6f7b      	ldr	r3, [r7, #116]	@ 0x74
1000271e:	6f3d      	ldr	r5, [r7, #112]	@ 0x70
10002720:	041b      	lsls	r3, r3, #16
10002722:	4323      	orrs	r3, r4
10002724:	663b      	str	r3, [r7, #96]	@ 0x60
10002726:	667a      	str	r2, [r7, #100]	@ 0x64
10002728:	e7ff      	b.n	1000272a <y64+0x42>
1000272a:	e7ff      	b.n	1000272c <y64+0x44>
1000272c:	46c0      	nop			@ (mov r8, r8)
1000272e:	2300      	movs	r3, #0
10002730:	042c      	lsls	r4, r5, #16
10002732:	0c2d      	lsrs	r5, r5, #16
10002734:	6f7a      	ldr	r2, [r7, #116]	@ 0x74
10002736:	6f38      	ldr	r0, [r7, #112]	@ 0x70
10002738:	1900      	adds	r0, r0, r4
1000273a:	4169      	adcs	r1, r5
1000273c:	bcb0      	pop	{r4, r5, r7}
1000273e:	4770      	bx	lr
10002740:	d0000000 	.word	0xd0000000

10002744 <y64_x32>:
10002744:	b5f0      	push	{r4, r5, r6, r7, lr}
10002746:	4694      	mov	ip, r2
10002748:	2500      	movs	r5, #0
1000274a:	0e14      	lsrs	r4, r2, #24
1000274c:	d101      	bne.n	10002752 <y64_x32+0xe>
1000274e:	0212      	lsls	r2, r2, #8
10002750:	3508      	adds	r5, #8
10002752:	0f14      	lsrs	r4, r2, #28
10002754:	d101      	bne.n	1000275a <y64_x32+0x16>
10002756:	0112      	lsls	r2, r2, #4
10002758:	3504      	adds	r5, #4
1000275a:	0f94      	lsrs	r4, r2, #30
1000275c:	d101      	bne.n	10002762 <y64_x32+0x1e>
1000275e:	0092      	lsls	r2, r2, #2
10002760:	3502      	adds	r5, #2
10002762:	0fd4      	lsrs	r4, r2, #31
10002764:	d101      	bne.n	1000276a <y64_x32+0x26>
10002766:	0052      	lsls	r2, r2, #1
10002768:	3501      	adds	r5, #1
1000276a:	0bd4      	lsrs	r4, r2, #15
1000276c:	3401      	adds	r4, #1
1000276e:	4f25      	ldr	r7, [pc, #148]	@ (10002804 <y64_x32+0xc0>)
10002770:	667c      	str	r4, [r7, #100]	@ 0x64
10002772:	4c25      	ldr	r4, [pc, #148]	@ (10002808 <y64_x32+0xc4>)
10002774:	663c      	str	r4, [r7, #96]	@ 0x60
10002776:	0c0e      	lsrs	r6, r1, #16
10002778:	b293      	uxth	r3, r2
1000277a:	e7ff      	b.n	1000277c <y64_x32+0x38>
1000277c:	e7ff      	b.n	1000277e <y64_x32+0x3a>
1000277e:	e7ff      	b.n	10002780 <y64_x32+0x3c>
10002780:	6f3c      	ldr	r4, [r7, #112]	@ 0x70
10002782:	4366      	muls	r6, r4
10002784:	0c36      	lsrs	r6, r6, #16
10002786:	0377      	lsls	r7, r6, #13
10002788:	46be      	mov	lr, r7
1000278a:	4373      	muls	r3, r6
1000278c:	0bdf      	lsrs	r7, r3, #15
1000278e:	045b      	lsls	r3, r3, #17
10002790:	1ac0      	subs	r0, r0, r3
10002792:	41b9      	sbcs	r1, r7
10002794:	0c13      	lsrs	r3, r2, #16
10002796:	4373      	muls	r3, r6
10002798:	18db      	adds	r3, r3, r3
1000279a:	1ac9      	subs	r1, r1, r3
1000279c:	08ce      	lsrs	r6, r1, #3
1000279e:	4366      	muls	r6, r4
100027a0:	0c36      	lsrs	r6, r6, #16
100027a2:	44b6      	add	lr, r6
100027a4:	b293      	uxth	r3, r2
100027a6:	4373      	muls	r3, r6
100027a8:	0f1f      	lsrs	r7, r3, #28
100027aa:	011b      	lsls	r3, r3, #4
100027ac:	1ac0      	subs	r0, r0, r3
100027ae:	41b9      	sbcs	r1, r7
100027b0:	0c13      	lsrs	r3, r2, #16
100027b2:	4373      	muls	r3, r6
100027b4:	0b1f      	lsrs	r7, r3, #12
100027b6:	051b      	lsls	r3, r3, #20
100027b8:	1ac0      	subs	r0, r0, r3
100027ba:	41b9      	sbcs	r1, r7
100027bc:	0d86      	lsrs	r6, r0, #22
100027be:	028f      	lsls	r7, r1, #10
100027c0:	433e      	orrs	r6, r7
100027c2:	4366      	muls	r6, r4
100027c4:	0c36      	lsrs	r6, r6, #16
100027c6:	2d09      	cmp	r5, #9
100027c8:	db24      	blt.n	10002814 <last0>
100027ca:	0a52      	lsrs	r2, r2, #9
100027cc:	4372      	muls	r2, r6
100027ce:	1a80      	subs	r0, r0, r2
100027d0:	0377      	lsls	r7, r6, #13
100027d2:	0a46      	lsrs	r6, r0, #9
100027d4:	4366      	muls	r6, r4
100027d6:	0c36      	lsrs	r6, r6, #16
100027d8:	2316      	movs	r3, #22
100027da:	1b5b      	subs	r3, r3, r5
100027dc:	40de      	lsrs	r6, r3
100027de:	40df      	lsrs	r7, r3
100027e0:	19bf      	adds	r7, r7, r6
100027e2:	4664      	mov	r4, ip
100027e4:	4366      	muls	r6, r4
100027e6:	1b82      	subs	r2, r0, r6
100027e8:	4670      	mov	r0, lr
100027ea:	3504      	adds	r5, #4
100027ec:	3306      	adds	r3, #6
100027ee:	0001      	movs	r1, r0
100027f0:	40d9      	lsrs	r1, r3
100027f2:	40a8      	lsls	r0, r5
100027f4:	19c0      	adds	r0, r0, r7
100027f6:	d300      	bcc.n	100027fa <y64_x32+0xb6>
100027f8:	3101      	adds	r1, #1
100027fa:	42a2      	cmp	r2, r4
100027fc:	d206      	bcs.n	1000280c <y64_x32+0xc8>
100027fe:	2300      	movs	r3, #0
10002800:	bdf0      	pop	{r4, r5, r6, r7, pc}
10002802:	0000      	.short	0x0000
10002804:	d0000000 	.word	0xd0000000
10002808:	ffffffff 	.word	0xffffffff
1000280c:	1b12      	subs	r2, r2, r4
1000280e:	3001      	adds	r0, #1
10002810:	d3f3      	bcc.n	100027fa <y64_x32+0xb6>
10002812:	e7f1      	b.n	100027f8 <y64_x32+0xb4>

10002814 <last0>:
10002814:	2709      	movs	r7, #9
10002816:	1b7f      	subs	r7, r7, r5
10002818:	40fe      	lsrs	r6, r7
1000281a:	4664      	mov	r4, ip
1000281c:	b2a2      	uxth	r2, r4
1000281e:	4372      	muls	r2, r6
10002820:	1a80      	subs	r0, r0, r2
10002822:	d200      	bcs.n	10002826 <last0+0x12>
10002824:	3901      	subs	r1, #1
10002826:	0c22      	lsrs	r2, r4, #16
10002828:	4372      	muls	r2, r6
1000282a:	0c13      	lsrs	r3, r2, #16
1000282c:	0412      	lsls	r2, r2, #16
1000282e:	1a82      	subs	r2, r0, r2
10002830:	4199      	sbcs	r1, r3
10002832:	000b      	movs	r3, r1
10002834:	4670      	mov	r0, lr
10002836:	3504      	adds	r5, #4
10002838:	3713      	adds	r7, #19
1000283a:	0001      	movs	r1, r0
1000283c:	40f9      	lsrs	r1, r7
1000283e:	40a8      	lsls	r0, r5
10002840:	1980      	adds	r0, r0, r6
10002842:	d300      	bcc.n	10002846 <last0+0x32>
10002844:	3101      	adds	r1, #1
10002846:	2b00      	cmp	r3, #0
10002848:	d102      	bne.n	10002850 <last0+0x3c>
1000284a:	42a2      	cmp	r2, r4
1000284c:	d20a      	bcs.n	10002864 <last0+0x50>
1000284e:	bdf0      	pop	{r4, r5, r6, r7, pc}
10002850:	3001      	adds	r0, #1
10002852:	d300      	bcc.n	10002856 <last0+0x42>
10002854:	3101      	adds	r1, #1
10002856:	1b12      	subs	r2, r2, r4
10002858:	d2fa      	bcs.n	10002850 <last0+0x3c>
1000285a:	3b01      	subs	r3, #1
1000285c:	d1f8      	bne.n	10002850 <last0+0x3c>
1000285e:	42a2      	cmp	r2, r4
10002860:	d200      	bcs.n	10002864 <last0+0x50>
10002862:	bdf0      	pop	{r4, r5, r6, r7, pc}
10002864:	3001      	adds	r0, #1
10002866:	d300      	bcc.n	1000286a <last0+0x56>
10002868:	3101      	adds	r1, #1
1000286a:	1b12      	subs	r2, r2, r4
1000286c:	e7f7      	b.n	1000285e <last0+0x4a>

1000286e <y64_x48>:
1000286e:	b5f0      	push	{r4, r5, r6, r7, lr}
10002870:	0c1c      	lsrs	r4, r3, #16
10002872:	d000      	beq.n	10002876 <y64_x48+0x8>
10002874:	e080      	b.n	10002978 <y64_x64>
10002876:	b40c      	push	{r2, r3}
10002878:	2500      	movs	r5, #0
1000287a:	0a1c      	lsrs	r4, r3, #8
1000287c:	d104      	bne.n	10002888 <y64_x48+0x1a>
1000287e:	021b      	lsls	r3, r3, #8
10002880:	0e16      	lsrs	r6, r2, #24
10002882:	4333      	orrs	r3, r6
10002884:	0212      	lsls	r2, r2, #8
10002886:	3508      	adds	r5, #8
10002888:	0b1c      	lsrs	r4, r3, #12
1000288a:	d104      	bne.n	10002896 <y64_x48+0x28>
1000288c:	011b      	lsls	r3, r3, #4
1000288e:	0f16      	lsrs	r6, r2, #28
10002890:	4333      	orrs	r3, r6
10002892:	0112      	lsls	r2, r2, #4
10002894:	3504      	adds	r5, #4
10002896:	0b9c      	lsrs	r4, r3, #14
10002898:	d104      	bne.n	100028a4 <y64_x48+0x36>
1000289a:	009b      	lsls	r3, r3, #2
1000289c:	0f96      	lsrs	r6, r2, #30
1000289e:	4333      	orrs	r3, r6
100028a0:	0092      	lsls	r2, r2, #2
100028a2:	3502      	adds	r5, #2
100028a4:	0bdc      	lsrs	r4, r3, #15
100028a6:	d102      	bne.n	100028ae <y64_x48+0x40>
100028a8:	1892      	adds	r2, r2, r2
100028aa:	415b      	adcs	r3, r3
100028ac:	3501      	adds	r5, #1
100028ae:	001c      	movs	r4, r3
100028b0:	1897      	adds	r7, r2, r2
100028b2:	4164      	adcs	r4, r4
100028b4:	3401      	adds	r4, #1
100028b6:	4f46      	ldr	r7, [pc, #280]	@ (100029d0 <y64_x64+0x58>)
100028b8:	667c      	str	r4, [r7, #100]	@ 0x64
100028ba:	4c46      	ldr	r4, [pc, #280]	@ (100029d4 <y64_x64+0x5c>)
100028bc:	663c      	str	r4, [r7, #96]	@ 0x60
100028be:	0c0e      	lsrs	r6, r1, #16
100028c0:	e7ff      	b.n	100028c2 <y64_x48+0x54>
100028c2:	e7ff      	b.n	100028c4 <y64_x48+0x56>
100028c4:	e7ff      	b.n	100028c6 <y64_x48+0x58>
100028c6:	46c0      	nop			@ (mov r8, r8)
100028c8:	6f3c      	ldr	r4, [r7, #112]	@ 0x70
100028ca:	4366      	muls	r6, r4
100028cc:	0c36      	lsrs	r6, r6, #16
100028ce:	0377      	lsls	r7, r6, #13
100028d0:	46be      	mov	lr, r7
100028d2:	b297      	uxth	r7, r2
100028d4:	4377      	muls	r7, r6
100028d6:	1bc0      	subs	r0, r0, r7
100028d8:	d200      	bcs.n	100028dc <y64_x48+0x6e>
100028da:	3901      	subs	r1, #1
100028dc:	1bc0      	subs	r0, r0, r7
100028de:	d200      	bcs.n	100028e2 <y64_x48+0x74>
100028e0:	3901      	subs	r1, #1
100028e2:	b29f      	uxth	r7, r3
100028e4:	4377      	muls	r7, r6
100028e6:	1bc9      	subs	r1, r1, r7
100028e8:	1bc9      	subs	r1, r1, r7
100028ea:	0c17      	lsrs	r7, r2, #16
100028ec:	4377      	muls	r7, r6
100028ee:	047e      	lsls	r6, r7, #17
100028f0:	0bff      	lsrs	r7, r7, #15
100028f2:	1b80      	subs	r0, r0, r6
100028f4:	41b9      	sbcs	r1, r7
100028f6:	08ce      	lsrs	r6, r1, #3
100028f8:	4366      	muls	r6, r4
100028fa:	0c36      	lsrs	r6, r6, #16
100028fc:	2d0c      	cmp	r5, #12
100028fe:	db33      	blt.n	10002968 <last1>
10002900:	44b6      	add	lr, r6
10002902:	0b12      	lsrs	r2, r2, #12
10002904:	051f      	lsls	r7, r3, #20
10002906:	433a      	orrs	r2, r7
10002908:	0b1b      	lsrs	r3, r3, #12
1000290a:	b297      	uxth	r7, r2
1000290c:	4377      	muls	r7, r6
1000290e:	1bc0      	subs	r0, r0, r7
10002910:	d200      	bcs.n	10002914 <y64_x48+0xa6>
10002912:	3901      	subs	r1, #1
10002914:	b29f      	uxth	r7, r3
10002916:	4377      	muls	r7, r6
10002918:	1bc9      	subs	r1, r1, r7
1000291a:	0c17      	lsrs	r7, r2, #16
1000291c:	4377      	muls	r7, r6
1000291e:	043e      	lsls	r6, r7, #16
10002920:	0c3f      	lsrs	r7, r7, #16
10002922:	1b80      	subs	r0, r0, r6
10002924:	41b9      	sbcs	r1, r7
10002926:	0d86      	lsrs	r6, r0, #22
10002928:	028f      	lsls	r7, r1, #10
1000292a:	433e      	orrs	r6, r7
1000292c:	4366      	muls	r6, r4
1000292e:	2729      	movs	r7, #41	@ 0x29
10002930:	1b7f      	subs	r7, r7, r5
10002932:	40fe      	lsrs	r6, r7
10002934:	3d0c      	subs	r5, #12
10002936:	4677      	mov	r7, lr
10002938:	40af      	lsls	r7, r5
1000293a:	19bf      	adds	r7, r7, r6
1000293c:	bc30      	pop	{r4, r5}
1000293e:	b2a2      	uxth	r2, r4
10002940:	b2ab      	uxth	r3, r5
10002942:	4372      	muls	r2, r6
10002944:	4373      	muls	r3, r6
10002946:	1a80      	subs	r0, r0, r2
10002948:	4199      	sbcs	r1, r3
1000294a:	0c22      	lsrs	r2, r4, #16
1000294c:	4372      	muls	r2, r6
1000294e:	0c13      	lsrs	r3, r2, #16
10002950:	0412      	lsls	r2, r2, #16
10002952:	1a80      	subs	r0, r0, r2
10002954:	4199      	sbcs	r1, r3
10002956:	0002      	movs	r2, r0
10002958:	000b      	movs	r3, r1
1000295a:	3701      	adds	r7, #1
1000295c:	1b00      	subs	r0, r0, r4
1000295e:	41a9      	sbcs	r1, r5
10002960:	d2f9      	bcs.n	10002956 <y64_x48+0xe8>
10002962:	1e78      	subs	r0, r7, #1
10002964:	2100      	movs	r1, #0
10002966:	bdf0      	pop	{r4, r5, r6, r7, pc}

10002968 <last1>:
10002968:	270c      	movs	r7, #12
1000296a:	1b7f      	subs	r7, r7, r5
1000296c:	40fe      	lsrs	r6, r7
1000296e:	4677      	mov	r7, lr
10002970:	0b7f      	lsrs	r7, r7, #13
10002972:	40af      	lsls	r7, r5
10002974:	19ff      	adds	r7, r7, r7
10002976:	e7e0      	b.n	1000293a <y64_x48+0xcc>

10002978 <y64_x64>:
10002978:	2400      	movs	r4, #0
1000297a:	1c5d      	adds	r5, r3, #1
1000297c:	d007      	beq.n	1000298e <y64_x64+0x16>
1000297e:	4f14      	ldr	r7, [pc, #80]	@ (100029d0 <y64_x64+0x58>)
10002980:	667d      	str	r5, [r7, #100]	@ 0x64
10002982:	6639      	str	r1, [r7, #96]	@ 0x60
10002984:	e7ff      	b.n	10002986 <y64_x64+0xe>
10002986:	e7ff      	b.n	10002988 <y64_x64+0x10>
10002988:	e7ff      	b.n	1000298a <y64_x64+0x12>
1000298a:	e7ff      	b.n	1000298c <y64_x64+0x14>
1000298c:	6f3c      	ldr	r4, [r7, #112]	@ 0x70
1000298e:	b295      	uxth	r5, r2
10002990:	b29e      	uxth	r6, r3
10002992:	4365      	muls	r5, r4
10002994:	4366      	muls	r6, r4
10002996:	1b40      	subs	r0, r0, r5
10002998:	41b1      	sbcs	r1, r6
1000299a:	0c15      	lsrs	r5, r2, #16
1000299c:	0c1e      	lsrs	r6, r3, #16
1000299e:	4365      	muls	r5, r4
100029a0:	4366      	muls	r6, r4
100029a2:	0436      	lsls	r6, r6, #16
100029a4:	0c2f      	lsrs	r7, r5, #16
100029a6:	433e      	orrs	r6, r7
100029a8:	042d      	lsls	r5, r5, #16
100029aa:	1b40      	subs	r0, r0, r5
100029ac:	41b1      	sbcs	r1, r6
100029ae:	4299      	cmp	r1, r3
100029b0:	d204      	bcs.n	100029bc <y64_x64+0x44>
100029b2:	0002      	movs	r2, r0
100029b4:	000b      	movs	r3, r1
100029b6:	0020      	movs	r0, r4
100029b8:	2100      	movs	r1, #0
100029ba:	bdf0      	pop	{r4, r5, r6, r7, pc}
100029bc:	d101      	bne.n	100029c2 <y64_x64+0x4a>
100029be:	4290      	cmp	r0, r2
100029c0:	d3f7      	bcc.n	100029b2 <y64_x64+0x3a>
100029c2:	1a80      	subs	r0, r0, r2
100029c4:	4199      	sbcs	r1, r3
100029c6:	3401      	adds	r4, #1
100029c8:	4299      	cmp	r1, r3
100029ca:	d3f2      	bcc.n	100029b2 <y64_x64+0x3a>
100029cc:	e7f6      	b.n	100029bc <y64_x64+0x44>
100029ce:	0000      	.short	0x0000
100029d0:	d0000000 	.word	0xd0000000
100029d4:	ffffffff 	.word	0xffffffff

100029d8 <__wrap___aeabi_drsub>:
100029d8:	4048      	eors	r0, r1
100029da:	4041      	eors	r1, r0
100029dc:	4048      	eors	r0, r1

100029de <__wrap___aeabi_dsub>:
100029de:	b418      	push	{r3, r4}
100029e0:	4b1b      	ldr	r3, [pc, #108]	@ (10002a50 <__wrap___aeabi_dmul+0x12>)
100029e2:	685b      	ldr	r3, [r3, #4]
100029e4:	46fc      	mov	ip, pc
100029e6:	9301      	str	r3, [sp, #4]
100029e8:	bd08      	pop	{r3, pc}
100029ea:	df04      	.short	0xdf04
100029ec:	10002c83 	.word	0x10002c83

100029f0 <__wrap___aeabi_dadd>:
100029f0:	b418      	push	{r3, r4}
100029f2:	4b17      	ldr	r3, [pc, #92]	@ (10002a50 <__wrap___aeabi_dmul+0x12>)
100029f4:	681b      	ldr	r3, [r3, #0]
100029f6:	46fc      	mov	ip, pc
100029f8:	9301      	str	r3, [sp, #4]
100029fa:	bd08      	pop	{r3, pc}
100029fc:	2c8ddf00 	.word	0x2c8ddf00
10002a00:	1000      	.short	0x1000

10002a02 <__wrap___aeabi_ddiv>:
10002a02:	4694      	mov	ip, r2
10002a04:	4a13      	ldr	r2, [pc, #76]	@ (10002a54 <__wrap___aeabi_dmul+0x16>)
10002a06:	6f92      	ldr	r2, [r2, #120]	@ 0x78
10002a08:	0892      	lsrs	r2, r2, #2
10002a0a:	d209      	bcs.n	10002a20 <ddiv_save_state>
10002a0c:	4662      	mov	r2, ip

10002a0e <ddiv_shim_call>:
10002a0e:	b418      	push	{r3, r4}
10002a10:	4b0f      	ldr	r3, [pc, #60]	@ (10002a50 <__wrap___aeabi_dmul+0x12>)
10002a12:	68db      	ldr	r3, [r3, #12]
10002a14:	46fc      	mov	ip, pc
10002a16:	9301      	str	r3, [sp, #4]
10002a18:	bd08      	pop	{r3, pc}
10002a1a:	df0c      	.short	0xdf0c
10002a1c:	10002f45 	.word	0x10002f45

10002a20 <ddiv_save_state>:
10002a20:	4a0c      	ldr	r2, [pc, #48]	@ (10002a54 <__wrap___aeabi_dmul+0x16>)
10002a22:	b5f0      	push	{r4, r5, r6, r7, lr}
10002a24:	6e14      	ldr	r4, [r2, #96]	@ 0x60
10002a26:	6e55      	ldr	r5, [r2, #100]	@ 0x64
10002a28:	6f57      	ldr	r7, [r2, #116]	@ 0x74
10002a2a:	6f16      	ldr	r6, [r2, #112]	@ 0x70
10002a2c:	4662      	mov	r2, ip
10002a2e:	f7ff ffee 	bl	10002a0e <ddiv_shim_call>
10002a32:	4a08      	ldr	r2, [pc, #32]	@ (10002a54 <__wrap___aeabi_dmul+0x16>)
10002a34:	6614      	str	r4, [r2, #96]	@ 0x60
10002a36:	6655      	str	r5, [r2, #100]	@ 0x64
10002a38:	6757      	str	r7, [r2, #116]	@ 0x74
10002a3a:	6716      	str	r6, [r2, #112]	@ 0x70
10002a3c:	bdf0      	pop	{r4, r5, r6, r7, pc}

10002a3e <__wrap___aeabi_dmul>:
10002a3e:	b418      	push	{r3, r4}
10002a40:	4b03      	ldr	r3, [pc, #12]	@ (10002a50 <__wrap___aeabi_dmul+0x12>)
10002a42:	689b      	ldr	r3, [r3, #8]
10002a44:	46fc      	mov	ip, pc
10002a46:	9301      	str	r3, [sp, #4]
10002a48:	bd08      	pop	{r3, pc}
10002a4a:	df08      	.short	0xdf08
10002a4c:	10002de9 	.word	0x10002de9
10002a50:	20012250 	.word	0x20012250
10002a54:	d0000000 	.word	0xd0000000

10002a58 <__wrap___aeabi_cdrcmple>:
10002a58:	b5ff      	push	{r0, r1, r2, r3, r4, r5, r6, r7, lr}
10002a5a:	4050      	eors	r0, r2
10002a5c:	4042      	eors	r2, r0
10002a5e:	4050      	eors	r0, r2
10002a60:	4059      	eors	r1, r3
10002a62:	404b      	eors	r3, r1
10002a64:	4059      	eors	r1, r3
10002a66:	e000      	b.n	10002a6a <__aeabi_dfcmple_guts>

10002a68 <__wrap___aeabi_cdcmpeq>:
10002a68:	b5ff      	push	{r0, r1, r2, r3, r4, r5, r6, r7, lr}

10002a6a <__aeabi_dfcmple_guts>:
10002a6a:	4f15      	ldr	r7, [pc, #84]	@ (10002ac0 <__aeabi_dfcmple_guts+0x56>)
10002a6c:	004c      	lsls	r4, r1, #1
10002a6e:	0d64      	lsrs	r4, r4, #21
10002a70:	d003      	beq.n	10002a7a <__aeabi_dfcmple_guts+0x10>
10002a72:	42bc      	cmp	r4, r7
10002a74:	d104      	bne.n	10002a80 <__aeabi_dfcmple_guts+0x16>
10002a76:	030c      	lsls	r4, r1, #12
10002a78:	d814      	bhi.n	10002aa4 <__aeabi_dfcmple_guts+0x3a>
10002a7a:	2000      	movs	r0, #0
10002a7c:	0d09      	lsrs	r1, r1, #20
10002a7e:	0509      	lsls	r1, r1, #20
10002a80:	005c      	lsls	r4, r3, #1
10002a82:	0d64      	lsrs	r4, r4, #21
10002a84:	d003      	beq.n	10002a8e <__aeabi_dfcmple_guts+0x24>
10002a86:	42bc      	cmp	r4, r7
10002a88:	d104      	bne.n	10002a94 <__aeabi_dfcmple_guts+0x2a>
10002a8a:	031c      	lsls	r4, r3, #12
10002a8c:	d80a      	bhi.n	10002aa4 <__aeabi_dfcmple_guts+0x3a>
10002a8e:	2200      	movs	r2, #0
10002a90:	0d1b      	lsrs	r3, r3, #20
10002a92:	051b      	lsls	r3, r3, #20
10002a94:	2601      	movs	r6, #1
10002a96:	404b      	eors	r3, r1
10002a98:	d409      	bmi.n	10002aae <__aeabi_dfcmple_guts+0x44>
10002a9a:	404b      	eors	r3, r1
10002a9c:	d503      	bpl.n	10002aa6 <__aeabi_dfcmple_guts+0x3c>
10002a9e:	428b      	cmp	r3, r1
10002aa0:	d100      	bne.n	10002aa4 <__aeabi_dfcmple_guts+0x3a>
10002aa2:	4282      	cmp	r2, r0
10002aa4:	bdff      	pop	{r0, r1, r2, r3, r4, r5, r6, r7, pc}
10002aa6:	4299      	cmp	r1, r3
10002aa8:	d1fc      	bne.n	10002aa4 <__aeabi_dfcmple_guts+0x3a>
10002aaa:	4290      	cmp	r0, r2
10002aac:	bdff      	pop	{r0, r1, r2, r3, r4, r5, r6, r7, pc}
10002aae:	430b      	orrs	r3, r1
10002ab0:	18db      	adds	r3, r3, r3
10002ab2:	4303      	orrs	r3, r0
10002ab4:	4313      	orrs	r3, r2
10002ab6:	d0f5      	beq.n	10002aa4 <__aeabi_dfcmple_guts+0x3a>
10002ab8:	43c9      	mvns	r1, r1
10002aba:	1849      	adds	r1, r1, r1
10002abc:	bdff      	pop	{r0, r1, r2, r3, r4, r5, r6, r7, pc}
10002abe:	0000      	.short	0x0000
10002ac0:	000007ff 	.word	0x000007ff

10002ac4 <__wrap___aeabi_dcmplt>:
10002ac4:	b500      	push	{lr}
10002ac6:	f7ff ffcf 	bl	10002a68 <__wrap___aeabi_cdcmpeq>
10002aca:	4180      	sbcs	r0, r0
10002acc:	bd00      	pop	{pc}
10002ace:	46c0      	nop			@ (mov r8, r8)

10002ad0 <__wrap___aeabi_dcmple>:
10002ad0:	b500      	push	{lr}
10002ad2:	f7ff ffc9 	bl	10002a68 <__wrap___aeabi_cdcmpeq>
10002ad6:	d901      	bls.n	10002adc <__wrap___aeabi_dcmple+0xc>
10002ad8:	2000      	movs	r0, #0
10002ada:	bd00      	pop	{pc}
10002adc:	2001      	movs	r0, #1
10002ade:	bd00      	pop	{pc}

10002ae0 <__wrap___aeabi_dcmpge>:
10002ae0:	b500      	push	{lr}
10002ae2:	f7ff ffb9 	bl	10002a58 <__wrap___aeabi_cdrcmple>
10002ae6:	d901      	bls.n	10002aec <__wrap___aeabi_dcmpge+0xc>
10002ae8:	2000      	movs	r0, #0
10002aea:	bd00      	pop	{pc}
10002aec:	2001      	movs	r0, #1
10002aee:	bd00      	pop	{pc}

10002af0 <__wrap___aeabi_dcmpgt>:
10002af0:	b500      	push	{lr}
10002af2:	f7ff ffb1 	bl	10002a58 <__wrap___aeabi_cdrcmple>
10002af6:	4180      	sbcs	r0, r0
10002af8:	bd00      	pop	{pc}

10002afa <__wrap___aeabi_dcmpun>:
10002afa:	2001      	movs	r0, #1
10002afc:	0540      	lsls	r0, r0, #21
10002afe:	004a      	lsls	r2, r1, #1
10002b00:	1812      	adds	r2, r2, r0
10002b02:	d804      	bhi.n	10002b0e <__wrap___aeabi_dcmpun+0x14>
10002b04:	005a      	lsls	r2, r3, #1
10002b06:	1812      	adds	r2, r2, r0
10002b08:	d801      	bhi.n	10002b0e <__wrap___aeabi_dcmpun+0x14>
10002b0a:	2000      	movs	r0, #0
10002b0c:	4770      	bx	lr
10002b0e:	2001      	movs	r0, #1
10002b10:	4770      	bx	lr
	...

10002b14 <__wrap___aeabi_ui2d>:
10002b14:	2100      	movs	r1, #0
10002b16:	2800      	cmp	r0, #0
10002b18:	d105      	bne.n	10002b26 <__wrap___aeabi_i2d+0xa>
10002b1a:	4770      	bx	lr

10002b1c <__wrap___aeabi_i2d>:
10002b1c:	17c1      	asrs	r1, r0, #31
10002b1e:	4048      	eors	r0, r1
10002b20:	1a40      	subs	r0, r0, r1
10002b22:	d0fa      	beq.n	10002b1a <__wrap___aeabi_ui2d+0x6>
10002b24:	07c9      	lsls	r1, r1, #31
10002b26:	b513      	push	{r0, r1, r4, lr}
10002b28:	4b06      	ldr	r3, [pc, #24]	@ (10002b44 <__wrap___aeabi_i2d+0x28>)
10002b2a:	681b      	ldr	r3, [r3, #0]
10002b2c:	4798      	blx	r3
10002b2e:	bc0c      	pop	{r2, r3}
10002b30:	1c44      	adds	r4, r0, #1
10002b32:	40a2      	lsls	r2, r4
10002b34:	0510      	lsls	r0, r2, #20
10002b36:	0b12      	lsrs	r2, r2, #12
10002b38:	4903      	ldr	r1, [pc, #12]	@ (10002b48 <__wrap___aeabi_i2d+0x2c>)
10002b3a:	1b09      	subs	r1, r1, r4
10002b3c:	0509      	lsls	r1, r1, #20
10002b3e:	4319      	orrs	r1, r3
10002b40:	4311      	orrs	r1, r2
10002b42:	bd10      	pop	{r4, pc}
10002b44:	20012d8c 	.word	0x20012d8c
10002b48:	0000041f 	.word	0x0000041f

10002b4c <__wrap___aeabi_d2iz>:
10002b4c:	b510      	push	{r4, lr}
10002b4e:	004c      	lsls	r4, r1, #1
10002b50:	0d62      	lsrs	r2, r4, #21
10002b52:	2380      	movs	r3, #128	@ 0x80
10002b54:	18d2      	adds	r2, r2, r3
10002b56:	00db      	lsls	r3, r3, #3
10002b58:	1ad2      	subs	r2, r2, r3
10002b5a:	055b      	lsls	r3, r3, #21
10002b5c:	2a7e      	cmp	r2, #126	@ 0x7e
10002b5e:	dd10      	ble.n	10002b82 <__wrap___aeabi_d2iz+0x36>
10002b60:	3a9e      	subs	r2, #158	@ 0x9e
10002b62:	da13      	bge.n	10002b8c <__wrap___aeabi_d2iz+0x40>
10002b64:	17cc      	asrs	r4, r1, #31
10002b66:	0309      	lsls	r1, r1, #12
10002b68:	0849      	lsrs	r1, r1, #1
10002b6a:	4319      	orrs	r1, r3
10002b6c:	4252      	negs	r2, r2
10002b6e:	40d1      	lsrs	r1, r2
10002b70:	0064      	lsls	r4, r4, #1
10002b72:	3401      	adds	r4, #1
10002b74:	3215      	adds	r2, #21
10002b76:	2a20      	cmp	r2, #32
10002b78:	da05      	bge.n	10002b86 <__wrap___aeabi_d2iz+0x3a>
10002b7a:	40d0      	lsrs	r0, r2
10002b7c:	4308      	orrs	r0, r1
10002b7e:	4360      	muls	r0, r4
10002b80:	bd10      	pop	{r4, pc}
10002b82:	2000      	movs	r0, #0
10002b84:	bd10      	pop	{r4, pc}
10002b86:	4608      	mov	r0, r1
10002b88:	4360      	muls	r0, r4
10002b8a:	bd10      	pop	{r4, pc}
10002b8c:	0fc8      	lsrs	r0, r1, #31
10002b8e:	18c0      	adds	r0, r0, r3
10002b90:	3801      	subs	r0, #1
10002b92:	bd10      	pop	{r4, pc}

10002b94 <__wrap___aeabi_d2uiz>:
10002b94:	b418      	push	{r3, r4}
10002b96:	4b04      	ldr	r3, [pc, #16]	@ (10002ba8 <__wrap___aeabi_d2uiz+0x14>)
10002b98:	6a5b      	ldr	r3, [r3, #36]	@ 0x24
10002b9a:	46fc      	mov	ip, pc
10002b9c:	9301      	str	r3, [sp, #4]
10002b9e:	bd08      	pop	{r3, pc}
10002ba0:	30f5df24 	.word	0x30f5df24
10002ba4:	00001000 	.word	0x00001000
10002ba8:	20012250 	.word	0x20012250

10002bac <__aeabi_double_init>:
10002bac:	2313      	movs	r3, #19
10002bae:	b570      	push	{r4, r5, r6, lr}
10002bb0:	781d      	ldrb	r5, [r3, #0]
10002bb2:	2d01      	cmp	r5, #1
10002bb4:	d019      	beq.n	10002bea <__aeabi_double_init+0x3e>
10002bb6:	dd14      	ble.n	10002be2 <__aeabi_double_init+0x36>
10002bb8:	481f      	ldr	r0, [pc, #124]	@ (10002c38 <__aeabi_double_init+0x8c>)
10002bba:	f7ff fb23 	bl	10002204 <rom_data_lookup>
10002bbe:	0006      	movs	r6, r0
10002bc0:	481e      	ldr	r0, [pc, #120]	@ (10002c3c <__aeabi_double_init+0x90>)
10002bc2:	f7ff fb1f 	bl	10002204 <rom_data_lookup>
10002bc6:	4c1e      	ldr	r4, [pc, #120]	@ (10002c40 <__aeabi_double_init+0x94>)
10002bc8:	2280      	movs	r2, #128	@ 0x80
10002bca:	0031      	movs	r1, r6
10002bcc:	0020      	movs	r0, r4
10002bce:	f000 fb61 	bl	10003294 <__wrap___aeabi_memcpy>
10002bd2:	2d02      	cmp	r5, #2
10002bd4:	d02d      	beq.n	10002c32 <__aeabi_double_init+0x86>
10002bd6:	481b      	ldr	r0, [pc, #108]	@ (10002c44 <__aeabi_double_init+0x98>)
10002bd8:	f7ff fb0c 	bl	100021f4 <rom_func_lookup>
10002bdc:	4b1a      	ldr	r3, [pc, #104]	@ (10002c48 <__aeabi_double_init+0x9c>)
10002bde:	6018      	str	r0, [r3, #0]
10002be0:	bd70      	pop	{r4, r5, r6, pc}
10002be2:	4b1a      	ldr	r3, [pc, #104]	@ (10002c4c <__aeabi_double_init+0xa0>)
10002be4:	4c16      	ldr	r4, [pc, #88]	@ (10002c40 <__aeabi_double_init+0x94>)
10002be6:	64a3      	str	r3, [r4, #72]	@ 0x48
10002be8:	e7f5      	b.n	10002bd6 <__aeabi_double_init+0x2a>
10002bea:	4b18      	ldr	r3, [pc, #96]	@ (10002c4c <__aeabi_double_init+0xa0>)
10002bec:	4c14      	ldr	r4, [pc, #80]	@ (10002c40 <__aeabi_double_init+0x94>)
10002bee:	6023      	str	r3, [r4, #0]
10002bf0:	6063      	str	r3, [r4, #4]
10002bf2:	60a3      	str	r3, [r4, #8]
10002bf4:	60e3      	str	r3, [r4, #12]
10002bf6:	6123      	str	r3, [r4, #16]
10002bf8:	6163      	str	r3, [r4, #20]
10002bfa:	61a3      	str	r3, [r4, #24]
10002bfc:	61e3      	str	r3, [r4, #28]
10002bfe:	6223      	str	r3, [r4, #32]
10002c00:	6263      	str	r3, [r4, #36]	@ 0x24
10002c02:	62a3      	str	r3, [r4, #40]	@ 0x28
10002c04:	62e3      	str	r3, [r4, #44]	@ 0x2c
10002c06:	6323      	str	r3, [r4, #48]	@ 0x30
10002c08:	6363      	str	r3, [r4, #52]	@ 0x34
10002c0a:	63a3      	str	r3, [r4, #56]	@ 0x38
10002c0c:	63e3      	str	r3, [r4, #60]	@ 0x3c
10002c0e:	6423      	str	r3, [r4, #64]	@ 0x40
10002c10:	6463      	str	r3, [r4, #68]	@ 0x44
10002c12:	64a3      	str	r3, [r4, #72]	@ 0x48
10002c14:	64e3      	str	r3, [r4, #76]	@ 0x4c
10002c16:	6523      	str	r3, [r4, #80]	@ 0x50
10002c18:	6563      	str	r3, [r4, #84]	@ 0x54
10002c1a:	65a3      	str	r3, [r4, #88]	@ 0x58
10002c1c:	65e3      	str	r3, [r4, #92]	@ 0x5c
10002c1e:	6623      	str	r3, [r4, #96]	@ 0x60
10002c20:	6663      	str	r3, [r4, #100]	@ 0x64
10002c22:	66a3      	str	r3, [r4, #104]	@ 0x68
10002c24:	66e3      	str	r3, [r4, #108]	@ 0x6c
10002c26:	6723      	str	r3, [r4, #112]	@ 0x70
10002c28:	6763      	str	r3, [r4, #116]	@ 0x74
10002c2a:	67a3      	str	r3, [r4, #120]	@ 0x78
10002c2c:	67e3      	str	r3, [r4, #124]	@ 0x7c
10002c2e:	64a3      	str	r3, [r4, #72]	@ 0x48
10002c30:	e7d1      	b.n	10002bd6 <__aeabi_double_init+0x2a>
10002c32:	4b06      	ldr	r3, [pc, #24]	@ (10002c4c <__aeabi_double_init+0xa0>)
10002c34:	64a3      	str	r3, [r4, #72]	@ 0x48
10002c36:	e7ce      	b.n	10002bd6 <__aeabi_double_init+0x2a>
10002c38:	00004453 	.word	0x00004453
10002c3c:	00004653 	.word	0x00004653
10002c40:	20012250 	.word	0x20012250
10002c44:	0000334c 	.word	0x0000334c
10002c48:	20012d8c 	.word	0x20012d8c
10002c4c:	10002c51 	.word	0x10002c51

10002c50 <double_table_shim_on_use_helper>:
10002c50:	b507      	push	{r0, r1, r2, lr}
10002c52:	4660      	mov	r0, ip
10002c54:	8801      	ldrh	r1, [r0, #0]
10002c56:	0a0a      	lsrs	r2, r1, #8
10002c58:	3002      	adds	r0, #2
10002c5a:	2adf      	cmp	r2, #223	@ 0xdf
10002c5c:	d1fa      	bne.n	10002c54 <double_table_shim_on_use_helper+0x4>
10002c5e:	b2c9      	uxtb	r1, r1
10002c60:	0882      	lsrs	r2, r0, #2
10002c62:	d304      	bcc.n	10002c6e <double_table_shim_on_use_helper+0x1e>
10002c64:	8802      	ldrh	r2, [r0, #0]
10002c66:	8840      	ldrh	r0, [r0, #2]
10002c68:	0400      	lsls	r0, r0, #16
10002c6a:	4310      	orrs	r0, r2
10002c6c:	e000      	b.n	10002c70 <double_table_shim_on_use_helper+0x20>
10002c6e:	6800      	ldr	r0, [r0, #0]
10002c70:	4a01      	ldr	r2, [pc, #4]	@ (10002c78 <double_table_shim_on_use_helper+0x28>)
10002c72:	5050      	str	r0, [r2, r1]
10002c74:	9003      	str	r0, [sp, #12]
10002c76:	bd07      	pop	{r0, r1, r2, pc}
10002c78:	20012250 	.word	0x20012250

10002c7c <drsub_shim>:
10002c7c:	b40f      	push	{r0, r1, r2, r3}
10002c7e:	bc03      	pop	{r0, r1}
10002c80:	bc0c      	pop	{r2, r3}

10002c82 <dsub_shim>:
10002c82:	b5f0      	push	{r4, r5, r6, r7, lr}
10002c84:	2401      	movs	r4, #1
10002c86:	07e4      	lsls	r4, r4, #31
10002c88:	4063      	eors	r3, r4
10002c8a:	e000      	b.n	10002c8e <da_entry>

10002c8c <dadd_shim>:
10002c8c:	b5f0      	push	{r4, r5, r6, r7, lr}

10002c8e <da_entry>:
10002c8e:	0d0c      	lsrs	r4, r1, #20
10002c90:	0fcf      	lsrs	r7, r1, #31
10002c92:	1e66      	subs	r6, r4, #1
10002c94:	0536      	lsls	r6, r6, #20
10002c96:	1b89      	subs	r1, r1, r6
10002c98:	0564      	lsls	r4, r4, #21
10002c9a:	d303      	bcc.n	10002ca4 <l8_1>
10002c9c:	43c9      	mvns	r1, r1
10002c9e:	4240      	negs	r0, r0
10002ca0:	d300      	bcc.n	10002ca4 <l8_1>
10002ca2:	3101      	adds	r1, #1

10002ca4 <l8_1>:
10002ca4:	0d64      	lsrs	r4, r4, #21
10002ca6:	d003      	beq.n	10002cb0 <l8_2>
10002ca8:	1c66      	adds	r6, r4, #1
10002caa:	0af6      	lsrs	r6, r6, #11
10002cac:	d007      	beq.n	10002cbe <l8_3>
10002cae:	1be4      	subs	r4, r4, r7

10002cb0 <l8_2>:
10002cb0:	2000      	movs	r0, #0
10002cb2:	007f      	lsls	r7, r7, #1
10002cb4:	1c79      	adds	r1, r7, #1
10002cb6:	0789      	lsls	r1, r1, #30
10002cb8:	1289      	asrs	r1, r1, #10
10002cba:	3c80      	subs	r4, #128	@ 0x80
10002cbc:	0324      	lsls	r4, r4, #12

10002cbe <l8_3>:
10002cbe:	0d1d      	lsrs	r5, r3, #20
10002cc0:	0fdf      	lsrs	r7, r3, #31
10002cc2:	1e6e      	subs	r6, r5, #1
10002cc4:	0536      	lsls	r6, r6, #20
10002cc6:	1b9b      	subs	r3, r3, r6
10002cc8:	056d      	lsls	r5, r5, #21
10002cca:	d303      	bcc.n	10002cd4 <l9_1>
10002ccc:	43db      	mvns	r3, r3
10002cce:	4252      	negs	r2, r2
10002cd0:	d300      	bcc.n	10002cd4 <l9_1>
10002cd2:	3301      	adds	r3, #1

10002cd4 <l9_1>:
10002cd4:	0d6d      	lsrs	r5, r5, #21
10002cd6:	d003      	beq.n	10002ce0 <l9_2>
10002cd8:	1c6e      	adds	r6, r5, #1
10002cda:	0af6      	lsrs	r6, r6, #11
10002cdc:	d007      	beq.n	10002cee <l9_3>
10002cde:	1bed      	subs	r5, r5, r7

10002ce0 <l9_2>:
10002ce0:	2200      	movs	r2, #0
10002ce2:	007f      	lsls	r7, r7, #1
10002ce4:	1c7b      	adds	r3, r7, #1
10002ce6:	079b      	lsls	r3, r3, #30
10002ce8:	129b      	asrs	r3, r3, #10
10002cea:	3d80      	subs	r5, #128	@ 0x80
10002cec:	032d      	lsls	r5, r5, #12

10002cee <l9_3>:
10002cee:	1b2f      	subs	r7, r5, r4
10002cf0:	1b66      	subs	r6, r4, r5
10002cf2:	d458      	bmi.n	10002da6 <da_ygtx>
10002cf4:	46a4      	mov	ip, r4
10002cf6:	2e20      	cmp	r6, #32
10002cf8:	da46      	bge.n	10002d88 <da_xrgty>
10002cfa:	3720      	adds	r7, #32
10002cfc:	0014      	movs	r4, r2
10002cfe:	40bc      	lsls	r4, r7

10002d00 <da_xgty0>:
10002d00:	001d      	movs	r5, r3
10002d02:	40bd      	lsls	r5, r7
10002d04:	40f2      	lsrs	r2, r6
10002d06:	4133      	asrs	r3, r6
10002d08:	432a      	orrs	r2, r5

10002d0a <da_add>:
10002d0a:	1880      	adds	r0, r0, r2
10002d0c:	4159      	adcs	r1, r3

10002d0e <da_pack>:
10002d0e:	0fcb      	lsrs	r3, r1, #31
10002d10:	d005      	beq.n	10002d1e <da_pack+0x10>
10002d12:	43c9      	mvns	r1, r1
10002d14:	43c0      	mvns	r0, r0
10002d16:	2200      	movs	r2, #0
10002d18:	4264      	negs	r4, r4
10002d1a:	4150      	adcs	r0, r2
10002d1c:	4151      	adcs	r1, r2
10002d1e:	4662      	mov	r2, ip
10002d20:	0d4d      	lsrs	r5, r1, #21
10002d22:	d128      	bne.n	10002d76 <da_0>
10002d24:	0d0d      	lsrs	r5, r1, #20
10002d26:	d107      	bne.n	10002d38 <da_1>
10002d28:	2800      	cmp	r0, #0
10002d2a:	d01f      	beq.n	10002d6c <da_5>

10002d2c <da_2>:
10002d2c:	1924      	adds	r4, r4, r4
10002d2e:	4140      	adcs	r0, r0
10002d30:	4149      	adcs	r1, r1
10002d32:	3a01      	subs	r2, #1
10002d34:	0d0d      	lsrs	r5, r1, #20
10002d36:	d0f9      	beq.n	10002d2c <da_2>

10002d38 <da_1>:
10002d38:	0064      	lsls	r4, r4, #1
10002d3a:	d306      	bcc.n	10002d4a <da_3>

10002d3c <da_4>:
10002d3c:	3001      	adds	r0, #1
10002d3e:	d300      	bcc.n	10002d42 <da_4+0x6>
10002d40:	3101      	adds	r1, #1
10002d42:	2c00      	cmp	r4, #0
10002d44:	d101      	bne.n	10002d4a <da_3>
10002d46:	0840      	lsrs	r0, r0, #1
10002d48:	0040      	lsls	r0, r0, #1

10002d4a <da_3>:
10002d4a:	3a01      	subs	r2, #1
10002d4c:	d40b      	bmi.n	10002d66 <da_6>
10002d4e:	1c94      	adds	r4, r2, #2
10002d50:	0ae4      	lsrs	r4, r4, #11
10002d52:	d104      	bne.n	10002d5e <da_7>
10002d54:	0512      	lsls	r2, r2, #20
10002d56:	4411      	add	r1, r2
10002d58:	07db      	lsls	r3, r3, #31
10002d5a:	4419      	add	r1, r3
10002d5c:	bdf0      	pop	{r4, r5, r6, r7, pc}

10002d5e <da_7>:
10002d5e:	07d9      	lsls	r1, r3, #31
10002d60:	4b20      	ldr	r3, [pc, #128]	@ (10002de4 <da_xmgty+0x4>)
10002d62:	4319      	orrs	r1, r3
10002d64:	e000      	b.n	10002d68 <da_6+0x2>

10002d66 <da_6>:
10002d66:	07d9      	lsls	r1, r3, #31
10002d68:	2000      	movs	r0, #0
10002d6a:	bdf0      	pop	{r4, r5, r6, r7, pc}

10002d6c <da_5>:
10002d6c:	2900      	cmp	r1, #0
10002d6e:	d1dd      	bne.n	10002d2c <da_2>
10002d70:	2c00      	cmp	r4, #0
10002d72:	d1db      	bne.n	10002d2c <da_2>
10002d74:	bdf0      	pop	{r4, r5, r6, r7, pc}

10002d76 <da_0>:
10002d76:	3201      	adds	r2, #1
10002d78:	07c6      	lsls	r6, r0, #31
10002d7a:	0840      	lsrs	r0, r0, #1
10002d7c:	07cd      	lsls	r5, r1, #31
10002d7e:	4328      	orrs	r0, r5
10002d80:	0849      	lsrs	r1, r1, #1
10002d82:	2e00      	cmp	r6, #0
10002d84:	d0e1      	beq.n	10002d4a <da_3>
10002d86:	e7d9      	b.n	10002d3c <da_4>

10002d88 <da_xrgty>:
10002d88:	2e3c      	cmp	r6, #60	@ 0x3c
10002d8a:	da29      	bge.n	10002de0 <da_xmgty>
10002d8c:	3e20      	subs	r6, #32
10002d8e:	3740      	adds	r7, #64	@ 0x40
10002d90:	0014      	movs	r4, r2
10002d92:	40bc      	lsls	r4, r7
10002d94:	d000      	beq.n	10002d98 <da_xrgty+0x10>
10002d96:	2401      	movs	r4, #1
10002d98:	40f2      	lsrs	r2, r6
10002d9a:	4314      	orrs	r4, r2
10002d9c:	001a      	movs	r2, r3
10002d9e:	40bb      	lsls	r3, r7
10002da0:	431c      	orrs	r4, r3
10002da2:	17d3      	asrs	r3, r2, #31
10002da4:	e7ac      	b.n	10002d00 <da_xgty0>

10002da6 <da_ygtx>:
10002da6:	46ac      	mov	ip, r5
10002da8:	2f20      	cmp	r7, #32
10002daa:	da08      	bge.n	10002dbe <da_yrgtx>
10002dac:	3620      	adds	r6, #32
10002dae:	0004      	movs	r4, r0
10002db0:	40b4      	lsls	r4, r6

10002db2 <da_ygtx0>:
10002db2:	000d      	movs	r5, r1
10002db4:	40b5      	lsls	r5, r6
10002db6:	40f8      	lsrs	r0, r7
10002db8:	4139      	asrs	r1, r7
10002dba:	4328      	orrs	r0, r5
10002dbc:	e7a5      	b.n	10002d0a <da_add>

10002dbe <da_yrgtx>:
10002dbe:	2f3c      	cmp	r7, #60	@ 0x3c
10002dc0:	da0c      	bge.n	10002ddc <da_ymgtx>
10002dc2:	3f20      	subs	r7, #32
10002dc4:	3640      	adds	r6, #64	@ 0x40
10002dc6:	0004      	movs	r4, r0
10002dc8:	40b4      	lsls	r4, r6
10002dca:	d000      	beq.n	10002dce <da_yrgtx+0x10>
10002dcc:	2401      	movs	r4, #1
10002dce:	40f8      	lsrs	r0, r7
10002dd0:	4304      	orrs	r4, r0
10002dd2:	0008      	movs	r0, r1
10002dd4:	40b1      	lsls	r1, r6
10002dd6:	430c      	orrs	r4, r1
10002dd8:	17c1      	asrs	r1, r0, #31
10002dda:	e7ea      	b.n	10002db2 <da_ygtx0>

10002ddc <da_ymgtx>:
10002ddc:	0010      	movs	r0, r2
10002dde:	0019      	movs	r1, r3

10002de0 <da_xmgty>:
10002de0:	2400      	movs	r4, #0
10002de2:	e794      	b.n	10002d0e <da_pack>
10002de4:	7ff00000 	.word	0x7ff00000

10002de8 <dmul_shim>:
10002de8:	b5f0      	push	{r4, r5, r6, r7, lr}
10002dea:	0d0c      	lsrs	r4, r1, #20
10002dec:	1e66      	subs	r6, r4, #1
10002dee:	0536      	lsls	r6, r6, #20
10002df0:	1b89      	subs	r1, r1, r6
10002df2:	0ae6      	lsrs	r6, r4, #11
10002df4:	0564      	lsls	r4, r4, #21
10002df6:	0d64      	lsrs	r4, r4, #21
10002df8:	d002      	beq.n	10002e00 <l12_1>
10002dfa:	1c65      	adds	r5, r4, #1
10002dfc:	0aed      	lsrs	r5, r5, #11
10002dfe:	d004      	beq.n	10002e0a <l12_2>

10002e00 <l12_1>:
10002e00:	2000      	movs	r0, #0
10002e02:	2101      	movs	r1, #1
10002e04:	0509      	lsls	r1, r1, #20
10002e06:	3c80      	subs	r4, #128	@ 0x80
10002e08:	0324      	lsls	r4, r4, #12

10002e0a <l12_2>:
10002e0a:	46a4      	mov	ip, r4
10002e0c:	0d1c      	lsrs	r4, r3, #20
10002e0e:	1e67      	subs	r7, r4, #1
10002e10:	053f      	lsls	r7, r7, #20
10002e12:	1bdb      	subs	r3, r3, r7
10002e14:	0ae7      	lsrs	r7, r4, #11
10002e16:	0564      	lsls	r4, r4, #21
10002e18:	0d64      	lsrs	r4, r4, #21
10002e1a:	d002      	beq.n	10002e22 <l13_1>
10002e1c:	1c65      	adds	r5, r4, #1
10002e1e:	0aed      	lsrs	r5, r5, #11
10002e20:	d004      	beq.n	10002e2c <l13_2>

10002e22 <l13_1>:
10002e22:	2200      	movs	r2, #0
10002e24:	2301      	movs	r3, #1
10002e26:	051b      	lsls	r3, r3, #20
10002e28:	3c80      	subs	r4, #128	@ 0x80
10002e2a:	0324      	lsls	r4, r4, #12

10002e2c <l13_2>:
10002e2c:	4077      	eors	r7, r6
10002e2e:	4464      	add	r4, ip
10002e30:	b497      	push	{r0, r1, r2, r4, r7}
10002e32:	b284      	uxth	r4, r0
10002e34:	b296      	uxth	r6, r2
10002e36:	4374      	muls	r4, r6
10002e38:	0c07      	lsrs	r7, r0, #16
10002e3a:	437e      	muls	r6, r7
10002e3c:	0c15      	lsrs	r5, r2, #16
10002e3e:	436f      	muls	r7, r5
10002e40:	b280      	uxth	r0, r0
10002e42:	4368      	muls	r0, r5
10002e44:	1836      	adds	r6, r6, r0
10002e46:	d302      	bcc.n	10002e4e <l14_1>
10002e48:	2001      	movs	r0, #1
10002e4a:	0400      	lsls	r0, r0, #16
10002e4c:	183f      	adds	r7, r7, r0

10002e4e <l14_1>:
10002e4e:	0430      	lsls	r0, r6, #16
10002e50:	0c35      	lsrs	r5, r6, #16
10002e52:	1900      	adds	r0, r0, r4
10002e54:	417d      	adcs	r5, r7
10002e56:	4684      	mov	ip, r0
10002e58:	b288      	uxth	r0, r1
10002e5a:	b29a      	uxth	r2, r3
10002e5c:	4350      	muls	r0, r2
10002e5e:	0c0c      	lsrs	r4, r1, #16
10002e60:	4362      	muls	r2, r4
10002e62:	0c1f      	lsrs	r7, r3, #16
10002e64:	437c      	muls	r4, r7
10002e66:	b28e      	uxth	r6, r1
10002e68:	437e      	muls	r6, r7
10002e6a:	1992      	adds	r2, r2, r6
10002e6c:	d302      	bcc.n	10002e74 <l15_1>
10002e6e:	2601      	movs	r6, #1
10002e70:	0436      	lsls	r6, r6, #16
10002e72:	19a4      	adds	r4, r4, r6

10002e74 <l15_1>:
10002e74:	0416      	lsls	r6, r2, #16
10002e76:	0c17      	lsrs	r7, r2, #16
10002e78:	1836      	adds	r6, r6, r0
10002e7a:	4167      	adcs	r7, r4
10002e7c:	bc01      	pop	{r0}
10002e7e:	b281      	uxth	r1, r0
10002e80:	b29a      	uxth	r2, r3
10002e82:	4351      	muls	r1, r2
10002e84:	0c04      	lsrs	r4, r0, #16
10002e86:	4362      	muls	r2, r4
10002e88:	0c1b      	lsrs	r3, r3, #16
10002e8a:	435c      	muls	r4, r3
10002e8c:	b280      	uxth	r0, r0
10002e8e:	4358      	muls	r0, r3
10002e90:	1812      	adds	r2, r2, r0
10002e92:	d302      	bcc.n	10002e9a <l16_1>
10002e94:	2001      	movs	r0, #1
10002e96:	0400      	lsls	r0, r0, #16
10002e98:	1824      	adds	r4, r4, r0

10002e9a <l16_1>:
10002e9a:	0410      	lsls	r0, r2, #16
10002e9c:	0c13      	lsrs	r3, r2, #16
10002e9e:	1840      	adds	r0, r0, r1
10002ea0:	4163      	adcs	r3, r4
10002ea2:	182d      	adds	r5, r5, r0
10002ea4:	415e      	adcs	r6, r3
10002ea6:	2000      	movs	r0, #0
10002ea8:	4147      	adcs	r7, r0
10002eaa:	bc06      	pop	{r1, r2}
10002eac:	b288      	uxth	r0, r1
10002eae:	b293      	uxth	r3, r2
10002eb0:	4358      	muls	r0, r3
10002eb2:	0c0c      	lsrs	r4, r1, #16
10002eb4:	4363      	muls	r3, r4
10002eb6:	0c12      	lsrs	r2, r2, #16
10002eb8:	4354      	muls	r4, r2
10002eba:	b289      	uxth	r1, r1
10002ebc:	4351      	muls	r1, r2
10002ebe:	185b      	adds	r3, r3, r1
10002ec0:	d302      	bcc.n	10002ec8 <l17_1>
10002ec2:	2101      	movs	r1, #1
10002ec4:	0409      	lsls	r1, r1, #16
10002ec6:	1864      	adds	r4, r4, r1

10002ec8 <l17_1>:
10002ec8:	0419      	lsls	r1, r3, #16
10002eca:	0c1a      	lsrs	r2, r3, #16
10002ecc:	1809      	adds	r1, r1, r0
10002ece:	4162      	adcs	r2, r4
10002ed0:	186d      	adds	r5, r5, r1
10002ed2:	4156      	adcs	r6, r2
10002ed4:	2000      	movs	r0, #0
10002ed6:	4147      	adcs	r7, r0
10002ed8:	bc18      	pop	{r3, r4}
10002eda:	02f9      	lsls	r1, r7, #11
10002edc:	0d72      	lsrs	r2, r6, #21
10002ede:	4311      	orrs	r1, r2
10002ee0:	02f0      	lsls	r0, r6, #11
10002ee2:	0d6a      	lsrs	r2, r5, #21
10002ee4:	4310      	orrs	r0, r2
10002ee6:	02ed      	lsls	r5, r5, #11
10002ee8:	0d0a      	lsrs	r2, r1, #20
10002eea:	d103      	bne.n	10002ef4 <l17_1+0x2c>
10002eec:	196d      	adds	r5, r5, r5
10002eee:	4140      	adcs	r0, r0
10002ef0:	4149      	adcs	r1, r1
10002ef2:	3b01      	subs	r3, #1
10002ef4:	4e12      	ldr	r6, [pc, #72]	@ (10002f40 <dm_1+0xa>)
10002ef6:	1b9b      	subs	r3, r3, r6
10002ef8:	0076      	lsls	r6, r6, #1
10002efa:	42b3      	cmp	r3, r6
10002efc:	d20e      	bcs.n	10002f1c <dm_0>
10002efe:	006d      	lsls	r5, r5, #1
10002f00:	d307      	bcc.n	10002f12 <l17_1+0x4a>
10002f02:	3001      	adds	r0, #1
10002f04:	2600      	movs	r6, #0
10002f06:	4171      	adcs	r1, r6
10002f08:	4666      	mov	r6, ip
10002f0a:	4335      	orrs	r5, r6
10002f0c:	d101      	bne.n	10002f12 <l17_1+0x4a>
10002f0e:	0840      	lsrs	r0, r0, #1
10002f10:	0040      	lsls	r0, r0, #1
10002f12:	051b      	lsls	r3, r3, #20
10002f14:	18c9      	adds	r1, r1, r3

10002f16 <dm_2>:
10002f16:	07e4      	lsls	r4, r4, #31
10002f18:	4421      	add	r1, r4
10002f1a:	bdf0      	pop	{r4, r5, r6, r7, pc}

10002f1c <dm_0>:
10002f1c:	da0b      	bge.n	10002f36 <dm_1>
10002f1e:	3301      	adds	r3, #1
10002f20:	d106      	bne.n	10002f30 <dm_0+0x14>
10002f22:	3001      	adds	r0, #1
10002f24:	d104      	bne.n	10002f30 <dm_0+0x14>
10002f26:	3101      	adds	r1, #1
10002f28:	0d4f      	lsrs	r7, r1, #21
10002f2a:	d001      	beq.n	10002f30 <dm_0+0x14>
10002f2c:	0849      	lsrs	r1, r1, #1
10002f2e:	e7f2      	b.n	10002f16 <dm_2>
10002f30:	07e1      	lsls	r1, r4, #31
10002f32:	2000      	movs	r0, #0
10002f34:	bdf0      	pop	{r4, r5, r6, r7, pc}

10002f36 <dm_1>:
10002f36:	3601      	adds	r6, #1
10002f38:	0531      	lsls	r1, r6, #20
10002f3a:	2000      	movs	r0, #0
10002f3c:	e7eb      	b.n	10002f16 <dm_2>
10002f3e:	0000      	.short	0x0000
10002f40:	000003ff 	.word	0x000003ff

10002f44 <ddiv_shim>:
10002f44:	b5f0      	push	{r4, r5, r6, r7, lr}

10002f46 <ddiv0>:
10002f46:	0d1c      	lsrs	r4, r3, #20
10002f48:	1e67      	subs	r7, r4, #1
10002f4a:	053f      	lsls	r7, r7, #20
10002f4c:	1bdb      	subs	r3, r3, r7
10002f4e:	0ae7      	lsrs	r7, r4, #11
10002f50:	0564      	lsls	r4, r4, #21
10002f52:	0d64      	lsrs	r4, r4, #21
10002f54:	d002      	beq.n	10002f5c <l20_1>
10002f56:	1c66      	adds	r6, r4, #1
10002f58:	0af6      	lsrs	r6, r6, #11
10002f5a:	d004      	beq.n	10002f66 <l20_2>

10002f5c <l20_1>:
10002f5c:	2200      	movs	r2, #0
10002f5e:	2301      	movs	r3, #1
10002f60:	051b      	lsls	r3, r3, #20
10002f62:	3c80      	subs	r4, #128	@ 0x80
10002f64:	0324      	lsls	r4, r4, #12

10002f66 <l20_2>:
10002f66:	25d0      	movs	r5, #208	@ 0xd0
10002f68:	062d      	lsls	r5, r5, #24
10002f6a:	2600      	movs	r6, #0
10002f6c:	43f6      	mvns	r6, r6
10002f6e:	662e      	str	r6, [r5, #96]	@ 0x60
10002f70:	091e      	lsrs	r6, r3, #4
10002f72:	666e      	str	r6, [r5, #100]	@ 0x64
10002f74:	0fce      	lsrs	r6, r1, #31
10002f76:	19f6      	adds	r6, r6, r7
10002f78:	46b4      	mov	ip, r6
10002f7a:	0049      	lsls	r1, r1, #1
10002f7c:	0d4f      	lsrs	r7, r1, #21
10002f7e:	d002      	beq.n	10002f86 <l20_2+0x20>
10002f80:	1c7e      	adds	r6, r7, #1
10002f82:	0af6      	lsrs	r6, r6, #11
10002f84:	d003      	beq.n	10002f8e <l20_2+0x28>
10002f86:	2000      	movs	r0, #0
10002f88:	2100      	movs	r1, #0
10002f8a:	3f40      	subs	r7, #64	@ 0x40
10002f8c:	033f      	lsls	r7, r7, #12
10002f8e:	1b3e      	subs	r6, r7, r4
10002f90:	00b6      	lsls	r6, r6, #2
10002f92:	44b4      	add	ip, r6
10002f94:	3f01      	subs	r7, #1
10002f96:	057f      	lsls	r7, r7, #21
10002f98:	1bc9      	subs	r1, r1, r7
10002f9a:	0849      	lsrs	r1, r1, #1
10002f9c:	6f2e      	ldr	r6, [r5, #112]	@ 0x70
10002f9e:	3601      	adds	r6, #1
10002fa0:	0876      	lsrs	r6, r6, #1
10002fa2:	029c      	lsls	r4, r3, #10
10002fa4:	0d95      	lsrs	r5, r2, #22
10002fa6:	4325      	orrs	r5, r4
10002fa8:	4375      	muls	r5, r6
10002faa:	13ed      	asrs	r5, r5, #15
10002fac:	4375      	muls	r5, r6
10002fae:	13ad      	asrs	r5, r5, #14
10002fb0:	3501      	adds	r5, #1
10002fb2:	106d      	asrs	r5, r5, #1
10002fb4:	03f6      	lsls	r6, r6, #15
10002fb6:	1b76      	subs	r6, r6, r5
10002fb8:	b40c      	push	{r2, r3}
10002fba:	02cc      	lsls	r4, r1, #11
10002fbc:	0d45      	lsrs	r5, r0, #21
10002fbe:	432c      	orrs	r4, r5
10002fc0:	b2a2      	uxth	r2, r4
10002fc2:	b2b3      	uxth	r3, r6
10002fc4:	435a      	muls	r2, r3
10002fc6:	0c27      	lsrs	r7, r4, #16
10002fc8:	437b      	muls	r3, r7
10002fca:	0c35      	lsrs	r5, r6, #16
10002fcc:	436f      	muls	r7, r5
10002fce:	b2a4      	uxth	r4, r4
10002fd0:	436c      	muls	r4, r5
10002fd2:	191b      	adds	r3, r3, r4
10002fd4:	d302      	bcc.n	10002fdc <l21_1>
10002fd6:	2401      	movs	r4, #1
10002fd8:	0424      	lsls	r4, r4, #16
10002fda:	193f      	adds	r7, r7, r4

10002fdc <l21_1>:
10002fdc:	041c      	lsls	r4, r3, #16
10002fde:	0c1d      	lsrs	r5, r3, #16
10002fe0:	18a4      	adds	r4, r4, r2
10002fe2:	417d      	adcs	r5, r7
10002fe4:	1924      	adds	r4, r4, r4
10002fe6:	416d      	adcs	r5, r5
10002fe8:	9a00      	ldr	r2, [sp, #0]
10002fea:	b291      	uxth	r1, r2
10002fec:	b2ac      	uxth	r4, r5
10002fee:	4361      	muls	r1, r4
10002ff0:	0c17      	lsrs	r7, r2, #16
10002ff2:	437c      	muls	r4, r7
10002ff4:	0c2b      	lsrs	r3, r5, #16
10002ff6:	435f      	muls	r7, r3
10002ff8:	b292      	uxth	r2, r2
10002ffa:	435a      	muls	r2, r3
10002ffc:	18a4      	adds	r4, r4, r2
10002ffe:	d302      	bcc.n	10003006 <l22_1>
10003000:	2201      	movs	r2, #1
10003002:	0412      	lsls	r2, r2, #16
10003004:	18bf      	adds	r7, r7, r2

10003006 <l22_1>:
10003006:	0422      	lsls	r2, r4, #16
10003008:	0c23      	lsrs	r3, r4, #16
1000300a:	1852      	adds	r2, r2, r1
1000300c:	417b      	adcs	r3, r7
1000300e:	9c01      	ldr	r4, [sp, #4]
10003010:	436c      	muls	r4, r5
10003012:	191b      	adds	r3, r3, r4
10003014:	0e52      	lsrs	r2, r2, #25
10003016:	01d9      	lsls	r1, r3, #7
10003018:	430a      	orrs	r2, r1
1000301a:	0144      	lsls	r4, r0, #5
1000301c:	1aa0      	subs	r0, r4, r2
1000301e:	b281      	uxth	r1, r0
10003020:	b2b2      	uxth	r2, r6
10003022:	4351      	muls	r1, r2
10003024:	1403      	asrs	r3, r0, #16
10003026:	435a      	muls	r2, r3
10003028:	0c36      	lsrs	r6, r6, #16
1000302a:	4373      	muls	r3, r6
1000302c:	b287      	uxth	r7, r0
1000302e:	4377      	muls	r7, r6
10003030:	17d6      	asrs	r6, r2, #31
10003032:	19d2      	adds	r2, r2, r7
10003034:	2700      	movs	r7, #0
10003036:	417e      	adcs	r6, r7
10003038:	0436      	lsls	r6, r6, #16
1000303a:	199b      	adds	r3, r3, r6
1000303c:	0417      	lsls	r7, r2, #16
1000303e:	0c16      	lsrs	r6, r2, #16
10003040:	187f      	adds	r7, r7, r1
10003042:	415e      	adcs	r6, r3
10003044:	1673      	asrs	r3, r6, #25
10003046:	18ed      	adds	r5, r5, r3
10003048:	01f3      	lsls	r3, r6, #7
1000304a:	2600      	movs	r6, #0
1000304c:	3380      	adds	r3, #128	@ 0x80
1000304e:	4175      	adcs	r5, r6
10003050:	0fa9      	lsrs	r1, r5, #30
10003052:	d106      	bne.n	10003062 <dd_0>
10003054:	0064      	lsls	r4, r4, #1
10003056:	0a69      	lsrs	r1, r5, #9
10003058:	05e8      	lsls	r0, r5, #23
1000305a:	0a5b      	lsrs	r3, r3, #9
1000305c:	4318      	orrs	r0, r3
1000305e:	d209      	bcs.n	10003074 <dd_1>
10003060:	e02f      	b.n	100030c2 <dd_2>

10003062 <dd_0>:
10003062:	2204      	movs	r2, #4
10003064:	4494      	add	ip, r2
10003066:	3380      	adds	r3, #128	@ 0x80
10003068:	4175      	adcs	r5, r6
1000306a:	0aa9      	lsrs	r1, r5, #10
1000306c:	05a8      	lsls	r0, r5, #22
1000306e:	0a9b      	lsrs	r3, r3, #10
10003070:	4318      	orrs	r0, r3
10003072:	d326      	bcc.n	100030c2 <dd_2>

10003074 <dd_1>:
10003074:	4140      	adcs	r0, r0
10003076:	4149      	adcs	r1, r1
10003078:	0424      	lsls	r4, r4, #16
1000307a:	9a00      	ldr	r2, [sp, #0]
1000307c:	9b01      	ldr	r3, [sp, #4]
1000307e:	000d      	movs	r5, r1
10003080:	4355      	muls	r5, r2
10003082:	1b64      	subs	r4, r4, r5
10003084:	4343      	muls	r3, r0
10003086:	1ae4      	subs	r4, r4, r3
10003088:	b295      	uxth	r5, r2
1000308a:	b286      	uxth	r6, r0
1000308c:	4375      	muls	r5, r6
1000308e:	0c17      	lsrs	r7, r2, #16
10003090:	437e      	muls	r6, r7
10003092:	0c03      	lsrs	r3, r0, #16
10003094:	435f      	muls	r7, r3
10003096:	b292      	uxth	r2, r2
10003098:	435a      	muls	r2, r3
1000309a:	18b6      	adds	r6, r6, r2
1000309c:	d302      	bcc.n	100030a4 <l24_1>
1000309e:	2201      	movs	r2, #1
100030a0:	0412      	lsls	r2, r2, #16
100030a2:	18bf      	adds	r7, r7, r2

100030a4 <l24_1>:
100030a4:	0432      	lsls	r2, r6, #16
100030a6:	0c33      	lsrs	r3, r6, #16
100030a8:	1952      	adds	r2, r2, r5
100030aa:	417b      	adcs	r3, r7
100030ac:	4252      	negs	r2, r2
100030ae:	419c      	sbcs	r4, r3
100030b0:	2c00      	cmp	r4, #0
100030b2:	d402      	bmi.n	100030ba <l24_1+0x16>
100030b4:	2200      	movs	r2, #0
100030b6:	3001      	adds	r0, #1
100030b8:	4151      	adcs	r1, r2
100030ba:	0840      	lsrs	r0, r0, #1
100030bc:	07ca      	lsls	r2, r1, #31
100030be:	4310      	orrs	r0, r2
100030c0:	0849      	lsrs	r1, r1, #1

100030c2 <dd_2>:
100030c2:	b002      	add	sp, #8
100030c4:	4662      	mov	r2, ip
100030c6:	07d7      	lsls	r7, r2, #31
100030c8:	1092      	asrs	r2, r2, #2
100030ca:	4b08      	ldr	r3, [pc, #32]	@ (100030ec <dd_4+0x6>)
100030cc:	18d2      	adds	r2, r2, r3
100030ce:	4b08      	ldr	r3, [pc, #32]	@ (100030f0 <dd_4+0xa>)
100030d0:	429a      	cmp	r2, r3
100030d2:	d203      	bcs.n	100030dc <dd_3>
100030d4:	0512      	lsls	r2, r2, #20
100030d6:	1889      	adds	r1, r1, r2

100030d8 <dd_5>:
100030d8:	19c9      	adds	r1, r1, r7
100030da:	bdf0      	pop	{r4, r5, r6, r7, pc}

100030dc <dd_3>:
100030dc:	2000      	movs	r0, #0
100030de:	2a00      	cmp	r2, #0
100030e0:	dc01      	bgt.n	100030e6 <dd_4>
100030e2:	0039      	movs	r1, r7
100030e4:	bdf0      	pop	{r4, r5, r6, r7, pc}

100030e6 <dd_4>:
100030e6:	3301      	adds	r3, #1
100030e8:	0519      	lsls	r1, r3, #20
100030ea:	e7f5      	b.n	100030d8 <dd_5>
100030ec:	000003fd 	.word	0x000003fd
100030f0:	000007fe 	.word	0x000007fe

100030f4 <double2uint_shim>:
100030f4:	2200      	movs	r2, #0

100030f6 <double2ufix_shim>:
100030f6:	b500      	push	{lr}
100030f8:	3220      	adds	r2, #32
100030fa:	f000 f804 	bl	10003106 <double2ufix64_shim>
100030fe:	0008      	movs	r0, r1
10003100:	bd00      	pop	{pc}
	...

10003104 <double2uint64_shim>:
10003104:	2200      	movs	r2, #0

10003106 <double2ufix64_shim>:
10003106:	150b      	asrs	r3, r1, #20
10003108:	d40a      	bmi.n	10003120 <ret_dzero>

1000310a <d2fix>:
1000310a:	b510      	push	{r4, lr}
1000310c:	4694      	mov	ip, r2
1000310e:	f000 f831 	bl	10003174 <dunpacks>
10003112:	1414      	asrs	r4, r2, #16
10003114:	3401      	adds	r4, #1
10003116:	da00      	bge.n	1000311a <d2fix+0x10>
10003118:	2100      	movs	r1, #0
1000311a:	17cb      	asrs	r3, r1, #31
1000311c:	4c14      	ldr	r4, [pc, #80]	@ (10003170 <d2fix_a+0x4a>)
1000311e:	4720      	bx	r4

10003120 <ret_dzero>:
10003120:	2000      	movs	r0, #0
10003122:	2100      	movs	r1, #0
10003124:	4770      	bx	lr

10003126 <d2fix_a>:
10003126:	4462      	add	r2, ip
10003128:	3a34      	subs	r2, #52	@ 0x34
1000312a:	d40c      	bmi.n	10003146 <d2fix_a+0x20>
1000312c:	2a0c      	cmp	r2, #12
1000312e:	da07      	bge.n	10003140 <d2fix_a+0x1a>
10003130:	0004      	movs	r4, r0
10003132:	4091      	lsls	r1, r2
10003134:	4090      	lsls	r0, r2
10003136:	4252      	negs	r2, r2
10003138:	3220      	adds	r2, #32
1000313a:	40d4      	lsrs	r4, r2
1000313c:	4321      	orrs	r1, r4
1000313e:	bd10      	pop	{r4, pc}
10003140:	43d8      	mvns	r0, r3
10003142:	43d9      	mvns	r1, r3
10003144:	bd10      	pop	{r4, pc}
10003146:	3220      	adds	r2, #32
10003148:	d407      	bmi.n	1000315a <d2fix_a+0x34>
1000314a:	460c      	mov	r4, r1
1000314c:	4094      	lsls	r4, r2
1000314e:	4252      	negs	r2, r2
10003150:	3220      	adds	r2, #32
10003152:	4111      	asrs	r1, r2
10003154:	40d0      	lsrs	r0, r2
10003156:	4320      	orrs	r0, r4
10003158:	bd10      	pop	{r4, pc}
1000315a:	0008      	movs	r0, r1
1000315c:	17c9      	asrs	r1, r1, #31
1000315e:	3220      	adds	r2, #32
10003160:	d403      	bmi.n	1000316a <d2fix_a+0x44>
10003162:	4252      	negs	r2, r2
10003164:	3220      	adds	r2, #32
10003166:	4110      	asrs	r0, r2
10003168:	bd10      	pop	{r4, pc}
1000316a:	0018      	movs	r0, r3
1000316c:	0019      	movs	r1, r3
1000316e:	bd10      	pop	{r4, pc}
10003170:	10003127 	.word	0x10003127

10003174 <dunpacks>:
10003174:	0d0a      	lsrs	r2, r1, #20
10003176:	0fcc      	lsrs	r4, r1, #31
10003178:	1e53      	subs	r3, r2, #1
1000317a:	051b      	lsls	r3, r3, #20
1000317c:	1ac9      	subs	r1, r1, r3
1000317e:	0552      	lsls	r2, r2, #21
10003180:	d303      	bcc.n	1000318a <l60_1>
10003182:	43c9      	mvns	r1, r1
10003184:	4240      	negs	r0, r0
10003186:	d300      	bcc.n	1000318a <l60_1>
10003188:	3101      	adds	r1, #1

1000318a <l60_1>:
1000318a:	0d52      	lsrs	r2, r2, #21
1000318c:	d003      	beq.n	10003196 <l60_2>
1000318e:	1c53      	adds	r3, r2, #1
10003190:	0adb      	lsrs	r3, r3, #11
10003192:	d007      	beq.n	100031a4 <l60_3>
10003194:	1b12      	subs	r2, r2, r4

10003196 <l60_2>:
10003196:	2000      	movs	r0, #0
10003198:	0064      	lsls	r4, r4, #1
1000319a:	1c61      	adds	r1, r4, #1
1000319c:	0789      	lsls	r1, r1, #30
1000319e:	1289      	asrs	r1, r1, #10
100031a0:	3a80      	subs	r2, #128	@ 0x80
100031a2:	0312      	lsls	r2, r2, #12

100031a4 <l60_3>:
100031a4:	4b01      	ldr	r3, [pc, #4]	@ (100031ac <l60_3+0x8>)
100031a6:	1ad2      	subs	r2, r2, r3
100031a8:	4770      	bx	lr
100031aa:	0000      	.short	0x0000
100031ac:	000003ff 	.word	0x000003ff

100031b0 <__wrap___aeabi_lmul>:
100031b0:	4351      	muls	r1, r2
100031b2:	4343      	muls	r3, r0
100031b4:	18c9      	adds	r1, r1, r3
100031b6:	468c      	mov	ip, r1
100031b8:	0c11      	lsrs	r1, r2, #16
100031ba:	b283      	uxth	r3, r0
100031bc:	434b      	muls	r3, r1
100031be:	b410      	push	{r4}
100031c0:	0c04      	lsrs	r4, r0, #16
100031c2:	4361      	muls	r1, r4
100031c4:	b292      	uxth	r2, r2
100031c6:	b280      	uxth	r0, r0
100031c8:	4350      	muls	r0, r2
100031ca:	4362      	muls	r2, r4
100031cc:	041c      	lsls	r4, r3, #16
100031ce:	0c1b      	lsrs	r3, r3, #16
100031d0:	1900      	adds	r0, r0, r4
100031d2:	bc10      	pop	{r4}
100031d4:	4159      	adcs	r1, r3
100031d6:	0413      	lsls	r3, r2, #16
100031d8:	0c12      	lsrs	r2, r2, #16
100031da:	18c0      	adds	r0, r0, r3
100031dc:	4151      	adcs	r1, r2
100031de:	4461      	add	r1, ip
100031e0:	4770      	bx	lr
	...

100031e4 <__aeabi_float_init>:
100031e4:	2313      	movs	r3, #19
100031e6:	b510      	push	{r4, lr}
100031e8:	781c      	ldrb	r4, [r3, #0]
100031ea:	4813      	ldr	r0, [pc, #76]	@ (10003238 <__aeabi_float_init+0x54>)
100031ec:	f7ff f80a 	bl	10002204 <rom_data_lookup>
100031f0:	2c01      	cmp	r4, #1
100031f2:	d00b      	beq.n	1000320c <__aeabi_float_init+0x28>
100031f4:	dd04      	ble.n	10003200 <__aeabi_float_init+0x1c>
100031f6:	0001      	movs	r1, r0
100031f8:	2280      	movs	r2, #128	@ 0x80
100031fa:	4810      	ldr	r0, [pc, #64]	@ (1000323c <__aeabi_float_init+0x58>)
100031fc:	f000 f84a 	bl	10003294 <__wrap___aeabi_memcpy>
10003200:	480f      	ldr	r0, [pc, #60]	@ (10003240 <__aeabi_float_init+0x5c>)
10003202:	f7fe fff7 	bl	100021f4 <rom_func_lookup>
10003206:	4b0f      	ldr	r3, [pc, #60]	@ (10003244 <__aeabi_float_init+0x60>)
10003208:	6018      	str	r0, [r3, #0]
1000320a:	bd10      	pop	{r4, pc}
1000320c:	4c0b      	ldr	r4, [pc, #44]	@ (1000323c <__aeabi_float_init+0x58>)
1000320e:	0001      	movs	r1, r0
10003210:	2254      	movs	r2, #84	@ 0x54
10003212:	0020      	movs	r0, r4
10003214:	f000 f83e 	bl	10003294 <__wrap___aeabi_memcpy>
10003218:	4b0b      	ldr	r3, [pc, #44]	@ (10003248 <__aeabi_float_init+0x64>)
1000321a:	6563      	str	r3, [r4, #84]	@ 0x54
1000321c:	65a3      	str	r3, [r4, #88]	@ 0x58
1000321e:	65e3      	str	r3, [r4, #92]	@ 0x5c
10003220:	6623      	str	r3, [r4, #96]	@ 0x60
10003222:	6663      	str	r3, [r4, #100]	@ 0x64
10003224:	66a3      	str	r3, [r4, #104]	@ 0x68
10003226:	66e3      	str	r3, [r4, #108]	@ 0x6c
10003228:	6723      	str	r3, [r4, #112]	@ 0x70
1000322a:	6763      	str	r3, [r4, #116]	@ 0x74
1000322c:	67a3      	str	r3, [r4, #120]	@ 0x78
1000322e:	67e3      	str	r3, [r4, #124]	@ 0x7c
10003230:	6223      	str	r3, [r4, #32]
10003232:	61e3      	str	r3, [r4, #28]
10003234:	e7e4      	b.n	10003200 <__aeabi_float_init+0x1c>
10003236:	46c0      	nop			@ (mov r8, r8)
10003238:	00004653 	.word	0x00004653
1000323c:	20012350 	.word	0x20012350
10003240:	0000334c 	.word	0x0000334c
10003244:	20012d8c 	.word	0x20012d8c
10003248:	1000324d 	.word	0x1000324d

1000324c <float_table_shim_on_use_helper>:
1000324c:	b507      	push	{r0, r1, r2, lr}
1000324e:	4660      	mov	r0, ip
10003250:	8801      	ldrh	r1, [r0, #0]
10003252:	0a0a      	lsrs	r2, r1, #8
10003254:	3002      	adds	r0, #2
10003256:	2adf      	cmp	r2, #223	@ 0xdf
10003258:	d1fa      	bne.n	10003250 <float_table_shim_on_use_helper+0x4>
1000325a:	b2c9      	uxtb	r1, r1
1000325c:	0882      	lsrs	r2, r0, #2
1000325e:	d304      	bcc.n	1000326a <float_table_shim_on_use_helper+0x1e>
10003260:	8802      	ldrh	r2, [r0, #0]
10003262:	8840      	ldrh	r0, [r0, #2]
10003264:	0400      	lsls	r0, r0, #16
10003266:	4310      	orrs	r0, r2
10003268:	e000      	b.n	1000326c <float_table_shim_on_use_helper+0x20>
1000326a:	6800      	ldr	r0, [r0, #0]
1000326c:	4a01      	ldr	r2, [pc, #4]	@ (10003274 <float_table_shim_on_use_helper+0x28>)
1000326e:	5050      	str	r0, [r2, r1]
10003270:	9003      	str	r0, [sp, #12]
10003272:	bd07      	pop	{r0, r1, r2, pc}
10003274:	20012350 	.word	0x20012350

10003278 <__aeabi_mem_init>:
10003278:	4801      	ldr	r0, [pc, #4]	@ (10003280 <__aeabi_mem_init+0x8>)
1000327a:	2104      	movs	r1, #4
1000327c:	4b01      	ldr	r3, [pc, #4]	@ (10003284 <__aeabi_mem_init+0xc>)
1000327e:	4718      	bx	r3
10003280:	20001150 	.word	0x20001150
10003284:	10002215 	.word	0x10002215

10003288 <__wrap_memset>:
10003288:	4b01      	ldr	r3, [pc, #4]	@ (10003290 <__wrap_memset+0x8>)
1000328a:	681b      	ldr	r3, [r3, #0]
1000328c:	4718      	bx	r3
1000328e:	0000      	.short	0x0000
10003290:	20001150 	.word	0x20001150

10003294 <__wrap___aeabi_memcpy>:
10003294:	4b01      	ldr	r3, [pc, #4]	@ (1000329c <__wrap___aeabi_memcpy+0x8>)
10003296:	685b      	ldr	r3, [r3, #4]
10003298:	4718      	bx	r3
1000329a:	0000      	.short	0x0000
1000329c:	20001150 	.word	0x20001150

100032a0 <_out_null>:
100032a0:	4770      	bx	lr
100032a2:	46c0      	nop			@ (mov r8, r8)

100032a4 <_out_rev>:
100032a4:	b5f8      	push	{r3, r4, r5, r6, r7, lr}
100032a6:	46de      	mov	lr, fp
100032a8:	4657      	mov	r7, sl
100032aa:	464e      	mov	r6, r9
100032ac:	4645      	mov	r5, r8
100032ae:	b5e0      	push	{r5, r6, r7, lr}
100032b0:	4699      	mov	r9, r3
100032b2:	9b0d      	ldr	r3, [sp, #52]	@ 0x34
100032b4:	0007      	movs	r7, r0
100032b6:	4688      	mov	r8, r1
100032b8:	4693      	mov	fp, r2
100032ba:	079b      	lsls	r3, r3, #30
100032bc:	d028      	beq.n	10003310 <_out_rev+0x6c>
100032be:	9b0b      	ldr	r3, [sp, #44]	@ 0x2c
100032c0:	2b00      	cmp	r3, #0
100032c2:	d03c      	beq.n	1000333e <_out_rev+0x9a>
100032c4:	0016      	movs	r6, r2
100032c6:	9c0b      	ldr	r4, [sp, #44]	@ 0x2c
100032c8:	9d0a      	ldr	r5, [sp, #40]	@ 0x28
100032ca:	1936      	adds	r6, r6, r4
100032cc:	1b32      	subs	r2, r6, r4
100032ce:	3c01      	subs	r4, #1
100032d0:	464b      	mov	r3, r9
100032d2:	4641      	mov	r1, r8
100032d4:	5d28      	ldrb	r0, [r5, r4]
100032d6:	47b8      	blx	r7
100032d8:	2c00      	cmp	r4, #0
100032da:	d1f7      	bne.n	100032cc <_out_rev+0x28>
100032dc:	0035      	movs	r5, r6
100032de:	9b0d      	ldr	r3, [sp, #52]	@ 0x34
100032e0:	079b      	lsls	r3, r3, #30
100032e2:	d50e      	bpl.n	10003302 <_out_rev+0x5e>
100032e4:	465b      	mov	r3, fp
100032e6:	1aec      	subs	r4, r5, r3
100032e8:	9b0c      	ldr	r3, [sp, #48]	@ 0x30
100032ea:	42a3      	cmp	r3, r4
100032ec:	d909      	bls.n	10003302 <_out_rev+0x5e>
100032ee:	001e      	movs	r6, r3
100032f0:	002a      	movs	r2, r5
100032f2:	464b      	mov	r3, r9
100032f4:	4641      	mov	r1, r8
100032f6:	2020      	movs	r0, #32
100032f8:	3401      	adds	r4, #1
100032fa:	47b8      	blx	r7
100032fc:	3501      	adds	r5, #1
100032fe:	42b4      	cmp	r4, r6
10003300:	d3f6      	bcc.n	100032f0 <_out_rev+0x4c>
10003302:	0028      	movs	r0, r5
10003304:	bcf0      	pop	{r4, r5, r6, r7}
10003306:	46bb      	mov	fp, r7
10003308:	46b2      	mov	sl, r6
1000330a:	46a9      	mov	r9, r5
1000330c:	46a0      	mov	r8, r4
1000330e:	bdf8      	pop	{r3, r4, r5, r6, r7, pc}
10003310:	9b0b      	ldr	r3, [sp, #44]	@ 0x2c
10003312:	9a0c      	ldr	r2, [sp, #48]	@ 0x30
10003314:	4293      	cmp	r3, r2
10003316:	d214      	bcs.n	10003342 <_out_rev+0x9e>
10003318:	0013      	movs	r3, r2
1000331a:	465d      	mov	r5, fp
1000331c:	000c      	movs	r4, r1
1000331e:	9a0b      	ldr	r2, [sp, #44]	@ 0x2c
10003320:	1a9e      	subs	r6, r3, r2
10003322:	1976      	adds	r6, r6, r5
10003324:	002a      	movs	r2, r5
10003326:	464b      	mov	r3, r9
10003328:	3501      	adds	r5, #1
1000332a:	0021      	movs	r1, r4
1000332c:	2020      	movs	r0, #32
1000332e:	47b8      	blx	r7
10003330:	42b5      	cmp	r5, r6
10003332:	d1f7      	bne.n	10003324 <_out_rev+0x80>
10003334:	9b0b      	ldr	r3, [sp, #44]	@ 0x2c
10003336:	46a0      	mov	r8, r4
10003338:	2b00      	cmp	r3, #0
1000333a:	d1c4      	bne.n	100032c6 <_out_rev+0x22>
1000333c:	e7e1      	b.n	10003302 <_out_rev+0x5e>
1000333e:	0015      	movs	r5, r2
10003340:	e7cd      	b.n	100032de <_out_rev+0x3a>
10003342:	465e      	mov	r6, fp
10003344:	2b00      	cmp	r3, #0
10003346:	d1be      	bne.n	100032c6 <_out_rev+0x22>
10003348:	465d      	mov	r5, fp
1000334a:	e7da      	b.n	10003302 <_out_rev+0x5e>

1000334c <_ntoa_format>:
1000334c:	b5f0      	push	{r4, r5, r6, r7, lr}
1000334e:	464f      	mov	r7, r9
10003350:	46d6      	mov	lr, sl
10003352:	4646      	mov	r6, r8
10003354:	b5c0      	push	{r6, r7, lr}
10003356:	b084      	sub	sp, #16
10003358:	469c      	mov	ip, r3
1000335a:	ab0e      	add	r3, sp, #56	@ 0x38
1000335c:	781f      	ldrb	r7, [r3, #0]
1000335e:	9b12      	ldr	r3, [sp, #72]	@ 0x48
10003360:	4691      	mov	r9, r2
10003362:	46ba      	mov	sl, r7
10003364:	9c0d      	ldr	r4, [sp, #52]	@ 0x34
10003366:	9e10      	ldr	r6, [sp, #64]	@ 0x40
10003368:	9d11      	ldr	r5, [sp, #68]	@ 0x44
1000336a:	079b      	lsls	r3, r3, #30
1000336c:	d44c      	bmi.n	10003408 <_ntoa_format+0xbc>
1000336e:	2d00      	cmp	r5, #0
10003370:	d141      	bne.n	100033f6 <_ntoa_format+0xaa>
10003372:	42b4      	cmp	r4, r6
10003374:	d248      	bcs.n	10003408 <_ntoa_format+0xbc>
10003376:	2301      	movs	r3, #1
10003378:	9f12      	ldr	r7, [sp, #72]	@ 0x48
1000337a:	401f      	ands	r7, r3
1000337c:	46b8      	mov	r8, r7
1000337e:	9b0c      	ldr	r3, [sp, #48]	@ 0x30
10003380:	1e5f      	subs	r7, r3, #1
10003382:	2330      	movs	r3, #48	@ 0x30
10003384:	e003      	b.n	1000338e <_ntoa_format+0x42>
10003386:	3401      	adds	r4, #1
10003388:	553b      	strb	r3, [r7, r4]
1000338a:	42a6      	cmp	r6, r4
1000338c:	d901      	bls.n	10003392 <_ntoa_format+0x46>
1000338e:	2c20      	cmp	r4, #32
10003390:	d1f9      	bne.n	10003386 <_ntoa_format+0x3a>
10003392:	4643      	mov	r3, r8
10003394:	2b00      	cmp	r3, #0
10003396:	d100      	bne.n	1000339a <_ntoa_format+0x4e>
10003398:	e087      	b.n	100034aa <_ntoa_format+0x15e>
1000339a:	9b0c      	ldr	r3, [sp, #48]	@ 0x30
1000339c:	1e5f      	subs	r7, r3, #1
1000339e:	2330      	movs	r3, #48	@ 0x30
100033a0:	42a5      	cmp	r5, r4
100033a2:	d804      	bhi.n	100033ae <_ntoa_format+0x62>
100033a4:	e030      	b.n	10003408 <_ntoa_format+0xbc>
100033a6:	3401      	adds	r4, #1
100033a8:	553b      	strb	r3, [r7, r4]
100033aa:	42ac      	cmp	r4, r5
100033ac:	d02c      	beq.n	10003408 <_ntoa_format+0xbc>
100033ae:	2c20      	cmp	r4, #32
100033b0:	d1f9      	bne.n	100033a6 <_ntoa_format+0x5a>
100033b2:	9b12      	ldr	r3, [sp, #72]	@ 0x48
100033b4:	06db      	lsls	r3, r3, #27
100033b6:	d50d      	bpl.n	100033d4 <_ntoa_format+0x88>
100033b8:	9b12      	ldr	r3, [sp, #72]	@ 0x48
100033ba:	055b      	lsls	r3, r3, #21
100033bc:	d457      	bmi.n	1000346e <_ntoa_format+0x122>
100033be:	42a6      	cmp	r6, r4
100033c0:	d067      	beq.n	10003492 <_ntoa_format+0x146>
100033c2:	42a5      	cmp	r5, r4
100033c4:	d065      	beq.n	10003492 <_ntoa_format+0x146>
100033c6:	9b0f      	ldr	r3, [sp, #60]	@ 0x3c
100033c8:	2b10      	cmp	r3, #16
100033ca:	d053      	beq.n	10003474 <_ntoa_format+0x128>
100033cc:	2b02      	cmp	r3, #2
100033ce:	d05b      	beq.n	10003488 <_ntoa_format+0x13c>
100033d0:	2c20      	cmp	r4, #32
100033d2:	d136      	bne.n	10003442 <_ntoa_format+0xf6>
100033d4:	2320      	movs	r3, #32
100033d6:	9c12      	ldr	r4, [sp, #72]	@ 0x48
100033d8:	9301      	str	r3, [sp, #4]
100033da:	9b0c      	ldr	r3, [sp, #48]	@ 0x30
100033dc:	464a      	mov	r2, r9
100033de:	9300      	str	r3, [sp, #0]
100033e0:	9403      	str	r4, [sp, #12]
100033e2:	4663      	mov	r3, ip
100033e4:	9502      	str	r5, [sp, #8]
100033e6:	f7ff ff5d 	bl	100032a4 <_out_rev>
100033ea:	b004      	add	sp, #16
100033ec:	bce0      	pop	{r5, r6, r7}
100033ee:	46ba      	mov	sl, r7
100033f0:	46b1      	mov	r9, r6
100033f2:	46a8      	mov	r8, r5
100033f4:	bdf0      	pop	{r4, r5, r6, r7, pc}
100033f6:	2301      	movs	r3, #1
100033f8:	9a12      	ldr	r2, [sp, #72]	@ 0x48
100033fa:	4013      	ands	r3, r2
100033fc:	4698      	mov	r8, r3
100033fe:	2301      	movs	r3, #1
10003400:	4213      	tst	r3, r2
10003402:	d12d      	bne.n	10003460 <_ntoa_format+0x114>
10003404:	42b4      	cmp	r4, r6
10003406:	d3ba      	bcc.n	1000337e <_ntoa_format+0x32>
10003408:	9b12      	ldr	r3, [sp, #72]	@ 0x48
1000340a:	06db      	lsls	r3, r3, #27
1000340c:	d51e      	bpl.n	1000344c <_ntoa_format+0x100>
1000340e:	9b12      	ldr	r3, [sp, #72]	@ 0x48
10003410:	055b      	lsls	r3, r3, #21
10003412:	d4d8      	bmi.n	100033c6 <_ntoa_format+0x7a>
10003414:	2c00      	cmp	r4, #0
10003416:	d1d2      	bne.n	100033be <_ntoa_format+0x72>
10003418:	9b0f      	ldr	r3, [sp, #60]	@ 0x3c
1000341a:	2b10      	cmp	r3, #16
1000341c:	d060      	beq.n	100034e0 <_ntoa_format+0x194>
1000341e:	9b0f      	ldr	r3, [sp, #60]	@ 0x3c
10003420:	2b02      	cmp	r3, #2
10003422:	d071      	beq.n	10003508 <_ntoa_format+0x1bc>
10003424:	2330      	movs	r3, #48	@ 0x30
10003426:	2401      	movs	r4, #1
10003428:	9a0c      	ldr	r2, [sp, #48]	@ 0x30
1000342a:	7013      	strb	r3, [r2, #0]
1000342c:	4653      	mov	r3, sl
1000342e:	2b00      	cmp	r3, #0
10003430:	d111      	bne.n	10003456 <_ntoa_format+0x10a>
10003432:	9b12      	ldr	r3, [sp, #72]	@ 0x48
10003434:	075b      	lsls	r3, r3, #29
10003436:	d540      	bpl.n	100034ba <_ntoa_format+0x16e>
10003438:	262b      	movs	r6, #43	@ 0x2b
1000343a:	9a0c      	ldr	r2, [sp, #48]	@ 0x30
1000343c:	1c63      	adds	r3, r4, #1
1000343e:	5516      	strb	r6, [r2, r4]
10003440:	e7c9      	b.n	100033d6 <_ntoa_format+0x8a>
10003442:	0023      	movs	r3, r4
10003444:	3401      	adds	r4, #1
10003446:	2630      	movs	r6, #48	@ 0x30
10003448:	9a0c      	ldr	r2, [sp, #48]	@ 0x30
1000344a:	54d6      	strb	r6, [r2, r3]
1000344c:	2c20      	cmp	r4, #32
1000344e:	d0c1      	beq.n	100033d4 <_ntoa_format+0x88>
10003450:	4653      	mov	r3, sl
10003452:	2b00      	cmp	r3, #0
10003454:	d0ed      	beq.n	10003432 <_ntoa_format+0xe6>
10003456:	262d      	movs	r6, #45	@ 0x2d
10003458:	9a0c      	ldr	r2, [sp, #48]	@ 0x30
1000345a:	1c63      	adds	r3, r4, #1
1000345c:	5516      	strb	r6, [r2, r4]
1000345e:	e7ba      	b.n	100033d6 <_ntoa_format+0x8a>
10003460:	2f00      	cmp	r7, #0
10003462:	d034      	beq.n	100034ce <_ntoa_format+0x182>
10003464:	3d01      	subs	r5, #1
10003466:	42b4      	cmp	r4, r6
10003468:	d200      	bcs.n	1000346c <_ntoa_format+0x120>
1000346a:	e788      	b.n	1000337e <_ntoa_format+0x32>
1000346c:	e795      	b.n	1000339a <_ntoa_format+0x4e>
1000346e:	9b0f      	ldr	r3, [sp, #60]	@ 0x3c
10003470:	2b10      	cmp	r3, #16
10003472:	d1af      	bne.n	100033d4 <_ntoa_format+0x88>
10003474:	9b12      	ldr	r3, [sp, #72]	@ 0x48
10003476:	069b      	lsls	r3, r3, #26
10003478:	d53c      	bpl.n	100034f4 <_ntoa_format+0x1a8>
1000347a:	2c20      	cmp	r4, #32
1000347c:	d0aa      	beq.n	100033d4 <_ntoa_format+0x88>
1000347e:	2358      	movs	r3, #88	@ 0x58
10003480:	9a0c      	ldr	r2, [sp, #48]	@ 0x30
10003482:	5513      	strb	r3, [r2, r4]
10003484:	3401      	adds	r4, #1
10003486:	e7a3      	b.n	100033d0 <_ntoa_format+0x84>
10003488:	2c20      	cmp	r4, #32
1000348a:	d0a3      	beq.n	100033d4 <_ntoa_format+0x88>
1000348c:	0023      	movs	r3, r4
1000348e:	3401      	adds	r4, #1
10003490:	e007      	b.n	100034a2 <_ntoa_format+0x156>
10003492:	1e63      	subs	r3, r4, #1
10003494:	2c01      	cmp	r4, #1
10003496:	d0bf      	beq.n	10003418 <_ntoa_format+0xcc>
10003498:	9a0f      	ldr	r2, [sp, #60]	@ 0x3c
1000349a:	2a10      	cmp	r2, #16
1000349c:	d036      	beq.n	1000350c <_ntoa_format+0x1c0>
1000349e:	2a02      	cmp	r2, #2
100034a0:	d1d1      	bne.n	10003446 <_ntoa_format+0xfa>
100034a2:	2662      	movs	r6, #98	@ 0x62
100034a4:	9a0c      	ldr	r2, [sp, #48]	@ 0x30
100034a6:	54d6      	strb	r6, [r2, r3]
100034a8:	e792      	b.n	100033d0 <_ntoa_format+0x84>
100034aa:	9b12      	ldr	r3, [sp, #72]	@ 0x48
100034ac:	06db      	lsls	r3, r3, #27
100034ae:	d5cd      	bpl.n	1000344c <_ntoa_format+0x100>
100034b0:	9b12      	ldr	r3, [sp, #72]	@ 0x48
100034b2:	055b      	lsls	r3, r3, #21
100034b4:	d400      	bmi.n	100034b8 <_ntoa_format+0x16c>
100034b6:	e782      	b.n	100033be <_ntoa_format+0x72>
100034b8:	e785      	b.n	100033c6 <_ntoa_format+0x7a>
100034ba:	9a12      	ldr	r2, [sp, #72]	@ 0x48
100034bc:	0023      	movs	r3, r4
100034be:	0716      	lsls	r6, r2, #28
100034c0:	d400      	bmi.n	100034c4 <_ntoa_format+0x178>
100034c2:	e788      	b.n	100033d6 <_ntoa_format+0x8a>
100034c4:	2620      	movs	r6, #32
100034c6:	9a0c      	ldr	r2, [sp, #48]	@ 0x30
100034c8:	3301      	adds	r3, #1
100034ca:	5516      	strb	r6, [r2, r4]
100034cc:	e783      	b.n	100033d6 <_ntoa_format+0x8a>
100034ce:	230c      	movs	r3, #12
100034d0:	4013      	ands	r3, r2
100034d2:	1e5f      	subs	r7, r3, #1
100034d4:	41bb      	sbcs	r3, r7
100034d6:	1aed      	subs	r5, r5, r3
100034d8:	42b4      	cmp	r4, r6
100034da:	d200      	bcs.n	100034de <_ntoa_format+0x192>
100034dc:	e74f      	b.n	1000337e <_ntoa_format+0x32>
100034de:	e75c      	b.n	1000339a <_ntoa_format+0x4e>
100034e0:	9b12      	ldr	r3, [sp, #72]	@ 0x48
100034e2:	069b      	lsls	r3, r3, #26
100034e4:	d40e      	bmi.n	10003504 <_ntoa_format+0x1b8>
100034e6:	2378      	movs	r3, #120	@ 0x78
100034e8:	9a0c      	ldr	r2, [sp, #48]	@ 0x30
100034ea:	2402      	movs	r4, #2
100034ec:	7013      	strb	r3, [r2, #0]
100034ee:	2330      	movs	r3, #48	@ 0x30
100034f0:	7053      	strb	r3, [r2, #1]
100034f2:	e79b      	b.n	1000342c <_ntoa_format+0xe0>
100034f4:	2c20      	cmp	r4, #32
100034f6:	d100      	bne.n	100034fa <_ntoa_format+0x1ae>
100034f8:	e76c      	b.n	100033d4 <_ntoa_format+0x88>
100034fa:	2378      	movs	r3, #120	@ 0x78
100034fc:	9a0c      	ldr	r2, [sp, #48]	@ 0x30
100034fe:	5513      	strb	r3, [r2, r4]
10003500:	3401      	adds	r4, #1
10003502:	e765      	b.n	100033d0 <_ntoa_format+0x84>
10003504:	2358      	movs	r3, #88	@ 0x58
10003506:	e7ef      	b.n	100034e8 <_ntoa_format+0x19c>
10003508:	3360      	adds	r3, #96	@ 0x60
1000350a:	e7ed      	b.n	100034e8 <_ntoa_format+0x19c>
1000350c:	9a0c      	ldr	r2, [sp, #48]	@ 0x30
1000350e:	1ea6      	subs	r6, r4, #2
10003510:	18b6      	adds	r6, r6, r2
10003512:	9a12      	ldr	r2, [sp, #72]	@ 0x48
10003514:	0692      	lsls	r2, r2, #26
10003516:	d502      	bpl.n	1000351e <_ntoa_format+0x1d2>
10003518:	2258      	movs	r2, #88	@ 0x58
1000351a:	7032      	strb	r2, [r6, #0]
1000351c:	e793      	b.n	10003446 <_ntoa_format+0xfa>
1000351e:	2278      	movs	r2, #120	@ 0x78
10003520:	7032      	strb	r2, [r6, #0]
10003522:	e790      	b.n	10003446 <_ntoa_format+0xfa>

10003524 <_out_char>:
10003524:	b510      	push	{r4, lr}
10003526:	2800      	cmp	r0, #0
10003528:	d100      	bne.n	1000352c <_out_char+0x8>
1000352a:	bd10      	pop	{r4, pc}
1000352c:	f001 fc82 	bl	10004e34 <__wrap_putchar>
10003530:	e7fb      	b.n	1000352a <_out_char+0x6>
10003532:	46c0      	nop			@ (mov r8, r8)

10003534 <_out_fct>:
10003534:	b510      	push	{r4, lr}
10003536:	2800      	cmp	r0, #0
10003538:	d003      	beq.n	10003542 <_out_fct+0xe>
1000353a:	684a      	ldr	r2, [r1, #4]
1000353c:	680b      	ldr	r3, [r1, #0]
1000353e:	0011      	movs	r1, r2
10003540:	4798      	blx	r3
10003542:	bd10      	pop	{r4, pc}

10003544 <_ftoa>:
10003544:	b5f0      	push	{r4, r5, r6, r7, lr}
10003546:	464e      	mov	r6, r9
10003548:	46de      	mov	lr, fp
1000354a:	4657      	mov	r7, sl
1000354c:	4645      	mov	r5, r8
1000354e:	b5e0      	push	{r5, r6, r7, lr}
10003550:	b095      	sub	sp, #84	@ 0x54
10003552:	4683      	mov	fp, r0
10003554:	4689      	mov	r9, r1
10003556:	4692      	mov	sl, r2
10003558:	4698      	mov	r8, r3
1000355a:	9a1e      	ldr	r2, [sp, #120]	@ 0x78
1000355c:	9b1f      	ldr	r3, [sp, #124]	@ 0x7c
1000355e:	0010      	movs	r0, r2
10003560:	0019      	movs	r1, r3
10003562:	9e20      	ldr	r6, [sp, #128]	@ 0x80
10003564:	f7ff fac9 	bl	10002afa <__wrap___aeabi_dcmpun>
10003568:	2800      	cmp	r0, #0
1000356a:	d000      	beq.n	1000356e <_ftoa+0x2a>
1000356c:	e1d2      	b.n	10003914 <_ftoa+0x3d0>
1000356e:	981e      	ldr	r0, [sp, #120]	@ 0x78
10003570:	991f      	ldr	r1, [sp, #124]	@ 0x7c
10003572:	2201      	movs	r2, #1
10003574:	4bc4      	ldr	r3, [pc, #784]	@ (10003888 <_ftoa+0x344>)
10003576:	4252      	negs	r2, r2
10003578:	f7ff faa4 	bl	10002ac4 <__wrap___aeabi_dcmplt>
1000357c:	2800      	cmp	r0, #0
1000357e:	d000      	beq.n	10003582 <_ftoa+0x3e>
10003580:	e101      	b.n	10003786 <_ftoa+0x242>
10003582:	981e      	ldr	r0, [sp, #120]	@ 0x78
10003584:	991f      	ldr	r1, [sp, #124]	@ 0x7c
10003586:	2201      	movs	r2, #1
10003588:	4bc0      	ldr	r3, [pc, #768]	@ (1000388c <_ftoa+0x348>)
1000358a:	4252      	negs	r2, r2
1000358c:	f7ff fab0 	bl	10002af0 <__wrap___aeabi_dcmpgt>
10003590:	2800      	cmp	r0, #0
10003592:	d000      	beq.n	10003596 <_ftoa+0x52>
10003594:	e0d6      	b.n	10003744 <_ftoa+0x200>
10003596:	981e      	ldr	r0, [sp, #120]	@ 0x78
10003598:	991f      	ldr	r1, [sp, #124]	@ 0x7c
1000359a:	2200      	movs	r2, #0
1000359c:	4bbc      	ldr	r3, [pc, #752]	@ (10003890 <_ftoa+0x34c>)
1000359e:	f7ff faa7 	bl	10002af0 <__wrap___aeabi_dcmpgt>
100035a2:	2800      	cmp	r0, #0
100035a4:	d000      	beq.n	100035a8 <_ftoa+0x64>
100035a6:	e0b5      	b.n	10003714 <_ftoa+0x1d0>
100035a8:	981e      	ldr	r0, [sp, #120]	@ 0x78
100035aa:	991f      	ldr	r1, [sp, #124]	@ 0x7c
100035ac:	2200      	movs	r2, #0
100035ae:	4bb9      	ldr	r3, [pc, #740]	@ (10003894 <_ftoa+0x350>)
100035b0:	f7ff fa88 	bl	10002ac4 <__wrap___aeabi_dcmplt>
100035b4:	2800      	cmp	r0, #0
100035b6:	d000      	beq.n	100035ba <_ftoa+0x76>
100035b8:	e0ac      	b.n	10003714 <_ftoa+0x1d0>
100035ba:	981e      	ldr	r0, [sp, #120]	@ 0x78
100035bc:	991f      	ldr	r1, [sp, #124]	@ 0x7c
100035be:	2200      	movs	r2, #0
100035c0:	2300      	movs	r3, #0
100035c2:	f7ff fa7f 	bl	10002ac4 <__wrap___aeabi_dcmplt>
100035c6:	2800      	cmp	r0, #0
100035c8:	d000      	beq.n	100035cc <_ftoa+0x88>
100035ca:	e0d1      	b.n	10003770 <_ftoa+0x22c>
100035cc:	2300      	movs	r3, #0
100035ce:	930b      	str	r3, [sp, #44]	@ 0x2c
100035d0:	9b22      	ldr	r3, [sp, #136]	@ 0x88
100035d2:	055b      	lsls	r3, r3, #21
100035d4:	d400      	bmi.n	100035d8 <_ftoa+0x94>
100035d6:	2606      	movs	r6, #6
100035d8:	2400      	movs	r4, #0
100035da:	2330      	movs	r3, #48	@ 0x30
100035dc:	e006      	b.n	100035ec <_ftoa+0xa8>
100035de:	aa06      	add	r2, sp, #24
100035e0:	3401      	adds	r4, #1
100035e2:	3217      	adds	r2, #23
100035e4:	5513      	strb	r3, [r2, r4]
100035e6:	3e01      	subs	r6, #1
100035e8:	2c20      	cmp	r4, #32
100035ea:	d001      	beq.n	100035f0 <_ftoa+0xac>
100035ec:	2e09      	cmp	r6, #9
100035ee:	d8f6      	bhi.n	100035de <_ftoa+0x9a>
100035f0:	981e      	ldr	r0, [sp, #120]	@ 0x78
100035f2:	991f      	ldr	r1, [sp, #124]	@ 0x7c
100035f4:	f7ff faaa 	bl	10002b4c <__wrap___aeabi_d2iz>
100035f8:	4ba7      	ldr	r3, [pc, #668]	@ (10003898 <_ftoa+0x354>)
100035fa:	00f2      	lsls	r2, r6, #3
100035fc:	189b      	adds	r3, r3, r2
100035fe:	cb0c      	ldmia	r3, {r2, r3}
10003600:	0005      	movs	r5, r0
10003602:	9208      	str	r2, [sp, #32]
10003604:	9309      	str	r3, [sp, #36]	@ 0x24
10003606:	f7ff fa89 	bl	10002b1c <__wrap___aeabi_i2d>
1000360a:	0002      	movs	r2, r0
1000360c:	000b      	movs	r3, r1
1000360e:	981e      	ldr	r0, [sp, #120]	@ 0x78
10003610:	991f      	ldr	r1, [sp, #124]	@ 0x7c
10003612:	f7ff f9e4 	bl	100029de <__wrap___aeabi_dsub>
10003616:	9a08      	ldr	r2, [sp, #32]
10003618:	9b09      	ldr	r3, [sp, #36]	@ 0x24
1000361a:	f7ff fa10 	bl	10002a3e <__wrap___aeabi_dmul>
1000361e:	9006      	str	r0, [sp, #24]
10003620:	9107      	str	r1, [sp, #28]
10003622:	f7ff fab7 	bl	10002b94 <__wrap___aeabi_d2uiz>
10003626:	0007      	movs	r7, r0
10003628:	f7ff fa74 	bl	10002b14 <__wrap___aeabi_ui2d>
1000362c:	0002      	movs	r2, r0
1000362e:	000b      	movs	r3, r1
10003630:	9806      	ldr	r0, [sp, #24]
10003632:	9907      	ldr	r1, [sp, #28]
10003634:	f7ff f9d3 	bl	100029de <__wrap___aeabi_dsub>
10003638:	2200      	movs	r2, #0
1000363a:	4b98      	ldr	r3, [pc, #608]	@ (1000389c <_ftoa+0x358>)
1000363c:	9006      	str	r0, [sp, #24]
1000363e:	9107      	str	r1, [sp, #28]
10003640:	f7ff fa56 	bl	10002af0 <__wrap___aeabi_dcmpgt>
10003644:	2800      	cmp	r0, #0
10003646:	d100      	bne.n	1000364a <_ftoa+0x106>
10003648:	e0e9      	b.n	1000381e <_ftoa+0x2da>
1000364a:	3701      	adds	r7, #1
1000364c:	0038      	movs	r0, r7
1000364e:	f7ff fa61 	bl	10002b14 <__wrap___aeabi_ui2d>
10003652:	0002      	movs	r2, r0
10003654:	000b      	movs	r3, r1
10003656:	9808      	ldr	r0, [sp, #32]
10003658:	9909      	ldr	r1, [sp, #36]	@ 0x24
1000365a:	f7ff fa39 	bl	10002ad0 <__wrap___aeabi_dcmple>
1000365e:	2800      	cmp	r0, #0
10003660:	d001      	beq.n	10003666 <_ftoa+0x122>
10003662:	2700      	movs	r7, #0
10003664:	3501      	adds	r5, #1
10003666:	2e00      	cmp	r6, #0
10003668:	d100      	bne.n	1000366c <_ftoa+0x128>
1000366a:	e0b7      	b.n	100037dc <_ftoa+0x298>
1000366c:	9506      	str	r5, [sp, #24]
1000366e:	e013      	b.n	10003698 <_ftoa+0x154>
10003670:	2317      	movs	r3, #23
10003672:	aa06      	add	r2, sp, #24
10003674:	189b      	adds	r3, r3, r2
10003676:	210a      	movs	r1, #10
10003678:	0038      	movs	r0, r7
1000367a:	3401      	adds	r4, #1
1000367c:	191d      	adds	r5, r3, r4
1000367e:	f7fe ff73 	bl	10002568 <__wrap___aeabi_uidiv>
10003682:	3130      	adds	r1, #48	@ 0x30
10003684:	7029      	strb	r1, [r5, #0]
10003686:	0038      	movs	r0, r7
10003688:	210a      	movs	r1, #10
1000368a:	3e01      	subs	r6, #1
1000368c:	f7fe ff6c 	bl	10002568 <__wrap___aeabi_uidiv>
10003690:	2f09      	cmp	r7, #9
10003692:	d800      	bhi.n	10003696 <_ftoa+0x152>
10003694:	e0e1      	b.n	1000385a <_ftoa+0x316>
10003696:	0007      	movs	r7, r0
10003698:	2c20      	cmp	r4, #32
1000369a:	d1e9      	bne.n	10003670 <_ftoa+0x12c>
1000369c:	9d06      	ldr	r5, [sp, #24]
1000369e:	2420      	movs	r4, #32
100036a0:	ab0c      	add	r3, sp, #48	@ 0x30
100036a2:	9306      	str	r3, [sp, #24]
100036a4:	2717      	movs	r7, #23
100036a6:	ab06      	add	r3, sp, #24
100036a8:	18ff      	adds	r7, r7, r3
100036aa:	e00d      	b.n	100036c8 <_ftoa+0x184>
100036ac:	0028      	movs	r0, r5
100036ae:	210a      	movs	r1, #10
100036b0:	f7fe ff32 	bl	10002518 <__wrap___aeabi_idiv>
100036b4:	3401      	adds	r4, #1
100036b6:	3130      	adds	r1, #48	@ 0x30
100036b8:	0028      	movs	r0, r5
100036ba:	5539      	strb	r1, [r7, r4]
100036bc:	210a      	movs	r1, #10
100036be:	f7fe ff2b 	bl	10002518 <__wrap___aeabi_idiv>
100036c2:	1e05      	subs	r5, r0, #0
100036c4:	d100      	bne.n	100036c8 <_ftoa+0x184>
100036c6:	e0b7      	b.n	10003838 <_ftoa+0x2f4>
100036c8:	2c20      	cmp	r4, #32
100036ca:	d1ef      	bne.n	100036ac <_ftoa+0x168>
100036cc:	2303      	movs	r3, #3
100036ce:	9a22      	ldr	r2, [sp, #136]	@ 0x88
100036d0:	4013      	ands	r3, r2
100036d2:	2b01      	cmp	r3, #1
100036d4:	d117      	bne.n	10003706 <_ftoa+0x1c2>
100036d6:	9b21      	ldr	r3, [sp, #132]	@ 0x84
100036d8:	2b00      	cmp	r3, #0
100036da:	d014      	beq.n	10003706 <_ftoa+0x1c2>
100036dc:	9b0b      	ldr	r3, [sp, #44]	@ 0x2c
100036de:	2b00      	cmp	r3, #0
100036e0:	d100      	bne.n	100036e4 <_ftoa+0x1a0>
100036e2:	e0e3      	b.n	100038ac <_ftoa+0x368>
100036e4:	9b21      	ldr	r3, [sp, #132]	@ 0x84
100036e6:	3b01      	subs	r3, #1
100036e8:	9321      	str	r3, [sp, #132]	@ 0x84
100036ea:	2b20      	cmp	r3, #32
100036ec:	d90b      	bls.n	10003706 <_ftoa+0x1c2>
100036ee:	2330      	movs	r3, #48	@ 0x30
100036f0:	9a21      	ldr	r2, [sp, #132]	@ 0x84
100036f2:	e006      	b.n	10003702 <_ftoa+0x1be>
100036f4:	a906      	add	r1, sp, #24
100036f6:	3401      	adds	r4, #1
100036f8:	3117      	adds	r1, #23
100036fa:	550b      	strb	r3, [r1, r4]
100036fc:	4294      	cmp	r4, r2
100036fe:	d300      	bcc.n	10003702 <_ftoa+0x1be>
10003700:	e0a0      	b.n	10003844 <_ftoa+0x300>
10003702:	2c20      	cmp	r4, #32
10003704:	d1f6      	bne.n	100036f4 <_ftoa+0x1b0>
10003706:	9b22      	ldr	r3, [sp, #136]	@ 0x88
10003708:	9401      	str	r4, [sp, #4]
1000370a:	9303      	str	r3, [sp, #12]
1000370c:	9b21      	ldr	r3, [sp, #132]	@ 0x84
1000370e:	9302      	str	r3, [sp, #8]
10003710:	9b06      	ldr	r3, [sp, #24]
10003712:	e021      	b.n	10003758 <_ftoa+0x214>
10003714:	9b22      	ldr	r3, [sp, #136]	@ 0x88
10003716:	4652      	mov	r2, sl
10003718:	9304      	str	r3, [sp, #16]
1000371a:	9b21      	ldr	r3, [sp, #132]	@ 0x84
1000371c:	4649      	mov	r1, r9
1000371e:	9303      	str	r3, [sp, #12]
10003720:	4658      	mov	r0, fp
10003722:	9b1e      	ldr	r3, [sp, #120]	@ 0x78
10003724:	9c1f      	ldr	r4, [sp, #124]	@ 0x7c
10003726:	9602      	str	r6, [sp, #8]
10003728:	9300      	str	r3, [sp, #0]
1000372a:	9401      	str	r4, [sp, #4]
1000372c:	4643      	mov	r3, r8
1000372e:	f000 f943 	bl	100039b8 <_etoa>
10003732:	0004      	movs	r4, r0
10003734:	0020      	movs	r0, r4
10003736:	b015      	add	sp, #84	@ 0x54
10003738:	bcf0      	pop	{r4, r5, r6, r7}
1000373a:	46bb      	mov	fp, r7
1000373c:	46b2      	mov	sl, r6
1000373e:	46a9      	mov	r9, r5
10003740:	46a0      	mov	r8, r4
10003742:	bdf0      	pop	{r4, r5, r6, r7, pc}
10003744:	9b22      	ldr	r3, [sp, #136]	@ 0x88
10003746:	075b      	lsls	r3, r3, #29
10003748:	d40f      	bmi.n	1000376a <_ftoa+0x226>
1000374a:	2203      	movs	r2, #3
1000374c:	4b54      	ldr	r3, [pc, #336]	@ (100038a0 <_ftoa+0x35c>)
1000374e:	9922      	ldr	r1, [sp, #136]	@ 0x88
10003750:	9201      	str	r2, [sp, #4]
10003752:	9103      	str	r1, [sp, #12]
10003754:	9921      	ldr	r1, [sp, #132]	@ 0x84
10003756:	9102      	str	r1, [sp, #8]
10003758:	9300      	str	r3, [sp, #0]
1000375a:	4652      	mov	r2, sl
1000375c:	4643      	mov	r3, r8
1000375e:	4649      	mov	r1, r9
10003760:	4658      	mov	r0, fp
10003762:	f7ff fd9f 	bl	100032a4 <_out_rev>
10003766:	0004      	movs	r4, r0
10003768:	e7e4      	b.n	10003734 <_ftoa+0x1f0>
1000376a:	2204      	movs	r2, #4
1000376c:	4b4d      	ldr	r3, [pc, #308]	@ (100038a4 <_ftoa+0x360>)
1000376e:	e7ee      	b.n	1000374e <_ftoa+0x20a>
10003770:	9a1e      	ldr	r2, [sp, #120]	@ 0x78
10003772:	9b1f      	ldr	r3, [sp, #124]	@ 0x7c
10003774:	2000      	movs	r0, #0
10003776:	2100      	movs	r1, #0
10003778:	f7ff f931 	bl	100029de <__wrap___aeabi_dsub>
1000377c:	2301      	movs	r3, #1
1000377e:	901e      	str	r0, [sp, #120]	@ 0x78
10003780:	911f      	str	r1, [sp, #124]	@ 0x7c
10003782:	930b      	str	r3, [sp, #44]	@ 0x2c
10003784:	e724      	b.n	100035d0 <_ftoa+0x8c>
10003786:	2302      	movs	r3, #2
10003788:	9a22      	ldr	r2, [sp, #136]	@ 0x88
1000378a:	4654      	mov	r4, sl
1000378c:	401a      	ands	r2, r3
1000378e:	9b22      	ldr	r3, [sp, #136]	@ 0x88
10003790:	9206      	str	r2, [sp, #24]
10003792:	079b      	lsls	r3, r3, #30
10003794:	d100      	bne.n	10003798 <_ftoa+0x254>
10003796:	e0ac      	b.n	100038f2 <_ftoa+0x3ae>
10003798:	0026      	movs	r6, r4
1000379a:	4d43      	ldr	r5, [pc, #268]	@ (100038a8 <_ftoa+0x364>)
1000379c:	9408      	str	r4, [sp, #32]
1000379e:	1f2f      	subs	r7, r5, #4
100037a0:	0032      	movs	r2, r6
100037a2:	78e8      	ldrb	r0, [r5, #3]
100037a4:	4643      	mov	r3, r8
100037a6:	4649      	mov	r1, r9
100037a8:	3d01      	subs	r5, #1
100037aa:	47d8      	blx	fp
100037ac:	3601      	adds	r6, #1
100037ae:	42bd      	cmp	r5, r7
100037b0:	d1f6      	bne.n	100037a0 <_ftoa+0x25c>
100037b2:	9c08      	ldr	r4, [sp, #32]
100037b4:	9b06      	ldr	r3, [sp, #24]
100037b6:	3404      	adds	r4, #4
100037b8:	2b00      	cmp	r3, #0
100037ba:	d0bb      	beq.n	10003734 <_ftoa+0x1f0>
100037bc:	4657      	mov	r7, sl
100037be:	9a21      	ldr	r2, [sp, #132]	@ 0x84
100037c0:	1be3      	subs	r3, r4, r7
100037c2:	429a      	cmp	r2, r3
100037c4:	d9b6      	bls.n	10003734 <_ftoa+0x1f0>
100037c6:	0015      	movs	r5, r2
100037c8:	0022      	movs	r2, r4
100037ca:	4643      	mov	r3, r8
100037cc:	4649      	mov	r1, r9
100037ce:	2020      	movs	r0, #32
100037d0:	3401      	adds	r4, #1
100037d2:	47d8      	blx	fp
100037d4:	1be3      	subs	r3, r4, r7
100037d6:	42ab      	cmp	r3, r5
100037d8:	d3f6      	bcc.n	100037c8 <_ftoa+0x284>
100037da:	e7ab      	b.n	10003734 <_ftoa+0x1f0>
100037dc:	0028      	movs	r0, r5
100037de:	f7ff f99d 	bl	10002b1c <__wrap___aeabi_i2d>
100037e2:	0002      	movs	r2, r0
100037e4:	000b      	movs	r3, r1
100037e6:	981e      	ldr	r0, [sp, #120]	@ 0x78
100037e8:	991f      	ldr	r1, [sp, #124]	@ 0x7c
100037ea:	f7ff f8f8 	bl	100029de <__wrap___aeabi_dsub>
100037ee:	4b2b      	ldr	r3, [pc, #172]	@ (1000389c <_ftoa+0x358>)
100037f0:	2200      	movs	r2, #0
100037f2:	0006      	movs	r6, r0
100037f4:	000f      	movs	r7, r1
100037f6:	f7ff f965 	bl	10002ac4 <__wrap___aeabi_dcmplt>
100037fa:	ab0c      	add	r3, sp, #48	@ 0x30
100037fc:	9306      	str	r3, [sp, #24]
100037fe:	2800      	cmp	r0, #0
10003800:	d000      	beq.n	10003804 <_ftoa+0x2c0>
10003802:	e74f      	b.n	100036a4 <_ftoa+0x160>
10003804:	2200      	movs	r2, #0
10003806:	0030      	movs	r0, r6
10003808:	0039      	movs	r1, r7
1000380a:	4b24      	ldr	r3, [pc, #144]	@ (1000389c <_ftoa+0x358>)
1000380c:	f7ff f970 	bl	10002af0 <__wrap___aeabi_dcmpgt>
10003810:	2800      	cmp	r0, #0
10003812:	d000      	beq.n	10003816 <_ftoa+0x2d2>
10003814:	e746      	b.n	100036a4 <_ftoa+0x160>
10003816:	2301      	movs	r3, #1
10003818:	3501      	adds	r5, #1
1000381a:	439d      	bics	r5, r3
1000381c:	e742      	b.n	100036a4 <_ftoa+0x160>
1000381e:	2200      	movs	r2, #0
10003820:	9806      	ldr	r0, [sp, #24]
10003822:	9907      	ldr	r1, [sp, #28]
10003824:	4b1d      	ldr	r3, [pc, #116]	@ (1000389c <_ftoa+0x358>)
10003826:	f7ff f94d 	bl	10002ac4 <__wrap___aeabi_dcmplt>
1000382a:	2800      	cmp	r0, #0
1000382c:	d000      	beq.n	10003830 <_ftoa+0x2ec>
1000382e:	e71a      	b.n	10003666 <_ftoa+0x122>
10003830:	2f00      	cmp	r7, #0
10003832:	d159      	bne.n	100038e8 <_ftoa+0x3a4>
10003834:	3701      	adds	r7, #1
10003836:	e716      	b.n	10003666 <_ftoa+0x122>
10003838:	2303      	movs	r3, #3
1000383a:	9a22      	ldr	r2, [sp, #136]	@ 0x88
1000383c:	4013      	ands	r3, r2
1000383e:	2b01      	cmp	r3, #1
10003840:	d100      	bne.n	10003844 <_ftoa+0x300>
10003842:	e0a6      	b.n	10003992 <_ftoa+0x44e>
10003844:	2c20      	cmp	r4, #32
10003846:	d100      	bne.n	1000384a <_ftoa+0x306>
10003848:	e75d      	b.n	10003706 <_ftoa+0x1c2>
1000384a:	9b0b      	ldr	r3, [sp, #44]	@ 0x2c
1000384c:	2b00      	cmp	r3, #0
1000384e:	d03a      	beq.n	100038c6 <_ftoa+0x382>
10003850:	232d      	movs	r3, #45	@ 0x2d
10003852:	9a06      	ldr	r2, [sp, #24]
10003854:	5513      	strb	r3, [r2, r4]
10003856:	3401      	adds	r4, #1
10003858:	e755      	b.n	10003706 <_ftoa+0x1c2>
1000385a:	9d06      	ldr	r5, [sp, #24]
1000385c:	2c20      	cmp	r4, #32
1000385e:	d100      	bne.n	10003862 <_ftoa+0x31e>
10003860:	e71d      	b.n	1000369e <_ftoa+0x15a>
10003862:	2330      	movs	r3, #48	@ 0x30
10003864:	1936      	adds	r6, r6, r4
10003866:	e006      	b.n	10003876 <_ftoa+0x332>
10003868:	aa06      	add	r2, sp, #24
1000386a:	3401      	adds	r4, #1
1000386c:	3217      	adds	r2, #23
1000386e:	5513      	strb	r3, [r2, r4]
10003870:	2c20      	cmp	r4, #32
10003872:	d100      	bne.n	10003876 <_ftoa+0x332>
10003874:	e713      	b.n	1000369e <_ftoa+0x15a>
10003876:	42a6      	cmp	r6, r4
10003878:	d1f6      	bne.n	10003868 <_ftoa+0x324>
1000387a:	232e      	movs	r3, #46	@ 0x2e
1000387c:	aa0c      	add	r2, sp, #48	@ 0x30
1000387e:	3401      	adds	r4, #1
10003880:	9206      	str	r2, [sp, #24]
10003882:	5593      	strb	r3, [r2, r6]
10003884:	e70e      	b.n	100036a4 <_ftoa+0x160>
10003886:	46c0      	nop			@ (mov r8, r8)
10003888:	ffefffff 	.word	0xffefffff
1000388c:	7fefffff 	.word	0x7fefffff
10003890:	41cdcd65 	.word	0x41cdcd65
10003894:	c1cdcd65 	.word	0xc1cdcd65
10003898:	10009828 	.word	0x10009828
1000389c:	3fe00000 	.word	0x3fe00000
100038a0:	100093f4 	.word	0x100093f4
100038a4:	100093ec 	.word	0x100093ec
100038a8:	100093fc 	.word	0x100093fc
100038ac:	230c      	movs	r3, #12
100038ae:	9a22      	ldr	r2, [sp, #136]	@ 0x88
100038b0:	4213      	tst	r3, r2
100038b2:	d057      	beq.n	10003964 <_ftoa+0x420>
100038b4:	9b21      	ldr	r3, [sp, #132]	@ 0x84
100038b6:	3b01      	subs	r3, #1
100038b8:	9321      	str	r3, [sp, #132]	@ 0x84
100038ba:	42a3      	cmp	r3, r4
100038bc:	d900      	bls.n	100038c0 <_ftoa+0x37c>
100038be:	e716      	b.n	100036ee <_ftoa+0x1aa>
100038c0:	2c20      	cmp	r4, #32
100038c2:	d100      	bne.n	100038c6 <_ftoa+0x382>
100038c4:	e71f      	b.n	10003706 <_ftoa+0x1c2>
100038c6:	9b22      	ldr	r3, [sp, #136]	@ 0x88
100038c8:	075b      	lsls	r3, r3, #29
100038ca:	d504      	bpl.n	100038d6 <_ftoa+0x392>
100038cc:	232b      	movs	r3, #43	@ 0x2b
100038ce:	9a06      	ldr	r2, [sp, #24]
100038d0:	5513      	strb	r3, [r2, r4]
100038d2:	3401      	adds	r4, #1
100038d4:	e717      	b.n	10003706 <_ftoa+0x1c2>
100038d6:	9b22      	ldr	r3, [sp, #136]	@ 0x88
100038d8:	071b      	lsls	r3, r3, #28
100038da:	d400      	bmi.n	100038de <_ftoa+0x39a>
100038dc:	e713      	b.n	10003706 <_ftoa+0x1c2>
100038de:	2320      	movs	r3, #32
100038e0:	9a06      	ldr	r2, [sp, #24]
100038e2:	5513      	strb	r3, [r2, r4]
100038e4:	3401      	adds	r4, #1
100038e6:	e70e      	b.n	10003706 <_ftoa+0x1c2>
100038e8:	07fb      	lsls	r3, r7, #31
100038ea:	d400      	bmi.n	100038ee <_ftoa+0x3aa>
100038ec:	e6bb      	b.n	10003666 <_ftoa+0x122>
100038ee:	3701      	adds	r7, #1
100038f0:	e6b9      	b.n	10003666 <_ftoa+0x122>
100038f2:	9b21      	ldr	r3, [sp, #132]	@ 0x84
100038f4:	2b04      	cmp	r3, #4
100038f6:	d800      	bhi.n	100038fa <_ftoa+0x3b6>
100038f8:	e74e      	b.n	10003798 <_ftoa+0x254>
100038fa:	4655      	mov	r5, sl
100038fc:	464f      	mov	r7, r9
100038fe:	3c04      	subs	r4, #4
10003900:	18e4      	adds	r4, r4, r3
10003902:	002a      	movs	r2, r5
10003904:	4643      	mov	r3, r8
10003906:	3501      	adds	r5, #1
10003908:	0039      	movs	r1, r7
1000390a:	2020      	movs	r0, #32
1000390c:	47d8      	blx	fp
1000390e:	42ac      	cmp	r4, r5
10003910:	d1f7      	bne.n	10003902 <_ftoa+0x3be>
10003912:	e741      	b.n	10003798 <_ftoa+0x254>
10003914:	2702      	movs	r7, #2
10003916:	9b22      	ldr	r3, [sp, #136]	@ 0x88
10003918:	4655      	mov	r5, sl
1000391a:	401f      	ands	r7, r3
1000391c:	079b      	lsls	r3, r3, #30
1000391e:	d026      	beq.n	1000396e <_ftoa+0x42a>
10003920:	9706      	str	r7, [sp, #24]
10003922:	465f      	mov	r7, fp
10003924:	4e23      	ldr	r6, [pc, #140]	@ (100039b4 <_ftoa+0x470>)
10003926:	1cec      	adds	r4, r5, #3
10003928:	002a      	movs	r2, r5
1000392a:	78b0      	ldrb	r0, [r6, #2]
1000392c:	4643      	mov	r3, r8
1000392e:	4649      	mov	r1, r9
10003930:	3501      	adds	r5, #1
10003932:	47b8      	blx	r7
10003934:	3e01      	subs	r6, #1
10003936:	42ac      	cmp	r4, r5
10003938:	d1f6      	bne.n	10003928 <_ftoa+0x3e4>
1000393a:	9f06      	ldr	r7, [sp, #24]
1000393c:	2f00      	cmp	r7, #0
1000393e:	d100      	bne.n	10003942 <_ftoa+0x3fe>
10003940:	e6f8      	b.n	10003734 <_ftoa+0x1f0>
10003942:	4657      	mov	r7, sl
10003944:	9a21      	ldr	r2, [sp, #132]	@ 0x84
10003946:	1be3      	subs	r3, r4, r7
10003948:	429a      	cmp	r2, r3
1000394a:	d800      	bhi.n	1000394e <_ftoa+0x40a>
1000394c:	e6f2      	b.n	10003734 <_ftoa+0x1f0>
1000394e:	0015      	movs	r5, r2
10003950:	0022      	movs	r2, r4
10003952:	4643      	mov	r3, r8
10003954:	4649      	mov	r1, r9
10003956:	2020      	movs	r0, #32
10003958:	3401      	adds	r4, #1
1000395a:	47d8      	blx	fp
1000395c:	1be3      	subs	r3, r4, r7
1000395e:	42ab      	cmp	r3, r5
10003960:	d3f6      	bcc.n	10003950 <_ftoa+0x40c>
10003962:	e6e7      	b.n	10003734 <_ftoa+0x1f0>
10003964:	9b21      	ldr	r3, [sp, #132]	@ 0x84
10003966:	42a3      	cmp	r3, r4
10003968:	d900      	bls.n	1000396c <_ftoa+0x428>
1000396a:	e6c0      	b.n	100036ee <_ftoa+0x1aa>
1000396c:	e6cb      	b.n	10003706 <_ftoa+0x1c2>
1000396e:	9b21      	ldr	r3, [sp, #132]	@ 0x84
10003970:	2b03      	cmp	r3, #3
10003972:	d9d5      	bls.n	10003920 <_ftoa+0x3dc>
10003974:	9706      	str	r7, [sp, #24]
10003976:	4654      	mov	r4, sl
10003978:	464f      	mov	r7, r9
1000397a:	3d03      	subs	r5, #3
1000397c:	18ed      	adds	r5, r5, r3
1000397e:	0022      	movs	r2, r4
10003980:	4643      	mov	r3, r8
10003982:	3401      	adds	r4, #1
10003984:	0039      	movs	r1, r7
10003986:	2020      	movs	r0, #32
10003988:	47d8      	blx	fp
1000398a:	42a5      	cmp	r5, r4
1000398c:	d1f7      	bne.n	1000397e <_ftoa+0x43a>
1000398e:	9f06      	ldr	r7, [sp, #24]
10003990:	e7c6      	b.n	10003920 <_ftoa+0x3dc>
10003992:	9b21      	ldr	r3, [sp, #132]	@ 0x84
10003994:	2b00      	cmp	r3, #0
10003996:	d100      	bne.n	1000399a <_ftoa+0x456>
10003998:	e754      	b.n	10003844 <_ftoa+0x300>
1000399a:	9b0b      	ldr	r3, [sp, #44]	@ 0x2c
1000399c:	2b00      	cmp	r3, #0
1000399e:	d085      	beq.n	100038ac <_ftoa+0x368>
100039a0:	9b21      	ldr	r3, [sp, #132]	@ 0x84
100039a2:	3b01      	subs	r3, #1
100039a4:	9321      	str	r3, [sp, #132]	@ 0x84
100039a6:	429c      	cmp	r4, r3
100039a8:	d200      	bcs.n	100039ac <_ftoa+0x468>
100039aa:	e6a0      	b.n	100036ee <_ftoa+0x1aa>
100039ac:	2c20      	cmp	r4, #32
100039ae:	d000      	beq.n	100039b2 <_ftoa+0x46e>
100039b0:	e74e      	b.n	10003850 <_ftoa+0x30c>
100039b2:	e6a8      	b.n	10003706 <_ftoa+0x1c2>
100039b4:	100093f8 	.word	0x100093f8

100039b8 <_etoa>:
100039b8:	b5f0      	push	{r4, r5, r6, r7, lr}
100039ba:	4645      	mov	r5, r8
100039bc:	46de      	mov	lr, fp
100039be:	4657      	mov	r7, sl
100039c0:	464e      	mov	r6, r9
100039c2:	b5e0      	push	{r5, r6, r7, lr}
100039c4:	b09b      	sub	sp, #108	@ 0x6c
100039c6:	9c24      	ldr	r4, [sp, #144]	@ 0x90
100039c8:	9d25      	ldr	r5, [sp, #148]	@ 0x94
100039ca:	4682      	mov	sl, r0
100039cc:	4688      	mov	r8, r1
100039ce:	4693      	mov	fp, r2
100039d0:	4699      	mov	r9, r3
100039d2:	0022      	movs	r2, r4
100039d4:	002b      	movs	r3, r5
100039d6:	0020      	movs	r0, r4
100039d8:	0029      	movs	r1, r5
100039da:	f7ff f88e 	bl	10002afa <__wrap___aeabi_dcmpun>
100039de:	2800      	cmp	r0, #0
100039e0:	d000      	beq.n	100039e4 <_etoa+0x2c>
100039e2:	e0c1      	b.n	10003b68 <_etoa+0x1b0>
100039e4:	2201      	movs	r2, #1
100039e6:	0020      	movs	r0, r4
100039e8:	0029      	movs	r1, r5
100039ea:	4b7c      	ldr	r3, [pc, #496]	@ (10003bdc <_etoa+0x224>)
100039ec:	4252      	negs	r2, r2
100039ee:	f7ff f87f 	bl	10002af0 <__wrap___aeabi_dcmpgt>
100039f2:	2800      	cmp	r0, #0
100039f4:	d000      	beq.n	100039f8 <_etoa+0x40>
100039f6:	e0b7      	b.n	10003b68 <_etoa+0x1b0>
100039f8:	2201      	movs	r2, #1
100039fa:	0020      	movs	r0, r4
100039fc:	0029      	movs	r1, r5
100039fe:	4b78      	ldr	r3, [pc, #480]	@ (10003be0 <_etoa+0x228>)
10003a00:	4252      	negs	r2, r2
10003a02:	f7ff f85f 	bl	10002ac4 <__wrap___aeabi_dcmplt>
10003a06:	2800      	cmp	r0, #0
10003a08:	d000      	beq.n	10003a0c <_etoa+0x54>
10003a0a:	e0ad      	b.n	10003b68 <_etoa+0x1b0>
10003a0c:	2200      	movs	r2, #0
10003a0e:	2300      	movs	r3, #0
10003a10:	0020      	movs	r0, r4
10003a12:	0029      	movs	r1, r5
10003a14:	f7ff f856 	bl	10002ac4 <__wrap___aeabi_dcmplt>
10003a18:	2800      	cmp	r0, #0
10003a1a:	d000      	beq.n	10003a1e <_etoa+0x66>
10003a1c:	e1bb      	b.n	10003d96 <_etoa+0x3de>
10003a1e:	9408      	str	r4, [sp, #32]
10003a20:	9509      	str	r5, [sp, #36]	@ 0x24
10003a22:	9808      	ldr	r0, [sp, #32]
10003a24:	9909      	ldr	r1, [sp, #36]	@ 0x24
10003a26:	2380      	movs	r3, #128	@ 0x80
10003a28:	9a28      	ldr	r2, [sp, #160]	@ 0xa0
10003a2a:	00db      	lsls	r3, r3, #3
10003a2c:	401a      	ands	r2, r3
10003a2e:	920f      	str	r2, [sp, #60]	@ 0x3c
10003a30:	2280      	movs	r2, #128	@ 0x80
10003a32:	9e28      	ldr	r6, [sp, #160]	@ 0xa0
10003a34:	0112      	lsls	r2, r2, #4
10003a36:	4016      	ands	r6, r2
10003a38:	0032      	movs	r2, r6
10003a3a:	960e      	str	r6, [sp, #56]	@ 0x38
10003a3c:	9e28      	ldr	r6, [sp, #160]	@ 0xa0
10003a3e:	000f      	movs	r7, r1
10003a40:	900a      	str	r0, [sp, #40]	@ 0x28
10003a42:	421e      	tst	r6, r3
10003a44:	d000      	beq.n	10003a48 <_etoa+0x90>
10003a46:	e0a4      	b.n	10003b92 <_etoa+0x1da>
10003a48:	000b      	movs	r3, r1
10003a4a:	4303      	orrs	r3, r0
10003a4c:	d000      	beq.n	10003a50 <_etoa+0x98>
10003a4e:	e0cb      	b.n	10003be8 <_etoa+0x230>
10003a50:	2a00      	cmp	r2, #0
10003a52:	d000      	beq.n	10003a56 <_etoa+0x9e>
10003a54:	e212      	b.n	10003e7c <_etoa+0x4c4>
10003a56:	0032      	movs	r2, r6
10003a58:	3306      	adds	r3, #6
10003a5a:	9326      	str	r3, [sp, #152]	@ 0x98
10003a5c:	2302      	movs	r3, #2
10003a5e:	4013      	ands	r3, r2
10003a60:	930c      	str	r3, [sp, #48]	@ 0x30
10003a62:	2302      	movs	r3, #2
10003a64:	4213      	tst	r3, r2
10003a66:	d000      	beq.n	10003a6a <_etoa+0xb2>
10003a68:	e20a      	b.n	10003e80 <_etoa+0x4c8>
10003a6a:	9b27      	ldr	r3, [sp, #156]	@ 0x9c
10003a6c:	2b04      	cmp	r3, #4
10003a6e:	d200      	bcs.n	10003a72 <_etoa+0xba>
10003a70:	e215      	b.n	10003e9e <_etoa+0x4e6>
10003a72:	2700      	movs	r7, #0
10003a74:	2604      	movs	r6, #4
10003a76:	3b04      	subs	r3, #4
10003a78:	930e      	str	r3, [sp, #56]	@ 0x38
10003a7a:	2200      	movs	r2, #0
10003a7c:	2300      	movs	r3, #0
10003a7e:	0020      	movs	r0, r4
10003a80:	0029      	movs	r1, r5
10003a82:	f7ff f81f 	bl	10002ac4 <__wrap___aeabi_dcmplt>
10003a86:	2800      	cmp	r0, #0
10003a88:	d000      	beq.n	10003a8c <_etoa+0xd4>
10003a8a:	e1c8      	b.n	10003e1e <_etoa+0x466>
10003a8c:	4b55      	ldr	r3, [pc, #340]	@ (10003be4 <_etoa+0x22c>)
10003a8e:	9a28      	ldr	r2, [sp, #160]	@ 0xa0
10003a90:	4013      	ands	r3, r2
10003a92:	9304      	str	r3, [sp, #16]
10003a94:	9b0e      	ldr	r3, [sp, #56]	@ 0x38
10003a96:	9303      	str	r3, [sp, #12]
10003a98:	9b26      	ldr	r3, [sp, #152]	@ 0x98
10003a9a:	9302      	str	r3, [sp, #8]
10003a9c:	9b08      	ldr	r3, [sp, #32]
10003a9e:	9c09      	ldr	r4, [sp, #36]	@ 0x24
10003aa0:	9300      	str	r3, [sp, #0]
10003aa2:	9401      	str	r4, [sp, #4]
10003aa4:	4641      	mov	r1, r8
10003aa6:	464b      	mov	r3, r9
10003aa8:	465a      	mov	r2, fp
10003aaa:	4650      	mov	r0, sl
10003aac:	f7ff fd4a 	bl	10003544 <_ftoa>
10003ab0:	0002      	movs	r2, r0
10003ab2:	2020      	movs	r0, #32
10003ab4:	9b28      	ldr	r3, [sp, #160]	@ 0xa0
10003ab6:	2500      	movs	r5, #0
10003ab8:	4003      	ands	r3, r0
10003aba:	4259      	negs	r1, r3
10003abc:	414b      	adcs	r3, r1
10003abe:	425b      	negs	r3, r3
10003ac0:	4018      	ands	r0, r3
10003ac2:	1c53      	adds	r3, r2, #1
10003ac4:	9308      	str	r3, [sp, #32]
10003ac6:	4641      	mov	r1, r8
10003ac8:	464b      	mov	r3, r9
10003aca:	3045      	adds	r0, #69	@ 0x45
10003acc:	47d0      	blx	sl
10003ace:	17fb      	asrs	r3, r7, #31
10003ad0:	18fc      	adds	r4, r7, r3
10003ad2:	405c      	eors	r4, r3
10003ad4:	0ffb      	lsrs	r3, r7, #31
10003ad6:	271f      	movs	r7, #31
10003ad8:	930a      	str	r3, [sp, #40]	@ 0x28
10003ada:	1e73      	subs	r3, r6, #1
10003adc:	930e      	str	r3, [sp, #56]	@ 0x38
10003ade:	ab0a      	add	r3, sp, #40	@ 0x28
10003ae0:	18ff      	adds	r7, r7, r3
10003ae2:	e006      	b.n	10003af2 <_etoa+0x13a>
10003ae4:	0020      	movs	r0, r4
10003ae6:	210a      	movs	r1, #10
10003ae8:	f7fe fd3e 	bl	10002568 <__wrap___aeabi_uidiv>
10003aec:	0004      	movs	r4, r0
10003aee:	2d20      	cmp	r5, #32
10003af0:	d008      	beq.n	10003b04 <_etoa+0x14c>
10003af2:	210a      	movs	r1, #10
10003af4:	0020      	movs	r0, r4
10003af6:	f7fe fd37 	bl	10002568 <__wrap___aeabi_uidiv>
10003afa:	3501      	adds	r5, #1
10003afc:	3130      	adds	r1, #48	@ 0x30
10003afe:	5579      	strb	r1, [r7, r5]
10003b00:	2c09      	cmp	r4, #9
10003b02:	d8ef      	bhi.n	10003ae4 <_etoa+0x12c>
10003b04:	2305      	movs	r3, #5
10003b06:	9306      	str	r3, [sp, #24]
10003b08:	9b0e      	ldr	r3, [sp, #56]	@ 0x38
10003b0a:	4656      	mov	r6, sl
10003b0c:	9305      	str	r3, [sp, #20]
10003b0e:	2300      	movs	r3, #0
10003b10:	9304      	str	r3, [sp, #16]
10003b12:	330a      	adds	r3, #10
10003b14:	9303      	str	r3, [sp, #12]
10003b16:	9b0a      	ldr	r3, [sp, #40]	@ 0x28
10003b18:	4641      	mov	r1, r8
10003b1a:	9302      	str	r3, [sp, #8]
10003b1c:	ab12      	add	r3, sp, #72	@ 0x48
10003b1e:	9300      	str	r3, [sp, #0]
10003b20:	0030      	movs	r0, r6
10003b22:	464b      	mov	r3, r9
10003b24:	9a08      	ldr	r2, [sp, #32]
10003b26:	9501      	str	r5, [sp, #4]
10003b28:	f7ff fc10 	bl	1000334c <_ntoa_format>
10003b2c:	9b0c      	ldr	r3, [sp, #48]	@ 0x30
10003b2e:	2b00      	cmp	r3, #0
10003b30:	d028      	beq.n	10003b84 <_etoa+0x1cc>
10003b32:	465f      	mov	r7, fp
10003b34:	9b27      	ldr	r3, [sp, #156]	@ 0x9c
10003b36:	1bc4      	subs	r4, r0, r7
10003b38:	42a3      	cmp	r3, r4
10003b3a:	d923      	bls.n	10003b84 <_etoa+0x1cc>
10003b3c:	4682      	mov	sl, r0
10003b3e:	001d      	movs	r5, r3
10003b40:	193a      	adds	r2, r7, r4
10003b42:	464b      	mov	r3, r9
10003b44:	4641      	mov	r1, r8
10003b46:	2020      	movs	r0, #32
10003b48:	3401      	adds	r4, #1
10003b4a:	47b0      	blx	r6
10003b4c:	42a5      	cmp	r5, r4
10003b4e:	d8f7      	bhi.n	10003b40 <_etoa+0x188>
10003b50:	4650      	mov	r0, sl
10003b52:	4659      	mov	r1, fp
10003b54:	9c27      	ldr	r4, [sp, #156]	@ 0x9c
10003b56:	1a42      	subs	r2, r0, r1
10003b58:	3201      	adds	r2, #1
10003b5a:	2300      	movs	r3, #0
10003b5c:	4294      	cmp	r4, r2
10003b5e:	d300      	bcc.n	10003b62 <_etoa+0x1aa>
10003b60:	e195      	b.n	10003e8e <_etoa+0x4d6>
10003b62:	3001      	adds	r0, #1
10003b64:	1818      	adds	r0, r3, r0
10003b66:	e00d      	b.n	10003b84 <_etoa+0x1cc>
10003b68:	9b28      	ldr	r3, [sp, #160]	@ 0xa0
10003b6a:	9400      	str	r4, [sp, #0]
10003b6c:	9501      	str	r5, [sp, #4]
10003b6e:	9304      	str	r3, [sp, #16]
10003b70:	9b27      	ldr	r3, [sp, #156]	@ 0x9c
10003b72:	9303      	str	r3, [sp, #12]
10003b74:	9b26      	ldr	r3, [sp, #152]	@ 0x98
10003b76:	9302      	str	r3, [sp, #8]
10003b78:	464b      	mov	r3, r9
10003b7a:	465a      	mov	r2, fp
10003b7c:	4641      	mov	r1, r8
10003b7e:	4650      	mov	r0, sl
10003b80:	f7ff fce0 	bl	10003544 <_ftoa>
10003b84:	b01b      	add	sp, #108	@ 0x6c
10003b86:	bcf0      	pop	{r4, r5, r6, r7}
10003b88:	46bb      	mov	fp, r7
10003b8a:	46b2      	mov	sl, r6
10003b8c:	46a9      	mov	r9, r5
10003b8e:	46a0      	mov	r8, r4
10003b90:	bdf0      	pop	{r4, r5, r6, r7, pc}
10003b92:	4301      	orrs	r1, r0
10003b94:	d12a      	bne.n	10003bec <_etoa+0x234>
10003b96:	9b0e      	ldr	r3, [sp, #56]	@ 0x38
10003b98:	0032      	movs	r2, r6
10003b9a:	2b00      	cmp	r3, #0
10003b9c:	d100      	bne.n	10003ba0 <_etoa+0x1e8>
10003b9e:	e75d      	b.n	10003a5c <_etoa+0xa4>
10003ba0:	2700      	movs	r7, #0
10003ba2:	9b26      	ldr	r3, [sp, #152]	@ 0x98
10003ba4:	2600      	movs	r6, #0
10003ba6:	42bb      	cmp	r3, r7
10003ba8:	dd00      	ble.n	10003bac <_etoa+0x1f4>
10003baa:	e182      	b.n	10003eb2 <_etoa+0x4fa>
10003bac:	2200      	movs	r2, #0
10003bae:	2300      	movs	r3, #0
10003bb0:	0020      	movs	r0, r4
10003bb2:	0029      	movs	r1, r5
10003bb4:	f7fe ff86 	bl	10002ac4 <__wrap___aeabi_dcmplt>
10003bb8:	2800      	cmp	r0, #0
10003bba:	d000      	beq.n	10003bbe <_etoa+0x206>
10003bbc:	e14b      	b.n	10003e56 <_etoa+0x49e>
10003bbe:	9b28      	ldr	r3, [sp, #160]	@ 0xa0
10003bc0:	4a08      	ldr	r2, [pc, #32]	@ (10003be4 <_etoa+0x22c>)
10003bc2:	9602      	str	r6, [sp, #8]
10003bc4:	401a      	ands	r2, r3
10003bc6:	2380      	movs	r3, #128	@ 0x80
10003bc8:	00db      	lsls	r3, r3, #3
10003bca:	4313      	orrs	r3, r2
10003bcc:	9304      	str	r3, [sp, #16]
10003bce:	9b27      	ldr	r3, [sp, #156]	@ 0x9c
10003bd0:	9303      	str	r3, [sp, #12]
10003bd2:	9b08      	ldr	r3, [sp, #32]
10003bd4:	9c09      	ldr	r4, [sp, #36]	@ 0x24
10003bd6:	9300      	str	r3, [sp, #0]
10003bd8:	9401      	str	r4, [sp, #4]
10003bda:	e7cd      	b.n	10003b78 <_etoa+0x1c0>
10003bdc:	7fefffff 	.word	0x7fefffff
10003be0:	ffefffff 	.word	0xffefffff
10003be4:	fffff7ff 	.word	0xfffff7ff
10003be8:	2306      	movs	r3, #6
10003bea:	9326      	str	r3, [sp, #152]	@ 0x98
10003bec:	4bb2      	ldr	r3, [pc, #712]	@ (10003eb8 <_etoa+0x500>)
10003bee:	0078      	lsls	r0, r7, #1
10003bf0:	0d40      	lsrs	r0, r0, #21
10003bf2:	18c0      	adds	r0, r0, r3
10003bf4:	f7fe ff92 	bl	10002b1c <__wrap___aeabi_i2d>
10003bf8:	4ab0      	ldr	r2, [pc, #704]	@ (10003ebc <_etoa+0x504>)
10003bfa:	4bb1      	ldr	r3, [pc, #708]	@ (10003ec0 <_etoa+0x508>)
10003bfc:	f7fe ff1f 	bl	10002a3e <__wrap___aeabi_dmul>
10003c00:	4ab0      	ldr	r2, [pc, #704]	@ (10003ec4 <_etoa+0x50c>)
10003c02:	4bb1      	ldr	r3, [pc, #708]	@ (10003ec8 <_etoa+0x510>)
10003c04:	f7fe fef4 	bl	100029f0 <__wrap___aeabi_dadd>
10003c08:	033f      	lsls	r7, r7, #12
10003c0a:	4bb0      	ldr	r3, [pc, #704]	@ (10003ecc <_etoa+0x514>)
10003c0c:	0b3f      	lsrs	r7, r7, #12
10003c0e:	433b      	orrs	r3, r7
10003c10:	900c      	str	r0, [sp, #48]	@ 0x30
10003c12:	910d      	str	r1, [sp, #52]	@ 0x34
10003c14:	2200      	movs	r2, #0
10003c16:	980a      	ldr	r0, [sp, #40]	@ 0x28
10003c18:	0019      	movs	r1, r3
10003c1a:	4bad      	ldr	r3, [pc, #692]	@ (10003ed0 <_etoa+0x518>)
10003c1c:	f7fe fedf 	bl	100029de <__wrap___aeabi_dsub>
10003c20:	4aac      	ldr	r2, [pc, #688]	@ (10003ed4 <_etoa+0x51c>)
10003c22:	4bad      	ldr	r3, [pc, #692]	@ (10003ed8 <_etoa+0x520>)
10003c24:	f7fe ff0b 	bl	10002a3e <__wrap___aeabi_dmul>
10003c28:	0002      	movs	r2, r0
10003c2a:	000b      	movs	r3, r1
10003c2c:	980c      	ldr	r0, [sp, #48]	@ 0x30
10003c2e:	990d      	ldr	r1, [sp, #52]	@ 0x34
10003c30:	f7fe fede 	bl	100029f0 <__wrap___aeabi_dadd>
10003c34:	f7fe ff8a 	bl	10002b4c <__wrap___aeabi_d2iz>
10003c38:	0007      	movs	r7, r0
10003c3a:	f7fe ff6f 	bl	10002b1c <__wrap___aeabi_i2d>
10003c3e:	4aa7      	ldr	r2, [pc, #668]	@ (10003edc <_etoa+0x524>)
10003c40:	4ba7      	ldr	r3, [pc, #668]	@ (10003ee0 <_etoa+0x528>)
10003c42:	900a      	str	r0, [sp, #40]	@ 0x28
10003c44:	910b      	str	r1, [sp, #44]	@ 0x2c
10003c46:	f7fe fefa 	bl	10002a3e <__wrap___aeabi_dmul>
10003c4a:	2200      	movs	r2, #0
10003c4c:	4ba5      	ldr	r3, [pc, #660]	@ (10003ee4 <_etoa+0x52c>)
10003c4e:	f7fe fecf 	bl	100029f0 <__wrap___aeabi_dadd>
10003c52:	f7fe ff7b 	bl	10002b4c <__wrap___aeabi_d2iz>
10003c56:	4aa4      	ldr	r2, [pc, #656]	@ (10003ee8 <_etoa+0x530>)
10003c58:	0006      	movs	r6, r0
10003c5a:	980a      	ldr	r0, [sp, #40]	@ 0x28
10003c5c:	990b      	ldr	r1, [sp, #44]	@ 0x2c
10003c5e:	4ba3      	ldr	r3, [pc, #652]	@ (10003eec <_etoa+0x534>)
10003c60:	f7fe feed 	bl	10002a3e <__wrap___aeabi_dmul>
10003c64:	900a      	str	r0, [sp, #40]	@ 0x28
10003c66:	910b      	str	r1, [sp, #44]	@ 0x2c
10003c68:	0030      	movs	r0, r6
10003c6a:	f7fe ff57 	bl	10002b1c <__wrap___aeabi_i2d>
10003c6e:	4aa0      	ldr	r2, [pc, #640]	@ (10003ef0 <_etoa+0x538>)
10003c70:	4ba0      	ldr	r3, [pc, #640]	@ (10003ef4 <_etoa+0x53c>)
10003c72:	f7fe fee4 	bl	10002a3e <__wrap___aeabi_dmul>
10003c76:	0002      	movs	r2, r0
10003c78:	000b      	movs	r3, r1
10003c7a:	980a      	ldr	r0, [sp, #40]	@ 0x28
10003c7c:	990b      	ldr	r1, [sp, #44]	@ 0x2c
10003c7e:	f7fe feae 	bl	100029de <__wrap___aeabi_dsub>
10003c82:	0002      	movs	r2, r0
10003c84:	000b      	movs	r3, r1
10003c86:	900a      	str	r0, [sp, #40]	@ 0x28
10003c88:	910b      	str	r1, [sp, #44]	@ 0x2c
10003c8a:	f7fe fed8 	bl	10002a3e <__wrap___aeabi_dmul>
10003c8e:	900c      	str	r0, [sp, #48]	@ 0x30
10003c90:	910d      	str	r1, [sp, #52]	@ 0x34
10003c92:	980a      	ldr	r0, [sp, #40]	@ 0x28
10003c94:	990b      	ldr	r1, [sp, #44]	@ 0x2c
10003c96:	0002      	movs	r2, r0
10003c98:	000b      	movs	r3, r1
10003c9a:	f7fe fea9 	bl	100029f0 <__wrap___aeabi_dadd>
10003c9e:	2200      	movs	r2, #0
10003ca0:	9010      	str	r0, [sp, #64]	@ 0x40
10003ca2:	9111      	str	r1, [sp, #68]	@ 0x44
10003ca4:	980c      	ldr	r0, [sp, #48]	@ 0x30
10003ca6:	990d      	ldr	r1, [sp, #52]	@ 0x34
10003ca8:	4b93      	ldr	r3, [pc, #588]	@ (10003ef8 <_etoa+0x540>)
10003caa:	f7fe feaa 	bl	10002a02 <__wrap___aeabi_ddiv>
10003cae:	2200      	movs	r2, #0
10003cb0:	4b92      	ldr	r3, [pc, #584]	@ (10003efc <_etoa+0x544>)
10003cb2:	f7fe fe9d 	bl	100029f0 <__wrap___aeabi_dadd>
10003cb6:	0002      	movs	r2, r0
10003cb8:	000b      	movs	r3, r1
10003cba:	980c      	ldr	r0, [sp, #48]	@ 0x30
10003cbc:	990d      	ldr	r1, [sp, #52]	@ 0x34
10003cbe:	f7fe fea0 	bl	10002a02 <__wrap___aeabi_ddiv>
10003cc2:	2200      	movs	r2, #0
10003cc4:	4b8e      	ldr	r3, [pc, #568]	@ (10003f00 <_etoa+0x548>)
10003cc6:	f7fe fe93 	bl	100029f0 <__wrap___aeabi_dadd>
10003cca:	0002      	movs	r2, r0
10003ccc:	000b      	movs	r3, r1
10003cce:	980c      	ldr	r0, [sp, #48]	@ 0x30
10003cd0:	990d      	ldr	r1, [sp, #52]	@ 0x34
10003cd2:	f7fe fe96 	bl	10002a02 <__wrap___aeabi_ddiv>
10003cd6:	9a0a      	ldr	r2, [sp, #40]	@ 0x28
10003cd8:	9b0b      	ldr	r3, [sp, #44]	@ 0x2c
10003cda:	900c      	str	r0, [sp, #48]	@ 0x30
10003cdc:	910d      	str	r1, [sp, #52]	@ 0x34
10003cde:	2180      	movs	r1, #128	@ 0x80
10003ce0:	2000      	movs	r0, #0
10003ce2:	05c9      	lsls	r1, r1, #23
10003ce4:	f7fe fe7b 	bl	100029de <__wrap___aeabi_dsub>
10003ce8:	0002      	movs	r2, r0
10003cea:	000b      	movs	r3, r1
10003cec:	980c      	ldr	r0, [sp, #48]	@ 0x30
10003cee:	990d      	ldr	r1, [sp, #52]	@ 0x34
10003cf0:	f7fe fe7e 	bl	100029f0 <__wrap___aeabi_dadd>
10003cf4:	0002      	movs	r2, r0
10003cf6:	000b      	movs	r3, r1
10003cf8:	9810      	ldr	r0, [sp, #64]	@ 0x40
10003cfa:	9911      	ldr	r1, [sp, #68]	@ 0x44
10003cfc:	f7fe fe81 	bl	10002a02 <__wrap___aeabi_ddiv>
10003d00:	2200      	movs	r2, #0
10003d02:	4b72      	ldr	r3, [pc, #456]	@ (10003ecc <_etoa+0x514>)
10003d04:	f7fe fe74 	bl	100029f0 <__wrap___aeabi_dadd>
10003d08:	4b7e      	ldr	r3, [pc, #504]	@ (10003f04 <_etoa+0x54c>)
10003d0a:	2200      	movs	r2, #0
10003d0c:	18f6      	adds	r6, r6, r3
10003d0e:	0533      	lsls	r3, r6, #20
10003d10:	f7fe fe95 	bl	10002a3e <__wrap___aeabi_dmul>
10003d14:	0002      	movs	r2, r0
10003d16:	000b      	movs	r3, r1
10003d18:	900a      	str	r0, [sp, #40]	@ 0x28
10003d1a:	910b      	str	r1, [sp, #44]	@ 0x2c
10003d1c:	9808      	ldr	r0, [sp, #32]
10003d1e:	9909      	ldr	r1, [sp, #36]	@ 0x24
10003d20:	f7fe fed0 	bl	10002ac4 <__wrap___aeabi_dcmplt>
10003d24:	2800      	cmp	r0, #0
10003d26:	d008      	beq.n	10003d3a <_etoa+0x382>
10003d28:	980a      	ldr	r0, [sp, #40]	@ 0x28
10003d2a:	990b      	ldr	r1, [sp, #44]	@ 0x2c
10003d2c:	2200      	movs	r2, #0
10003d2e:	4b73      	ldr	r3, [pc, #460]	@ (10003efc <_etoa+0x544>)
10003d30:	f7fe fe67 	bl	10002a02 <__wrap___aeabi_ddiv>
10003d34:	900a      	str	r0, [sp, #40]	@ 0x28
10003d36:	910b      	str	r1, [sp, #44]	@ 0x2c
10003d38:	3f01      	subs	r7, #1
10003d3a:	990a      	ldr	r1, [sp, #40]	@ 0x28
10003d3c:	9a0b      	ldr	r2, [sp, #44]	@ 0x2c
10003d3e:	000b      	movs	r3, r1
10003d40:	0011      	movs	r1, r2
10003d42:	003a      	movs	r2, r7
10003d44:	3263      	adds	r2, #99	@ 0x63
10003d46:	2ac6      	cmp	r2, #198	@ 0xc6
10003d48:	d812      	bhi.n	10003d70 <_etoa+0x3b8>
10003d4a:	2202      	movs	r2, #2
10003d4c:	9828      	ldr	r0, [sp, #160]	@ 0xa0
10003d4e:	2604      	movs	r6, #4
10003d50:	4010      	ands	r0, r2
10003d52:	9a0e      	ldr	r2, [sp, #56]	@ 0x38
10003d54:	900c      	str	r0, [sp, #48]	@ 0x30
10003d56:	2a00      	cmp	r2, #0
10003d58:	d126      	bne.n	10003da8 <_etoa+0x3f0>
10003d5a:	9b27      	ldr	r3, [sp, #156]	@ 0x9c
10003d5c:	2b04      	cmp	r3, #4
10003d5e:	d905      	bls.n	10003d6c <_etoa+0x3b4>
10003d60:	2800      	cmp	r0, #0
10003d62:	d000      	beq.n	10003d66 <_etoa+0x3ae>
10003d64:	e0a1      	b.n	10003eaa <_etoa+0x4f2>
10003d66:	9b27      	ldr	r3, [sp, #156]	@ 0x9c
10003d68:	3b04      	subs	r3, #4
10003d6a:	930e      	str	r3, [sp, #56]	@ 0x38
10003d6c:	2604      	movs	r6, #4
10003d6e:	e042      	b.n	10003df6 <_etoa+0x43e>
10003d70:	2202      	movs	r2, #2
10003d72:	9828      	ldr	r0, [sp, #160]	@ 0xa0
10003d74:	4010      	ands	r0, r2
10003d76:	9a0e      	ldr	r2, [sp, #56]	@ 0x38
10003d78:	900c      	str	r0, [sp, #48]	@ 0x30
10003d7a:	2a00      	cmp	r2, #0
10003d7c:	d113      	bne.n	10003da6 <_etoa+0x3ee>
10003d7e:	9b27      	ldr	r3, [sp, #156]	@ 0x9c
10003d80:	2b05      	cmp	r3, #5
10003d82:	d800      	bhi.n	10003d86 <_etoa+0x3ce>
10003d84:	e089      	b.n	10003e9a <_etoa+0x4e2>
10003d86:	2800      	cmp	r0, #0
10003d88:	d000      	beq.n	10003d8c <_etoa+0x3d4>
10003d8a:	e084      	b.n	10003e96 <_etoa+0x4de>
10003d8c:	9b27      	ldr	r3, [sp, #156]	@ 0x9c
10003d8e:	2605      	movs	r6, #5
10003d90:	3b05      	subs	r3, #5
10003d92:	930e      	str	r3, [sp, #56]	@ 0x38
10003d94:	e032      	b.n	10003dfc <_etoa+0x444>
10003d96:	2380      	movs	r3, #128	@ 0x80
10003d98:	061b      	lsls	r3, r3, #24
10003d9a:	469c      	mov	ip, r3
10003d9c:	44ac      	add	ip, r5
10003d9e:	4663      	mov	r3, ip
10003da0:	9408      	str	r4, [sp, #32]
10003da2:	9309      	str	r3, [sp, #36]	@ 0x24
10003da4:	e63d      	b.n	10003a22 <_etoa+0x6a>
10003da6:	2605      	movs	r6, #5
10003da8:	430b      	orrs	r3, r1
10003daa:	d100      	bne.n	10003dae <_etoa+0x3f6>
10003dac:	e6f9      	b.n	10003ba2 <_etoa+0x1ea>
10003dae:	9808      	ldr	r0, [sp, #32]
10003db0:	9909      	ldr	r1, [sp, #36]	@ 0x24
10003db2:	4a55      	ldr	r2, [pc, #340]	@ (10003f08 <_etoa+0x550>)
10003db4:	4b55      	ldr	r3, [pc, #340]	@ (10003f0c <_etoa+0x554>)
10003db6:	f7fe fe93 	bl	10002ae0 <__wrap___aeabi_dcmpge>
10003dba:	2800      	cmp	r0, #0
10003dbc:	d008      	beq.n	10003dd0 <_etoa+0x418>
10003dbe:	9808      	ldr	r0, [sp, #32]
10003dc0:	9909      	ldr	r1, [sp, #36]	@ 0x24
10003dc2:	2200      	movs	r2, #0
10003dc4:	4b52      	ldr	r3, [pc, #328]	@ (10003f10 <_etoa+0x558>)
10003dc6:	f7fe fe7d 	bl	10002ac4 <__wrap___aeabi_dcmplt>
10003dca:	2800      	cmp	r0, #0
10003dcc:	d000      	beq.n	10003dd0 <_etoa+0x418>
10003dce:	e6e8      	b.n	10003ba2 <_etoa+0x1ea>
10003dd0:	9b26      	ldr	r3, [sp, #152]	@ 0x98
10003dd2:	2b00      	cmp	r3, #0
10003dd4:	d034      	beq.n	10003e40 <_etoa+0x488>
10003dd6:	9b0f      	ldr	r3, [sp, #60]	@ 0x3c
10003dd8:	2b00      	cmp	r3, #0
10003dda:	d031      	beq.n	10003e40 <_etoa+0x488>
10003ddc:	9b26      	ldr	r3, [sp, #152]	@ 0x98
10003dde:	3b01      	subs	r3, #1
10003de0:	9326      	str	r3, [sp, #152]	@ 0x98
10003de2:	9b27      	ldr	r3, [sp, #156]	@ 0x9c
10003de4:	42b3      	cmp	r3, r6
10003de6:	d904      	bls.n	10003df2 <_etoa+0x43a>
10003de8:	9b0c      	ldr	r3, [sp, #48]	@ 0x30
10003dea:	2b00      	cmp	r3, #0
10003dec:	d059      	beq.n	10003ea2 <_etoa+0x4ea>
10003dee:	2302      	movs	r3, #2
10003df0:	930c      	str	r3, [sp, #48]	@ 0x30
10003df2:	2300      	movs	r3, #0
10003df4:	930e      	str	r3, [sp, #56]	@ 0x38
10003df6:	2f00      	cmp	r7, #0
10003df8:	d100      	bne.n	10003dfc <_etoa+0x444>
10003dfa:	e63e      	b.n	10003a7a <_etoa+0xc2>
10003dfc:	9a0a      	ldr	r2, [sp, #40]	@ 0x28
10003dfe:	9b0b      	ldr	r3, [sp, #44]	@ 0x2c
10003e00:	9808      	ldr	r0, [sp, #32]
10003e02:	9909      	ldr	r1, [sp, #36]	@ 0x24
10003e04:	f7fe fdfd 	bl	10002a02 <__wrap___aeabi_ddiv>
10003e08:	2200      	movs	r2, #0
10003e0a:	9008      	str	r0, [sp, #32]
10003e0c:	9109      	str	r1, [sp, #36]	@ 0x24
10003e0e:	2300      	movs	r3, #0
10003e10:	0020      	movs	r0, r4
10003e12:	0029      	movs	r1, r5
10003e14:	f7fe fe56 	bl	10002ac4 <__wrap___aeabi_dcmplt>
10003e18:	2800      	cmp	r0, #0
10003e1a:	d100      	bne.n	10003e1e <_etoa+0x466>
10003e1c:	e636      	b.n	10003a8c <_etoa+0xd4>
10003e1e:	9c08      	ldr	r4, [sp, #32]
10003e20:	9d09      	ldr	r5, [sp, #36]	@ 0x24
10003e22:	9a28      	ldr	r2, [sp, #160]	@ 0xa0
10003e24:	2080      	movs	r0, #128	@ 0x80
10003e26:	4b3b      	ldr	r3, [pc, #236]	@ (10003f14 <_etoa+0x55c>)
10003e28:	0600      	lsls	r0, r0, #24
10003e2a:	4013      	ands	r3, r2
10003e2c:	0022      	movs	r2, r4
10003e2e:	9304      	str	r3, [sp, #16]
10003e30:	9b0e      	ldr	r3, [sp, #56]	@ 0x38
10003e32:	9303      	str	r3, [sp, #12]
10003e34:	9b26      	ldr	r3, [sp, #152]	@ 0x98
10003e36:	9302      	str	r3, [sp, #8]
10003e38:	182b      	adds	r3, r5, r0
10003e3a:	9200      	str	r2, [sp, #0]
10003e3c:	9301      	str	r3, [sp, #4]
10003e3e:	e631      	b.n	10003aa4 <_etoa+0xec>
10003e40:	9b27      	ldr	r3, [sp, #156]	@ 0x9c
10003e42:	42b3      	cmp	r3, r6
10003e44:	d9d5      	bls.n	10003df2 <_etoa+0x43a>
10003e46:	9b0c      	ldr	r3, [sp, #48]	@ 0x30
10003e48:	2b00      	cmp	r3, #0
10003e4a:	d02a      	beq.n	10003ea2 <_etoa+0x4ea>
10003e4c:	2300      	movs	r3, #0
10003e4e:	930e      	str	r3, [sp, #56]	@ 0x38
10003e50:	3302      	adds	r3, #2
10003e52:	930c      	str	r3, [sp, #48]	@ 0x30
10003e54:	e7cf      	b.n	10003df6 <_etoa+0x43e>
10003e56:	9b28      	ldr	r3, [sp, #160]	@ 0xa0
10003e58:	4a2e      	ldr	r2, [pc, #184]	@ (10003f14 <_etoa+0x55c>)
10003e5a:	2080      	movs	r0, #128	@ 0x80
10003e5c:	9c08      	ldr	r4, [sp, #32]
10003e5e:	9d09      	ldr	r5, [sp, #36]	@ 0x24
10003e60:	401a      	ands	r2, r3
10003e62:	2380      	movs	r3, #128	@ 0x80
10003e64:	00db      	lsls	r3, r3, #3
10003e66:	4313      	orrs	r3, r2
10003e68:	0022      	movs	r2, r4
10003e6a:	9304      	str	r3, [sp, #16]
10003e6c:	9b27      	ldr	r3, [sp, #156]	@ 0x9c
10003e6e:	0600      	lsls	r0, r0, #24
10003e70:	9303      	str	r3, [sp, #12]
10003e72:	182b      	adds	r3, r5, r0
10003e74:	9200      	str	r2, [sp, #0]
10003e76:	9301      	str	r3, [sp, #4]
10003e78:	9602      	str	r6, [sp, #8]
10003e7a:	e67d      	b.n	10003b78 <_etoa+0x1c0>
10003e7c:	2605      	movs	r6, #5
10003e7e:	e695      	b.n	10003bac <_etoa+0x1f4>
10003e80:	2300      	movs	r3, #0
10003e82:	930e      	str	r3, [sp, #56]	@ 0x38
10003e84:	3302      	adds	r3, #2
10003e86:	2700      	movs	r7, #0
10003e88:	2604      	movs	r6, #4
10003e8a:	930c      	str	r3, [sp, #48]	@ 0x30
10003e8c:	e5f5      	b.n	10003a7a <_etoa+0xc2>
10003e8e:	1e4b      	subs	r3, r1, #1
10003e90:	191b      	adds	r3, r3, r4
10003e92:	1a1b      	subs	r3, r3, r0
10003e94:	e665      	b.n	10003b62 <_etoa+0x1aa>
10003e96:	2302      	movs	r3, #2
10003e98:	930c      	str	r3, [sp, #48]	@ 0x30
10003e9a:	2605      	movs	r6, #5
10003e9c:	e7ae      	b.n	10003dfc <_etoa+0x444>
10003e9e:	2304      	movs	r3, #4
10003ea0:	e5e7      	b.n	10003a72 <_etoa+0xba>
10003ea2:	9b27      	ldr	r3, [sp, #156]	@ 0x9c
10003ea4:	1b9b      	subs	r3, r3, r6
10003ea6:	930e      	str	r3, [sp, #56]	@ 0x38
10003ea8:	e7a5      	b.n	10003df6 <_etoa+0x43e>
10003eaa:	2302      	movs	r3, #2
10003eac:	2604      	movs	r6, #4
10003eae:	930c      	str	r3, [sp, #48]	@ 0x30
10003eb0:	e7a1      	b.n	10003df6 <_etoa+0x43e>
10003eb2:	1bdb      	subs	r3, r3, r7
10003eb4:	1e5e      	subs	r6, r3, #1
10003eb6:	e679      	b.n	10003bac <_etoa+0x1f4>
10003eb8:	fffffc01 	.word	0xfffffc01
10003ebc:	509f79fb 	.word	0x509f79fb
10003ec0:	3fd34413 	.word	0x3fd34413
10003ec4:	8b60c8b3 	.word	0x8b60c8b3
10003ec8:	3fc68a28 	.word	0x3fc68a28
10003ecc:	3ff00000 	.word	0x3ff00000
10003ed0:	3ff80000 	.word	0x3ff80000
10003ed4:	636f4361 	.word	0x636f4361
10003ed8:	3fd287a7 	.word	0x3fd287a7
10003edc:	0979a371 	.word	0x0979a371
10003ee0:	400a934f 	.word	0x400a934f
10003ee4:	3fe00000 	.word	0x3fe00000
10003ee8:	bbb55516 	.word	0xbbb55516
10003eec:	40026bb1 	.word	0x40026bb1
10003ef0:	fefa39ef 	.word	0xfefa39ef
10003ef4:	3fe62e42 	.word	0x3fe62e42
10003ef8:	402c0000 	.word	0x402c0000
10003efc:	40240000 	.word	0x40240000
10003f00:	40180000 	.word	0x40180000
10003f04:	000003ff 	.word	0x000003ff
10003f08:	eb1c432d 	.word	0xeb1c432d
10003f0c:	3f1a36e2 	.word	0x3f1a36e2
10003f10:	412e8480 	.word	0x412e8480
10003f14:	fffff7ff 	.word	0xfffff7ff

10003f18 <_vsnprintf>:
10003f18:	b5f0      	push	{r4, r5, r6, r7, lr}
10003f1a:	4657      	mov	r7, sl
10003f1c:	46de      	mov	lr, fp
10003f1e:	464e      	mov	r6, r9
10003f20:	4645      	mov	r5, r8
10003f22:	b5e0      	push	{r5, r6, r7, lr}
10003f24:	b0a3      	sub	sp, #140	@ 0x8c
10003f26:	001f      	movs	r7, r3
10003f28:	9b2c      	ldr	r3, [sp, #176]	@ 0xb0
10003f2a:	4692      	mov	sl, r2
10003f2c:	930c      	str	r3, [sp, #48]	@ 0x30
10003f2e:	4ac9      	ldr	r2, [pc, #804]	@ (10004254 <_vsnprintf+0x33c>)
10003f30:	4bc9      	ldr	r3, [pc, #804]	@ (10004258 <_vsnprintf+0x340>)
10003f32:	468b      	mov	fp, r1
10003f34:	900b      	str	r0, [sp, #44]	@ 0x2c
10003f36:	601a      	str	r2, [r3, #0]
10003f38:	2900      	cmp	r1, #0
10003f3a:	d100      	bne.n	10003f3e <_vsnprintf+0x26>
10003f3c:	e1bf      	b.n	100042be <_vsnprintf+0x3a6>
10003f3e:	2300      	movs	r3, #0
10003f40:	7838      	ldrb	r0, [r7, #0]
10003f42:	4699      	mov	r9, r3
10003f44:	2800      	cmp	r0, #0
10003f46:	d100      	bne.n	10003f4a <_vsnprintf+0x32>
10003f48:	e1c1      	b.n	100042ce <_vsnprintf+0x3b6>
10003f4a:	4bc4      	ldr	r3, [pc, #784]	@ (1000425c <_vsnprintf+0x344>)
10003f4c:	464c      	mov	r4, r9
10003f4e:	9309      	str	r3, [sp, #36]	@ 0x24
10003f50:	4bc3      	ldr	r3, [pc, #780]	@ (10004260 <_vsnprintf+0x348>)
10003f52:	930e      	str	r3, [sp, #56]	@ 0x38
10003f54:	465b      	mov	r3, fp
10003f56:	930a      	str	r3, [sp, #40]	@ 0x28
10003f58:	e008      	b.n	10003f6c <_vsnprintf+0x54>
10003f5a:	0022      	movs	r2, r4
10003f5c:	4653      	mov	r3, sl
10003f5e:	990a      	ldr	r1, [sp, #40]	@ 0x28
10003f60:	9d0b      	ldr	r5, [sp, #44]	@ 0x2c
10003f62:	47a8      	blx	r5
10003f64:	3401      	adds	r4, #1
10003f66:	7838      	ldrb	r0, [r7, #0]
10003f68:	2800      	cmp	r0, #0
10003f6a:	d076      	beq.n	1000405a <_vsnprintf+0x142>
10003f6c:	3701      	adds	r7, #1
10003f6e:	2825      	cmp	r0, #37	@ 0x25
10003f70:	d1f3      	bne.n	10003f5a <_vsnprintf+0x42>
10003f72:	2310      	movs	r3, #16
10003f74:	469b      	mov	fp, r3
10003f76:	3b08      	subs	r3, #8
10003f78:	4699      	mov	r9, r3
10003f7a:	3b04      	subs	r3, #4
10003f7c:	4698      	mov	r8, r3
10003f7e:	3b03      	subs	r3, #3
10003f80:	2600      	movs	r6, #0
10003f82:	2502      	movs	r5, #2
10003f84:	469c      	mov	ip, r3
10003f86:	7838      	ldrb	r0, [r7, #0]
10003f88:	1c79      	adds	r1, r7, #1
10003f8a:	0003      	movs	r3, r0
10003f8c:	3b20      	subs	r3, #32
10003f8e:	b2db      	uxtb	r3, r3
10003f90:	2b10      	cmp	r3, #16
10003f92:	d803      	bhi.n	10003f9c <_vsnprintf+0x84>
10003f94:	9a09      	ldr	r2, [sp, #36]	@ 0x24
10003f96:	009b      	lsls	r3, r3, #2
10003f98:	58d3      	ldr	r3, [r2, r3]
10003f9a:	469f      	mov	pc, r3
10003f9c:	0003      	movs	r3, r0
10003f9e:	3b30      	subs	r3, #48	@ 0x30
10003fa0:	2b09      	cmp	r3, #9
10003fa2:	d936      	bls.n	10004012 <_vsnprintf+0xfa>
10003fa4:	2500      	movs	r5, #0
10003fa6:	282a      	cmp	r0, #42	@ 0x2a
10003fa8:	d100      	bne.n	10003fac <_vsnprintf+0x94>
10003faa:	e0a7      	b.n	100040fc <_vsnprintf+0x1e4>
10003fac:	2300      	movs	r3, #0
10003fae:	930d      	str	r3, [sp, #52]	@ 0x34
10003fb0:	282e      	cmp	r0, #46	@ 0x2e
10003fb2:	d03f      	beq.n	10004034 <_vsnprintf+0x11c>
10003fb4:	0003      	movs	r3, r0
10003fb6:	3b68      	subs	r3, #104	@ 0x68
10003fb8:	b2db      	uxtb	r3, r3
10003fba:	2b12      	cmp	r3, #18
10003fbc:	d81b      	bhi.n	10003ff6 <_vsnprintf+0xde>
10003fbe:	9a0e      	ldr	r2, [sp, #56]	@ 0x38
10003fc0:	009b      	lsls	r3, r3, #2
10003fc2:	58d3      	ldr	r3, [r2, r3]
10003fc4:	469f      	mov	pc, r3
10003fc6:	4663      	mov	r3, ip
10003fc8:	000f      	movs	r7, r1
10003fca:	431e      	orrs	r6, r3
10003fcc:	e7db      	b.n	10003f86 <_vsnprintf+0x6e>
10003fce:	000f      	movs	r7, r1
10003fd0:	432e      	orrs	r6, r5
10003fd2:	e7d8      	b.n	10003f86 <_vsnprintf+0x6e>
10003fd4:	4643      	mov	r3, r8
10003fd6:	000f      	movs	r7, r1
10003fd8:	431e      	orrs	r6, r3
10003fda:	e7d4      	b.n	10003f86 <_vsnprintf+0x6e>
10003fdc:	465b      	mov	r3, fp
10003fde:	000f      	movs	r7, r1
10003fe0:	431e      	orrs	r6, r3
10003fe2:	e7d0      	b.n	10003f86 <_vsnprintf+0x6e>
10003fe4:	464b      	mov	r3, r9
10003fe6:	000f      	movs	r7, r1
10003fe8:	431e      	orrs	r6, r3
10003fea:	e7cc      	b.n	10003f86 <_vsnprintf+0x6e>
10003fec:	2380      	movs	r3, #128	@ 0x80
10003fee:	7878      	ldrb	r0, [r7, #1]
10003ff0:	005b      	lsls	r3, r3, #1
10003ff2:	431e      	orrs	r6, r3
10003ff4:	3101      	adds	r1, #1
10003ff6:	000f      	movs	r7, r1
10003ff8:	2867      	cmp	r0, #103	@ 0x67
10003ffa:	d845      	bhi.n	10004088 <_vsnprintf+0x170>
10003ffc:	2824      	cmp	r0, #36	@ 0x24
10003ffe:	d9ac      	bls.n	10003f5a <_vsnprintf+0x42>
10004000:	0003      	movs	r3, r0
10004002:	3b25      	subs	r3, #37	@ 0x25
10004004:	b2db      	uxtb	r3, r3
10004006:	2b42      	cmp	r3, #66	@ 0x42
10004008:	d8a7      	bhi.n	10003f5a <_vsnprintf+0x42>
1000400a:	4996      	ldr	r1, [pc, #600]	@ (10004264 <_vsnprintf+0x34c>)
1000400c:	009b      	lsls	r3, r3, #2
1000400e:	58cb      	ldr	r3, [r1, r3]
10004010:	469f      	mov	pc, r3
10004012:	2500      	movs	r5, #0
10004014:	00ab      	lsls	r3, r5, #2
10004016:	195d      	adds	r5, r3, r5
10004018:	006d      	lsls	r5, r5, #1
1000401a:	182d      	adds	r5, r5, r0
1000401c:	7808      	ldrb	r0, [r1, #0]
1000401e:	000f      	movs	r7, r1
10004020:	0003      	movs	r3, r0
10004022:	3b30      	subs	r3, #48	@ 0x30
10004024:	3d30      	subs	r5, #48	@ 0x30
10004026:	3101      	adds	r1, #1
10004028:	2b09      	cmp	r3, #9
1000402a:	d9f3      	bls.n	10004014 <_vsnprintf+0xfc>
1000402c:	2300      	movs	r3, #0
1000402e:	930d      	str	r3, [sp, #52]	@ 0x34
10004030:	282e      	cmp	r0, #46	@ 0x2e
10004032:	d1bf      	bne.n	10003fb4 <_vsnprintf+0x9c>
10004034:	2230      	movs	r2, #48	@ 0x30
10004036:	2080      	movs	r0, #128	@ 0x80
10004038:	4252      	negs	r2, r2
1000403a:	4690      	mov	r8, r2
1000403c:	00c0      	lsls	r0, r0, #3
1000403e:	4306      	orrs	r6, r0
10004040:	7878      	ldrb	r0, [r7, #1]
10004042:	000b      	movs	r3, r1
10004044:	4480      	add	r8, r0
10004046:	4642      	mov	r2, r8
10004048:	2a09      	cmp	r2, #9
1000404a:	d800      	bhi.n	1000404e <_vsnprintf+0x136>
1000404c:	e151      	b.n	100042f2 <_vsnprintf+0x3da>
1000404e:	282a      	cmp	r0, #42	@ 0x2a
10004050:	d100      	bne.n	10004054 <_vsnprintf+0x13c>
10004052:	e15e      	b.n	10004312 <_vsnprintf+0x3fa>
10004054:	000f      	movs	r7, r1
10004056:	3101      	adds	r1, #1
10004058:	e7ac      	b.n	10003fb4 <_vsnprintf+0x9c>
1000405a:	9b0a      	ldr	r3, [sp, #40]	@ 0x28
1000405c:	46a1      	mov	r9, r4
1000405e:	469b      	mov	fp, r3
10004060:	45ca      	cmp	sl, r9
10004062:	d803      	bhi.n	1000406c <_vsnprintf+0x154>
10004064:	2301      	movs	r3, #1
10004066:	425b      	negs	r3, r3
10004068:	4453      	add	r3, sl
1000406a:	4699      	mov	r9, r3
1000406c:	4653      	mov	r3, sl
1000406e:	464a      	mov	r2, r9
10004070:	4659      	mov	r1, fp
10004072:	2000      	movs	r0, #0
10004074:	9d0b      	ldr	r5, [sp, #44]	@ 0x2c
10004076:	47a8      	blx	r5
10004078:	0020      	movs	r0, r4
1000407a:	b023      	add	sp, #140	@ 0x8c
1000407c:	bcf0      	pop	{r4, r5, r6, r7}
1000407e:	46bb      	mov	fp, r7
10004080:	46b2      	mov	sl, r6
10004082:	46a9      	mov	r9, r5
10004084:	46a0      	mov	r8, r4
10004086:	bdf0      	pop	{r4, r5, r6, r7, pc}
10004088:	0003      	movs	r3, r0
1000408a:	3b69      	subs	r3, #105	@ 0x69
1000408c:	b2db      	uxtb	r3, r3
1000408e:	2b0f      	cmp	r3, #15
10004090:	d900      	bls.n	10004094 <_vsnprintf+0x17c>
10004092:	e762      	b.n	10003f5a <_vsnprintf+0x42>
10004094:	2101      	movs	r1, #1
10004096:	4099      	lsls	r1, r3
10004098:	4688      	mov	r8, r1
1000409a:	4a73      	ldr	r2, [pc, #460]	@ (10004268 <_vsnprintf+0x350>)
1000409c:	4011      	ands	r1, r2
1000409e:	468b      	mov	fp, r1
100040a0:	0011      	movs	r1, r2
100040a2:	4642      	mov	r2, r8
100040a4:	420a      	tst	r2, r1
100040a6:	d000      	beq.n	100040aa <_vsnprintf+0x192>
100040a8:	e113      	b.n	100042d2 <_vsnprintf+0x3ba>
100040aa:	2b0a      	cmp	r3, #10
100040ac:	d02f      	beq.n	1000410e <_vsnprintf+0x1f6>
100040ae:	2b07      	cmp	r3, #7
100040b0:	d000      	beq.n	100040b4 <_vsnprintf+0x19c>
100040b2:	e752      	b.n	10003f5a <_vsnprintf+0x42>
100040b4:	9d0c      	ldr	r5, [sp, #48]	@ 0x30
100040b6:	cd01      	ldmia	r5!, {r0}
100040b8:	2800      	cmp	r0, #0
100040ba:	d100      	bne.n	100040be <_vsnprintf+0x1a6>
100040bc:	e134      	b.n	10004328 <_vsnprintf+0x410>
100040be:	2321      	movs	r3, #33	@ 0x21
100040c0:	431e      	orrs	r6, r3
100040c2:	46b0      	mov	r8, r6
100040c4:	261f      	movs	r6, #31
100040c6:	9a0d      	ldr	r2, [sp, #52]	@ 0x34
100040c8:	ab12      	add	r3, sp, #72	@ 0x48
100040ca:	18f6      	adds	r6, r6, r3
100040cc:	46a1      	mov	r9, r4
100040ce:	4694      	mov	ip, r2
100040d0:	4659      	mov	r1, fp
100040d2:	0034      	movs	r4, r6
100040d4:	e002      	b.n	100040dc <_vsnprintf+0x1c4>
100040d6:	0900      	lsrs	r0, r0, #4
100040d8:	2920      	cmp	r1, #32
100040da:	d00a      	beq.n	100040f2 <_vsnprintf+0x1da>
100040dc:	260f      	movs	r6, #15
100040de:	4006      	ands	r6, r0
100040e0:	0032      	movs	r2, r6
100040e2:	3237      	adds	r2, #55	@ 0x37
100040e4:	2e09      	cmp	r6, #9
100040e6:	d800      	bhi.n	100040ea <_vsnprintf+0x1d2>
100040e8:	3a07      	subs	r2, #7
100040ea:	3101      	adds	r1, #1
100040ec:	5462      	strb	r2, [r4, r1]
100040ee:	280f      	cmp	r0, #15
100040f0:	d8f1      	bhi.n	100040d6 <_vsnprintf+0x1be>
100040f2:	4663      	mov	r3, ip
100040f4:	464c      	mov	r4, r9
100040f6:	468b      	mov	fp, r1
100040f8:	930d      	str	r3, [sp, #52]	@ 0x34
100040fa:	e122      	b.n	10004342 <_vsnprintf+0x42a>
100040fc:	9b0c      	ldr	r3, [sp, #48]	@ 0x30
100040fe:	cb20      	ldmia	r3!, {r5}
10004100:	2d00      	cmp	r5, #0
10004102:	db52      	blt.n	100041aa <_vsnprintf+0x292>
10004104:	7878      	ldrb	r0, [r7, #1]
10004106:	930c      	str	r3, [sp, #48]	@ 0x30
10004108:	000f      	movs	r7, r1
1000410a:	3101      	adds	r1, #1
1000410c:	e74e      	b.n	10003fac <_vsnprintf+0x94>
1000410e:	9b0c      	ldr	r3, [sp, #48]	@ 0x30
10004110:	990d      	ldr	r1, [sp, #52]	@ 0x34
10004112:	cb04      	ldmia	r3!, {r2}
10004114:	4690      	mov	r8, r2
10004116:	469b      	mov	fp, r3
10004118:	2900      	cmp	r1, #0
1000411a:	d100      	bne.n	1000411e <_vsnprintf+0x206>
1000411c:	e128      	b.n	10004370 <_vsnprintf+0x458>
1000411e:	4643      	mov	r3, r8
10004120:	7818      	ldrb	r0, [r3, #0]
10004122:	4441      	add	r1, r8
10004124:	2800      	cmp	r0, #0
10004126:	d101      	bne.n	1000412c <_vsnprintf+0x214>
10004128:	f000 fc29 	bl	1000497e <_vsnprintf+0xa66>
1000412c:	9a0d      	ldr	r2, [sp, #52]	@ 0x34
1000412e:	4694      	mov	ip, r2
10004130:	000a      	movs	r2, r1
10004132:	e004      	b.n	1000413e <_vsnprintf+0x226>
10004134:	7859      	ldrb	r1, [r3, #1]
10004136:	3301      	adds	r3, #1
10004138:	2900      	cmp	r1, #0
1000413a:	d100      	bne.n	1000413e <_vsnprintf+0x226>
1000413c:	e195      	b.n	1000446a <_vsnprintf+0x552>
1000413e:	429a      	cmp	r2, r3
10004140:	d1f8      	bne.n	10004134 <_vsnprintf+0x21c>
10004142:	4663      	mov	r3, ip
10004144:	930d      	str	r3, [sp, #52]	@ 0x34
10004146:	4643      	mov	r3, r8
10004148:	1ad3      	subs	r3, r2, r3
1000414a:	930f      	str	r3, [sp, #60]	@ 0x3c
1000414c:	0573      	lsls	r3, r6, #21
1000414e:	d400      	bmi.n	10004152 <_vsnprintf+0x23a>
10004150:	e16c      	b.n	1000442c <_vsnprintf+0x514>
10004152:	9b0f      	ldr	r3, [sp, #60]	@ 0x3c
10004154:	9a0d      	ldr	r2, [sp, #52]	@ 0x34
10004156:	4293      	cmp	r3, r2
10004158:	d900      	bls.n	1000415c <_vsnprintf+0x244>
1000415a:	920f      	str	r2, [sp, #60]	@ 0x3c
1000415c:	2302      	movs	r3, #2
1000415e:	001a      	movs	r2, r3
10004160:	4032      	ands	r2, r6
10004162:	920c      	str	r2, [sp, #48]	@ 0x30
10004164:	4233      	tst	r3, r6
10004166:	d100      	bne.n	1000416a <_vsnprintf+0x252>
10004168:	e291      	b.n	1000468e <_vsnprintf+0x776>
1000416a:	930c      	str	r3, [sp, #48]	@ 0x30
1000416c:	9b0d      	ldr	r3, [sp, #52]	@ 0x34
1000416e:	46b9      	mov	r9, r7
10004170:	191e      	adds	r6, r3, r4
10004172:	4643      	mov	r3, r8
10004174:	1b1b      	subs	r3, r3, r4
10004176:	46a8      	mov	r8, r5
10004178:	0022      	movs	r2, r4
1000417a:	001f      	movs	r7, r3
1000417c:	9d0b      	ldr	r5, [sp, #44]	@ 0x2c
1000417e:	e008      	b.n	10004192 <_vsnprintf+0x27a>
10004180:	1c54      	adds	r4, r2, #1
10004182:	4653      	mov	r3, sl
10004184:	990a      	ldr	r1, [sp, #40]	@ 0x28
10004186:	47a8      	blx	r5
10004188:	5d38      	ldrb	r0, [r7, r4]
1000418a:	2800      	cmp	r0, #0
1000418c:	d100      	bne.n	10004190 <_vsnprintf+0x278>
1000418e:	e163      	b.n	10004458 <_vsnprintf+0x540>
10004190:	0022      	movs	r2, r4
10004192:	4296      	cmp	r6, r2
10004194:	d1f4      	bne.n	10004180 <_vsnprintf+0x268>
10004196:	4645      	mov	r5, r8
10004198:	464f      	mov	r7, r9
1000419a:	0034      	movs	r4, r6
1000419c:	9b0c      	ldr	r3, [sp, #48]	@ 0x30
1000419e:	2b00      	cmp	r3, #0
100041a0:	d000      	beq.n	100041a4 <_vsnprintf+0x28c>
100041a2:	e197      	b.n	100044d4 <_vsnprintf+0x5bc>
100041a4:	465b      	mov	r3, fp
100041a6:	930c      	str	r3, [sp, #48]	@ 0x30
100041a8:	e6dd      	b.n	10003f66 <_vsnprintf+0x4e>
100041aa:	2202      	movs	r2, #2
100041ac:	7878      	ldrb	r0, [r7, #1]
100041ae:	4316      	orrs	r6, r2
100041b0:	000f      	movs	r7, r1
100041b2:	426d      	negs	r5, r5
100041b4:	930c      	str	r3, [sp, #48]	@ 0x30
100041b6:	3101      	adds	r1, #1
100041b8:	e6f8      	b.n	10003fac <_vsnprintf+0x94>
100041ba:	7878      	ldrb	r0, [r7, #1]
100041bc:	286c      	cmp	r0, #108	@ 0x6c
100041be:	d100      	bne.n	100041c2 <_vsnprintf+0x2aa>
100041c0:	e159      	b.n	10004476 <_vsnprintf+0x55e>
100041c2:	2380      	movs	r3, #128	@ 0x80
100041c4:	005b      	lsls	r3, r3, #1
100041c6:	431e      	orrs	r6, r3
100041c8:	3101      	adds	r1, #1
100041ca:	e714      	b.n	10003ff6 <_vsnprintf+0xde>
100041cc:	2380      	movs	r3, #128	@ 0x80
100041ce:	009b      	lsls	r3, r3, #2
100041d0:	7878      	ldrb	r0, [r7, #1]
100041d2:	431e      	orrs	r6, r3
100041d4:	3101      	adds	r1, #1
100041d6:	e70e      	b.n	10003ff6 <_vsnprintf+0xde>
100041d8:	7878      	ldrb	r0, [r7, #1]
100041da:	2868      	cmp	r0, #104	@ 0x68
100041dc:	d100      	bne.n	100041e0 <_vsnprintf+0x2c8>
100041de:	e150      	b.n	10004482 <_vsnprintf+0x56a>
100041e0:	2380      	movs	r3, #128	@ 0x80
100041e2:	3101      	adds	r1, #1
100041e4:	431e      	orrs	r6, r3
100041e6:	e706      	b.n	10003ff6 <_vsnprintf+0xde>
100041e8:	2867      	cmp	r0, #103	@ 0x67
100041ea:	d100      	bne.n	100041ee <_vsnprintf+0x2d6>
100041ec:	e0c2      	b.n	10004374 <_vsnprintf+0x45c>
100041ee:	2847      	cmp	r0, #71	@ 0x47
100041f0:	d100      	bne.n	100041f4 <_vsnprintf+0x2dc>
100041f2:	e134      	b.n	1000445e <_vsnprintf+0x546>
100041f4:	2845      	cmp	r0, #69	@ 0x45
100041f6:	d100      	bne.n	100041fa <_vsnprintf+0x2e2>
100041f8:	e134      	b.n	10004464 <_vsnprintf+0x54c>
100041fa:	2107      	movs	r1, #7
100041fc:	9b0c      	ldr	r3, [sp, #48]	@ 0x30
100041fe:	9a0d      	ldr	r2, [sp, #52]	@ 0x34
10004200:	3307      	adds	r3, #7
10004202:	438b      	bics	r3, r1
10004204:	0019      	movs	r1, r3
10004206:	9604      	str	r6, [sp, #16]
10004208:	9503      	str	r5, [sp, #12]
1000420a:	9202      	str	r2, [sp, #8]
1000420c:	c90c      	ldmia	r1!, {r2, r3}
1000420e:	980b      	ldr	r0, [sp, #44]	@ 0x2c
10004210:	9200      	str	r2, [sp, #0]
10004212:	9301      	str	r3, [sp, #4]
10004214:	910c      	str	r1, [sp, #48]	@ 0x30
10004216:	0022      	movs	r2, r4
10004218:	4653      	mov	r3, sl
1000421a:	990a      	ldr	r1, [sp, #40]	@ 0x28
1000421c:	f7ff fbcc 	bl	100039b8 <_etoa>
10004220:	0004      	movs	r4, r0
10004222:	e6a0      	b.n	10003f66 <_vsnprintf+0x4e>
10004224:	2846      	cmp	r0, #70	@ 0x46
10004226:	d100      	bne.n	1000422a <_vsnprintf+0x312>
10004228:	e0a8      	b.n	1000437c <_vsnprintf+0x464>
1000422a:	2107      	movs	r1, #7
1000422c:	9b0c      	ldr	r3, [sp, #48]	@ 0x30
1000422e:	9a0d      	ldr	r2, [sp, #52]	@ 0x34
10004230:	3307      	adds	r3, #7
10004232:	438b      	bics	r3, r1
10004234:	0019      	movs	r1, r3
10004236:	9604      	str	r6, [sp, #16]
10004238:	9503      	str	r5, [sp, #12]
1000423a:	9202      	str	r2, [sp, #8]
1000423c:	c90c      	ldmia	r1!, {r2, r3}
1000423e:	980b      	ldr	r0, [sp, #44]	@ 0x2c
10004240:	9200      	str	r2, [sp, #0]
10004242:	9301      	str	r3, [sp, #4]
10004244:	910c      	str	r1, [sp, #48]	@ 0x30
10004246:	0022      	movs	r2, r4
10004248:	4653      	mov	r3, sl
1000424a:	990a      	ldr	r1, [sp, #40]	@ 0x28
1000424c:	f7ff f97a 	bl	10003544 <_ftoa>
10004250:	0004      	movs	r4, r0
10004252:	e688      	b.n	10003f66 <_vsnprintf+0x4e>
10004254:	10003f19 	.word	0x10003f19
10004258:	20012d60 	.word	0x20012d60
1000425c:	1000968c 	.word	0x1000968c
10004260:	100096d0 	.word	0x100096d0
10004264:	1000971c 	.word	0x1000971c
10004268:	00009041 	.word	0x00009041
1000426c:	0022      	movs	r2, r4
1000426e:	4653      	mov	r3, sl
10004270:	2025      	movs	r0, #37	@ 0x25
10004272:	990a      	ldr	r1, [sp, #40]	@ 0x28
10004274:	9d0b      	ldr	r5, [sp, #44]	@ 0x2c
10004276:	47a8      	blx	r5
10004278:	3401      	adds	r4, #1
1000427a:	e674      	b.n	10003f66 <_vsnprintf+0x4e>
1000427c:	9b0c      	ldr	r3, [sp, #48]	@ 0x30
1000427e:	3304      	adds	r3, #4
10004280:	469b      	mov	fp, r3
10004282:	1c63      	adds	r3, r4, #1
10004284:	4698      	mov	r8, r3
10004286:	07b6      	lsls	r6, r6, #30
10004288:	d400      	bmi.n	1000428c <_vsnprintf+0x374>
1000428a:	e0ff      	b.n	1000448c <_vsnprintf+0x574>
1000428c:	9b0c      	ldr	r3, [sp, #48]	@ 0x30
1000428e:	0022      	movs	r2, r4
10004290:	7818      	ldrb	r0, [r3, #0]
10004292:	990a      	ldr	r1, [sp, #40]	@ 0x28
10004294:	4653      	mov	r3, sl
10004296:	9e0b      	ldr	r6, [sp, #44]	@ 0x2c
10004298:	47b0      	blx	r6
1000429a:	1964      	adds	r4, r4, r5
1000429c:	2d01      	cmp	r5, #1
1000429e:	d800      	bhi.n	100042a2 <_vsnprintf+0x38a>
100042a0:	e249      	b.n	10004736 <_vsnprintf+0x81e>
100042a2:	4645      	mov	r5, r8
100042a4:	9e0b      	ldr	r6, [sp, #44]	@ 0x2c
100042a6:	46b8      	mov	r8, r7
100042a8:	9f0a      	ldr	r7, [sp, #40]	@ 0x28
100042aa:	002a      	movs	r2, r5
100042ac:	4653      	mov	r3, sl
100042ae:	3501      	adds	r5, #1
100042b0:	0039      	movs	r1, r7
100042b2:	2020      	movs	r0, #32
100042b4:	47b0      	blx	r6
100042b6:	42a5      	cmp	r5, r4
100042b8:	d1f7      	bne.n	100042aa <_vsnprintf+0x392>
100042ba:	4647      	mov	r7, r8
100042bc:	e772      	b.n	100041a4 <_vsnprintf+0x28c>
100042be:	4bdb      	ldr	r3, [pc, #876]	@ (1000462c <_vsnprintf+0x714>)
100042c0:	7838      	ldrb	r0, [r7, #0]
100042c2:	930b      	str	r3, [sp, #44]	@ 0x2c
100042c4:	2300      	movs	r3, #0
100042c6:	4699      	mov	r9, r3
100042c8:	2800      	cmp	r0, #0
100042ca:	d000      	beq.n	100042ce <_vsnprintf+0x3b6>
100042cc:	e63d      	b.n	10003f4a <_vsnprintf+0x32>
100042ce:	2400      	movs	r4, #0
100042d0:	e6c6      	b.n	10004060 <_vsnprintf+0x148>
100042d2:	286f      	cmp	r0, #111	@ 0x6f
100042d4:	d055      	beq.n	10004382 <_vsnprintf+0x46a>
100042d6:	d800      	bhi.n	100042da <_vsnprintf+0x3c2>
100042d8:	e2bc      	b.n	10004854 <_vsnprintf+0x93c>
100042da:	2310      	movs	r3, #16
100042dc:	2878      	cmp	r0, #120	@ 0x78
100042de:	d100      	bne.n	100042e2 <_vsnprintf+0x3ca>
100042e0:	e09e      	b.n	10004420 <_vsnprintf+0x508>
100042e2:	439e      	bics	r6, r3
100042e4:	230a      	movs	r3, #10
100042e6:	469c      	mov	ip, r3
100042e8:	2300      	movs	r3, #0
100042ea:	930f      	str	r3, [sp, #60]	@ 0x3c
100042ec:	330a      	adds	r3, #10
100042ee:	469b      	mov	fp, r3
100042f0:	e04d      	b.n	1000438e <_vsnprintf+0x476>
100042f2:	2100      	movs	r1, #0
100042f4:	008a      	lsls	r2, r1, #2
100042f6:	1852      	adds	r2, r2, r1
100042f8:	0052      	lsls	r2, r2, #1
100042fa:	3301      	adds	r3, #1
100042fc:	1811      	adds	r1, r2, r0
100042fe:	7818      	ldrb	r0, [r3, #0]
10004300:	3930      	subs	r1, #48	@ 0x30
10004302:	0002      	movs	r2, r0
10004304:	3a30      	subs	r2, #48	@ 0x30
10004306:	2a09      	cmp	r2, #9
10004308:	d9f4      	bls.n	100042f4 <_vsnprintf+0x3dc>
1000430a:	910d      	str	r1, [sp, #52]	@ 0x34
1000430c:	001f      	movs	r7, r3
1000430e:	1c59      	adds	r1, r3, #1
10004310:	e650      	b.n	10003fb4 <_vsnprintf+0x9c>
10004312:	9b0c      	ldr	r3, [sp, #48]	@ 0x30
10004314:	78b8      	ldrb	r0, [r7, #2]
10004316:	cb04      	ldmia	r3!, {r2}
10004318:	3702      	adds	r7, #2
1000431a:	43d1      	mvns	r1, r2
1000431c:	17c9      	asrs	r1, r1, #31
1000431e:	400a      	ands	r2, r1
10004320:	920d      	str	r2, [sp, #52]	@ 0x34
10004322:	930c      	str	r3, [sp, #48]	@ 0x30
10004324:	1c79      	adds	r1, r7, #1
10004326:	e645      	b.n	10003fb4 <_vsnprintf+0x9c>
10004328:	2310      	movs	r3, #16
1000432a:	0030      	movs	r0, r6
1000432c:	4398      	bics	r0, r3
1000432e:	3311      	adds	r3, #17
10004330:	4318      	orrs	r0, r3
10004332:	2380      	movs	r3, #128	@ 0x80
10004334:	4680      	mov	r8, r0
10004336:	0030      	movs	r0, r6
10004338:	00db      	lsls	r3, r3, #3
1000433a:	4018      	ands	r0, r3
1000433c:	421e      	tst	r6, r3
1000433e:	d100      	bne.n	10004342 <_vsnprintf+0x42a>
10004340:	e6c0      	b.n	100040c4 <_vsnprintf+0x1ac>
10004342:	4643      	mov	r3, r8
10004344:	9306      	str	r3, [sp, #24]
10004346:	2308      	movs	r3, #8
10004348:	9305      	str	r3, [sp, #20]
1000434a:	9b0d      	ldr	r3, [sp, #52]	@ 0x34
1000434c:	0022      	movs	r2, r4
1000434e:	9304      	str	r3, [sp, #16]
10004350:	2310      	movs	r3, #16
10004352:	9303      	str	r3, [sp, #12]
10004354:	2300      	movs	r3, #0
10004356:	9302      	str	r3, [sp, #8]
10004358:	465b      	mov	r3, fp
1000435a:	9301      	str	r3, [sp, #4]
1000435c:	ab1a      	add	r3, sp, #104	@ 0x68
1000435e:	9300      	str	r3, [sp, #0]
10004360:	990a      	ldr	r1, [sp, #40]	@ 0x28
10004362:	4653      	mov	r3, sl
10004364:	980b      	ldr	r0, [sp, #44]	@ 0x2c
10004366:	f7fe fff1 	bl	1000334c <_ntoa_format>
1000436a:	950c      	str	r5, [sp, #48]	@ 0x30
1000436c:	0004      	movs	r4, r0
1000436e:	e5fa      	b.n	10003f66 <_vsnprintf+0x4e>
10004370:	3901      	subs	r1, #1
10004372:	e6d4      	b.n	1000411e <_vsnprintf+0x206>
10004374:	2380      	movs	r3, #128	@ 0x80
10004376:	011b      	lsls	r3, r3, #4
10004378:	431e      	orrs	r6, r3
1000437a:	e73e      	b.n	100041fa <_vsnprintf+0x2e2>
1000437c:	2320      	movs	r3, #32
1000437e:	431e      	orrs	r6, r3
10004380:	e753      	b.n	1000422a <_vsnprintf+0x312>
10004382:	2308      	movs	r3, #8
10004384:	469c      	mov	ip, r3
10004386:	2300      	movs	r3, #0
10004388:	930f      	str	r3, [sp, #60]	@ 0x3c
1000438a:	3308      	adds	r3, #8
1000438c:	469b      	mov	fp, r3
1000438e:	2380      	movs	r3, #128	@ 0x80
10004390:	0030      	movs	r0, r6
10004392:	00db      	lsls	r3, r3, #3
10004394:	4018      	ands	r0, r3
10004396:	421e      	tst	r6, r3
10004398:	d100      	bne.n	1000439c <_vsnprintf+0x484>
1000439a:	e11a      	b.n	100045d2 <_vsnprintf+0x6ba>
1000439c:	230d      	movs	r3, #13
1000439e:	0031      	movs	r1, r6
100043a0:	4399      	bics	r1, r3
100043a2:	2380      	movs	r3, #128	@ 0x80
100043a4:	000a      	movs	r2, r1
100043a6:	009b      	lsls	r3, r3, #2
100043a8:	401a      	ands	r2, r3
100043aa:	4691      	mov	r9, r2
100043ac:	4219      	tst	r1, r3
100043ae:	d000      	beq.n	100043b2 <_vsnprintf+0x49a>
100043b0:	e1c3      	b.n	1000473a <_vsnprintf+0x822>
100043b2:	2380      	movs	r3, #128	@ 0x80
100043b4:	000a      	movs	r2, r1
100043b6:	005b      	lsls	r3, r3, #1
100043b8:	401a      	ands	r2, r3
100043ba:	4690      	mov	r8, r2
100043bc:	9a0c      	ldr	r2, [sp, #48]	@ 0x30
100043be:	3204      	adds	r2, #4
100043c0:	920f      	str	r2, [sp, #60]	@ 0x3c
100043c2:	4219      	tst	r1, r3
100043c4:	d000      	beq.n	100043c8 <_vsnprintf+0x4b0>
100043c6:	e28f      	b.n	100048e8 <_vsnprintf+0x9d0>
100043c8:	064b      	lsls	r3, r1, #25
100043ca:	d500      	bpl.n	100043ce <_vsnprintf+0x4b6>
100043cc:	e197      	b.n	100046fe <_vsnprintf+0x7e6>
100043ce:	060b      	lsls	r3, r1, #24
100043d0:	d400      	bmi.n	100043d4 <_vsnprintf+0x4bc>
100043d2:	e2e5      	b.n	100049a0 <_vsnprintf+0xa88>
100043d4:	9b0c      	ldr	r3, [sp, #48]	@ 0x30
100043d6:	881b      	ldrh	r3, [r3, #0]
100043d8:	4699      	mov	r9, r3
100043da:	464b      	mov	r3, r9
100043dc:	2b00      	cmp	r3, #0
100043de:	d000      	beq.n	100043e2 <_vsnprintf+0x4ca>
100043e0:	e205      	b.n	100047ee <_vsnprintf+0x8d6>
100043e2:	3310      	adds	r3, #16
100043e4:	4399      	bics	r1, r3
100043e6:	2800      	cmp	r0, #0
100043e8:	d100      	bne.n	100043ec <_vsnprintf+0x4d4>
100043ea:	e200      	b.n	100047ee <_vsnprintf+0x8d6>
100043ec:	2300      	movs	r3, #0
100043ee:	4698      	mov	r8, r3
100043f0:	9b0d      	ldr	r3, [sp, #52]	@ 0x34
100043f2:	9106      	str	r1, [sp, #24]
100043f4:	9304      	str	r3, [sp, #16]
100043f6:	465b      	mov	r3, fp
100043f8:	9303      	str	r3, [sp, #12]
100043fa:	2300      	movs	r3, #0
100043fc:	9505      	str	r5, [sp, #20]
100043fe:	9302      	str	r3, [sp, #8]
10004400:	4643      	mov	r3, r8
10004402:	e0d9      	b.n	100045b8 <_vsnprintf+0x6a0>
10004404:	2858      	cmp	r0, #88	@ 0x58
10004406:	d008      	beq.n	1000441a <_vsnprintf+0x502>
10004408:	2862      	cmp	r0, #98	@ 0x62
1000440a:	d178      	bne.n	100044fe <_vsnprintf+0x5e6>
1000440c:	2302      	movs	r3, #2
1000440e:	469c      	mov	ip, r3
10004410:	2300      	movs	r3, #0
10004412:	930f      	str	r3, [sp, #60]	@ 0x3c
10004414:	3302      	adds	r3, #2
10004416:	469b      	mov	fp, r3
10004418:	e7b9      	b.n	1000438e <_vsnprintf+0x476>
1000441a:	2320      	movs	r3, #32
1000441c:	431e      	orrs	r6, r3
1000441e:	3b10      	subs	r3, #16
10004420:	469c      	mov	ip, r3
10004422:	2300      	movs	r3, #0
10004424:	930f      	str	r3, [sp, #60]	@ 0x3c
10004426:	3310      	adds	r3, #16
10004428:	469b      	mov	fp, r3
1000442a:	e7b0      	b.n	1000438e <_vsnprintf+0x476>
1000442c:	2302      	movs	r3, #2
1000442e:	001a      	movs	r2, r3
10004430:	4032      	ands	r2, r6
10004432:	920c      	str	r2, [sp, #48]	@ 0x30
10004434:	4233      	tst	r3, r6
10004436:	d100      	bne.n	1000443a <_vsnprintf+0x522>
10004438:	e205      	b.n	10004846 <_vsnprintf+0x92e>
1000443a:	930c      	str	r3, [sp, #48]	@ 0x30
1000443c:	4643      	mov	r3, r8
1000443e:	46b9      	mov	r9, r7
10004440:	9e0b      	ldr	r6, [sp, #44]	@ 0x2c
10004442:	9f0a      	ldr	r7, [sp, #40]	@ 0x28
10004444:	46a8      	mov	r8, r5
10004446:	1b1d      	subs	r5, r3, r4
10004448:	0022      	movs	r2, r4
1000444a:	4653      	mov	r3, sl
1000444c:	0039      	movs	r1, r7
1000444e:	3401      	adds	r4, #1
10004450:	47b0      	blx	r6
10004452:	5d28      	ldrb	r0, [r5, r4]
10004454:	2800      	cmp	r0, #0
10004456:	d1f7      	bne.n	10004448 <_vsnprintf+0x530>
10004458:	4645      	mov	r5, r8
1000445a:	464f      	mov	r7, r9
1000445c:	e69e      	b.n	1000419c <_vsnprintf+0x284>
1000445e:	2380      	movs	r3, #128	@ 0x80
10004460:	011b      	lsls	r3, r3, #4
10004462:	431e      	orrs	r6, r3
10004464:	2320      	movs	r3, #32
10004466:	431e      	orrs	r6, r3
10004468:	e6c7      	b.n	100041fa <_vsnprintf+0x2e2>
1000446a:	4662      	mov	r2, ip
1000446c:	920d      	str	r2, [sp, #52]	@ 0x34
1000446e:	4642      	mov	r2, r8
10004470:	1a9b      	subs	r3, r3, r2
10004472:	930f      	str	r3, [sp, #60]	@ 0x3c
10004474:	e66a      	b.n	1000414c <_vsnprintf+0x234>
10004476:	23c0      	movs	r3, #192	@ 0xc0
10004478:	009b      	lsls	r3, r3, #2
1000447a:	78b8      	ldrb	r0, [r7, #2]
1000447c:	431e      	orrs	r6, r3
1000447e:	1cf9      	adds	r1, r7, #3
10004480:	e5b9      	b.n	10003ff6 <_vsnprintf+0xde>
10004482:	23c0      	movs	r3, #192	@ 0xc0
10004484:	78b8      	ldrb	r0, [r7, #2]
10004486:	431e      	orrs	r6, r3
10004488:	1cf9      	adds	r1, r7, #3
1000448a:	e5b4      	b.n	10003ff6 <_vsnprintf+0xde>
1000448c:	2d01      	cmp	r5, #1
1000448e:	d800      	bhi.n	10004492 <_vsnprintf+0x57a>
10004490:	e14a      	b.n	10004728 <_vsnprintf+0x810>
10004492:	1e63      	subs	r3, r4, #1
10004494:	4699      	mov	r9, r3
10004496:	44a9      	add	r9, r5
10004498:	464b      	mov	r3, r9
1000449a:	4652      	mov	r2, sl
1000449c:	0026      	movs	r6, r4
1000449e:	46a1      	mov	r9, r4
100044a0:	46ba      	mov	sl, r7
100044a2:	001c      	movs	r4, r3
100044a4:	0017      	movs	r7, r2
100044a6:	46a8      	mov	r8, r5
100044a8:	9d0b      	ldr	r5, [sp, #44]	@ 0x2c
100044aa:	0032      	movs	r2, r6
100044ac:	003b      	movs	r3, r7
100044ae:	3601      	adds	r6, #1
100044b0:	2020      	movs	r0, #32
100044b2:	990a      	ldr	r1, [sp, #40]	@ 0x28
100044b4:	47a8      	blx	r5
100044b6:	42a6      	cmp	r6, r4
100044b8:	d1f7      	bne.n	100044aa <_vsnprintf+0x592>
100044ba:	003b      	movs	r3, r7
100044bc:	4657      	mov	r7, sl
100044be:	469a      	mov	sl, r3
100044c0:	464c      	mov	r4, r9
100044c2:	9b0c      	ldr	r3, [sp, #48]	@ 0x30
100044c4:	0032      	movs	r2, r6
100044c6:	7818      	ldrb	r0, [r3, #0]
100044c8:	990a      	ldr	r1, [sp, #40]	@ 0x28
100044ca:	4653      	mov	r3, sl
100044cc:	9d0b      	ldr	r5, [sp, #44]	@ 0x2c
100044ce:	4444      	add	r4, r8
100044d0:	47a8      	blx	r5
100044d2:	e667      	b.n	100041a4 <_vsnprintf+0x28c>
100044d4:	46a0      	mov	r8, r4
100044d6:	9b0f      	ldr	r3, [sp, #60]	@ 0x3c
100044d8:	429d      	cmp	r5, r3
100044da:	d800      	bhi.n	100044de <_vsnprintf+0x5c6>
100044dc:	e662      	b.n	100041a4 <_vsnprintf+0x28c>
100044de:	192c      	adds	r4, r5, r4
100044e0:	9e0b      	ldr	r6, [sp, #44]	@ 0x2c
100044e2:	4645      	mov	r5, r8
100044e4:	46b8      	mov	r8, r7
100044e6:	9f0a      	ldr	r7, [sp, #40]	@ 0x28
100044e8:	1ae4      	subs	r4, r4, r3
100044ea:	002a      	movs	r2, r5
100044ec:	4653      	mov	r3, sl
100044ee:	3501      	adds	r5, #1
100044f0:	0039      	movs	r1, r7
100044f2:	2020      	movs	r0, #32
100044f4:	47b0      	blx	r6
100044f6:	42a5      	cmp	r5, r4
100044f8:	d1f7      	bne.n	100044ea <_vsnprintf+0x5d2>
100044fa:	4647      	mov	r7, r8
100044fc:	e652      	b.n	100041a4 <_vsnprintf+0x28c>
100044fe:	2380      	movs	r3, #128	@ 0x80
10004500:	0032      	movs	r2, r6
10004502:	00db      	lsls	r3, r3, #3
10004504:	401a      	ands	r2, r3
10004506:	4690      	mov	r8, r2
10004508:	421e      	tst	r6, r3
1000450a:	d100      	bne.n	1000450e <_vsnprintf+0x5f6>
1000450c:	e0f3      	b.n	100046f6 <_vsnprintf+0x7de>
1000450e:	2111      	movs	r1, #17
10004510:	438e      	bics	r6, r1
10004512:	46b4      	mov	ip, r6
10004514:	4698      	mov	r8, r3
10004516:	2380      	movs	r3, #128	@ 0x80
10004518:	4662      	mov	r2, ip
1000451a:	009b      	lsls	r3, r3, #2
1000451c:	401a      	ands	r2, r3
1000451e:	4693      	mov	fp, r2
10004520:	4662      	mov	r2, ip
10004522:	421a      	tst	r2, r3
10004524:	d159      	bne.n	100045da <_vsnprintf+0x6c2>
10004526:	2380      	movs	r3, #128	@ 0x80
10004528:	005b      	lsls	r3, r3, #1
1000452a:	401a      	ands	r2, r3
1000452c:	4691      	mov	r9, r2
1000452e:	9a0c      	ldr	r2, [sp, #48]	@ 0x30
10004530:	3204      	adds	r2, #4
10004532:	920f      	str	r2, [sp, #60]	@ 0x3c
10004534:	4662      	mov	r2, ip
10004536:	421a      	tst	r2, r3
10004538:	d000      	beq.n	1000453c <_vsnprintf+0x624>
1000453a:	e1a0      	b.n	1000487e <_vsnprintf+0x966>
1000453c:	4663      	mov	r3, ip
1000453e:	065b      	lsls	r3, r3, #25
10004540:	d500      	bpl.n	10004544 <_vsnprintf+0x62c>
10004542:	e0d4      	b.n	100046ee <_vsnprintf+0x7d6>
10004544:	4663      	mov	r3, ip
10004546:	061b      	lsls	r3, r3, #24
10004548:	d400      	bmi.n	1000454c <_vsnprintf+0x634>
1000454a:	e212      	b.n	10004972 <_vsnprintf+0xa5a>
1000454c:	9b0c      	ldr	r3, [sp, #48]	@ 0x30
1000454e:	2200      	movs	r2, #0
10004550:	5e9b      	ldrsh	r3, [r3, r2]
10004552:	17d8      	asrs	r0, r3, #31
10004554:	1819      	adds	r1, r3, r0
10004556:	4041      	eors	r1, r0
10004558:	b289      	uxth	r1, r1
1000455a:	0fda      	lsrs	r2, r3, #31
1000455c:	920c      	str	r2, [sp, #48]	@ 0x30
1000455e:	2b00      	cmp	r3, #0
10004560:	d100      	bne.n	10004564 <_vsnprintf+0x64c>
10004562:	e187      	b.n	10004874 <_vsnprintf+0x95c>
10004564:	4688      	mov	r8, r1
10004566:	261f      	movs	r6, #31
10004568:	ab12      	add	r3, sp, #72	@ 0x48
1000456a:	46bb      	mov	fp, r7
1000456c:	9514      	str	r5, [sp, #80]	@ 0x50
1000456e:	18f7      	adds	r7, r6, r3
10004570:	4645      	mov	r5, r8
10004572:	464e      	mov	r6, r9
10004574:	46e0      	mov	r8, ip
10004576:	46a1      	mov	r9, r4
10004578:	e006      	b.n	10004588 <_vsnprintf+0x670>
1000457a:	0028      	movs	r0, r5
1000457c:	210a      	movs	r1, #10
1000457e:	f7fd fff3 	bl	10002568 <__wrap___aeabi_uidiv>
10004582:	0005      	movs	r5, r0
10004584:	2e20      	cmp	r6, #32
10004586:	d008      	beq.n	1000459a <_vsnprintf+0x682>
10004588:	210a      	movs	r1, #10
1000458a:	0028      	movs	r0, r5
1000458c:	f7fd ffec 	bl	10002568 <__wrap___aeabi_uidiv>
10004590:	3601      	adds	r6, #1
10004592:	3130      	adds	r1, #48	@ 0x30
10004594:	55b9      	strb	r1, [r7, r6]
10004596:	2d09      	cmp	r5, #9
10004598:	d8ef      	bhi.n	1000457a <_vsnprintf+0x662>
1000459a:	464c      	mov	r4, r9
1000459c:	46c4      	mov	ip, r8
1000459e:	46b1      	mov	r9, r6
100045a0:	465f      	mov	r7, fp
100045a2:	9d14      	ldr	r5, [sp, #80]	@ 0x50
100045a4:	4663      	mov	r3, ip
100045a6:	9306      	str	r3, [sp, #24]
100045a8:	9b0d      	ldr	r3, [sp, #52]	@ 0x34
100045aa:	9505      	str	r5, [sp, #20]
100045ac:	9304      	str	r3, [sp, #16]
100045ae:	230a      	movs	r3, #10
100045b0:	9303      	str	r3, [sp, #12]
100045b2:	9b0c      	ldr	r3, [sp, #48]	@ 0x30
100045b4:	9302      	str	r3, [sp, #8]
100045b6:	464b      	mov	r3, r9
100045b8:	9301      	str	r3, [sp, #4]
100045ba:	ab1a      	add	r3, sp, #104	@ 0x68
100045bc:	0022      	movs	r2, r4
100045be:	9300      	str	r3, [sp, #0]
100045c0:	990a      	ldr	r1, [sp, #40]	@ 0x28
100045c2:	4653      	mov	r3, sl
100045c4:	980b      	ldr	r0, [sp, #44]	@ 0x2c
100045c6:	f7fe fec1 	bl	1000334c <_ntoa_format>
100045ca:	9b0f      	ldr	r3, [sp, #60]	@ 0x3c
100045cc:	0004      	movs	r4, r0
100045ce:	930c      	str	r3, [sp, #48]	@ 0x30
100045d0:	e4c9      	b.n	10003f66 <_vsnprintf+0x4e>
100045d2:	230c      	movs	r3, #12
100045d4:	0031      	movs	r1, r6
100045d6:	4399      	bics	r1, r3
100045d8:	e6e3      	b.n	100043a2 <_vsnprintf+0x48a>
100045da:	2208      	movs	r2, #8
100045dc:	2107      	movs	r1, #7
100045de:	4691      	mov	r9, r2
100045e0:	9b0c      	ldr	r3, [sp, #48]	@ 0x30
100045e2:	3307      	adds	r3, #7
100045e4:	438b      	bics	r3, r1
100045e6:	4499      	add	r9, r3
100045e8:	464a      	mov	r2, r9
100045ea:	cb0a      	ldmia	r3, {r1, r3}
100045ec:	0008      	movs	r0, r1
100045ee:	920c      	str	r2, [sp, #48]	@ 0x30
100045f0:	0fda      	lsrs	r2, r3, #31
100045f2:	4693      	mov	fp, r2
100045f4:	4318      	orrs	r0, r3
100045f6:	d000      	beq.n	100045fa <_vsnprintf+0x6e2>
100045f8:	e085      	b.n	10004706 <_vsnprintf+0x7ee>
100045fa:	2300      	movs	r3, #0
100045fc:	4699      	mov	r9, r3
100045fe:	4643      	mov	r3, r8
10004600:	2b00      	cmp	r3, #0
10004602:	d12f      	bne.n	10004664 <_vsnprintf+0x74c>
10004604:	2200      	movs	r2, #0
10004606:	2300      	movs	r3, #0
10004608:	9210      	str	r2, [sp, #64]	@ 0x40
1000460a:	9311      	str	r3, [sp, #68]	@ 0x44
1000460c:	2300      	movs	r3, #0
1000460e:	261f      	movs	r6, #31
10004610:	4699      	mov	r9, r3
10004612:	ab12      	add	r3, sp, #72	@ 0x48
10004614:	18f6      	adds	r6, r6, r3
10004616:	465b      	mov	r3, fp
10004618:	9514      	str	r5, [sp, #80]	@ 0x50
1000461a:	46bb      	mov	fp, r7
1000461c:	46e0      	mov	r8, ip
1000461e:	0037      	movs	r7, r6
10004620:	930f      	str	r3, [sp, #60]	@ 0x3c
10004622:	464e      	mov	r6, r9
10004624:	46a1      	mov	r9, r4
10004626:	9c10      	ldr	r4, [sp, #64]	@ 0x40
10004628:	9d11      	ldr	r5, [sp, #68]	@ 0x44
1000462a:	e005      	b.n	10004638 <_vsnprintf+0x720>
1000462c:	100032a1 	.word	0x100032a1
10004630:	0004      	movs	r4, r0
10004632:	000d      	movs	r5, r1
10004634:	2e20      	cmp	r6, #32
10004636:	d00c      	beq.n	10004652 <_vsnprintf+0x73a>
10004638:	220a      	movs	r2, #10
1000463a:	2300      	movs	r3, #0
1000463c:	0020      	movs	r0, r4
1000463e:	0029      	movs	r1, r5
10004640:	f7fd ffd0 	bl	100025e4 <__wrap___aeabi_uldivmod>
10004644:	3601      	adds	r6, #1
10004646:	3230      	adds	r2, #48	@ 0x30
10004648:	55ba      	strb	r2, [r7, r6]
1000464a:	2d00      	cmp	r5, #0
1000464c:	d1f0      	bne.n	10004630 <_vsnprintf+0x718>
1000464e:	2c09      	cmp	r4, #9
10004650:	d8ee      	bhi.n	10004630 <_vsnprintf+0x718>
10004652:	9b0f      	ldr	r3, [sp, #60]	@ 0x3c
10004654:	9410      	str	r4, [sp, #64]	@ 0x40
10004656:	9511      	str	r5, [sp, #68]	@ 0x44
10004658:	465f      	mov	r7, fp
1000465a:	464c      	mov	r4, r9
1000465c:	46c4      	mov	ip, r8
1000465e:	46b1      	mov	r9, r6
10004660:	469b      	mov	fp, r3
10004662:	9d14      	ldr	r5, [sp, #80]	@ 0x50
10004664:	4663      	mov	r3, ip
10004666:	9306      	str	r3, [sp, #24]
10004668:	9b0d      	ldr	r3, [sp, #52]	@ 0x34
1000466a:	9505      	str	r5, [sp, #20]
1000466c:	9304      	str	r3, [sp, #16]
1000466e:	230a      	movs	r3, #10
10004670:	9303      	str	r3, [sp, #12]
10004672:	465b      	mov	r3, fp
10004674:	9302      	str	r3, [sp, #8]
10004676:	464b      	mov	r3, r9
10004678:	9301      	str	r3, [sp, #4]
1000467a:	ab1a      	add	r3, sp, #104	@ 0x68
1000467c:	0022      	movs	r2, r4
1000467e:	9300      	str	r3, [sp, #0]
10004680:	990a      	ldr	r1, [sp, #40]	@ 0x28
10004682:	4653      	mov	r3, sl
10004684:	980b      	ldr	r0, [sp, #44]	@ 0x2c
10004686:	f7fe fe61 	bl	1000334c <_ntoa_format>
1000468a:	0004      	movs	r4, r0
1000468c:	e46b      	b.n	10003f66 <_vsnprintf+0x4e>
1000468e:	9b0f      	ldr	r3, [sp, #60]	@ 0x3c
10004690:	429d      	cmp	r5, r3
10004692:	d800      	bhi.n	10004696 <_vsnprintf+0x77e>
10004694:	e196      	b.n	100049c4 <_vsnprintf+0xaac>
10004696:	2380      	movs	r3, #128	@ 0x80
10004698:	00db      	lsls	r3, r3, #3
1000469a:	930c      	str	r3, [sp, #48]	@ 0x30
1000469c:	9b0f      	ldr	r3, [sp, #60]	@ 0x3c
1000469e:	192e      	adds	r6, r5, r4
100046a0:	1af6      	subs	r6, r6, r3
100046a2:	4643      	mov	r3, r8
100046a4:	930f      	str	r3, [sp, #60]	@ 0x3c
100046a6:	9b0d      	ldr	r3, [sp, #52]	@ 0x34
100046a8:	46a8      	mov	r8, r5
100046aa:	4699      	mov	r9, r3
100046ac:	4653      	mov	r3, sl
100046ae:	46ba      	mov	sl, r7
100046b0:	001f      	movs	r7, r3
100046b2:	9d0b      	ldr	r5, [sp, #44]	@ 0x2c
100046b4:	0022      	movs	r2, r4
100046b6:	003b      	movs	r3, r7
100046b8:	3401      	adds	r4, #1
100046ba:	2020      	movs	r0, #32
100046bc:	990a      	ldr	r1, [sp, #40]	@ 0x28
100046be:	47a8      	blx	r5
100046c0:	42b4      	cmp	r4, r6
100046c2:	d1f7      	bne.n	100046b4 <_vsnprintf+0x79c>
100046c4:	9b0f      	ldr	r3, [sp, #60]	@ 0x3c
100046c6:	4645      	mov	r5, r8
100046c8:	4698      	mov	r8, r3
100046ca:	464b      	mov	r3, r9
100046cc:	930d      	str	r3, [sp, #52]	@ 0x34
100046ce:	003b      	movs	r3, r7
100046d0:	4657      	mov	r7, sl
100046d2:	469a      	mov	sl, r3
100046d4:	4643      	mov	r3, r8
100046d6:	7818      	ldrb	r0, [r3, #0]
100046d8:	2800      	cmp	r0, #0
100046da:	d100      	bne.n	100046de <_vsnprintf+0x7c6>
100046dc:	e562      	b.n	100041a4 <_vsnprintf+0x28c>
100046de:	1c6b      	adds	r3, r5, #1
100046e0:	930f      	str	r3, [sp, #60]	@ 0x3c
100046e2:	9b0c      	ldr	r3, [sp, #48]	@ 0x30
100046e4:	2b00      	cmp	r3, #0
100046e6:	d100      	bne.n	100046ea <_vsnprintf+0x7d2>
100046e8:	e6a8      	b.n	1000443c <_vsnprintf+0x524>
100046ea:	2300      	movs	r3, #0
100046ec:	e53d      	b.n	1000416a <_vsnprintf+0x252>
100046ee:	9b0c      	ldr	r3, [sp, #48]	@ 0x30
100046f0:	781b      	ldrb	r3, [r3, #0]
100046f2:	0019      	movs	r1, r3
100046f4:	e731      	b.n	1000455a <_vsnprintf+0x642>
100046f6:	2310      	movs	r3, #16
100046f8:	439e      	bics	r6, r3
100046fa:	46b4      	mov	ip, r6
100046fc:	e70b      	b.n	10004516 <_vsnprintf+0x5fe>
100046fe:	9b0c      	ldr	r3, [sp, #48]	@ 0x30
10004700:	781b      	ldrb	r3, [r3, #0]
10004702:	4699      	mov	r9, r3
10004704:	e669      	b.n	100043da <_vsnprintf+0x4c2>
10004706:	17da      	asrs	r2, r3, #31
10004708:	9212      	str	r2, [sp, #72]	@ 0x48
1000470a:	9213      	str	r2, [sp, #76]	@ 0x4c
1000470c:	404a      	eors	r2, r1
1000470e:	9210      	str	r2, [sp, #64]	@ 0x40
10004710:	9812      	ldr	r0, [sp, #72]	@ 0x48
10004712:	9913      	ldr	r1, [sp, #76]	@ 0x4c
10004714:	000a      	movs	r2, r1
10004716:	405a      	eors	r2, r3
10004718:	9211      	str	r2, [sp, #68]	@ 0x44
1000471a:	9a10      	ldr	r2, [sp, #64]	@ 0x40
1000471c:	9b11      	ldr	r3, [sp, #68]	@ 0x44
1000471e:	1a12      	subs	r2, r2, r0
10004720:	418b      	sbcs	r3, r1
10004722:	9210      	str	r2, [sp, #64]	@ 0x40
10004724:	9311      	str	r3, [sp, #68]	@ 0x44
10004726:	e771      	b.n	1000460c <_vsnprintf+0x6f4>
10004728:	9b0c      	ldr	r3, [sp, #48]	@ 0x30
1000472a:	0022      	movs	r2, r4
1000472c:	7818      	ldrb	r0, [r3, #0]
1000472e:	990a      	ldr	r1, [sp, #40]	@ 0x28
10004730:	4653      	mov	r3, sl
10004732:	9c0b      	ldr	r4, [sp, #44]	@ 0x2c
10004734:	47a0      	blx	r4
10004736:	4644      	mov	r4, r8
10004738:	e534      	b.n	100041a4 <_vsnprintf+0x28c>
1000473a:	2208      	movs	r2, #8
1000473c:	2607      	movs	r6, #7
1000473e:	4690      	mov	r8, r2
10004740:	9b0c      	ldr	r3, [sp, #48]	@ 0x30
10004742:	3307      	adds	r3, #7
10004744:	43b3      	bics	r3, r6
10004746:	4498      	add	r8, r3
10004748:	4642      	mov	r2, r8
1000474a:	920c      	str	r2, [sp, #48]	@ 0x30
1000474c:	681a      	ldr	r2, [r3, #0]
1000474e:	685b      	ldr	r3, [r3, #4]
10004750:	9214      	str	r2, [sp, #80]	@ 0x50
10004752:	9308      	str	r3, [sp, #32]
10004754:	0013      	movs	r3, r2
10004756:	9a08      	ldr	r2, [sp, #32]
10004758:	4313      	orrs	r3, r2
1000475a:	d105      	bne.n	10004768 <_vsnprintf+0x850>
1000475c:	3310      	adds	r3, #16
1000475e:	4399      	bics	r1, r3
10004760:	2300      	movs	r3, #0
10004762:	4698      	mov	r8, r3
10004764:	2800      	cmp	r0, #0
10004766:	d138      	bne.n	100047da <_vsnprintf+0x8c2>
10004768:	2061      	movs	r0, #97	@ 0x61
1000476a:	068b      	lsls	r3, r1, #26
1000476c:	d500      	bpl.n	10004770 <_vsnprintf+0x858>
1000476e:	2041      	movs	r0, #65	@ 0x41
10004770:	2300      	movs	r3, #0
10004772:	261f      	movs	r6, #31
10004774:	4698      	mov	r8, r3
10004776:	465a      	mov	r2, fp
10004778:	ab12      	add	r3, sp, #72	@ 0x48
1000477a:	18f6      	adds	r6, r6, r3
1000477c:	0003      	movs	r3, r0
1000477e:	9218      	str	r2, [sp, #96]	@ 0x60
10004780:	9a0f      	ldr	r2, [sp, #60]	@ 0x3c
10004782:	3b0a      	subs	r3, #10
10004784:	46b1      	mov	r9, r6
10004786:	9516      	str	r5, [sp, #88]	@ 0x58
10004788:	9417      	str	r4, [sp, #92]	@ 0x5c
1000478a:	9719      	str	r7, [sp, #100]	@ 0x64
1000478c:	4644      	mov	r4, r8
1000478e:	4666      	mov	r6, ip
10004790:	4690      	mov	r8, r2
10004792:	469b      	mov	fp, r3
10004794:	9f14      	ldr	r7, [sp, #80]	@ 0x50
10004796:	9d08      	ldr	r5, [sp, #32]
10004798:	9115      	str	r1, [sp, #84]	@ 0x54
1000479a:	e003      	b.n	100047a4 <_vsnprintf+0x88c>
1000479c:	0007      	movs	r7, r0
1000479e:	000d      	movs	r5, r1
100047a0:	2c20      	cmp	r4, #32
100047a2:	d013      	beq.n	100047cc <_vsnprintf+0x8b4>
100047a4:	0032      	movs	r2, r6
100047a6:	2300      	movs	r3, #0
100047a8:	0038      	movs	r0, r7
100047aa:	0029      	movs	r1, r5
100047ac:	f7fd ff1a 	bl	100025e4 <__wrap___aeabi_uldivmod>
100047b0:	465b      	mov	r3, fp
100047b2:	b2d2      	uxtb	r2, r2
100047b4:	18d3      	adds	r3, r2, r3
100047b6:	2a09      	cmp	r2, #9
100047b8:	d801      	bhi.n	100047be <_vsnprintf+0x8a6>
100047ba:	0013      	movs	r3, r2
100047bc:	3330      	adds	r3, #48	@ 0x30
100047be:	464a      	mov	r2, r9
100047c0:	3401      	adds	r4, #1
100047c2:	5513      	strb	r3, [r2, r4]
100047c4:	45a8      	cmp	r8, r5
100047c6:	d1e9      	bne.n	1000479c <_vsnprintf+0x884>
100047c8:	42be      	cmp	r6, r7
100047ca:	d9e7      	bls.n	1000479c <_vsnprintf+0x884>
100047cc:	9b18      	ldr	r3, [sp, #96]	@ 0x60
100047ce:	46a0      	mov	r8, r4
100047d0:	469b      	mov	fp, r3
100047d2:	9915      	ldr	r1, [sp, #84]	@ 0x54
100047d4:	9d16      	ldr	r5, [sp, #88]	@ 0x58
100047d6:	9c17      	ldr	r4, [sp, #92]	@ 0x5c
100047d8:	9f19      	ldr	r7, [sp, #100]	@ 0x64
100047da:	9b0d      	ldr	r3, [sp, #52]	@ 0x34
100047dc:	9106      	str	r1, [sp, #24]
100047de:	9304      	str	r3, [sp, #16]
100047e0:	465b      	mov	r3, fp
100047e2:	9303      	str	r3, [sp, #12]
100047e4:	2300      	movs	r3, #0
100047e6:	9505      	str	r5, [sp, #20]
100047e8:	9302      	str	r3, [sp, #8]
100047ea:	4643      	mov	r3, r8
100047ec:	e744      	b.n	10004678 <_vsnprintf+0x760>
100047ee:	2061      	movs	r0, #97	@ 0x61
100047f0:	068b      	lsls	r3, r1, #26
100047f2:	d500      	bpl.n	100047f6 <_vsnprintf+0x8de>
100047f4:	2041      	movs	r0, #65	@ 0x41
100047f6:	261f      	movs	r6, #31
100047f8:	ab12      	add	r3, sp, #72	@ 0x48
100047fa:	18f2      	adds	r2, r6, r3
100047fc:	0003      	movs	r3, r0
100047fe:	3b0a      	subs	r3, #10
10004800:	930c      	str	r3, [sp, #48]	@ 0x30
10004802:	464b      	mov	r3, r9
10004804:	4646      	mov	r6, r8
10004806:	46a1      	mov	r9, r4
10004808:	46a8      	mov	r8, r5
1000480a:	001c      	movs	r4, r3
1000480c:	465d      	mov	r5, fp
1000480e:	9114      	str	r1, [sp, #80]	@ 0x50
10004810:	46bb      	mov	fp, r7
10004812:	0017      	movs	r7, r2
10004814:	e002      	b.n	1000481c <_vsnprintf+0x904>
10004816:	0004      	movs	r4, r0
10004818:	2e20      	cmp	r6, #32
1000481a:	d00d      	beq.n	10004838 <_vsnprintf+0x920>
1000481c:	0029      	movs	r1, r5
1000481e:	0020      	movs	r0, r4
10004820:	f7fd fea2 	bl	10002568 <__wrap___aeabi_uidiv>
10004824:	9b0c      	ldr	r3, [sp, #48]	@ 0x30
10004826:	18cb      	adds	r3, r1, r3
10004828:	2909      	cmp	r1, #9
1000482a:	d801      	bhi.n	10004830 <_vsnprintf+0x918>
1000482c:	000b      	movs	r3, r1
1000482e:	3330      	adds	r3, #48	@ 0x30
10004830:	3601      	adds	r6, #1
10004832:	55bb      	strb	r3, [r7, r6]
10004834:	42ac      	cmp	r4, r5
10004836:	d2ee      	bcs.n	10004816 <_vsnprintf+0x8fe>
10004838:	465f      	mov	r7, fp
1000483a:	464c      	mov	r4, r9
1000483c:	46ab      	mov	fp, r5
1000483e:	9914      	ldr	r1, [sp, #80]	@ 0x50
10004840:	4645      	mov	r5, r8
10004842:	46b0      	mov	r8, r6
10004844:	e5d4      	b.n	100043f0 <_vsnprintf+0x4d8>
10004846:	9b0f      	ldr	r3, [sp, #60]	@ 0x3c
10004848:	429d      	cmp	r5, r3
1000484a:	d900      	bls.n	1000484e <_vsnprintf+0x936>
1000484c:	e726      	b.n	1000469c <_vsnprintf+0x784>
1000484e:	3301      	adds	r3, #1
10004850:	930f      	str	r3, [sp, #60]	@ 0x3c
10004852:	e5f3      	b.n	1000443c <_vsnprintf+0x524>
10004854:	2310      	movs	r3, #16
10004856:	0032      	movs	r2, r6
10004858:	439a      	bics	r2, r3
1000485a:	4694      	mov	ip, r2
1000485c:	2869      	cmp	r0, #105	@ 0x69
1000485e:	d000      	beq.n	10004862 <_vsnprintf+0x94a>
10004860:	e0a2      	b.n	100049a8 <_vsnprintf+0xa90>
10004862:	2380      	movs	r3, #128	@ 0x80
10004864:	0032      	movs	r2, r6
10004866:	00db      	lsls	r3, r3, #3
10004868:	401a      	ands	r2, r3
1000486a:	4690      	mov	r8, r2
1000486c:	421e      	tst	r6, r3
1000486e:	d100      	bne.n	10004872 <_vsnprintf+0x95a>
10004870:	e651      	b.n	10004516 <_vsnprintf+0x5fe>
10004872:	e64c      	b.n	1000450e <_vsnprintf+0x5f6>
10004874:	4643      	mov	r3, r8
10004876:	2b00      	cmp	r3, #0
10004878:	d000      	beq.n	1000487c <_vsnprintf+0x964>
1000487a:	e693      	b.n	100045a4 <_vsnprintf+0x68c>
1000487c:	e673      	b.n	10004566 <_vsnprintf+0x64e>
1000487e:	9b0c      	ldr	r3, [sp, #48]	@ 0x30
10004880:	681b      	ldr	r3, [r3, #0]
10004882:	0fda      	lsrs	r2, r3, #31
10004884:	2b00      	cmp	r3, #0
10004886:	d070      	beq.n	1000496a <_vsnprintf+0xa52>
10004888:	17d9      	asrs	r1, r3, #31
1000488a:	185b      	adds	r3, r3, r1
1000488c:	404b      	eors	r3, r1
1000488e:	4698      	mov	r8, r3
10004890:	261f      	movs	r6, #31
10004892:	ab12      	add	r3, sp, #72	@ 0x48
10004894:	18f6      	adds	r6, r6, r3
10004896:	46a1      	mov	r9, r4
10004898:	9514      	str	r5, [sp, #80]	@ 0x50
1000489a:	465c      	mov	r4, fp
1000489c:	4645      	mov	r5, r8
1000489e:	46bb      	mov	fp, r7
100048a0:	46e0      	mov	r8, ip
100048a2:	0037      	movs	r7, r6
100048a4:	920c      	str	r2, [sp, #48]	@ 0x30
100048a6:	e006      	b.n	100048b6 <_vsnprintf+0x99e>
100048a8:	0028      	movs	r0, r5
100048aa:	210a      	movs	r1, #10
100048ac:	f7fd fe5c 	bl	10002568 <__wrap___aeabi_uidiv>
100048b0:	0005      	movs	r5, r0
100048b2:	2c20      	cmp	r4, #32
100048b4:	d008      	beq.n	100048c8 <_vsnprintf+0x9b0>
100048b6:	210a      	movs	r1, #10
100048b8:	0028      	movs	r0, r5
100048ba:	f7fd fe55 	bl	10002568 <__wrap___aeabi_uidiv>
100048be:	3401      	adds	r4, #1
100048c0:	3130      	adds	r1, #48	@ 0x30
100048c2:	5539      	strb	r1, [r7, r4]
100048c4:	2d09      	cmp	r5, #9
100048c6:	d8ef      	bhi.n	100048a8 <_vsnprintf+0x990>
100048c8:	465f      	mov	r7, fp
100048ca:	46c4      	mov	ip, r8
100048cc:	46a3      	mov	fp, r4
100048ce:	464c      	mov	r4, r9
100048d0:	9d14      	ldr	r5, [sp, #80]	@ 0x50
100048d2:	9a0c      	ldr	r2, [sp, #48]	@ 0x30
100048d4:	4663      	mov	r3, ip
100048d6:	9306      	str	r3, [sp, #24]
100048d8:	9b0d      	ldr	r3, [sp, #52]	@ 0x34
100048da:	9505      	str	r5, [sp, #20]
100048dc:	9304      	str	r3, [sp, #16]
100048de:	230a      	movs	r3, #10
100048e0:	9202      	str	r2, [sp, #8]
100048e2:	9303      	str	r3, [sp, #12]
100048e4:	465b      	mov	r3, fp
100048e6:	e667      	b.n	100045b8 <_vsnprintf+0x6a0>
100048e8:	9b0c      	ldr	r3, [sp, #48]	@ 0x30
100048ea:	681b      	ldr	r3, [r3, #0]
100048ec:	4698      	mov	r8, r3
100048ee:	2b00      	cmp	r3, #0
100048f0:	d103      	bne.n	100048fa <_vsnprintf+0x9e2>
100048f2:	3310      	adds	r3, #16
100048f4:	4399      	bics	r1, r3
100048f6:	2800      	cmp	r0, #0
100048f8:	d12d      	bne.n	10004956 <_vsnprintf+0xa3e>
100048fa:	2061      	movs	r0, #97	@ 0x61
100048fc:	068b      	lsls	r3, r1, #26
100048fe:	d500      	bpl.n	10004902 <_vsnprintf+0x9ea>
10004900:	2041      	movs	r0, #65	@ 0x41
10004902:	261f      	movs	r6, #31
10004904:	ab12      	add	r3, sp, #72	@ 0x48
10004906:	18f6      	adds	r6, r6, r3
10004908:	0003      	movs	r3, r0
1000490a:	3b0a      	subs	r3, #10
1000490c:	464a      	mov	r2, r9
1000490e:	930c      	str	r3, [sp, #48]	@ 0x30
10004910:	9114      	str	r1, [sp, #80]	@ 0x50
10004912:	4643      	mov	r3, r8
10004914:	0031      	movs	r1, r6
10004916:	46a8      	mov	r8, r5
10004918:	46a1      	mov	r9, r4
1000491a:	465e      	mov	r6, fp
1000491c:	0014      	movs	r4, r2
1000491e:	46bb      	mov	fp, r7
10004920:	001d      	movs	r5, r3
10004922:	000f      	movs	r7, r1
10004924:	e002      	b.n	1000492c <_vsnprintf+0xa14>
10004926:	0005      	movs	r5, r0
10004928:	2c20      	cmp	r4, #32
1000492a:	d00d      	beq.n	10004948 <_vsnprintf+0xa30>
1000492c:	0031      	movs	r1, r6
1000492e:	0028      	movs	r0, r5
10004930:	f7fd fe1a 	bl	10002568 <__wrap___aeabi_uidiv>
10004934:	9b0c      	ldr	r3, [sp, #48]	@ 0x30
10004936:	18cb      	adds	r3, r1, r3
10004938:	2909      	cmp	r1, #9
1000493a:	d801      	bhi.n	10004940 <_vsnprintf+0xa28>
1000493c:	000b      	movs	r3, r1
1000493e:	3330      	adds	r3, #48	@ 0x30
10004940:	3401      	adds	r4, #1
10004942:	553b      	strb	r3, [r7, r4]
10004944:	42b5      	cmp	r5, r6
10004946:	d2ee      	bcs.n	10004926 <_vsnprintf+0xa0e>
10004948:	0023      	movs	r3, r4
1000494a:	465f      	mov	r7, fp
1000494c:	464c      	mov	r4, r9
1000494e:	4645      	mov	r5, r8
10004950:	46b3      	mov	fp, r6
10004952:	4699      	mov	r9, r3
10004954:	9914      	ldr	r1, [sp, #80]	@ 0x50
10004956:	9b0d      	ldr	r3, [sp, #52]	@ 0x34
10004958:	9106      	str	r1, [sp, #24]
1000495a:	9304      	str	r3, [sp, #16]
1000495c:	465b      	mov	r3, fp
1000495e:	9303      	str	r3, [sp, #12]
10004960:	2300      	movs	r3, #0
10004962:	9505      	str	r5, [sp, #20]
10004964:	9302      	str	r3, [sp, #8]
10004966:	464b      	mov	r3, r9
10004968:	e626      	b.n	100045b8 <_vsnprintf+0x6a0>
1000496a:	4643      	mov	r3, r8
1000496c:	2b00      	cmp	r3, #0
1000496e:	d1b1      	bne.n	100048d4 <_vsnprintf+0x9bc>
10004970:	e78e      	b.n	10004890 <_vsnprintf+0x978>
10004972:	9b0c      	ldr	r3, [sp, #48]	@ 0x30
10004974:	681b      	ldr	r3, [r3, #0]
10004976:	17d8      	asrs	r0, r3, #31
10004978:	1819      	adds	r1, r3, r0
1000497a:	4041      	eors	r1, r0
1000497c:	e5ed      	b.n	1000455a <_vsnprintf+0x642>
1000497e:	2380      	movs	r3, #128	@ 0x80
10004980:	0032      	movs	r2, r6
10004982:	00db      	lsls	r3, r3, #3
10004984:	401a      	ands	r2, r3
10004986:	920f      	str	r2, [sp, #60]	@ 0x3c
10004988:	421e      	tst	r6, r3
1000498a:	d00f      	beq.n	100049ac <_vsnprintf+0xa94>
1000498c:	3002      	adds	r0, #2
1000498e:	0002      	movs	r2, r0
10004990:	4032      	ands	r2, r6
10004992:	920f      	str	r2, [sp, #60]	@ 0x3c
10004994:	4230      	tst	r0, r6
10004996:	d019      	beq.n	100049cc <_vsnprintf+0xab4>
10004998:	2300      	movs	r3, #0
1000499a:	46a0      	mov	r8, r4
1000499c:	930f      	str	r3, [sp, #60]	@ 0x3c
1000499e:	e59a      	b.n	100044d6 <_vsnprintf+0x5be>
100049a0:	9b0c      	ldr	r3, [sp, #48]	@ 0x30
100049a2:	681b      	ldr	r3, [r3, #0]
100049a4:	4699      	mov	r9, r3
100049a6:	e518      	b.n	100043da <_vsnprintf+0x4c2>
100049a8:	0016      	movs	r6, r2
100049aa:	e49b      	b.n	100042e4 <_vsnprintf+0x3cc>
100049ac:	2302      	movs	r3, #2
100049ae:	001a      	movs	r2, r3
100049b0:	4032      	ands	r2, r6
100049b2:	920c      	str	r2, [sp, #48]	@ 0x30
100049b4:	4233      	tst	r3, r6
100049b6:	d000      	beq.n	100049ba <_vsnprintf+0xaa2>
100049b8:	e58c      	b.n	100044d4 <_vsnprintf+0x5bc>
100049ba:	2d00      	cmp	r5, #0
100049bc:	d000      	beq.n	100049c0 <_vsnprintf+0xaa8>
100049be:	e66d      	b.n	1000469c <_vsnprintf+0x784>
100049c0:	f7ff fbf0 	bl	100041a4 <_vsnprintf+0x28c>
100049c4:	3301      	adds	r3, #1
100049c6:	930f      	str	r3, [sp, #60]	@ 0x3c
100049c8:	f7ff fbd0 	bl	1000416c <_vsnprintf+0x254>
100049cc:	930c      	str	r3, [sp, #48]	@ 0x30
100049ce:	e7f4      	b.n	100049ba <_vsnprintf+0xaa2>

100049d0 <vfctprintf>:
100049d0:	b500      	push	{lr}
100049d2:	b085      	sub	sp, #20
100049d4:	9103      	str	r1, [sp, #12]
100049d6:	2101      	movs	r1, #1
100049d8:	9002      	str	r0, [sp, #8]
100049da:	9300      	str	r3, [sp, #0]
100049dc:	4803      	ldr	r0, [pc, #12]	@ (100049ec <vfctprintf+0x1c>)
100049de:	0013      	movs	r3, r2
100049e0:	424a      	negs	r2, r1
100049e2:	a902      	add	r1, sp, #8
100049e4:	f7ff fa98 	bl	10003f18 <_vsnprintf>
100049e8:	b005      	add	sp, #20
100049ea:	bd00      	pop	{pc}
100049ec:	10003535 	.word	0x10003535

100049f0 <weak_raw_vprintf>:
100049f0:	b510      	push	{r4, lr}
100049f2:	4a09      	ldr	r2, [pc, #36]	@ (10004a18 <weak_raw_vprintf+0x28>)
100049f4:	0003      	movs	r3, r0
100049f6:	6814      	ldr	r4, [r2, #0]
100049f8:	b084      	sub	sp, #16
100049fa:	2c00      	cmp	r4, #0
100049fc:	d008      	beq.n	10004a10 <weak_raw_vprintf+0x20>
100049fe:	2201      	movs	r2, #1
10004a00:	9100      	str	r1, [sp, #0]
10004a02:	4806      	ldr	r0, [pc, #24]	@ (10004a1c <weak_raw_vprintf+0x2c>)
10004a04:	4252      	negs	r2, r2
10004a06:	a903      	add	r1, sp, #12
10004a08:	47a0      	blx	r4
10004a0a:	2001      	movs	r0, #1
10004a0c:	b004      	add	sp, #16
10004a0e:	bd10      	pop	{r4, pc}
10004a10:	f000 fa5a 	bl	10004ec8 <__wrap_puts>
10004a14:	2000      	movs	r0, #0
10004a16:	e7f9      	b.n	10004a0c <weak_raw_vprintf+0x1c>
10004a18:	20012d60 	.word	0x20012d60
10004a1c:	10003525 	.word	0x10003525

10004a20 <_exit>:
10004a20:	be00      	bkpt	0x0000
10004a22:	e7fd      	b.n	10004a20 <_exit>

10004a24 <_fini>:
10004a24:	4770      	bx	lr
10004a26:	46c0      	nop			@ (mov r8, r8)

10004a28 <_sbrk>:
10004a28:	4a09      	ldr	r2, [pc, #36]	@ (10004a50 <_sbrk+0x28>)
10004a2a:	6813      	ldr	r3, [r2, #0]
10004a2c:	2b00      	cmp	r3, #0
10004a2e:	d006      	beq.n	10004a3e <_sbrk+0x16>
10004a30:	4908      	ldr	r1, [pc, #32]	@ (10004a54 <_sbrk+0x2c>)
10004a32:	1818      	adds	r0, r3, r0
10004a34:	4288      	cmp	r0, r1
10004a36:	d808      	bhi.n	10004a4a <_sbrk+0x22>
10004a38:	6010      	str	r0, [r2, #0]
10004a3a:	0018      	movs	r0, r3
10004a3c:	4770      	bx	lr
10004a3e:	4b06      	ldr	r3, [pc, #24]	@ (10004a58 <_sbrk+0x30>)
10004a40:	4904      	ldr	r1, [pc, #16]	@ (10004a54 <_sbrk+0x2c>)
10004a42:	1818      	adds	r0, r3, r0
10004a44:	6013      	str	r3, [r2, #0]
10004a46:	4288      	cmp	r0, r1
10004a48:	d9f6      	bls.n	10004a38 <_sbrk+0x10>
10004a4a:	2301      	movs	r3, #1
10004a4c:	425b      	negs	r3, r3
10004a4e:	e7f4      	b.n	10004a3a <_sbrk+0x12>
10004a50:	2001295c 	.word	0x2001295c
10004a54:	20040000 	.word	0x20040000
10004a58:	20012dc8 	.word	0x20012dc8

10004a5c <_read>:
10004a5c:	468c      	mov	ip, r1
10004a5e:	b510      	push	{r4, lr}
10004a60:	0011      	movs	r1, r2
10004a62:	2800      	cmp	r0, #0
10004a64:	d105      	bne.n	10004a72 <_read+0x16>
10004a66:	4b04      	ldr	r3, [pc, #16]	@ (10004a78 <_read+0x1c>)
10004a68:	4660      	mov	r0, ip
10004a6a:	cb0c      	ldmia	r3, {r2, r3}
10004a6c:	f000 f938 	bl	10004ce0 <stdio_get_until>
10004a70:	bd10      	pop	{r4, pc}
10004a72:	2001      	movs	r0, #1
10004a74:	4240      	negs	r0, r0
10004a76:	e7fb      	b.n	10004a70 <_read+0x14>
10004a78:	10009630 	.word	0x10009630

10004a7c <_write>:
10004a7c:	3801      	subs	r0, #1
10004a7e:	b510      	push	{r4, lr}
10004a80:	0014      	movs	r4, r2
10004a82:	2801      	cmp	r0, #1
10004a84:	d807      	bhi.n	10004a96 <_write+0x1a>
10004a86:	0008      	movs	r0, r1
10004a88:	2301      	movs	r3, #1
10004a8a:	2200      	movs	r2, #0
10004a8c:	0021      	movs	r1, r4
10004a8e:	f000 f8ad 	bl	10004bec <stdio_put_string>
10004a92:	0020      	movs	r0, r4
10004a94:	bd10      	pop	{r4, pc}
10004a96:	2001      	movs	r0, #1
10004a98:	4240      	negs	r0, r0
10004a9a:	e7fb      	b.n	10004a94 <_write+0x18>

10004a9c <_close>:
10004a9c:	2001      	movs	r0, #1
10004a9e:	4240      	negs	r0, r0
10004aa0:	4770      	bx	lr
10004aa2:	46c0      	nop			@ (mov r8, r8)

10004aa4 <_lseek>:
10004aa4:	2001      	movs	r0, #1
10004aa6:	4240      	negs	r0, r0
10004aa8:	4770      	bx	lr
10004aaa:	46c0      	nop			@ (mov r8, r8)

10004aac <_fstat>:
10004aac:	2001      	movs	r0, #1
10004aae:	4240      	negs	r0, r0
10004ab0:	4770      	bx	lr
10004ab2:	46c0      	nop			@ (mov r8, r8)

10004ab4 <_isatty>:
10004ab4:	2202      	movs	r2, #2
10004ab6:	2300      	movs	r3, #0
10004ab8:	4282      	cmp	r2, r0
10004aba:	415b      	adcs	r3, r3
10004abc:	0018      	movs	r0, r3
10004abe:	4770      	bx	lr

10004ac0 <exit>:
10004ac0:	b510      	push	{r4, lr}
10004ac2:	f7ff ffad 	bl	10004a20 <_exit>
10004ac6:	46c0      	nop			@ (mov r8, r8)

10004ac8 <runtime_init>:
10004ac8:	b570      	push	{r4, r5, r6, lr}
10004aca:	f7fd fc01 	bl	100022d0 <runtime_run_initializers>
10004ace:	4d07      	ldr	r5, [pc, #28]	@ (10004aec <runtime_init+0x24>)
10004ad0:	4e07      	ldr	r6, [pc, #28]	@ (10004af0 <runtime_init+0x28>)
10004ad2:	42b5      	cmp	r5, r6
10004ad4:	d209      	bcs.n	10004aea <runtime_init+0x22>
10004ad6:	2400      	movs	r4, #0
10004ad8:	3e01      	subs	r6, #1
10004ada:	1b76      	subs	r6, r6, r5
10004adc:	08b6      	lsrs	r6, r6, #2
10004ade:	3601      	adds	r6, #1
10004ae0:	cd08      	ldmia	r5!, {r3}
10004ae2:	3401      	adds	r4, #1
10004ae4:	4798      	blx	r3
10004ae6:	42b4      	cmp	r4, r6
10004ae8:	d1fa      	bne.n	10004ae0 <runtime_init+0x18>
10004aea:	bd70      	pop	{r4, r5, r6, pc}
10004aec:	10008ffc 	.word	0x10008ffc
10004af0:	10009000 	.word	0x10009000

10004af4 <stdio_out_chars_no_crlf>:
10004af4:	0003      	movs	r3, r0
10004af6:	b510      	push	{r4, lr}
10004af8:	0008      	movs	r0, r1
10004afa:	0011      	movs	r1, r2
10004afc:	681b      	ldr	r3, [r3, #0]
10004afe:	4798      	blx	r3
10004b00:	bd10      	pop	{r4, pc}
10004b02:	46c0      	nop			@ (mov r8, r8)

10004b04 <stdio_out_chars_crlf>:
10004b04:	b5f8      	push	{r3, r4, r5, r6, r7, lr}
10004b06:	7d43      	ldrb	r3, [r0, #21]
10004b08:	0007      	movs	r7, r0
10004b0a:	000d      	movs	r5, r1
10004b0c:	0016      	movs	r6, r2
10004b0e:	2b00      	cmp	r3, #0
10004b10:	d038      	beq.n	10004b84 <stdio_out_chars_crlf+0x80>
10004b12:	2a00      	cmp	r2, #0
10004b14:	dd1a      	ble.n	10004b4c <stdio_out_chars_crlf+0x48>
10004b16:	780b      	ldrb	r3, [r1, #0]
10004b18:	2b0a      	cmp	r3, #10
10004b1a:	d018      	beq.n	10004b4e <stdio_out_chars_crlf+0x4a>
10004b1c:	2000      	movs	r0, #0
10004b1e:	2e01      	cmp	r6, #1
10004b20:	d009      	beq.n	10004b36 <stdio_out_chars_crlf+0x32>
10004b22:	2401      	movs	r4, #1
10004b24:	0021      	movs	r1, r4
10004b26:	5c6b      	ldrb	r3, [r5, r1]
10004b28:	3401      	adds	r4, #1
10004b2a:	2b0a      	cmp	r3, #10
10004b2c:	d01a      	beq.n	10004b64 <stdio_out_chars_crlf+0x60>
10004b2e:	42b4      	cmp	r4, r6
10004b30:	d1f8      	bne.n	10004b24 <stdio_out_chars_crlf+0x20>
10004b32:	4286      	cmp	r6, r0
10004b34:	dd03      	ble.n	10004b3e <stdio_out_chars_crlf+0x3a>
10004b36:	1a31      	subs	r1, r6, r0
10004b38:	683b      	ldr	r3, [r7, #0]
10004b3a:	1828      	adds	r0, r5, r0
10004b3c:	4798      	blx	r3
10004b3e:	19ad      	adds	r5, r5, r6
10004b40:	3d01      	subs	r5, #1
10004b42:	782b      	ldrb	r3, [r5, #0]
10004b44:	3b0d      	subs	r3, #13
10004b46:	425a      	negs	r2, r3
10004b48:	4153      	adcs	r3, r2
10004b4a:	753b      	strb	r3, [r7, #20]
10004b4c:	bdf8      	pop	{r3, r4, r5, r6, r7, pc}
10004b4e:	7d03      	ldrb	r3, [r0, #20]
10004b50:	2b00      	cmp	r3, #0
10004b52:	d1e3      	bne.n	10004b1c <stdio_out_chars_crlf+0x18>
10004b54:	2102      	movs	r1, #2
10004b56:	480e      	ldr	r0, [pc, #56]	@ (10004b90 <stdio_out_chars_crlf+0x8c>)
10004b58:	683b      	ldr	r3, [r7, #0]
10004b5a:	4798      	blx	r3
10004b5c:	2e01      	cmp	r6, #1
10004b5e:	d0ee      	beq.n	10004b3e <stdio_out_chars_crlf+0x3a>
10004b60:	2001      	movs	r0, #1
10004b62:	e7de      	b.n	10004b22 <stdio_out_chars_crlf+0x1e>
10004b64:	1e6b      	subs	r3, r5, #1
10004b66:	5c5b      	ldrb	r3, [r3, r1]
10004b68:	2b0d      	cmp	r3, #13
10004b6a:	d0e0      	beq.n	10004b2e <stdio_out_chars_crlf+0x2a>
10004b6c:	4288      	cmp	r0, r1
10004b6e:	da03      	bge.n	10004b78 <stdio_out_chars_crlf+0x74>
10004b70:	1a09      	subs	r1, r1, r0
10004b72:	683b      	ldr	r3, [r7, #0]
10004b74:	1828      	adds	r0, r5, r0
10004b76:	4798      	blx	r3
10004b78:	4805      	ldr	r0, [pc, #20]	@ (10004b90 <stdio_out_chars_crlf+0x8c>)
10004b7a:	2102      	movs	r1, #2
10004b7c:	683b      	ldr	r3, [r7, #0]
10004b7e:	4798      	blx	r3
10004b80:	0020      	movs	r0, r4
10004b82:	e7d4      	b.n	10004b2e <stdio_out_chars_crlf+0x2a>
10004b84:	6803      	ldr	r3, [r0, #0]
10004b86:	0011      	movs	r1, r2
10004b88:	0028      	movs	r0, r5
10004b8a:	4798      	blx	r3
10004b8c:	e7de      	b.n	10004b4c <stdio_out_chars_crlf+0x48>
10004b8e:	46c0      	nop			@ (mov r8, r8)
10004b90:	10009878 	.word	0x10009878

10004b94 <stdio_buffered_printer>:
10004b94:	b5f8      	push	{r3, r4, r5, r6, r7, lr}
10004b96:	680b      	ldr	r3, [r1, #0]
10004b98:	000d      	movs	r5, r1
10004b9a:	1c5a      	adds	r2, r3, #1
10004b9c:	18cb      	adds	r3, r1, r3
10004b9e:	600a      	str	r2, [r1, #0]
10004ba0:	7118      	strb	r0, [r3, #4]
10004ba2:	2a80      	cmp	r2, #128	@ 0x80
10004ba4:	d000      	beq.n	10004ba8 <stdio_buffered_printer+0x14>
10004ba6:	bdf8      	pop	{r3, r4, r5, r6, r7, pc}
10004ba8:	4b0e      	ldr	r3, [pc, #56]	@ (10004be4 <stdio_buffered_printer+0x50>)
10004baa:	681c      	ldr	r4, [r3, #0]
10004bac:	2c00      	cmp	r4, #0
10004bae:	d015      	beq.n	10004bdc <stdio_buffered_printer+0x48>
10004bb0:	4e0d      	ldr	r6, [pc, #52]	@ (10004be8 <stdio_buffered_printer+0x54>)
10004bb2:	1d0f      	adds	r7, r1, #4
10004bb4:	e002      	b.n	10004bbc <stdio_buffered_printer+0x28>
10004bb6:	6924      	ldr	r4, [r4, #16]
10004bb8:	2c00      	cmp	r4, #0
10004bba:	d00f      	beq.n	10004bdc <stdio_buffered_printer+0x48>
10004bbc:	6823      	ldr	r3, [r4, #0]
10004bbe:	2b00      	cmp	r3, #0
10004bc0:	d0f9      	beq.n	10004bb6 <stdio_buffered_printer+0x22>
10004bc2:	6833      	ldr	r3, [r6, #0]
10004bc4:	2b00      	cmp	r3, #0
10004bc6:	d001      	beq.n	10004bcc <stdio_buffered_printer+0x38>
10004bc8:	42a3      	cmp	r3, r4
10004bca:	d1f4      	bne.n	10004bb6 <stdio_buffered_printer+0x22>
10004bcc:	0020      	movs	r0, r4
10004bce:	0039      	movs	r1, r7
10004bd0:	682a      	ldr	r2, [r5, #0]
10004bd2:	f7ff ff97 	bl	10004b04 <stdio_out_chars_crlf>
10004bd6:	6924      	ldr	r4, [r4, #16]
10004bd8:	2c00      	cmp	r4, #0
10004bda:	d1ef      	bne.n	10004bbc <stdio_buffered_printer+0x28>
10004bdc:	2300      	movs	r3, #0
10004bde:	602b      	str	r3, [r5, #0]
10004be0:	e7e1      	b.n	10004ba6 <stdio_buffered_printer+0x12>
10004be2:	46c0      	nop			@ (mov r8, r8)
10004be4:	20012940 	.word	0x20012940
10004be8:	2001294c 	.word	0x2001294c

10004bec <stdio_put_string>:
10004bec:	b5f0      	push	{r4, r5, r6, r7, lr}
10004bee:	4646      	mov	r6, r8
10004bf0:	46d6      	mov	lr, sl
10004bf2:	464f      	mov	r7, r9
10004bf4:	b5c0      	push	{r6, r7, lr}
10004bf6:	b082      	sub	sp, #8
10004bf8:	4690      	mov	r8, r2
10004bfa:	001c      	movs	r4, r3
10004bfc:	0006      	movs	r6, r0
10004bfe:	000d      	movs	r5, r1
10004c00:	f7fc fe54 	bl	100018ac <time_us_64>
10004c04:	2300      	movs	r3, #0
10004c06:	4a2f      	ldr	r2, [pc, #188]	@ (10004cc4 <stdio_put_string+0xd8>)
10004c08:	1812      	adds	r2, r2, r0
10004c0a:	414b      	adcs	r3, r1
10004c0c:	2b00      	cmp	r3, #0
10004c0e:	da02      	bge.n	10004c16 <stdio_put_string+0x2a>
10004c10:	2201      	movs	r2, #1
10004c12:	4b2d      	ldr	r3, [pc, #180]	@ (10004cc8 <stdio_put_string+0xdc>)
10004c14:	4252      	negs	r2, r2
10004c16:	492d      	ldr	r1, [pc, #180]	@ (10004ccc <stdio_put_string+0xe0>)
10004c18:	0008      	movs	r0, r1
10004c1a:	468a      	mov	sl, r1
10004c1c:	f004 f968 	bl	10008ef0 <__mutex_try_enter_block_until_veneer>
10004c20:	4681      	mov	r9, r0
10004c22:	1c6b      	adds	r3, r5, #1
10004c24:	d103      	bne.n	10004c2e <stdio_put_string+0x42>
10004c26:	0030      	movs	r0, r6
10004c28:	f003 fd00 	bl	1000862c <strlen>
10004c2c:	0005      	movs	r5, r0
10004c2e:	2c00      	cmp	r4, #0
10004c30:	d027      	beq.n	10004c82 <stdio_put_string+0x96>
10004c32:	4f27      	ldr	r7, [pc, #156]	@ (10004cd0 <stdio_put_string+0xe4>)
10004c34:	4b27      	ldr	r3, [pc, #156]	@ (10004cd4 <stdio_put_string+0xe8>)
10004c36:	681c      	ldr	r4, [r3, #0]
10004c38:	2c00      	cmp	r4, #0
10004c3a:	d018      	beq.n	10004c6e <stdio_put_string+0x82>
10004c3c:	4643      	mov	r3, r8
10004c3e:	2b00      	cmp	r3, #0
10004c40:	d121      	bne.n	10004c86 <stdio_put_string+0x9a>
10004c42:	4b25      	ldr	r3, [pc, #148]	@ (10004cd8 <stdio_put_string+0xec>)
10004c44:	4698      	mov	r8, r3
10004c46:	e002      	b.n	10004c4e <stdio_put_string+0x62>
10004c48:	6924      	ldr	r4, [r4, #16]
10004c4a:	2c00      	cmp	r4, #0
10004c4c:	d00f      	beq.n	10004c6e <stdio_put_string+0x82>
10004c4e:	6823      	ldr	r3, [r4, #0]
10004c50:	2b00      	cmp	r3, #0
10004c52:	d0f9      	beq.n	10004c48 <stdio_put_string+0x5c>
10004c54:	4643      	mov	r3, r8
10004c56:	681b      	ldr	r3, [r3, #0]
10004c58:	2b00      	cmp	r3, #0
10004c5a:	d001      	beq.n	10004c60 <stdio_put_string+0x74>
10004c5c:	429c      	cmp	r4, r3
10004c5e:	d1f3      	bne.n	10004c48 <stdio_put_string+0x5c>
10004c60:	0020      	movs	r0, r4
10004c62:	002a      	movs	r2, r5
10004c64:	0031      	movs	r1, r6
10004c66:	47b8      	blx	r7
10004c68:	6924      	ldr	r4, [r4, #16]
10004c6a:	2c00      	cmp	r4, #0
10004c6c:	d1ef      	bne.n	10004c4e <stdio_put_string+0x62>
10004c6e:	464b      	mov	r3, r9
10004c70:	2b00      	cmp	r3, #0
10004c72:	d123      	bne.n	10004cbc <stdio_put_string+0xd0>
10004c74:	0028      	movs	r0, r5
10004c76:	b002      	add	sp, #8
10004c78:	bce0      	pop	{r5, r6, r7}
10004c7a:	46ba      	mov	sl, r7
10004c7c:	46b1      	mov	r9, r6
10004c7e:	46a8      	mov	r8, r5
10004c80:	bdf0      	pop	{r4, r5, r6, r7, pc}
10004c82:	4f16      	ldr	r7, [pc, #88]	@ (10004cdc <stdio_put_string+0xf0>)
10004c84:	e7d6      	b.n	10004c34 <stdio_put_string+0x48>
10004c86:	4b14      	ldr	r3, [pc, #80]	@ (10004cd8 <stdio_put_string+0xec>)
10004c88:	4698      	mov	r8, r3
10004c8a:	e002      	b.n	10004c92 <stdio_put_string+0xa6>
10004c8c:	6924      	ldr	r4, [r4, #16]
10004c8e:	2c00      	cmp	r4, #0
10004c90:	d0ed      	beq.n	10004c6e <stdio_put_string+0x82>
10004c92:	6823      	ldr	r3, [r4, #0]
10004c94:	2b00      	cmp	r3, #0
10004c96:	d0f9      	beq.n	10004c8c <stdio_put_string+0xa0>
10004c98:	4643      	mov	r3, r8
10004c9a:	681b      	ldr	r3, [r3, #0]
10004c9c:	2b00      	cmp	r3, #0
10004c9e:	d001      	beq.n	10004ca4 <stdio_put_string+0xb8>
10004ca0:	42a3      	cmp	r3, r4
10004ca2:	d1f3      	bne.n	10004c8c <stdio_put_string+0xa0>
10004ca4:	002a      	movs	r2, r5
10004ca6:	0031      	movs	r1, r6
10004ca8:	0020      	movs	r0, r4
10004caa:	47b8      	blx	r7
10004cac:	466b      	mov	r3, sp
10004cae:	220a      	movs	r2, #10
10004cb0:	0020      	movs	r0, r4
10004cb2:	71da      	strb	r2, [r3, #7]
10004cb4:	1dd9      	adds	r1, r3, #7
10004cb6:	3a09      	subs	r2, #9
10004cb8:	47b8      	blx	r7
10004cba:	e7e7      	b.n	10004c8c <stdio_put_string+0xa0>
10004cbc:	4650      	mov	r0, sl
10004cbe:	f004 f927 	bl	10008f10 <__mutex_exit_veneer>
10004cc2:	e7d7      	b.n	10004c74 <stdio_put_string+0x88>
10004cc4:	000f4240 	.word	0x000f4240
10004cc8:	7fffffff 	.word	0x7fffffff
10004ccc:	200017d0 	.word	0x200017d0
10004cd0:	10004b05 	.word	0x10004b05
10004cd4:	20012940 	.word	0x20012940
10004cd8:	2001294c 	.word	0x2001294c
10004cdc:	10004af5 	.word	0x10004af5

10004ce0 <stdio_get_until>:
10004ce0:	b5f0      	push	{r4, r5, r6, r7, lr}
10004ce2:	464f      	mov	r7, r9
10004ce4:	4646      	mov	r6, r8
10004ce6:	46d6      	mov	lr, sl
10004ce8:	4699      	mov	r9, r3
10004cea:	4b19      	ldr	r3, [pc, #100]	@ (10004d50 <stdio_get_until+0x70>)
10004cec:	b5c0      	push	{r6, r7, lr}
10004cee:	4692      	mov	sl, r2
10004cf0:	0007      	movs	r7, r0
10004cf2:	000e      	movs	r6, r1
10004cf4:	4698      	mov	r8, r3
10004cf6:	4d17      	ldr	r5, [pc, #92]	@ (10004d54 <stdio_get_until+0x74>)
10004cf8:	4643      	mov	r3, r8
10004cfa:	681c      	ldr	r4, [r3, #0]
10004cfc:	2c00      	cmp	r4, #0
10004cfe:	d103      	bne.n	10004d08 <stdio_get_until+0x28>
10004d00:	e014      	b.n	10004d2c <stdio_get_until+0x4c>
10004d02:	6924      	ldr	r4, [r4, #16]
10004d04:	2c00      	cmp	r4, #0
10004d06:	d011      	beq.n	10004d2c <stdio_get_until+0x4c>
10004d08:	682b      	ldr	r3, [r5, #0]
10004d0a:	2b00      	cmp	r3, #0
10004d0c:	d001      	beq.n	10004d12 <stdio_get_until+0x32>
10004d0e:	42a3      	cmp	r3, r4
10004d10:	d1f7      	bne.n	10004d02 <stdio_get_until+0x22>
10004d12:	68a3      	ldr	r3, [r4, #8]
10004d14:	2b00      	cmp	r3, #0
10004d16:	d0f4      	beq.n	10004d02 <stdio_get_until+0x22>
10004d18:	0031      	movs	r1, r6
10004d1a:	0038      	movs	r0, r7
10004d1c:	4798      	blx	r3
10004d1e:	2800      	cmp	r0, #0
10004d20:	ddef      	ble.n	10004d02 <stdio_get_until+0x22>
10004d22:	bce0      	pop	{r5, r6, r7}
10004d24:	46ba      	mov	sl, r7
10004d26:	46b1      	mov	r9, r6
10004d28:	46a8      	mov	r8, r5
10004d2a:	bdf0      	pop	{r4, r5, r6, r7, pc}
10004d2c:	4b0a      	ldr	r3, [pc, #40]	@ (10004d58 <stdio_get_until+0x78>)
10004d2e:	6a5b      	ldr	r3, [r3, #36]	@ 0x24
10004d30:	4599      	cmp	r9, r3
10004d32:	d808      	bhi.n	10004d46 <stdio_get_until+0x66>
10004d34:	4a08      	ldr	r2, [pc, #32]	@ (10004d58 <stdio_get_until+0x78>)
10004d36:	6a92      	ldr	r2, [r2, #40]	@ 0x28
10004d38:	4552      	cmp	r2, sl
10004d3a:	d302      	bcc.n	10004d42 <stdio_get_until+0x62>
10004d3c:	2002      	movs	r0, #2
10004d3e:	4240      	negs	r0, r0
10004d40:	e7ef      	b.n	10004d22 <stdio_get_until+0x42>
10004d42:	4599      	cmp	r9, r3
10004d44:	d1fa      	bne.n	10004d3c <stdio_get_until+0x5c>
10004d46:	2001      	movs	r0, #1
10004d48:	2100      	movs	r1, #0
10004d4a:	f7fc fdb9 	bl	100018c0 <busy_wait_us>
10004d4e:	e7d3      	b.n	10004cf8 <stdio_get_until+0x18>
10004d50:	20012940 	.word	0x20012940
10004d54:	2001294c 	.word	0x2001294c
10004d58:	40054000 	.word	0x40054000

10004d5c <stdio_set_driver_enabled>:
10004d5c:	4a0a      	ldr	r2, [pc, #40]	@ (10004d88 <stdio_set_driver_enabled+0x2c>)
10004d5e:	6813      	ldr	r3, [r2, #0]
10004d60:	2b00      	cmp	r3, #0
10004d62:	d105      	bne.n	10004d70 <stdio_set_driver_enabled+0x14>
10004d64:	e00c      	b.n	10004d80 <stdio_set_driver_enabled+0x24>
10004d66:	001a      	movs	r2, r3
10004d68:	691b      	ldr	r3, [r3, #16]
10004d6a:	3210      	adds	r2, #16
10004d6c:	2b00      	cmp	r3, #0
10004d6e:	d007      	beq.n	10004d80 <stdio_set_driver_enabled+0x24>
10004d70:	4283      	cmp	r3, r0
10004d72:	d1f8      	bne.n	10004d66 <stdio_set_driver_enabled+0xa>
10004d74:	2900      	cmp	r1, #0
10004d76:	d102      	bne.n	10004d7e <stdio_set_driver_enabled+0x22>
10004d78:	6918      	ldr	r0, [r3, #16]
10004d7a:	6010      	str	r0, [r2, #0]
10004d7c:	6119      	str	r1, [r3, #16]
10004d7e:	4770      	bx	lr
10004d80:	2900      	cmp	r1, #0
10004d82:	d0fc      	beq.n	10004d7e <stdio_set_driver_enabled+0x22>
10004d84:	6010      	str	r0, [r2, #0]
10004d86:	e7fa      	b.n	10004d7e <stdio_set_driver_enabled+0x22>
10004d88:	20012940 	.word	0x20012940

10004d8c <stdio_init_all>:
10004d8c:	b510      	push	{r4, lr}
10004d8e:	f000 f9f5 	bl	1000517c <stdio_uart_init>
10004d92:	f000 fba9 	bl	100054e8 <stdio_usb_init>
10004d96:	2001      	movs	r0, #1
10004d98:	bd10      	pop	{r4, pc}
10004d9a:	46c0      	nop			@ (mov r8, r8)

10004d9c <stdio_getchar_timeout_us>:
10004d9c:	b5f0      	push	{r4, r5, r6, r7, lr}
10004d9e:	46ce      	mov	lr, r9
10004da0:	4647      	mov	r7, r8
10004da2:	0004      	movs	r4, r0
10004da4:	b580      	push	{r7, lr}
10004da6:	b083      	sub	sp, #12
10004da8:	f7fc fd80 	bl	100018ac <time_us_64>
10004dac:	0026      	movs	r6, r4
10004dae:	2700      	movs	r7, #0
10004db0:	1836      	adds	r6, r6, r0
10004db2:	414f      	adcs	r7, r1
10004db4:	2f00      	cmp	r7, #0
10004db6:	da02      	bge.n	10004dbe <stdio_getchar_timeout_us+0x22>
10004db8:	2601      	movs	r6, #1
10004dba:	4f1a      	ldr	r7, [pc, #104]	@ (10004e24 <stdio_getchar_timeout_us+0x88>)
10004dbc:	4276      	negs	r6, r6
10004dbe:	4b1a      	ldr	r3, [pc, #104]	@ (10004e28 <stdio_getchar_timeout_us+0x8c>)
10004dc0:	4d1a      	ldr	r5, [pc, #104]	@ (10004e2c <stdio_getchar_timeout_us+0x90>)
10004dc2:	4699      	mov	r9, r3
10004dc4:	ab01      	add	r3, sp, #4
10004dc6:	4698      	mov	r8, r3
10004dc8:	464b      	mov	r3, r9
10004dca:	681c      	ldr	r4, [r3, #0]
10004dcc:	2c00      	cmp	r4, #0
10004dce:	d103      	bne.n	10004dd8 <stdio_getchar_timeout_us+0x3c>
10004dd0:	e016      	b.n	10004e00 <stdio_getchar_timeout_us+0x64>
10004dd2:	6924      	ldr	r4, [r4, #16]
10004dd4:	2c00      	cmp	r4, #0
10004dd6:	d013      	beq.n	10004e00 <stdio_getchar_timeout_us+0x64>
10004dd8:	682b      	ldr	r3, [r5, #0]
10004dda:	2b00      	cmp	r3, #0
10004ddc:	d001      	beq.n	10004de2 <stdio_getchar_timeout_us+0x46>
10004dde:	429c      	cmp	r4, r3
10004de0:	d1f7      	bne.n	10004dd2 <stdio_getchar_timeout_us+0x36>
10004de2:	68a3      	ldr	r3, [r4, #8]
10004de4:	2b00      	cmp	r3, #0
10004de6:	d0f4      	beq.n	10004dd2 <stdio_getchar_timeout_us+0x36>
10004de8:	2101      	movs	r1, #1
10004dea:	4640      	mov	r0, r8
10004dec:	4798      	blx	r3
10004dee:	2800      	cmp	r0, #0
10004df0:	ddef      	ble.n	10004dd2 <stdio_getchar_timeout_us+0x36>
10004df2:	4643      	mov	r3, r8
10004df4:	7818      	ldrb	r0, [r3, #0]
10004df6:	b003      	add	sp, #12
10004df8:	bcc0      	pop	{r6, r7}
10004dfa:	46b9      	mov	r9, r7
10004dfc:	46b0      	mov	r8, r6
10004dfe:	bdf0      	pop	{r4, r5, r6, r7, pc}
10004e00:	4b0b      	ldr	r3, [pc, #44]	@ (10004e30 <stdio_getchar_timeout_us+0x94>)
10004e02:	6a5a      	ldr	r2, [r3, #36]	@ 0x24
10004e04:	4297      	cmp	r7, r2
10004e06:	d807      	bhi.n	10004e18 <stdio_getchar_timeout_us+0x7c>
10004e08:	6a9b      	ldr	r3, [r3, #40]	@ 0x28
10004e0a:	42b3      	cmp	r3, r6
10004e0c:	d302      	bcc.n	10004e14 <stdio_getchar_timeout_us+0x78>
10004e0e:	2002      	movs	r0, #2
10004e10:	4240      	negs	r0, r0
10004e12:	e7f0      	b.n	10004df6 <stdio_getchar_timeout_us+0x5a>
10004e14:	4297      	cmp	r7, r2
10004e16:	d1fa      	bne.n	10004e0e <stdio_getchar_timeout_us+0x72>
10004e18:	2001      	movs	r0, #1
10004e1a:	2100      	movs	r1, #0
10004e1c:	f7fc fd50 	bl	100018c0 <busy_wait_us>
10004e20:	e7d2      	b.n	10004dc8 <stdio_getchar_timeout_us+0x2c>
10004e22:	46c0      	nop			@ (mov r8, r8)
10004e24:	7fffffff 	.word	0x7fffffff
10004e28:	20012940 	.word	0x20012940
10004e2c:	2001294c 	.word	0x2001294c
10004e30:	40054000 	.word	0x40054000

10004e34 <__wrap_putchar>:
10004e34:	b5f0      	push	{r4, r5, r6, r7, lr}
10004e36:	46ce      	mov	lr, r9
10004e38:	4647      	mov	r7, r8
10004e3a:	b580      	push	{r7, lr}
10004e3c:	b083      	sub	sp, #12
10004e3e:	466b      	mov	r3, sp
10004e40:	0006      	movs	r6, r0
10004e42:	1ddd      	adds	r5, r3, #7
10004e44:	7028      	strb	r0, [r5, #0]
10004e46:	f7fc fd31 	bl	100018ac <time_us_64>
10004e4a:	2300      	movs	r3, #0
10004e4c:	4a19      	ldr	r2, [pc, #100]	@ (10004eb4 <__wrap_putchar+0x80>)
10004e4e:	1812      	adds	r2, r2, r0
10004e50:	414b      	adcs	r3, r1
10004e52:	2b00      	cmp	r3, #0
10004e54:	da02      	bge.n	10004e5c <__wrap_putchar+0x28>
10004e56:	2201      	movs	r2, #1
10004e58:	4b17      	ldr	r3, [pc, #92]	@ (10004eb8 <__wrap_putchar+0x84>)
10004e5a:	4252      	negs	r2, r2
10004e5c:	4917      	ldr	r1, [pc, #92]	@ (10004ebc <__wrap_putchar+0x88>)
10004e5e:	0008      	movs	r0, r1
10004e60:	4689      	mov	r9, r1
10004e62:	f004 f845 	bl	10008ef0 <__mutex_try_enter_block_until_veneer>
10004e66:	4b16      	ldr	r3, [pc, #88]	@ (10004ec0 <__wrap_putchar+0x8c>)
10004e68:	4680      	mov	r8, r0
10004e6a:	681c      	ldr	r4, [r3, #0]
10004e6c:	2c00      	cmp	r4, #0
10004e6e:	d014      	beq.n	10004e9a <__wrap_putchar+0x66>
10004e70:	4f14      	ldr	r7, [pc, #80]	@ (10004ec4 <__wrap_putchar+0x90>)
10004e72:	e002      	b.n	10004e7a <__wrap_putchar+0x46>
10004e74:	6924      	ldr	r4, [r4, #16]
10004e76:	2c00      	cmp	r4, #0
10004e78:	d00f      	beq.n	10004e9a <__wrap_putchar+0x66>
10004e7a:	6823      	ldr	r3, [r4, #0]
10004e7c:	2b00      	cmp	r3, #0
10004e7e:	d0f9      	beq.n	10004e74 <__wrap_putchar+0x40>
10004e80:	683b      	ldr	r3, [r7, #0]
10004e82:	2b00      	cmp	r3, #0
10004e84:	d001      	beq.n	10004e8a <__wrap_putchar+0x56>
10004e86:	429c      	cmp	r4, r3
10004e88:	d1f4      	bne.n	10004e74 <__wrap_putchar+0x40>
10004e8a:	0020      	movs	r0, r4
10004e8c:	2201      	movs	r2, #1
10004e8e:	0029      	movs	r1, r5
10004e90:	f7ff fe38 	bl	10004b04 <stdio_out_chars_crlf>
10004e94:	6924      	ldr	r4, [r4, #16]
10004e96:	2c00      	cmp	r4, #0
10004e98:	d1ef      	bne.n	10004e7a <__wrap_putchar+0x46>
10004e9a:	4643      	mov	r3, r8
10004e9c:	2b00      	cmp	r3, #0
10004e9e:	d105      	bne.n	10004eac <__wrap_putchar+0x78>
10004ea0:	0030      	movs	r0, r6
10004ea2:	b003      	add	sp, #12
10004ea4:	bcc0      	pop	{r6, r7}
10004ea6:	46b9      	mov	r9, r7
10004ea8:	46b0      	mov	r8, r6
10004eaa:	bdf0      	pop	{r4, r5, r6, r7, pc}
10004eac:	4648      	mov	r0, r9
10004eae:	f004 f82f 	bl	10008f10 <__mutex_exit_veneer>
10004eb2:	e7f5      	b.n	10004ea0 <__wrap_putchar+0x6c>
10004eb4:	000f4240 	.word	0x000f4240
10004eb8:	7fffffff 	.word	0x7fffffff
10004ebc:	200017d0 	.word	0x200017d0
10004ec0:	20012940 	.word	0x20012940
10004ec4:	2001294c 	.word	0x2001294c

10004ec8 <__wrap_puts>:
10004ec8:	b570      	push	{r4, r5, r6, lr}
10004eca:	0004      	movs	r4, r0
10004ecc:	f003 fbae 	bl	1000862c <strlen>
10004ed0:	2301      	movs	r3, #1
10004ed2:	0001      	movs	r1, r0
10004ed4:	0005      	movs	r5, r0
10004ed6:	2201      	movs	r2, #1
10004ed8:	0020      	movs	r0, r4
10004eda:	f7ff fe87 	bl	10004bec <stdio_put_string>
10004ede:	4b08      	ldr	r3, [pc, #32]	@ (10004f00 <__wrap_puts+0x38>)
10004ee0:	681c      	ldr	r4, [r3, #0]
10004ee2:	2c00      	cmp	r4, #0
10004ee4:	d006      	beq.n	10004ef4 <__wrap_puts+0x2c>
10004ee6:	6863      	ldr	r3, [r4, #4]
10004ee8:	2b00      	cmp	r3, #0
10004eea:	d005      	beq.n	10004ef8 <__wrap_puts+0x30>
10004eec:	4798      	blx	r3
10004eee:	6924      	ldr	r4, [r4, #16]
10004ef0:	2c00      	cmp	r4, #0
10004ef2:	d1f8      	bne.n	10004ee6 <__wrap_puts+0x1e>
10004ef4:	0028      	movs	r0, r5
10004ef6:	bd70      	pop	{r4, r5, r6, pc}
10004ef8:	6924      	ldr	r4, [r4, #16]
10004efa:	2c00      	cmp	r4, #0
10004efc:	d1f3      	bne.n	10004ee6 <__wrap_puts+0x1e>
10004efe:	e7f9      	b.n	10004ef4 <__wrap_puts+0x2c>
10004f00:	20012940 	.word	0x20012940

10004f04 <__wrap_vprintf>:
10004f04:	b5f0      	push	{r4, r5, r6, r7, lr}
10004f06:	46ce      	mov	lr, r9
10004f08:	4647      	mov	r7, r8
10004f0a:	b580      	push	{r7, lr}
10004f0c:	b0a3      	sub	sp, #140	@ 0x8c
10004f0e:	0004      	movs	r4, r0
10004f10:	000e      	movs	r6, r1
10004f12:	f7fc fccb 	bl	100018ac <time_us_64>
10004f16:	2300      	movs	r3, #0
10004f18:	4a26      	ldr	r2, [pc, #152]	@ (10004fb4 <__wrap_vprintf+0xb0>)
10004f1a:	1812      	adds	r2, r2, r0
10004f1c:	414b      	adcs	r3, r1
10004f1e:	2b00      	cmp	r3, #0
10004f20:	da02      	bge.n	10004f28 <__wrap_vprintf+0x24>
10004f22:	2201      	movs	r2, #1
10004f24:	4b24      	ldr	r3, [pc, #144]	@ (10004fb8 <__wrap_vprintf+0xb4>)
10004f26:	4252      	negs	r2, r2
10004f28:	4824      	ldr	r0, [pc, #144]	@ (10004fbc <__wrap_vprintf+0xb8>)
10004f2a:	f003 ffe1 	bl	10008ef0 <__mutex_try_enter_block_until_veneer>
10004f2e:	2300      	movs	r3, #0
10004f30:	0022      	movs	r2, r4
10004f32:	9301      	str	r3, [sp, #4]
10004f34:	4680      	mov	r8, r0
10004f36:	0033      	movs	r3, r6
10004f38:	4821      	ldr	r0, [pc, #132]	@ (10004fc0 <__wrap_vprintf+0xbc>)
10004f3a:	a901      	add	r1, sp, #4
10004f3c:	f7ff fd48 	bl	100049d0 <vfctprintf>
10004f40:	4f20      	ldr	r7, [pc, #128]	@ (10004fc4 <__wrap_vprintf+0xc0>)
10004f42:	9b01      	ldr	r3, [sp, #4]
10004f44:	4681      	mov	r9, r0
10004f46:	683c      	ldr	r4, [r7, #0]
10004f48:	2b00      	cmp	r3, #0
10004f4a:	d019      	beq.n	10004f80 <__wrap_vprintf+0x7c>
10004f4c:	2c00      	cmp	r4, #0
10004f4e:	d02f      	beq.n	10004fb0 <__wrap_vprintf+0xac>
10004f50:	4e1d      	ldr	r6, [pc, #116]	@ (10004fc8 <__wrap_vprintf+0xc4>)
10004f52:	e002      	b.n	10004f5a <__wrap_vprintf+0x56>
10004f54:	6924      	ldr	r4, [r4, #16]
10004f56:	2c00      	cmp	r4, #0
10004f58:	d00f      	beq.n	10004f7a <__wrap_vprintf+0x76>
10004f5a:	6823      	ldr	r3, [r4, #0]
10004f5c:	2b00      	cmp	r3, #0
10004f5e:	d0f9      	beq.n	10004f54 <__wrap_vprintf+0x50>
10004f60:	6833      	ldr	r3, [r6, #0]
10004f62:	2b00      	cmp	r3, #0
10004f64:	d001      	beq.n	10004f6a <__wrap_vprintf+0x66>
10004f66:	42a3      	cmp	r3, r4
10004f68:	d1f4      	bne.n	10004f54 <__wrap_vprintf+0x50>
10004f6a:	0020      	movs	r0, r4
10004f6c:	9a01      	ldr	r2, [sp, #4]
10004f6e:	a902      	add	r1, sp, #8
10004f70:	f7ff fdc8 	bl	10004b04 <stdio_out_chars_crlf>
10004f74:	6924      	ldr	r4, [r4, #16]
10004f76:	2c00      	cmp	r4, #0
10004f78:	d1ef      	bne.n	10004f5a <__wrap_vprintf+0x56>
10004f7a:	2300      	movs	r3, #0
10004f7c:	683c      	ldr	r4, [r7, #0]
10004f7e:	9301      	str	r3, [sp, #4]
10004f80:	2c00      	cmp	r4, #0
10004f82:	d006      	beq.n	10004f92 <__wrap_vprintf+0x8e>
10004f84:	6863      	ldr	r3, [r4, #4]
10004f86:	2b00      	cmp	r3, #0
10004f88:	d00c      	beq.n	10004fa4 <__wrap_vprintf+0xa0>
10004f8a:	4798      	blx	r3
10004f8c:	6924      	ldr	r4, [r4, #16]
10004f8e:	2c00      	cmp	r4, #0
10004f90:	d1f8      	bne.n	10004f84 <__wrap_vprintf+0x80>
10004f92:	4643      	mov	r3, r8
10004f94:	2b00      	cmp	r3, #0
10004f96:	d107      	bne.n	10004fa8 <__wrap_vprintf+0xa4>
10004f98:	4648      	mov	r0, r9
10004f9a:	b023      	add	sp, #140	@ 0x8c
10004f9c:	bcc0      	pop	{r6, r7}
10004f9e:	46b9      	mov	r9, r7
10004fa0:	46b0      	mov	r8, r6
10004fa2:	bdf0      	pop	{r4, r5, r6, r7, pc}
10004fa4:	6924      	ldr	r4, [r4, #16]
10004fa6:	e7eb      	b.n	10004f80 <__wrap_vprintf+0x7c>
10004fa8:	4804      	ldr	r0, [pc, #16]	@ (10004fbc <__wrap_vprintf+0xb8>)
10004faa:	f003 ffb1 	bl	10008f10 <__mutex_exit_veneer>
10004fae:	e7f3      	b.n	10004f98 <__wrap_vprintf+0x94>
10004fb0:	9401      	str	r4, [sp, #4]
10004fb2:	e7ee      	b.n	10004f92 <__wrap_vprintf+0x8e>
10004fb4:	000f4240 	.word	0x000f4240
10004fb8:	7fffffff 	.word	0x7fffffff
10004fbc:	200017d0 	.word	0x200017d0
10004fc0:	10004b95 	.word	0x10004b95
10004fc4:	20012940 	.word	0x20012940
10004fc8:	2001294c 	.word	0x2001294c

10004fcc <__wrap_printf>:
10004fcc:	b40f      	push	{r0, r1, r2, r3}
10004fce:	b500      	push	{lr}
10004fd0:	b083      	sub	sp, #12
10004fd2:	a904      	add	r1, sp, #16
10004fd4:	c901      	ldmia	r1!, {r0}
10004fd6:	9101      	str	r1, [sp, #4]
10004fd8:	f7ff ff94 	bl	10004f04 <__wrap_vprintf>
10004fdc:	b003      	add	sp, #12
10004fde:	bc08      	pop	{r3}
10004fe0:	b004      	add	sp, #16
10004fe2:	4718      	bx	r3

10004fe4 <stdio_uart_out_chars>:
10004fe4:	b5f0      	push	{r4, r5, r6, r7, lr}
10004fe6:	2900      	cmp	r1, #0
10004fe8:	dd15      	ble.n	10005016 <stdio_uart_out_chars+0x32>
10004fea:	4b0e      	ldr	r3, [pc, #56]	@ (10005024 <stdio_uart_out_chars+0x40>)
10004fec:	270d      	movs	r7, #13
10004fee:	681a      	ldr	r2, [r3, #0]
10004ff0:	4b0d      	ldr	r3, [pc, #52]	@ (10005028 <stdio_uart_out_chars+0x44>)
10004ff2:	4c0e      	ldr	r4, [pc, #56]	@ (1000502c <stdio_uart_out_chars+0x48>)
10004ff4:	18d3      	adds	r3, r2, r3
10004ff6:	425d      	negs	r5, r3
10004ff8:	416b      	adcs	r3, r5
10004ffa:	1845      	adds	r5, r0, r1
10004ffc:	2120      	movs	r1, #32
10004ffe:	005b      	lsls	r3, r3, #1
10005000:	5f1e      	ldrsh	r6, [r3, r4]
10005002:	7804      	ldrb	r4, [r0, #0]
10005004:	42a6      	cmp	r6, r4
10005006:	d007      	beq.n	10005018 <stdio_uart_out_chars+0x34>
10005008:	6993      	ldr	r3, [r2, #24]
1000500a:	4219      	tst	r1, r3
1000500c:	d1fc      	bne.n	10005008 <stdio_uart_out_chars+0x24>
1000500e:	3001      	adds	r0, #1
10005010:	6014      	str	r4, [r2, #0]
10005012:	42a8      	cmp	r0, r5
10005014:	d1f5      	bne.n	10005002 <stdio_uart_out_chars+0x1e>
10005016:	bdf0      	pop	{r4, r5, r6, r7, pc}
10005018:	6993      	ldr	r3, [r2, #24]
1000501a:	4219      	tst	r1, r3
1000501c:	d1fc      	bne.n	10005018 <stdio_uart_out_chars+0x34>
1000501e:	6017      	str	r7, [r2, #0]
10005020:	e7f2      	b.n	10005008 <stdio_uart_out_chars+0x24>
10005022:	46c0      	nop			@ (mov r8, r8)
10005024:	20012da4 	.word	0x20012da4
10005028:	bffc8000 	.word	0xbffc8000
1000502c:	20012da0 	.word	0x20012da0

10005030 <stdio_uart_in_chars>:
10005030:	4b1f      	ldr	r3, [pc, #124]	@ (100050b0 <stdio_uart_in_chars+0x80>)
10005032:	b530      	push	{r4, r5, lr}
10005034:	681b      	ldr	r3, [r3, #0]
10005036:	1e0d      	subs	r5, r1, #0
10005038:	469c      	mov	ip, r3
1000503a:	dd2a      	ble.n	10005092 <stdio_uart_in_chars+0x62>
1000503c:	1e44      	subs	r4, r0, #1
1000503e:	2110      	movs	r1, #16
10005040:	2000      	movs	r0, #0
10005042:	4b1c      	ldr	r3, [pc, #112]	@ (100050b4 <stdio_uart_in_chars+0x84>)
10005044:	681a      	ldr	r2, [r3, #0]
10005046:	6993      	ldr	r3, [r2, #24]
10005048:	4219      	tst	r1, r3
1000504a:	d114      	bne.n	10005076 <stdio_uart_in_chars+0x46>
1000504c:	3001      	adds	r0, #1
1000504e:	6993      	ldr	r3, [r2, #24]
10005050:	4219      	tst	r1, r3
10005052:	d1fc      	bne.n	1000504e <stdio_uart_in_chars+0x1e>
10005054:	6813      	ldr	r3, [r2, #0]
10005056:	5423      	strb	r3, [r4, r0]
10005058:	4285      	cmp	r5, r0
1000505a:	d1f4      	bne.n	10005046 <stdio_uart_in_chars+0x16>
1000505c:	4663      	mov	r3, ip
1000505e:	2b00      	cmp	r3, #0
10005060:	d007      	beq.n	10005072 <stdio_uart_in_chars+0x42>
10005062:	2350      	movs	r3, #80	@ 0x50
10005064:	6393      	str	r3, [r2, #56]	@ 0x38
10005066:	6b51      	ldr	r1, [r2, #52]	@ 0x34
10005068:	3b18      	subs	r3, #24
1000506a:	400b      	ands	r3, r1
1000506c:	4912      	ldr	r1, [pc, #72]	@ (100050b8 <stdio_uart_in_chars+0x88>)
1000506e:	1852      	adds	r2, r2, r1
10005070:	6013      	str	r3, [r2, #0]
10005072:	0028      	movs	r0, r5
10005074:	bd30      	pop	{r4, r5, pc}
10005076:	4663      	mov	r3, ip
10005078:	2b00      	cmp	r3, #0
1000507a:	d007      	beq.n	1000508c <stdio_uart_in_chars+0x5c>
1000507c:	2350      	movs	r3, #80	@ 0x50
1000507e:	6393      	str	r3, [r2, #56]	@ 0x38
10005080:	6b51      	ldr	r1, [r2, #52]	@ 0x34
10005082:	3b18      	subs	r3, #24
10005084:	400b      	ands	r3, r1
10005086:	490c      	ldr	r1, [pc, #48]	@ (100050b8 <stdio_uart_in_chars+0x88>)
10005088:	1852      	adds	r2, r2, r1
1000508a:	6013      	str	r3, [r2, #0]
1000508c:	2800      	cmp	r0, #0
1000508e:	d1f1      	bne.n	10005074 <stdio_uart_in_chars+0x44>
10005090:	e00b      	b.n	100050aa <stdio_uart_in_chars+0x7a>
10005092:	2b00      	cmp	r3, #0
10005094:	d009      	beq.n	100050aa <stdio_uart_in_chars+0x7a>
10005096:	2250      	movs	r2, #80	@ 0x50
10005098:	4b06      	ldr	r3, [pc, #24]	@ (100050b4 <stdio_uart_in_chars+0x84>)
1000509a:	681b      	ldr	r3, [r3, #0]
1000509c:	639a      	str	r2, [r3, #56]	@ 0x38
1000509e:	6b59      	ldr	r1, [r3, #52]	@ 0x34
100050a0:	3a18      	subs	r2, #24
100050a2:	400a      	ands	r2, r1
100050a4:	4904      	ldr	r1, [pc, #16]	@ (100050b8 <stdio_uart_in_chars+0x88>)
100050a6:	185b      	adds	r3, r3, r1
100050a8:	601a      	str	r2, [r3, #0]
100050aa:	2003      	movs	r0, #3
100050ac:	4240      	negs	r0, r0
100050ae:	e7e1      	b.n	10005074 <stdio_uart_in_chars+0x44>
100050b0:	200128d4 	.word	0x200128d4
100050b4:	20012da4 	.word	0x20012da4
100050b8:	00001034 	.word	0x00001034

100050bc <on_uart_rx>:
100050bc:	4b06      	ldr	r3, [pc, #24]	@ (100050d8 <on_uart_rx+0x1c>)
100050be:	b510      	push	{r4, lr}
100050c0:	681b      	ldr	r3, [r3, #0]
100050c2:	2b00      	cmp	r3, #0
100050c4:	d006      	beq.n	100050d4 <on_uart_rx+0x18>
100050c6:	2100      	movs	r1, #0
100050c8:	4a04      	ldr	r2, [pc, #16]	@ (100050dc <on_uart_rx+0x20>)
100050ca:	6812      	ldr	r2, [r2, #0]
100050cc:	6391      	str	r1, [r2, #56]	@ 0x38
100050ce:	4a04      	ldr	r2, [pc, #16]	@ (100050e0 <on_uart_rx+0x24>)
100050d0:	6810      	ldr	r0, [r2, #0]
100050d2:	4798      	blx	r3
100050d4:	bd10      	pop	{r4, pc}
100050d6:	46c0      	nop			@ (mov r8, r8)
100050d8:	200128d4 	.word	0x200128d4
100050dc:	20012da4 	.word	0x20012da4
100050e0:	200128dc 	.word	0x200128dc

100050e4 <stdio_uart_out_flush>:
100050e4:	2208      	movs	r2, #8
100050e6:	4b03      	ldr	r3, [pc, #12]	@ (100050f4 <stdio_uart_out_flush+0x10>)
100050e8:	6819      	ldr	r1, [r3, #0]
100050ea:	698b      	ldr	r3, [r1, #24]
100050ec:	421a      	tst	r2, r3
100050ee:	d1fc      	bne.n	100050ea <stdio_uart_out_flush+0x6>
100050f0:	4770      	bx	lr
100050f2:	46c0      	nop			@ (mov r8, r8)
100050f4:	20012da4 	.word	0x20012da4

100050f8 <stdio_uart_set_chars_available_callback>:
100050f8:	b570      	push	{r4, r5, r6, lr}
100050fa:	4e1a      	ldr	r6, [pc, #104]	@ (10005164 <stdio_uart_set_chars_available_callback+0x6c>)
100050fc:	4b1a      	ldr	r3, [pc, #104]	@ (10005168 <stdio_uart_set_chars_available_callback+0x70>)
100050fe:	6832      	ldr	r2, [r6, #0]
10005100:	0004      	movs	r4, r0
10005102:	18d3      	adds	r3, r2, r3
10005104:	4258      	negs	r0, r3
10005106:	4143      	adcs	r3, r0
10005108:	4d18      	ldr	r5, [pc, #96]	@ (1000516c <stdio_uart_set_chars_available_callback+0x74>)
1000510a:	3314      	adds	r3, #20
1000510c:	0018      	movs	r0, r3
1000510e:	682b      	ldr	r3, [r5, #0]
10005110:	2c00      	cmp	r4, #0
10005112:	d002      	beq.n	1000511a <stdio_uart_set_chars_available_callback+0x22>
10005114:	2b00      	cmp	r3, #0
10005116:	d00f      	beq.n	10005138 <stdio_uart_set_chars_available_callback+0x40>
10005118:	bd70      	pop	{r4, r5, r6, pc}
1000511a:	2b00      	cmp	r3, #0
1000511c:	d0fc      	beq.n	10005118 <stdio_uart_set_chars_available_callback+0x20>
1000511e:	0006      	movs	r6, r0
10005120:	2100      	movs	r1, #0
10005122:	6394      	str	r4, [r2, #56]	@ 0x38
10005124:	f7fb fcb0 	bl	10000a88 <irq_set_enabled>
10005128:	0030      	movs	r0, r6
1000512a:	4911      	ldr	r1, [pc, #68]	@ (10005170 <stdio_uart_set_chars_available_callback+0x78>)
1000512c:	f7fb fde8 	bl	10000d00 <irq_remove_handler>
10005130:	4b10      	ldr	r3, [pc, #64]	@ (10005174 <stdio_uart_set_chars_available_callback+0x7c>)
10005132:	602c      	str	r4, [r5, #0]
10005134:	601c      	str	r4, [r3, #0]
10005136:	e7ef      	b.n	10005118 <stdio_uart_set_chars_available_callback+0x20>
10005138:	602c      	str	r4, [r5, #0]
1000513a:	0004      	movs	r4, r0
1000513c:	4b0d      	ldr	r3, [pc, #52]	@ (10005174 <stdio_uart_set_chars_available_callback+0x7c>)
1000513e:	6019      	str	r1, [r3, #0]
10005140:	490b      	ldr	r1, [pc, #44]	@ (10005170 <stdio_uart_set_chars_available_callback+0x78>)
10005142:	f7fb fcd7 	bl	10000af4 <irq_set_exclusive_handler>
10005146:	2101      	movs	r1, #1
10005148:	0020      	movs	r0, r4
1000514a:	f7fb fc9d 	bl	10000a88 <irq_set_enabled>
1000514e:	2250      	movs	r2, #80	@ 0x50
10005150:	6833      	ldr	r3, [r6, #0]
10005152:	639a      	str	r2, [r3, #56]	@ 0x38
10005154:	6b59      	ldr	r1, [r3, #52]	@ 0x34
10005156:	3a18      	subs	r2, #24
10005158:	400a      	ands	r2, r1
1000515a:	4907      	ldr	r1, [pc, #28]	@ (10005178 <stdio_uart_set_chars_available_callback+0x80>)
1000515c:	185b      	adds	r3, r3, r1
1000515e:	601a      	str	r2, [r3, #0]
10005160:	e7da      	b.n	10005118 <stdio_uart_set_chars_available_callback+0x20>
10005162:	46c0      	nop			@ (mov r8, r8)
10005164:	20012da4 	.word	0x20012da4
10005168:	bffc8000 	.word	0xbffc8000
1000516c:	200128d4 	.word	0x200128d4
10005170:	100050bd 	.word	0x100050bd
10005174:	200128dc 	.word	0x200128dc
10005178:	00001034 	.word	0x00001034

1000517c <stdio_uart_init>:
1000517c:	4b0d      	ldr	r3, [pc, #52]	@ (100051b4 <stdio_uart_init+0x38>)
1000517e:	b510      	push	{r4, lr}
10005180:	781b      	ldrb	r3, [r3, #0]
10005182:	4b0d      	ldr	r3, [pc, #52]	@ (100051b8 <stdio_uart_init+0x3c>)
10005184:	4c0d      	ldr	r4, [pc, #52]	@ (100051bc <stdio_uart_init+0x40>)
10005186:	781b      	ldrb	r3, [r3, #0]
10005188:	4b0d      	ldr	r3, [pc, #52]	@ (100051c0 <stdio_uart_init+0x44>)
1000518a:	2102      	movs	r1, #2
1000518c:	781b      	ldrb	r3, [r3, #0]
1000518e:	4b0d      	ldr	r3, [pc, #52]	@ (100051c4 <stdio_uart_init+0x48>)
10005190:	2000      	movs	r0, #0
10005192:	6023      	str	r3, [r4, #0]
10005194:	f7fb fb54 	bl	10000840 <gpio_set_function>
10005198:	2102      	movs	r1, #2
1000519a:	2001      	movs	r0, #1
1000519c:	f7fb fb50 	bl	10000840 <gpio_set_function>
100051a0:	21e1      	movs	r1, #225	@ 0xe1
100051a2:	6820      	ldr	r0, [r4, #0]
100051a4:	0249      	lsls	r1, r1, #9
100051a6:	f7fc fbd1 	bl	1000194c <uart_init>
100051aa:	2101      	movs	r1, #1
100051ac:	4806      	ldr	r0, [pc, #24]	@ (100051c8 <stdio_uart_init+0x4c>)
100051ae:	f7ff fdd5 	bl	10004d5c <stdio_set_driver_enabled>
100051b2:	bd10      	pop	{r4, pc}
100051b4:	10009afc 	.word	0x10009afc
100051b8:	10009af8 	.word	0x10009af8
100051bc:	20012da4 	.word	0x20012da4
100051c0:	10009af4 	.word	0x10009af4
100051c4:	40034000 	.word	0x40034000
100051c8:	20001160 	.word	0x20001160

100051cc <stdio_usb_set_chars_available_callback>:
100051cc:	4b02      	ldr	r3, [pc, #8]	@ (100051d8 <stdio_usb_set_chars_available_callback+0xc>)
100051ce:	6018      	str	r0, [r3, #0]
100051d0:	4b02      	ldr	r3, [pc, #8]	@ (100051dc <stdio_usb_set_chars_available_callback+0x10>)
100051d2:	6019      	str	r1, [r3, #0]
100051d4:	4770      	bx	lr
100051d6:	46c0      	nop			@ (mov r8, r8)
100051d8:	200128d8 	.word	0x200128d8
100051dc:	200128e0 	.word	0x200128e0

100051e0 <usb_irq>:
100051e0:	b510      	push	{r4, lr}
100051e2:	4b02      	ldr	r3, [pc, #8]	@ (100051ec <usb_irq+0xc>)
100051e4:	7818      	ldrb	r0, [r3, #0]
100051e6:	f7fb fc6d 	bl	10000ac4 <irq_set_pending>
100051ea:	bd10      	pop	{r4, pc}
100051ec:	20012dc2 	.word	0x20012dc2

100051f0 <timer_task>:
100051f0:	4b15      	ldr	r3, [pc, #84]	@ (10005248 <timer_task+0x58>)
100051f2:	b570      	push	{r4, r5, r6, lr}
100051f4:	681a      	ldr	r2, [r3, #0]
100051f6:	2a00      	cmp	r2, #0
100051f8:	d022      	beq.n	10005240 <timer_task+0x50>
100051fa:	f3ef 8110 	mrs	r1, PRIMASK
100051fe:	b672      	cpsid	i
10005200:	6810      	ldr	r0, [r2, #0]
10005202:	2800      	cmp	r0, #0
10005204:	d0fc      	beq.n	10005200 <timer_task+0x10>
10005206:	f3bf 8f5f 	dmb	sy
1000520a:	2000      	movs	r0, #0
1000520c:	4a0f      	ldr	r2, [pc, #60]	@ (1000524c <timer_task+0x5c>)
1000520e:	6059      	str	r1, [r3, #4]
10005210:	7010      	strb	r0, [r2, #0]
10005212:	681b      	ldr	r3, [r3, #0]
10005214:	f3bf 8f5f 	dmb	sy
10005218:	6018      	str	r0, [r3, #0]
1000521a:	f381 8810 	msr	PRIMASK, r1
1000521e:	2400      	movs	r4, #0
10005220:	2500      	movs	r5, #0
10005222:	4e0b      	ldr	r6, [pc, #44]	@ (10005250 <timer_task+0x60>)
10005224:	7830      	ldrb	r0, [r6, #0]
10005226:	f7fb fc41 	bl	10000aac <irq_is_enabled>
1000522a:	2800      	cmp	r0, #0
1000522c:	d104      	bne.n	10005238 <timer_task+0x48>
1000522e:	2400      	movs	r4, #0
10005230:	2500      	movs	r5, #0
10005232:	0029      	movs	r1, r5
10005234:	0020      	movs	r0, r4
10005236:	bd70      	pop	{r4, r5, r6, pc}
10005238:	7830      	ldrb	r0, [r6, #0]
1000523a:	f7fb fc43 	bl	10000ac4 <irq_set_pending>
1000523e:	e7f8      	b.n	10005232 <timer_task+0x42>
10005240:	24fa      	movs	r4, #250	@ 0xfa
10005242:	2500      	movs	r5, #0
10005244:	00a4      	lsls	r4, r4, #2
10005246:	e7ec      	b.n	10005222 <timer_task+0x32>
10005248:	20012d6c 	.word	0x20012d6c
1000524c:	20012dc3 	.word	0x20012dc3
10005250:	20012dc2 	.word	0x20012dc2

10005254 <stdio_usb_in_chars>:
10005254:	b570      	push	{r4, r5, r6, lr}
10005256:	0005      	movs	r5, r0
10005258:	2000      	movs	r0, #0
1000525a:	000e      	movs	r6, r1
1000525c:	f001 fb78 	bl	10006950 <tud_cdc_n_connected>
10005260:	2800      	cmp	r0, #0
10005262:	d034      	beq.n	100052ce <stdio_usb_in_chars+0x7a>
10005264:	2000      	movs	r0, #0
10005266:	f001 fb89 	bl	1000697c <tud_cdc_n_available>
1000526a:	2800      	cmp	r0, #0
1000526c:	d02f      	beq.n	100052ce <stdio_usb_in_chars+0x7a>
1000526e:	f7fc fb1d 	bl	100018ac <time_us_64>
10005272:	2300      	movs	r3, #0
10005274:	4a17      	ldr	r2, [pc, #92]	@ (100052d4 <stdio_usb_in_chars+0x80>)
10005276:	1812      	adds	r2, r2, r0
10005278:	414b      	adcs	r3, r1
1000527a:	2b00      	cmp	r3, #0
1000527c:	db16      	blt.n	100052ac <stdio_usb_in_chars+0x58>
1000527e:	4c16      	ldr	r4, [pc, #88]	@ (100052d8 <stdio_usb_in_chars+0x84>)
10005280:	0020      	movs	r0, r4
10005282:	f003 fe35 	bl	10008ef0 <__mutex_try_enter_block_until_veneer>
10005286:	2800      	cmp	r0, #0
10005288:	d021      	beq.n	100052ce <stdio_usb_in_chars+0x7a>
1000528a:	2000      	movs	r0, #0
1000528c:	f001 fb60 	bl	10006950 <tud_cdc_n_connected>
10005290:	2800      	cmp	r0, #0
10005292:	d10f      	bne.n	100052b4 <stdio_usb_in_chars+0x60>
10005294:	2001      	movs	r0, #1
10005296:	2100      	movs	r1, #0
10005298:	4240      	negs	r0, r0
1000529a:	f000 fd89 	bl	10005db0 <tud_task_ext>
1000529e:	2503      	movs	r5, #3
100052a0:	426d      	negs	r5, r5
100052a2:	0020      	movs	r0, r4
100052a4:	f003 fe34 	bl	10008f10 <__mutex_exit_veneer>
100052a8:	0028      	movs	r0, r5
100052aa:	bd70      	pop	{r4, r5, r6, pc}
100052ac:	2201      	movs	r2, #1
100052ae:	4b0b      	ldr	r3, [pc, #44]	@ (100052dc <stdio_usb_in_chars+0x88>)
100052b0:	4252      	negs	r2, r2
100052b2:	e7e4      	b.n	1000527e <stdio_usb_in_chars+0x2a>
100052b4:	2000      	movs	r0, #0
100052b6:	f001 fb61 	bl	1000697c <tud_cdc_n_available>
100052ba:	2800      	cmp	r0, #0
100052bc:	d0ea      	beq.n	10005294 <stdio_usb_in_chars+0x40>
100052be:	0029      	movs	r1, r5
100052c0:	0032      	movs	r2, r6
100052c2:	2000      	movs	r0, #0
100052c4:	f001 fb64 	bl	10006990 <tud_cdc_n_read>
100052c8:	1e05      	subs	r5, r0, #0
100052ca:	d1ea      	bne.n	100052a2 <stdio_usb_in_chars+0x4e>
100052cc:	e7e7      	b.n	1000529e <stdio_usb_in_chars+0x4a>
100052ce:	2503      	movs	r5, #3
100052d0:	426d      	negs	r5, r5
100052d2:	e7e9      	b.n	100052a8 <stdio_usb_in_chars+0x54>
100052d4:	000f4240 	.word	0x000f4240
100052d8:	20012d94 	.word	0x20012d94
100052dc:	7fffffff 	.word	0x7fffffff

100052e0 <stdio_usb_out_flush>:
100052e0:	b510      	push	{r4, lr}
100052e2:	f7fc fae3 	bl	100018ac <time_us_64>
100052e6:	2300      	movs	r3, #0
100052e8:	4a0d      	ldr	r2, [pc, #52]	@ (10005320 <stdio_usb_out_flush+0x40>)
100052ea:	1812      	adds	r2, r2, r0
100052ec:	414b      	adcs	r3, r1
100052ee:	2b00      	cmp	r3, #0
100052f0:	da02      	bge.n	100052f8 <stdio_usb_out_flush+0x18>
100052f2:	2201      	movs	r2, #1
100052f4:	4b0b      	ldr	r3, [pc, #44]	@ (10005324 <stdio_usb_out_flush+0x44>)
100052f6:	4252      	negs	r2, r2
100052f8:	480b      	ldr	r0, [pc, #44]	@ (10005328 <stdio_usb_out_flush+0x48>)
100052fa:	f003 fdf9 	bl	10008ef0 <__mutex_try_enter_block_until_veneer>
100052fe:	2800      	cmp	r0, #0
10005300:	d00c      	beq.n	1000531c <stdio_usb_out_flush+0x3c>
10005302:	2001      	movs	r0, #1
10005304:	2100      	movs	r1, #0
10005306:	4240      	negs	r0, r0
10005308:	f000 fd52 	bl	10005db0 <tud_task_ext>
1000530c:	2000      	movs	r0, #0
1000530e:	f001 fb83 	bl	10006a18 <tud_cdc_n_write_flush>
10005312:	2800      	cmp	r0, #0
10005314:	d1f5      	bne.n	10005302 <stdio_usb_out_flush+0x22>
10005316:	4804      	ldr	r0, [pc, #16]	@ (10005328 <stdio_usb_out_flush+0x48>)
10005318:	f003 fdfa 	bl	10008f10 <__mutex_exit_veneer>
1000531c:	bd10      	pop	{r4, pc}
1000531e:	46c0      	nop			@ (mov r8, r8)
10005320:	000f4240 	.word	0x000f4240
10005324:	7fffffff 	.word	0x7fffffff
10005328:	20012d94 	.word	0x20012d94

1000532c <stdio_usb_out_chars>:
1000532c:	b5f8      	push	{r3, r4, r5, r6, r7, lr}
1000532e:	46ce      	mov	lr, r9
10005330:	4647      	mov	r7, r8
10005332:	b580      	push	{r7, lr}
10005334:	0005      	movs	r5, r0
10005336:	000c      	movs	r4, r1
10005338:	f7fc fab8 	bl	100018ac <time_us_64>
1000533c:	2300      	movs	r3, #0
1000533e:	4a34      	ldr	r2, [pc, #208]	@ (10005410 <stdio_usb_out_chars+0xe4>)
10005340:	1812      	adds	r2, r2, r0
10005342:	414b      	adcs	r3, r1
10005344:	2b00      	cmp	r3, #0
10005346:	da02      	bge.n	1000534e <stdio_usb_out_chars+0x22>
10005348:	2201      	movs	r2, #1
1000534a:	4b32      	ldr	r3, [pc, #200]	@ (10005414 <stdio_usb_out_chars+0xe8>)
1000534c:	4252      	negs	r2, r2
1000534e:	4932      	ldr	r1, [pc, #200]	@ (10005418 <stdio_usb_out_chars+0xec>)
10005350:	0008      	movs	r0, r1
10005352:	4688      	mov	r8, r1
10005354:	f003 fdcc 	bl	10008ef0 <__mutex_try_enter_block_until_veneer>
10005358:	2800      	cmp	r0, #0
1000535a:	d103      	bne.n	10005364 <stdio_usb_out_chars+0x38>
1000535c:	bcc0      	pop	{r6, r7}
1000535e:	46b9      	mov	r9, r7
10005360:	46b0      	mov	r8, r6
10005362:	bdf8      	pop	{r3, r4, r5, r6, r7, pc}
10005364:	2000      	movs	r0, #0
10005366:	f001 faf3 	bl	10006950 <tud_cdc_n_connected>
1000536a:	2800      	cmp	r0, #0
1000536c:	d048      	beq.n	10005400 <stdio_usb_out_chars+0xd4>
1000536e:	2600      	movs	r6, #0
10005370:	2c00      	cmp	r4, #0
10005372:	dd41      	ble.n	100053f8 <stdio_usb_out_chars+0xcc>
10005374:	4b29      	ldr	r3, [pc, #164]	@ (1000541c <stdio_usb_out_chars+0xf0>)
10005376:	4699      	mov	r9, r3
10005378:	e013      	b.n	100053a2 <stdio_usb_out_chars+0x76>
1000537a:	19a9      	adds	r1, r5, r6
1000537c:	2000      	movs	r0, #0
1000537e:	f001 fb87 	bl	10006a90 <tud_cdc_n_write>
10005382:	0007      	movs	r7, r0
10005384:	2001      	movs	r0, #1
10005386:	2100      	movs	r1, #0
10005388:	4240      	negs	r0, r0
1000538a:	f000 fd11 	bl	10005db0 <tud_task_ext>
1000538e:	2000      	movs	r0, #0
10005390:	f001 fb42 	bl	10006a18 <tud_cdc_n_write_flush>
10005394:	f7fc fa8a 	bl	100018ac <time_us_64>
10005398:	4b20      	ldr	r3, [pc, #128]	@ (1000541c <stdio_usb_out_chars+0xf0>)
1000539a:	19f6      	adds	r6, r6, r7
1000539c:	c303      	stmia	r3!, {r0, r1}
1000539e:	42b4      	cmp	r4, r6
100053a0:	dd2a      	ble.n	100053f8 <stdio_usb_out_chars+0xcc>
100053a2:	2000      	movs	r0, #0
100053a4:	f001 fb94 	bl	10006ad0 <tud_cdc_n_write_available>
100053a8:	1ba7      	subs	r7, r4, r6
100053aa:	0002      	movs	r2, r0
100053ac:	42b8      	cmp	r0, r7
100053ae:	dd00      	ble.n	100053b2 <stdio_usb_out_chars+0x86>
100053b0:	003a      	movs	r2, r7
100053b2:	2a00      	cmp	r2, #0
100053b4:	d1e1      	bne.n	1000537a <stdio_usb_out_chars+0x4e>
100053b6:	2001      	movs	r0, #1
100053b8:	2100      	movs	r1, #0
100053ba:	4240      	negs	r0, r0
100053bc:	f000 fcf8 	bl	10005db0 <tud_task_ext>
100053c0:	2000      	movs	r0, #0
100053c2:	f001 fb29 	bl	10006a18 <tud_cdc_n_write_flush>
100053c6:	2000      	movs	r0, #0
100053c8:	f001 fac2 	bl	10006950 <tud_cdc_n_connected>
100053cc:	2800      	cmp	r0, #0
100053ce:	d013      	beq.n	100053f8 <stdio_usb_out_chars+0xcc>
100053d0:	2000      	movs	r0, #0
100053d2:	f001 fb7d 	bl	10006ad0 <tud_cdc_n_write_available>
100053d6:	2800      	cmp	r0, #0
100053d8:	d1e1      	bne.n	1000539e <stdio_usb_out_chars+0x72>
100053da:	f7fc fa67 	bl	100018ac <time_us_64>
100053de:	464b      	mov	r3, r9
100053e0:	000f      	movs	r7, r1
100053e2:	cb0c      	ldmia	r3, {r2, r3}
100053e4:	2100      	movs	r1, #0
100053e6:	4684      	mov	ip, r0
100053e8:	480d      	ldr	r0, [pc, #52]	@ (10005420 <stdio_usb_out_chars+0xf4>)
100053ea:	1812      	adds	r2, r2, r0
100053ec:	414b      	adcs	r3, r1
100053ee:	429f      	cmp	r7, r3
100053f0:	d802      	bhi.n	100053f8 <stdio_usb_out_chars+0xcc>
100053f2:	d1d4      	bne.n	1000539e <stdio_usb_out_chars+0x72>
100053f4:	4594      	cmp	ip, r2
100053f6:	d9d2      	bls.n	1000539e <stdio_usb_out_chars+0x72>
100053f8:	4640      	mov	r0, r8
100053fa:	f003 fd89 	bl	10008f10 <__mutex_exit_veneer>
100053fe:	e7ad      	b.n	1000535c <stdio_usb_out_chars+0x30>
10005400:	2000      	movs	r0, #0
10005402:	2100      	movs	r1, #0
10005404:	4b05      	ldr	r3, [pc, #20]	@ (1000541c <stdio_usb_out_chars+0xf0>)
10005406:	c303      	stmia	r3!, {r0, r1}
10005408:	4640      	mov	r0, r8
1000540a:	f003 fd81 	bl	10008f10 <__mutex_exit_veneer>
1000540e:	e7a5      	b.n	1000535c <stdio_usb_out_chars+0x30>
10005410:	000f4240 	.word	0x000f4240
10005414:	7fffffff 	.word	0x7fffffff
10005418:	20012d94 	.word	0x20012d94
1000541c:	20012248 	.word	0x20012248
10005420:	0007a120 	.word	0x0007a120

10005424 <low_priority_worker_irq>:
10005424:	b530      	push	{r4, r5, lr}
10005426:	2100      	movs	r1, #0
10005428:	b085      	sub	sp, #20
1000542a:	4828      	ldr	r0, [pc, #160]	@ (100054cc <low_priority_worker_irq+0xa8>)
1000542c:	f003 fd58 	bl	10008ee0 <__mutex_try_enter_veneer>
10005430:	2800      	cmp	r0, #0
10005432:	d11c      	bne.n	1000546e <low_priority_worker_irq+0x4a>
10005434:	4b26      	ldr	r3, [pc, #152]	@ (100054d0 <low_priority_worker_irq+0xac>)
10005436:	681a      	ldr	r2, [r3, #0]
10005438:	2a00      	cmp	r2, #0
1000543a:	d016      	beq.n	1000546a <low_priority_worker_irq+0x46>
1000543c:	f3ef 8110 	mrs	r1, PRIMASK
10005440:	b672      	cpsid	i
10005442:	6810      	ldr	r0, [r2, #0]
10005444:	2800      	cmp	r0, #0
10005446:	d0fc      	beq.n	10005442 <low_priority_worker_irq+0x1e>
10005448:	f3bf 8f5f 	dmb	sy
1000544c:	2401      	movs	r4, #1
1000544e:	4821      	ldr	r0, [pc, #132]	@ (100054d4 <low_priority_worker_irq+0xb0>)
10005450:	6059      	str	r1, [r3, #4]
10005452:	7802      	ldrb	r2, [r0, #0]
10005454:	681b      	ldr	r3, [r3, #0]
10005456:	b2d2      	uxtb	r2, r2
10005458:	7004      	strb	r4, [r0, #0]
1000545a:	f3bf 8f5f 	dmb	sy
1000545e:	2000      	movs	r0, #0
10005460:	6018      	str	r0, [r3, #0]
10005462:	f381 8810 	msr	PRIMASK, r1
10005466:	2a00      	cmp	r2, #0
10005468:	d017      	beq.n	1000549a <low_priority_worker_irq+0x76>
1000546a:	b005      	add	sp, #20
1000546c:	bd30      	pop	{r4, r5, pc}
1000546e:	2001      	movs	r0, #1
10005470:	2100      	movs	r1, #0
10005472:	4240      	negs	r0, r0
10005474:	f000 fc9c 	bl	10005db0 <tud_task_ext>
10005478:	2000      	movs	r0, #0
1000547a:	f001 fa7f 	bl	1000697c <tud_cdc_n_available>
1000547e:	0005      	movs	r5, r0
10005480:	4812      	ldr	r0, [pc, #72]	@ (100054cc <low_priority_worker_irq+0xa8>)
10005482:	f003 fd45 	bl	10008f10 <__mutex_exit_veneer>
10005486:	2d00      	cmp	r5, #0
10005488:	d0ef      	beq.n	1000546a <low_priority_worker_irq+0x46>
1000548a:	4b13      	ldr	r3, [pc, #76]	@ (100054d8 <low_priority_worker_irq+0xb4>)
1000548c:	681b      	ldr	r3, [r3, #0]
1000548e:	2b00      	cmp	r3, #0
10005490:	d0eb      	beq.n	1000546a <low_priority_worker_irq+0x46>
10005492:	4a12      	ldr	r2, [pc, #72]	@ (100054dc <low_priority_worker_irq+0xb8>)
10005494:	6810      	ldr	r0, [r2, #0]
10005496:	4798      	blx	r3
10005498:	e7e7      	b.n	1000546a <low_priority_worker_irq+0x46>
1000549a:	f7fb ffdd 	bl	10001458 <alarm_pool_get_default>
1000549e:	0004      	movs	r4, r0
100054a0:	f7fc fa04 	bl	100018ac <time_us_64>
100054a4:	22fa      	movs	r2, #250	@ 0xfa
100054a6:	2300      	movs	r3, #0
100054a8:	0092      	lsls	r2, r2, #2
100054aa:	1812      	adds	r2, r2, r0
100054ac:	414b      	adcs	r3, r1
100054ae:	2b00      	cmp	r3, #0
100054b0:	da02      	bge.n	100054b8 <low_priority_worker_irq+0x94>
100054b2:	2201      	movs	r2, #1
100054b4:	4b0a      	ldr	r3, [pc, #40]	@ (100054e0 <low_priority_worker_irq+0xbc>)
100054b6:	4252      	negs	r2, r2
100054b8:	2101      	movs	r1, #1
100054ba:	9102      	str	r1, [sp, #8]
100054bc:	2100      	movs	r1, #0
100054be:	9101      	str	r1, [sp, #4]
100054c0:	4908      	ldr	r1, [pc, #32]	@ (100054e4 <low_priority_worker_irq+0xc0>)
100054c2:	0020      	movs	r0, r4
100054c4:	9100      	str	r1, [sp, #0]
100054c6:	f7fb ffcb 	bl	10001460 <alarm_pool_add_alarm_at>
100054ca:	e7ce      	b.n	1000546a <low_priority_worker_irq+0x46>
100054cc:	20012d94 	.word	0x20012d94
100054d0:	20012d6c 	.word	0x20012d6c
100054d4:	20012dc3 	.word	0x20012dc3
100054d8:	200128d8 	.word	0x200128d8
100054dc:	200128e0 	.word	0x200128e0
100054e0:	7fffffff 	.word	0x7fffffff
100054e4:	100051f1 	.word	0x100051f1

100054e8 <stdio_usb_init>:
100054e8:	23d0      	movs	r3, #208	@ 0xd0
100054ea:	b510      	push	{r4, lr}
100054ec:	061b      	lsls	r3, r3, #24
100054ee:	b084      	sub	sp, #16
100054f0:	681c      	ldr	r4, [r3, #0]
100054f2:	f7fb ffb1 	bl	10001458 <alarm_pool_get_default>
100054f6:	f7fc f8b1 	bl	1000165c <alarm_pool_core_num>
100054fa:	42a0      	cmp	r0, r4
100054fc:	d002      	beq.n	10005504 <stdio_usb_init+0x1c>
100054fe:	2000      	movs	r0, #0
10005500:	b004      	add	sp, #16
10005502:	bd10      	pop	{r4, pc}
10005504:	4b28      	ldr	r3, [pc, #160]	@ (100055a8 <stdio_usb_init+0xc0>)
10005506:	2100      	movs	r1, #0
10005508:	2000      	movs	r0, #0
1000550a:	781b      	ldrb	r3, [r3, #0]
1000550c:	f001 fca6 	bl	10006e5c <tusb_rhport_init>
10005510:	4826      	ldr	r0, [pc, #152]	@ (100055ac <stdio_usb_init+0xc4>)
10005512:	6803      	ldr	r3, [r0, #0]
10005514:	2b00      	cmp	r3, #0
10005516:	d044      	beq.n	100055a2 <stdio_usb_init+0xba>
10005518:	2001      	movs	r0, #1
1000551a:	f7fb fd35 	bl	10000f88 <user_irq_claim_unused>
1000551e:	23ff      	movs	r3, #255	@ 0xff
10005520:	4c23      	ldr	r4, [pc, #140]	@ (100055b0 <stdio_usb_init+0xc8>)
10005522:	4924      	ldr	r1, [pc, #144]	@ (100055b4 <stdio_usb_init+0xcc>)
10005524:	7020      	strb	r0, [r4, #0]
10005526:	4018      	ands	r0, r3
10005528:	f7fb fae4 	bl	10000af4 <irq_set_exclusive_handler>
1000552c:	7820      	ldrb	r0, [r4, #0]
1000552e:	2101      	movs	r1, #1
10005530:	f7fb faaa 	bl	10000a88 <irq_set_enabled>
10005534:	2005      	movs	r0, #5
10005536:	f7fb facd 	bl	10000ad4 <irq_has_shared_handler>
1000553a:	2800      	cmp	r0, #0
1000553c:	d124      	bne.n	10005588 <stdio_usb_init+0xa0>
1000553e:	2208      	movs	r2, #8
10005540:	2100      	movs	r1, #0
10005542:	481d      	ldr	r0, [pc, #116]	@ (100055b8 <stdio_usb_init+0xd0>)
10005544:	f7fd fea0 	bl	10003288 <__wrap_memset>
10005548:	f7fb ff86 	bl	10001458 <alarm_pool_get_default>
1000554c:	0004      	movs	r4, r0
1000554e:	f7fc f9ad 	bl	100018ac <time_us_64>
10005552:	22fa      	movs	r2, #250	@ 0xfa
10005554:	2300      	movs	r3, #0
10005556:	0092      	lsls	r2, r2, #2
10005558:	1812      	adds	r2, r2, r0
1000555a:	414b      	adcs	r3, r1
1000555c:	2b00      	cmp	r3, #0
1000555e:	da02      	bge.n	10005566 <stdio_usb_init+0x7e>
10005560:	2201      	movs	r2, #1
10005562:	4b16      	ldr	r3, [pc, #88]	@ (100055bc <stdio_usb_init+0xd4>)
10005564:	4252      	negs	r2, r2
10005566:	2101      	movs	r1, #1
10005568:	9102      	str	r1, [sp, #8]
1000556a:	2100      	movs	r1, #0
1000556c:	9101      	str	r1, [sp, #4]
1000556e:	4914      	ldr	r1, [pc, #80]	@ (100055c0 <stdio_usb_init+0xd8>)
10005570:	0020      	movs	r0, r4
10005572:	9100      	str	r1, [sp, #0]
10005574:	f7fb ff74 	bl	10001460 <alarm_pool_add_alarm_at>
10005578:	2800      	cmp	r0, #0
1000557a:	dbc0      	blt.n	100054fe <stdio_usb_init+0x16>
1000557c:	4811      	ldr	r0, [pc, #68]	@ (100055c4 <stdio_usb_init+0xdc>)
1000557e:	2101      	movs	r1, #1
10005580:	f7ff fbec 	bl	10004d5c <stdio_set_driver_enabled>
10005584:	2001      	movs	r0, #1
10005586:	e7bb      	b.n	10005500 <stdio_usb_init+0x18>
10005588:	2001      	movs	r0, #1
1000558a:	f7fb fa3b 	bl	10000a04 <spin_lock_claim_unused>
1000558e:	0001      	movs	r1, r0
10005590:	4809      	ldr	r0, [pc, #36]	@ (100055b8 <stdio_usb_init+0xd0>)
10005592:	f7fb fd59 	bl	10001048 <critical_section_init_with_lock_num>
10005596:	2200      	movs	r2, #0
10005598:	2005      	movs	r0, #5
1000559a:	490b      	ldr	r1, [pc, #44]	@ (100055c8 <stdio_usb_init+0xe0>)
1000559c:	f7fb fad4 	bl	10000b48 <irq_add_shared_handler>
100055a0:	e7ec      	b.n	1000557c <stdio_usb_init+0x94>
100055a2:	f7fb fd35 	bl	10001010 <mutex_init>
100055a6:	e7b7      	b.n	10005518 <stdio_usb_init+0x30>
100055a8:	10009b00 	.word	0x10009b00
100055ac:	20012d94 	.word	0x20012d94
100055b0:	20012dc2 	.word	0x20012dc2
100055b4:	10005425 	.word	0x10005425
100055b8:	20012d6c 	.word	0x20012d6c
100055bc:	7fffffff 	.word	0x7fffffff
100055c0:	100051f1 	.word	0x100051f1
100055c4:	20001178 	.word	0x20001178
100055c8:	100051e1 	.word	0x100051e1

100055cc <tud_descriptor_device_cb>:
100055cc:	4800      	ldr	r0, [pc, #0]	@ (100055d0 <tud_descriptor_device_cb+0x4>)
100055ce:	4770      	bx	lr
100055d0:	10009910 	.word	0x10009910

100055d4 <tud_descriptor_configuration_cb>:
100055d4:	4800      	ldr	r0, [pc, #0]	@ (100055d8 <tud_descriptor_configuration_cb+0x4>)
100055d6:	4770      	bx	lr
100055d8:	100098bc 	.word	0x100098bc

100055dc <tud_descriptor_string_cb>:
100055dc:	b510      	push	{r4, lr}
100055de:	0004      	movs	r4, r0
100055e0:	4816      	ldr	r0, [pc, #88]	@ (1000563c <tud_descriptor_string_cb+0x60>)
100055e2:	7803      	ldrb	r3, [r0, #0]
100055e4:	2b00      	cmp	r3, #0
100055e6:	d020      	beq.n	1000562a <tud_descriptor_string_cb+0x4e>
100055e8:	2c00      	cmp	r4, #0
100055ea:	d106      	bne.n	100055fa <tud_descriptor_string_cb+0x1e>
100055ec:	4b14      	ldr	r3, [pc, #80]	@ (10005640 <tud_descriptor_string_cb+0x64>)
100055ee:	4815      	ldr	r0, [pc, #84]	@ (10005644 <tud_descriptor_string_cb+0x68>)
100055f0:	8043      	strh	r3, [r0, #2]
100055f2:	3b06      	subs	r3, #6
100055f4:	3bff      	subs	r3, #255	@ 0xff
100055f6:	8003      	strh	r3, [r0, #0]
100055f8:	bd10      	pop	{r4, pc}
100055fa:	2c05      	cmp	r4, #5
100055fc:	d81c      	bhi.n	10005638 <tud_descriptor_string_cb+0x5c>
100055fe:	4b12      	ldr	r3, [pc, #72]	@ (10005648 <tud_descriptor_string_cb+0x6c>)
10005600:	00a4      	lsls	r4, r4, #2
10005602:	58e4      	ldr	r4, [r4, r3]
10005604:	480f      	ldr	r0, [pc, #60]	@ (10005644 <tud_descriptor_string_cb+0x68>)
10005606:	2301      	movs	r3, #1
10005608:	1c81      	adds	r1, r0, #2
1000560a:	3c01      	subs	r4, #1
1000560c:	e004      	b.n	10005618 <tud_descriptor_string_cb+0x3c>
1000560e:	3301      	adds	r3, #1
10005610:	800a      	strh	r2, [r1, #0]
10005612:	3102      	adds	r1, #2
10005614:	2b14      	cmp	r3, #20
10005616:	d00c      	beq.n	10005632 <tud_descriptor_string_cb+0x56>
10005618:	5ce2      	ldrb	r2, [r4, r3]
1000561a:	2a00      	cmp	r2, #0
1000561c:	d1f7      	bne.n	1000560e <tud_descriptor_string_cb+0x32>
1000561e:	22c0      	movs	r2, #192	@ 0xc0
10005620:	b2db      	uxtb	r3, r3
10005622:	005b      	lsls	r3, r3, #1
10005624:	0092      	lsls	r2, r2, #2
10005626:	4313      	orrs	r3, r2
10005628:	e7e5      	b.n	100055f6 <tud_descriptor_string_cb+0x1a>
1000562a:	2111      	movs	r1, #17
1000562c:	f000 f816 	bl	1000565c <pico_get_unique_board_id_string>
10005630:	e7da      	b.n	100055e8 <tud_descriptor_string_cb+0xc>
10005632:	23ca      	movs	r3, #202	@ 0xca
10005634:	009b      	lsls	r3, r3, #2
10005636:	e7de      	b.n	100055f6 <tud_descriptor_string_cb+0x1a>
10005638:	2000      	movs	r0, #0
1000563a:	e7dd      	b.n	100055f8 <tud_descriptor_string_cb+0x1c>
1000563c:	20012da8 	.word	0x20012da8
10005640:	00000409 	.word	0x00000409
10005644:	20012918 	.word	0x20012918
10005648:	100098a4 	.word	0x100098a4

1000564c <_retrieve_unique_id_on_boot>:
1000564c:	b510      	push	{r4, lr}
1000564e:	4802      	ldr	r0, [pc, #8]	@ (10005658 <_retrieve_unique_id_on_boot+0xc>)
10005650:	f000 f8f4 	bl	1000583c <flash_get_unique_id>
10005654:	bd10      	pop	{r4, pc}
10005656:	46c0      	nop			@ (mov r8, r8)
10005658:	20012d84 	.word	0x20012d84

1000565c <pico_get_unique_board_id_string>:
1000565c:	b530      	push	{r4, r5, lr}
1000565e:	2901      	cmp	r1, #1
10005660:	d100      	bne.n	10005664 <pico_get_unique_board_id_string+0x8>
10005662:	e0bb      	b.n	100057dc <pico_get_unique_board_id_string+0x180>
10005664:	4b74      	ldr	r3, [pc, #464]	@ (10005838 <pico_get_unique_board_id_string+0x1dc>)
10005666:	3901      	subs	r1, #1
10005668:	781a      	ldrb	r2, [r3, #0]
1000566a:	1112      	asrs	r2, r2, #4
1000566c:	0014      	movs	r4, r2
1000566e:	3430      	adds	r4, #48	@ 0x30
10005670:	2a09      	cmp	r2, #9
10005672:	dd00      	ble.n	10005676 <pico_get_unique_board_id_string+0x1a>
10005674:	e0b5      	b.n	100057e2 <pico_get_unique_board_id_string+0x186>
10005676:	7004      	strb	r4, [r0, #0]
10005678:	2901      	cmp	r1, #1
1000567a:	d100      	bne.n	1000567e <pico_get_unique_board_id_string+0x22>
1000567c:	e0da      	b.n	10005834 <pico_get_unique_board_id_string+0x1d8>
1000567e:	220f      	movs	r2, #15
10005680:	781c      	ldrb	r4, [r3, #0]
10005682:	4022      	ands	r2, r4
10005684:	0014      	movs	r4, r2
10005686:	3430      	adds	r4, #48	@ 0x30
10005688:	2a09      	cmp	r2, #9
1000568a:	d900      	bls.n	1000568e <pico_get_unique_board_id_string+0x32>
1000568c:	e0ac      	b.n	100057e8 <pico_get_unique_board_id_string+0x18c>
1000568e:	7044      	strb	r4, [r0, #1]
10005690:	2902      	cmp	r1, #2
10005692:	d100      	bne.n	10005696 <pico_get_unique_board_id_string+0x3a>
10005694:	e0ce      	b.n	10005834 <pico_get_unique_board_id_string+0x1d8>
10005696:	785a      	ldrb	r2, [r3, #1]
10005698:	4694      	mov	ip, r2
1000569a:	1112      	asrs	r2, r2, #4
1000569c:	0014      	movs	r4, r2
1000569e:	3430      	adds	r4, #48	@ 0x30
100056a0:	2a09      	cmp	r2, #9
100056a2:	dd00      	ble.n	100056a6 <pico_get_unique_board_id_string+0x4a>
100056a4:	e0a3      	b.n	100057ee <pico_get_unique_board_id_string+0x192>
100056a6:	7084      	strb	r4, [r0, #2]
100056a8:	2903      	cmp	r1, #3
100056aa:	d100      	bne.n	100056ae <pico_get_unique_board_id_string+0x52>
100056ac:	e0c2      	b.n	10005834 <pico_get_unique_board_id_string+0x1d8>
100056ae:	4664      	mov	r4, ip
100056b0:	220f      	movs	r2, #15
100056b2:	4022      	ands	r2, r4
100056b4:	0014      	movs	r4, r2
100056b6:	3430      	adds	r4, #48	@ 0x30
100056b8:	2a09      	cmp	r2, #9
100056ba:	d900      	bls.n	100056be <pico_get_unique_board_id_string+0x62>
100056bc:	e09a      	b.n	100057f4 <pico_get_unique_board_id_string+0x198>
100056be:	70c4      	strb	r4, [r0, #3]
100056c0:	2904      	cmp	r1, #4
100056c2:	d100      	bne.n	100056c6 <pico_get_unique_board_id_string+0x6a>
100056c4:	e0b6      	b.n	10005834 <pico_get_unique_board_id_string+0x1d8>
100056c6:	789a      	ldrb	r2, [r3, #2]
100056c8:	4694      	mov	ip, r2
100056ca:	1112      	asrs	r2, r2, #4
100056cc:	0014      	movs	r4, r2
100056ce:	3430      	adds	r4, #48	@ 0x30
100056d0:	2a09      	cmp	r2, #9
100056d2:	dd00      	ble.n	100056d6 <pico_get_unique_board_id_string+0x7a>
100056d4:	e091      	b.n	100057fa <pico_get_unique_board_id_string+0x19e>
100056d6:	7104      	strb	r4, [r0, #4]
100056d8:	2905      	cmp	r1, #5
100056da:	d100      	bne.n	100056de <pico_get_unique_board_id_string+0x82>
100056dc:	e0aa      	b.n	10005834 <pico_get_unique_board_id_string+0x1d8>
100056de:	4664      	mov	r4, ip
100056e0:	220f      	movs	r2, #15
100056e2:	4022      	ands	r2, r4
100056e4:	0014      	movs	r4, r2
100056e6:	3430      	adds	r4, #48	@ 0x30
100056e8:	2a09      	cmp	r2, #9
100056ea:	d900      	bls.n	100056ee <pico_get_unique_board_id_string+0x92>
100056ec:	e088      	b.n	10005800 <pico_get_unique_board_id_string+0x1a4>
100056ee:	7144      	strb	r4, [r0, #5]
100056f0:	2906      	cmp	r1, #6
100056f2:	d100      	bne.n	100056f6 <pico_get_unique_board_id_string+0x9a>
100056f4:	e09e      	b.n	10005834 <pico_get_unique_board_id_string+0x1d8>
100056f6:	2530      	movs	r5, #48	@ 0x30
100056f8:	46ac      	mov	ip, r5
100056fa:	78dc      	ldrb	r4, [r3, #3]
100056fc:	1122      	asrs	r2, r4, #4
100056fe:	4494      	add	ip, r2
10005700:	2a09      	cmp	r2, #9
10005702:	dd00      	ble.n	10005706 <pico_get_unique_board_id_string+0xaa>
10005704:	e07f      	b.n	10005806 <pico_get_unique_board_id_string+0x1aa>
10005706:	4662      	mov	r2, ip
10005708:	7182      	strb	r2, [r0, #6]
1000570a:	2907      	cmp	r1, #7
1000570c:	d100      	bne.n	10005710 <pico_get_unique_board_id_string+0xb4>
1000570e:	e091      	b.n	10005834 <pico_get_unique_board_id_string+0x1d8>
10005710:	220f      	movs	r2, #15
10005712:	4022      	ands	r2, r4
10005714:	0014      	movs	r4, r2
10005716:	3430      	adds	r4, #48	@ 0x30
10005718:	2a09      	cmp	r2, #9
1000571a:	d900      	bls.n	1000571e <pico_get_unique_board_id_string+0xc2>
1000571c:	e077      	b.n	1000580e <pico_get_unique_board_id_string+0x1b2>
1000571e:	71c4      	strb	r4, [r0, #7]
10005720:	2908      	cmp	r1, #8
10005722:	d100      	bne.n	10005726 <pico_get_unique_board_id_string+0xca>
10005724:	e086      	b.n	10005834 <pico_get_unique_board_id_string+0x1d8>
10005726:	2530      	movs	r5, #48	@ 0x30
10005728:	46ac      	mov	ip, r5
1000572a:	791c      	ldrb	r4, [r3, #4]
1000572c:	1122      	asrs	r2, r4, #4
1000572e:	4494      	add	ip, r2
10005730:	2a09      	cmp	r2, #9
10005732:	dd00      	ble.n	10005736 <pico_get_unique_board_id_string+0xda>
10005734:	e06e      	b.n	10005814 <pico_get_unique_board_id_string+0x1b8>
10005736:	4662      	mov	r2, ip
10005738:	7202      	strb	r2, [r0, #8]
1000573a:	2909      	cmp	r1, #9
1000573c:	d100      	bne.n	10005740 <pico_get_unique_board_id_string+0xe4>
1000573e:	e079      	b.n	10005834 <pico_get_unique_board_id_string+0x1d8>
10005740:	220f      	movs	r2, #15
10005742:	4022      	ands	r2, r4
10005744:	0014      	movs	r4, r2
10005746:	3430      	adds	r4, #48	@ 0x30
10005748:	2a09      	cmp	r2, #9
1000574a:	d867      	bhi.n	1000581c <pico_get_unique_board_id_string+0x1c0>
1000574c:	7244      	strb	r4, [r0, #9]
1000574e:	290a      	cmp	r1, #10
10005750:	d100      	bne.n	10005754 <pico_get_unique_board_id_string+0xf8>
10005752:	e06f      	b.n	10005834 <pico_get_unique_board_id_string+0x1d8>
10005754:	2530      	movs	r5, #48	@ 0x30
10005756:	46ac      	mov	ip, r5
10005758:	795c      	ldrb	r4, [r3, #5]
1000575a:	1122      	asrs	r2, r4, #4
1000575c:	4494      	add	ip, r2
1000575e:	2a09      	cmp	r2, #9
10005760:	dc5f      	bgt.n	10005822 <pico_get_unique_board_id_string+0x1c6>
10005762:	4662      	mov	r2, ip
10005764:	7282      	strb	r2, [r0, #10]
10005766:	290b      	cmp	r1, #11
10005768:	d064      	beq.n	10005834 <pico_get_unique_board_id_string+0x1d8>
1000576a:	220f      	movs	r2, #15
1000576c:	4022      	ands	r2, r4
1000576e:	0014      	movs	r4, r2
10005770:	3430      	adds	r4, #48	@ 0x30
10005772:	2a09      	cmp	r2, #9
10005774:	d859      	bhi.n	1000582a <pico_get_unique_board_id_string+0x1ce>
10005776:	72c4      	strb	r4, [r0, #11]
10005778:	290c      	cmp	r1, #12
1000577a:	d05b      	beq.n	10005834 <pico_get_unique_board_id_string+0x1d8>
1000577c:	2530      	movs	r5, #48	@ 0x30
1000577e:	46ac      	mov	ip, r5
10005780:	799c      	ldrb	r4, [r3, #6]
10005782:	1122      	asrs	r2, r4, #4
10005784:	4494      	add	ip, r2
10005786:	2a09      	cmp	r2, #9
10005788:	dd02      	ble.n	10005790 <pico_get_unique_board_id_string+0x134>
1000578a:	3507      	adds	r5, #7
1000578c:	46ac      	mov	ip, r5
1000578e:	4494      	add	ip, r2
10005790:	4662      	mov	r2, ip
10005792:	7302      	strb	r2, [r0, #12]
10005794:	290d      	cmp	r1, #13
10005796:	d04d      	beq.n	10005834 <pico_get_unique_board_id_string+0x1d8>
10005798:	220f      	movs	r2, #15
1000579a:	4022      	ands	r2, r4
1000579c:	0014      	movs	r4, r2
1000579e:	3430      	adds	r4, #48	@ 0x30
100057a0:	2a09      	cmp	r2, #9
100057a2:	d901      	bls.n	100057a8 <pico_get_unique_board_id_string+0x14c>
100057a4:	3237      	adds	r2, #55	@ 0x37
100057a6:	0014      	movs	r4, r2
100057a8:	7344      	strb	r4, [r0, #13]
100057aa:	290e      	cmp	r1, #14
100057ac:	d042      	beq.n	10005834 <pico_get_unique_board_id_string+0x1d8>
100057ae:	79da      	ldrb	r2, [r3, #7]
100057b0:	1113      	asrs	r3, r2, #4
100057b2:	001c      	movs	r4, r3
100057b4:	3430      	adds	r4, #48	@ 0x30
100057b6:	2b09      	cmp	r3, #9
100057b8:	dd01      	ble.n	100057be <pico_get_unique_board_id_string+0x162>
100057ba:	3337      	adds	r3, #55	@ 0x37
100057bc:	001c      	movs	r4, r3
100057be:	7384      	strb	r4, [r0, #14]
100057c0:	290f      	cmp	r1, #15
100057c2:	d037      	beq.n	10005834 <pico_get_unique_board_id_string+0x1d8>
100057c4:	230f      	movs	r3, #15
100057c6:	4013      	ands	r3, r2
100057c8:	001a      	movs	r2, r3
100057ca:	3237      	adds	r2, #55	@ 0x37
100057cc:	2b09      	cmp	r3, #9
100057ce:	d801      	bhi.n	100057d4 <pico_get_unique_board_id_string+0x178>
100057d0:	3330      	adds	r3, #48	@ 0x30
100057d2:	001a      	movs	r2, r3
100057d4:	73c2      	strb	r2, [r0, #15]
100057d6:	2910      	cmp	r1, #16
100057d8:	d02c      	beq.n	10005834 <pico_get_unique_board_id_string+0x1d8>
100057da:	3010      	adds	r0, #16
100057dc:	2300      	movs	r3, #0
100057de:	7003      	strb	r3, [r0, #0]
100057e0:	bd30      	pop	{r4, r5, pc}
100057e2:	3237      	adds	r2, #55	@ 0x37
100057e4:	0014      	movs	r4, r2
100057e6:	e746      	b.n	10005676 <pico_get_unique_board_id_string+0x1a>
100057e8:	3237      	adds	r2, #55	@ 0x37
100057ea:	0014      	movs	r4, r2
100057ec:	e74f      	b.n	1000568e <pico_get_unique_board_id_string+0x32>
100057ee:	3237      	adds	r2, #55	@ 0x37
100057f0:	0014      	movs	r4, r2
100057f2:	e758      	b.n	100056a6 <pico_get_unique_board_id_string+0x4a>
100057f4:	3237      	adds	r2, #55	@ 0x37
100057f6:	0014      	movs	r4, r2
100057f8:	e761      	b.n	100056be <pico_get_unique_board_id_string+0x62>
100057fa:	3237      	adds	r2, #55	@ 0x37
100057fc:	0014      	movs	r4, r2
100057fe:	e76a      	b.n	100056d6 <pico_get_unique_board_id_string+0x7a>
10005800:	3237      	adds	r2, #55	@ 0x37
10005802:	0014      	movs	r4, r2
10005804:	e773      	b.n	100056ee <pico_get_unique_board_id_string+0x92>
10005806:	3507      	adds	r5, #7
10005808:	46ac      	mov	ip, r5
1000580a:	4494      	add	ip, r2
1000580c:	e77b      	b.n	10005706 <pico_get_unique_board_id_string+0xaa>
1000580e:	3237      	adds	r2, #55	@ 0x37
10005810:	0014      	movs	r4, r2
10005812:	e784      	b.n	1000571e <pico_get_unique_board_id_string+0xc2>
10005814:	3507      	adds	r5, #7
10005816:	46ac      	mov	ip, r5
10005818:	4494      	add	ip, r2
1000581a:	e78c      	b.n	10005736 <pico_get_unique_board_id_string+0xda>
1000581c:	3237      	adds	r2, #55	@ 0x37
1000581e:	0014      	movs	r4, r2
10005820:	e794      	b.n	1000574c <pico_get_unique_board_id_string+0xf0>
10005822:	3507      	adds	r5, #7
10005824:	46ac      	mov	ip, r5
10005826:	4494      	add	ip, r2
10005828:	e79b      	b.n	10005762 <pico_get_unique_board_id_string+0x106>
1000582a:	3237      	adds	r2, #55	@ 0x37
1000582c:	0014      	movs	r4, r2
1000582e:	72c4      	strb	r4, [r0, #11]
10005830:	290c      	cmp	r1, #12
10005832:	d1a3      	bne.n	1000577c <pico_get_unique_board_id_string+0x120>
10005834:	1840      	adds	r0, r0, r1
10005836:	e7d1      	b.n	100057dc <pico_get_unique_board_id_string+0x180>
10005838:	20012d84 	.word	0x20012d84

1000583c <flash_get_unique_id>:
1000583c:	b510      	push	{r4, lr}
1000583e:	b088      	sub	sp, #32
10005840:	0004      	movs	r4, r0
10005842:	220d      	movs	r2, #13
10005844:	2100      	movs	r1, #0
10005846:	4668      	mov	r0, sp
10005848:	f7fd fd1e 	bl	10003288 <__wrap_memset>
1000584c:	220d      	movs	r2, #13
1000584e:	2100      	movs	r1, #0
10005850:	a804      	add	r0, sp, #16
10005852:	f7fd fd19 	bl	10003288 <__wrap_memset>
10005856:	466a      	mov	r2, sp
10005858:	234b      	movs	r3, #75	@ 0x4b
1000585a:	4668      	mov	r0, sp
1000585c:	7013      	strb	r3, [r2, #0]
1000585e:	a904      	add	r1, sp, #16
10005860:	2300      	movs	r3, #0
10005862:	220d      	movs	r2, #13
10005864:	f003 fb5c 	bl	10008f20 <__flash_do_cmd_cs_veneer>
10005868:	2115      	movs	r1, #21
1000586a:	2208      	movs	r2, #8
1000586c:	0020      	movs	r0, r4
1000586e:	4469      	add	r1, sp
10005870:	f7fd fd10 	bl	10003294 <__wrap___aeabi_memcpy>
10005874:	b008      	add	sp, #32
10005876:	bd10      	pop	{r4, pc}

10005878 <usb_reset_interface_init>:
10005878:	4770      	bx	lr
1000587a:	46c0      	nop			@ (mov r8, r8)

1000587c <usb_reset_interface_reset>:
1000587c:	2200      	movs	r2, #0
1000587e:	4b01      	ldr	r3, [pc, #4]	@ (10005884 <usb_reset_interface_reset+0x8>)
10005880:	701a      	strb	r2, [r3, #0]
10005882:	4770      	bx	lr
10005884:	20012dc1 	.word	0x20012dc1

10005888 <usb_reset_interface_open>:
10005888:	794b      	ldrb	r3, [r1, #5]
1000588a:	2000      	movs	r0, #0
1000588c:	2bff      	cmp	r3, #255	@ 0xff
1000588e:	d10b      	bne.n	100058a8 <usb_reset_interface_open+0x20>
10005890:	798b      	ldrb	r3, [r1, #6]
10005892:	2b00      	cmp	r3, #0
10005894:	d108      	bne.n	100058a8 <usb_reset_interface_open+0x20>
10005896:	79cb      	ldrb	r3, [r1, #7]
10005898:	2b01      	cmp	r3, #1
1000589a:	d105      	bne.n	100058a8 <usb_reset_interface_open+0x20>
1000589c:	2a08      	cmp	r2, #8
1000589e:	d903      	bls.n	100058a8 <usb_reset_interface_open+0x20>
100058a0:	4b02      	ldr	r3, [pc, #8]	@ (100058ac <usb_reset_interface_open+0x24>)
100058a2:	788a      	ldrb	r2, [r1, #2]
100058a4:	3009      	adds	r0, #9
100058a6:	701a      	strb	r2, [r3, #0]
100058a8:	4770      	bx	lr
100058aa:	46c0      	nop			@ (mov r8, r8)
100058ac:	20012dc1 	.word	0x20012dc1

100058b0 <usb_reset_interface_xfer_cb>:
100058b0:	2001      	movs	r0, #1
100058b2:	4770      	bx	lr

100058b4 <usb_reset_interface_control_xfer_cb>:
100058b4:	b510      	push	{r4, lr}
100058b6:	2901      	cmp	r1, #1
100058b8:	d113      	bne.n	100058e2 <usb_reset_interface_control_xfer_cb+0x2e>
100058ba:	4915      	ldr	r1, [pc, #84]	@ (10005910 <usb_reset_interface_control_xfer_cb+0x5c>)
100058bc:	7953      	ldrb	r3, [r2, #5]
100058be:	7910      	ldrb	r0, [r2, #4]
100058c0:	7809      	ldrb	r1, [r1, #0]
100058c2:	021b      	lsls	r3, r3, #8
100058c4:	4303      	orrs	r3, r0
100058c6:	2000      	movs	r0, #0
100058c8:	4299      	cmp	r1, r3
100058ca:	d000      	beq.n	100058ce <usb_reset_interface_control_xfer_cb+0x1a>
100058cc:	bd10      	pop	{r4, pc}
100058ce:	7853      	ldrb	r3, [r2, #1]
100058d0:	2b01      	cmp	r3, #1
100058d2:	d008      	beq.n	100058e6 <usb_reset_interface_control_xfer_cb+0x32>
100058d4:	2b02      	cmp	r3, #2
100058d6:	d1f9      	bne.n	100058cc <usb_reset_interface_control_xfer_cb+0x18>
100058d8:	2264      	movs	r2, #100	@ 0x64
100058da:	2100      	movs	r1, #0
100058dc:	2000      	movs	r0, #0
100058de:	f7fc fc33 	bl	10002148 <watchdog_reboot>
100058e2:	2001      	movs	r0, #1
100058e4:	e7f2      	b.n	100058cc <usb_reset_interface_control_xfer_cb+0x18>
100058e6:	78d1      	ldrb	r1, [r2, #3]
100058e8:	7893      	ldrb	r3, [r2, #2]
100058ea:	0209      	lsls	r1, r1, #8
100058ec:	4319      	orrs	r1, r3
100058ee:	2380      	movs	r3, #128	@ 0x80
100058f0:	000a      	movs	r2, r1
100058f2:	005b      	lsls	r3, r3, #1
100058f4:	401a      	ands	r2, r3
100058f6:	4219      	tst	r1, r3
100058f8:	d006      	beq.n	10005908 <usb_reset_interface_control_xfer_cb+0x54>
100058fa:	060a      	lsls	r2, r1, #24
100058fc:	0fd2      	lsrs	r2, r2, #31
100058fe:	0a48      	lsrs	r0, r1, #9
10005900:	2303      	movs	r3, #3
10005902:	4019      	ands	r1, r3
10005904:	f7fc fcb6 	bl	10002274 <rom_reset_usb_boot_extra>
10005908:	2001      	movs	r0, #1
1000590a:	4240      	negs	r0, r0
1000590c:	e7f8      	b.n	10005900 <usb_reset_interface_control_xfer_cb+0x4c>
1000590e:	46c0      	nop			@ (mov r8, r8)
10005910:	20012dc1 	.word	0x20012dc1

10005914 <tud_descriptor_bos_cb>:
10005914:	4800      	ldr	r0, [pc, #0]	@ (10005918 <tud_descriptor_bos_cb+0x4>)
10005916:	4770      	bx	lr
10005918:	100099cc 	.word	0x100099cc

1000591c <tud_vendor_control_xfer_cb>:
1000591c:	4694      	mov	ip, r2
1000591e:	2301      	movs	r3, #1
10005920:	b510      	push	{r4, lr}
10005922:	2901      	cmp	r1, #1
10005924:	d10a      	bne.n	1000593c <tud_vendor_control_xfer_cb+0x20>
10005926:	7852      	ldrb	r2, [r2, #1]
10005928:	2300      	movs	r3, #0
1000592a:	2a01      	cmp	r2, #1
1000592c:	d106      	bne.n	1000593c <tud_vendor_control_xfer_cb+0x20>
1000592e:	4662      	mov	r2, ip
10005930:	7911      	ldrb	r1, [r2, #4]
10005932:	7952      	ldrb	r2, [r2, #5]
10005934:	0212      	lsls	r2, r2, #8
10005936:	430a      	orrs	r2, r1
10005938:	2a07      	cmp	r2, #7
1000593a:	d001      	beq.n	10005940 <tud_vendor_control_xfer_cb+0x24>
1000593c:	0018      	movs	r0, r3
1000593e:	bd10      	pop	{r4, pc}
10005940:	33a6      	adds	r3, #166	@ 0xa6
10005942:	4661      	mov	r1, ip
10005944:	4a02      	ldr	r2, [pc, #8]	@ (10005950 <tud_vendor_control_xfer_cb+0x34>)
10005946:	f000 feeb 	bl	10006720 <tud_control_xfer>
1000594a:	0003      	movs	r3, r0
1000594c:	e7f6      	b.n	1000593c <tud_vendor_control_xfer_cb+0x20>
1000594e:	46c0      	nop			@ (mov r8, r8)
10005950:	10009924 	.word	0x10009924

10005954 <usbd_app_driver_get_cb>:
10005954:	2301      	movs	r3, #1
10005956:	7003      	strb	r3, [r0, #0]
10005958:	4800      	ldr	r0, [pc, #0]	@ (1000595c <usbd_app_driver_get_cb+0x8>)
1000595a:	4770      	bx	lr
1000595c:	100099f0 	.word	0x100099f0

10005960 <tud_cdc_line_coding_cb>:
10005960:	784b      	ldrb	r3, [r1, #1]
10005962:	780a      	ldrb	r2, [r1, #0]
10005964:	021b      	lsls	r3, r3, #8
10005966:	4313      	orrs	r3, r2
10005968:	788a      	ldrb	r2, [r1, #2]
1000596a:	b510      	push	{r4, lr}
1000596c:	0412      	lsls	r2, r2, #16
1000596e:	431a      	orrs	r2, r3
10005970:	78cb      	ldrb	r3, [r1, #3]
10005972:	061b      	lsls	r3, r3, #24
10005974:	4313      	orrs	r3, r2
10005976:	2296      	movs	r2, #150	@ 0x96
10005978:	00d2      	lsls	r2, r2, #3
1000597a:	4293      	cmp	r3, r2
1000597c:	d000      	beq.n	10005980 <tud_cdc_line_coding_cb+0x20>
1000597e:	bd10      	pop	{r4, pc}
10005980:	2200      	movs	r2, #0
10005982:	2001      	movs	r0, #1
10005984:	0011      	movs	r1, r2
10005986:	4240      	negs	r0, r0
10005988:	f7fc fc74 	bl	10002274 <rom_reset_usb_boot_extra>

1000598c <dcd_init>:
1000598c:	b5f8      	push	{r3, r4, r5, r6, r7, lr}
1000598e:	f000 f93b 	bl	10005c08 <rp2040_usb_init>
10005992:	230c      	movs	r3, #12
10005994:	4d19      	ldr	r5, [pc, #100]	@ (100059fc <dcd_init+0x70>)
10005996:	22ff      	movs	r2, #255	@ 0xff
10005998:	67ab      	str	r3, [r5, #120]	@ 0x78
1000599a:	2005      	movs	r0, #5
1000599c:	4918      	ldr	r1, [pc, #96]	@ (10005a00 <dcd_init+0x74>)
1000599e:	f7fb f8d3 	bl	10000b48 <irq_add_shared_handler>
100059a2:	4c18      	ldr	r4, [pc, #96]	@ (10005a04 <dcd_init+0x78>)
100059a4:	2240      	movs	r2, #64	@ 0x40
100059a6:	2100      	movs	r1, #0
100059a8:	0020      	movs	r0, r4
100059aa:	f7fd fc6d 	bl	10003288 <__wrap_memset>
100059ae:	2740      	movs	r7, #64	@ 0x40
100059b0:	2300      	movs	r3, #0
100059b2:	2601      	movs	r6, #1
100059b4:	2121      	movs	r1, #33	@ 0x21
100059b6:	4a14      	ldr	r2, [pc, #80]	@ (10005a08 <dcd_init+0x7c>)
100059b8:	7066      	strb	r6, [r4, #1]
100059ba:	8327      	strh	r7, [r4, #24]
100059bc:	60a2      	str	r2, [r4, #8]
100059be:	6013      	str	r3, [r2, #0]
100059c0:	5463      	strb	r3, [r4, r1]
100059c2:	315f      	adds	r1, #95	@ 0x5f
100059c4:	8461      	strh	r1, [r4, #34]	@ 0x22
100059c6:	3945      	subs	r1, #69	@ 0x45
100059c8:	5463      	strb	r3, [r4, r1]
100059ca:	4a10      	ldr	r2, [pc, #64]	@ (10005a0c <dcd_init+0x80>)
100059cc:	4910      	ldr	r1, [pc, #64]	@ (10005a10 <dcd_init+0x84>)
100059ce:	6063      	str	r3, [r4, #4]
100059d0:	60e2      	str	r2, [r4, #12]
100059d2:	8727      	strh	r7, [r4, #56]	@ 0x38
100059d4:	62a1      	str	r1, [r4, #40]	@ 0x28
100059d6:	600b      	str	r3, [r1, #0]
100059d8:	6263      	str	r3, [r4, #36]	@ 0x24
100059da:	62e2      	str	r2, [r4, #44]	@ 0x2c
100059dc:	f003 fad0 	bl	10008f80 <__reset_non_control_endpoints_veneer>
100059e0:	2380      	movs	r3, #128	@ 0x80
100059e2:	059b      	lsls	r3, r3, #22
100059e4:	642e      	str	r6, [r5, #64]	@ 0x40
100059e6:	64eb      	str	r3, [r5, #76]	@ 0x4c
100059e8:	2390      	movs	r3, #144	@ 0x90
100059ea:	4a0a      	ldr	r2, [pc, #40]	@ (10005a14 <dcd_init+0x88>)
100059ec:	2001      	movs	r0, #1
100059ee:	50ea      	str	r2, [r5, r3]
100059f0:	2280      	movs	r2, #128	@ 0x80
100059f2:	4b09      	ldr	r3, [pc, #36]	@ (10005a18 <dcd_init+0x8c>)
100059f4:	0252      	lsls	r2, r2, #9
100059f6:	64da      	str	r2, [r3, #76]	@ 0x4c
100059f8:	bdf8      	pop	{r3, r4, r5, r6, r7, pc}
100059fa:	46c0      	nop			@ (mov r8, r8)
100059fc:	50110000 	.word	0x50110000
10005a00:	200004c1 	.word	0x200004c1
10005a04:	20012960 	.word	0x20012960
10005a08:	50100084 	.word	0x50100084
10005a0c:	50100100 	.word	0x50100100
10005a10:	50100080 	.word	0x50100080
10005a14:	0001d010 	.word	0x0001d010
10005a18:	50112000 	.word	0x50112000

10005a1c <dcd_int_enable>:
10005a1c:	b510      	push	{r4, lr}
10005a1e:	2101      	movs	r1, #1
10005a20:	2005      	movs	r0, #5
10005a22:	f7fb f831 	bl	10000a88 <irq_set_enabled>
10005a26:	bd10      	pop	{r4, pc}

10005a28 <dcd_set_address>:
10005a28:	b510      	push	{r4, lr}
10005a2a:	2200      	movs	r2, #0
10005a2c:	2100      	movs	r1, #0
10005a2e:	4802      	ldr	r0, [pc, #8]	@ (10005a38 <dcd_set_address+0x10>)
10005a30:	f000 f90a 	bl	10005c48 <hw_endpoint_xfer_start>
10005a34:	bd10      	pop	{r4, pc}
10005a36:	46c0      	nop			@ (mov r8, r8)
10005a38:	20012980 	.word	0x20012980

10005a3c <dcd_sof_enable>:
10005a3c:	4b04      	ldr	r3, [pc, #16]	@ (10005a50 <dcd_sof_enable+0x14>)
10005a3e:	7019      	strb	r1, [r3, #0]
10005a40:	2900      	cmp	r1, #0
10005a42:	d004      	beq.n	10005a4e <dcd_sof_enable+0x12>
10005a44:	2180      	movs	r1, #128	@ 0x80
10005a46:	2390      	movs	r3, #144	@ 0x90
10005a48:	4a02      	ldr	r2, [pc, #8]	@ (10005a54 <dcd_sof_enable+0x18>)
10005a4a:	0289      	lsls	r1, r1, #10
10005a4c:	50d1      	str	r1, [r2, r3]
10005a4e:	4770      	bx	lr
10005a50:	20012dbd 	.word	0x20012dbd
10005a54:	50112000 	.word	0x50112000

10005a58 <dcd_edpt0_status_complete>:
10005a58:	780b      	ldrb	r3, [r1, #0]
10005a5a:	065b      	lsls	r3, r3, #25
10005a5c:	d000      	beq.n	10005a60 <dcd_edpt0_status_complete+0x8>
10005a5e:	4770      	bx	lr
10005a60:	784b      	ldrb	r3, [r1, #1]
10005a62:	2b05      	cmp	r3, #5
10005a64:	d1fb      	bne.n	10005a5e <dcd_edpt0_status_complete+0x6>
10005a66:	788a      	ldrb	r2, [r1, #2]
10005a68:	4b01      	ldr	r3, [pc, #4]	@ (10005a70 <dcd_edpt0_status_complete+0x18>)
10005a6a:	601a      	str	r2, [r3, #0]
10005a6c:	e7f7      	b.n	10005a5e <dcd_edpt0_status_complete+0x6>
10005a6e:	46c0      	nop			@ (mov r8, r8)
10005a70:	50110000 	.word	0x50110000

10005a74 <dcd_edpt_open>:
10005a74:	b5f8      	push	{r3, r4, r5, r6, r7, lr}
10005a76:	46ce      	mov	lr, r9
10005a78:	4647      	mov	r7, r8
10005a7a:	78cb      	ldrb	r3, [r1, #3]
10005a7c:	b580      	push	{r7, lr}
10005a7e:	079b      	lsls	r3, r3, #30
10005a80:	0f9a      	lsrs	r2, r3, #30
10005a82:	0010      	movs	r0, r2
10005a84:	2a01      	cmp	r2, #1
10005a86:	d058      	beq.n	10005b3a <dcd_edpt_open+0xc6>
10005a88:	788c      	ldrb	r4, [r1, #2]
10005a8a:	790a      	ldrb	r2, [r1, #4]
10005a8c:	794b      	ldrb	r3, [r1, #5]
10005a8e:	217f      	movs	r1, #127	@ 0x7f
10005a90:	021b      	lsls	r3, r3, #8
10005a92:	4021      	ands	r1, r4
10005a94:	09e5      	lsrs	r5, r4, #7
10005a96:	4313      	orrs	r3, r2
10005a98:	004a      	lsls	r2, r1, #1
10005a9a:	4691      	mov	r9, r2
10005a9c:	4e2c      	ldr	r6, [pc, #176]	@ (10005b50 <dcd_edpt_open+0xdc>)
10005a9e:	1952      	adds	r2, r2, r5
10005aa0:	0152      	lsls	r2, r2, #5
10005aa2:	18b2      	adds	r2, r6, r2
10005aa4:	7094      	strb	r4, [r2, #2]
10005aa6:	2401      	movs	r4, #1
10005aa8:	406c      	eors	r4, r5
10005aaa:	7054      	strb	r4, [r2, #1]
10005aac:	2400      	movs	r4, #0
10005aae:	055b      	lsls	r3, r3, #21
10005ab0:	0d5b      	lsrs	r3, r3, #21
10005ab2:	70d4      	strb	r4, [r2, #3]
10005ab4:	8313      	strh	r3, [r2, #24]
10005ab6:	76d0      	strb	r0, [r2, #27]
10005ab8:	00ca      	lsls	r2, r1, #3
10005aba:	2d01      	cmp	r5, #1
10005abc:	d02c      	beq.n	10005b18 <dcd_edpt_open+0xa4>
10005abe:	4f25      	ldr	r7, [pc, #148]	@ (10005b54 <dcd_edpt_open+0xe0>)
10005ac0:	19d2      	adds	r2, r2, r7
10005ac2:	018f      	lsls	r7, r1, #6
10005ac4:	46bc      	mov	ip, r7
10005ac6:	44b4      	add	ip, r6
10005ac8:	4667      	mov	r7, ip
10005aca:	60ba      	str	r2, [r7, #8]
10005acc:	6014      	str	r4, [r2, #0]
10005ace:	2900      	cmp	r1, #0
10005ad0:	d02c      	beq.n	10005b2c <dcd_edpt_open+0xb8>
10005ad2:	4a21      	ldr	r2, [pc, #132]	@ (10005b58 <dcd_edpt_open+0xe4>)
10005ad4:	00c9      	lsls	r1, r1, #3
10005ad6:	1889      	adds	r1, r1, r2
10005ad8:	6079      	str	r1, [r7, #4]
10005ada:	333f      	adds	r3, #63	@ 0x3f
10005adc:	099b      	lsrs	r3, r3, #6
10005ade:	2802      	cmp	r0, #2
10005ae0:	d032      	beq.n	10005b48 <dcd_edpt_open+0xd4>
10005ae2:	019a      	lsls	r2, r3, #6
10005ae4:	464b      	mov	r3, r9
10005ae6:	4c1d      	ldr	r4, [pc, #116]	@ (10005b5c <dcd_edpt_open+0xe8>)
10005ae8:	195b      	adds	r3, r3, r5
10005aea:	6821      	ldr	r1, [r4, #0]
10005aec:	015b      	lsls	r3, r3, #5
10005aee:	18f6      	adds	r6, r6, r3
10005af0:	4b1b      	ldr	r3, [pc, #108]	@ (10005b60 <dcd_edpt_open+0xec>)
10005af2:	188a      	adds	r2, r1, r2
10005af4:	60f1      	str	r1, [r6, #12]
10005af6:	6022      	str	r2, [r4, #0]
10005af8:	429a      	cmp	r2, r3
10005afa:	d827      	bhi.n	10005b4c <dcd_edpt_open+0xd8>
10005afc:	4a19      	ldr	r2, [pc, #100]	@ (10005b64 <dcd_edpt_open+0xf0>)
10005afe:	0683      	lsls	r3, r0, #26
10005b00:	404a      	eors	r2, r1
10005b02:	4313      	orrs	r3, r2
10005b04:	2280      	movs	r2, #128	@ 0x80
10005b06:	0612      	lsls	r2, r2, #24
10005b08:	4313      	orrs	r3, r2
10005b0a:	6872      	ldr	r2, [r6, #4]
10005b0c:	6013      	str	r3, [r2, #0]
10005b0e:	2001      	movs	r0, #1
10005b10:	bcc0      	pop	{r6, r7}
10005b12:	46b9      	mov	r9, r7
10005b14:	46b0      	mov	r8, r6
10005b16:	bdf8      	pop	{r3, r4, r5, r6, r7, pc}
10005b18:	4f13      	ldr	r7, [pc, #76]	@ (10005b68 <dcd_edpt_open+0xf4>)
10005b1a:	19d2      	adds	r2, r2, r7
10005b1c:	018f      	lsls	r7, r1, #6
10005b1e:	46bc      	mov	ip, r7
10005b20:	44b4      	add	ip, r6
10005b22:	4667      	mov	r7, ip
10005b24:	62ba      	str	r2, [r7, #40]	@ 0x28
10005b26:	6014      	str	r4, [r2, #0]
10005b28:	2900      	cmp	r1, #0
10005b2a:	d108      	bne.n	10005b3e <dcd_edpt_open+0xca>
10005b2c:	2300      	movs	r3, #0
10005b2e:	016d      	lsls	r5, r5, #5
10005b30:	1975      	adds	r5, r6, r5
10005b32:	606b      	str	r3, [r5, #4]
10005b34:	4b0d      	ldr	r3, [pc, #52]	@ (10005b6c <dcd_edpt_open+0xf8>)
10005b36:	60eb      	str	r3, [r5, #12]
10005b38:	e7e9      	b.n	10005b0e <dcd_edpt_open+0x9a>
10005b3a:	2000      	movs	r0, #0
10005b3c:	e7e8      	b.n	10005b10 <dcd_edpt_open+0x9c>
10005b3e:	4a09      	ldr	r2, [pc, #36]	@ (10005b64 <dcd_edpt_open+0xf0>)
10005b40:	00c9      	lsls	r1, r1, #3
10005b42:	1889      	adds	r1, r1, r2
10005b44:	6279      	str	r1, [r7, #36]	@ 0x24
10005b46:	e7c8      	b.n	10005ada <dcd_edpt_open+0x66>
10005b48:	01da      	lsls	r2, r3, #7
10005b4a:	e7cb      	b.n	10005ae4 <dcd_edpt_open+0x70>
10005b4c:	f7fc fbba 	bl	100022c4 <hard_assertion_failure>
10005b50:	20012960 	.word	0x20012960
10005b54:	50100084 	.word	0x50100084
10005b58:	50100004 	.word	0x50100004
10005b5c:	20012d68 	.word	0x20012d68
10005b60:	50100fff 	.word	0x50100fff
10005b64:	50100000 	.word	0x50100000
10005b68:	50100080 	.word	0x50100080
10005b6c:	50100100 	.word	0x50100100

10005b70 <dcd_edpt_close_all>:
10005b70:	b510      	push	{r4, lr}
10005b72:	f003 fa05 	bl	10008f80 <__reset_non_control_endpoints_veneer>
10005b76:	bd10      	pop	{r4, pc}

10005b78 <dcd_edpt_xfer>:
10005b78:	207f      	movs	r0, #127	@ 0x7f
10005b7a:	b510      	push	{r4, lr}
10005b7c:	4008      	ands	r0, r1
10005b7e:	0040      	lsls	r0, r0, #1
10005b80:	09c9      	lsrs	r1, r1, #7
10005b82:	1840      	adds	r0, r0, r1
10005b84:	0011      	movs	r1, r2
10005b86:	4a04      	ldr	r2, [pc, #16]	@ (10005b98 <dcd_edpt_xfer+0x20>)
10005b88:	0140      	lsls	r0, r0, #5
10005b8a:	1880      	adds	r0, r0, r2
10005b8c:	001a      	movs	r2, r3
10005b8e:	f000 f85b 	bl	10005c48 <hw_endpoint_xfer_start>
10005b92:	2001      	movs	r0, #1
10005b94:	bd10      	pop	{r4, pc}
10005b96:	46c0      	nop			@ (mov r8, r8)
10005b98:	20012960 	.word	0x20012960

10005b9c <dcd_edpt_stall>:
10005b9c:	237f      	movs	r3, #127	@ 0x7f
10005b9e:	0018      	movs	r0, r3
10005ba0:	b500      	push	{lr}
10005ba2:	4008      	ands	r0, r1
10005ba4:	b083      	sub	sp, #12
10005ba6:	420b      	tst	r3, r1
10005ba8:	d104      	bne.n	10005bb4 <dcd_edpt_stall+0x18>
10005baa:	424b      	negs	r3, r1
10005bac:	414b      	adcs	r3, r1
10005bae:	4a08      	ldr	r2, [pc, #32]	@ (10005bd0 <dcd_edpt_stall+0x34>)
10005bb0:	3301      	adds	r3, #1
10005bb2:	6693      	str	r3, [r2, #104]	@ 0x68
10005bb4:	2280      	movs	r2, #128	@ 0x80
10005bb6:	09c9      	lsrs	r1, r1, #7
10005bb8:	0040      	lsls	r0, r0, #1
10005bba:	4b06      	ldr	r3, [pc, #24]	@ (10005bd4 <dcd_edpt_stall+0x38>)
10005bbc:	1840      	adds	r0, r0, r1
10005bbe:	0140      	lsls	r0, r0, #5
10005bc0:	2100      	movs	r1, #0
10005bc2:	18c0      	adds	r0, r0, r3
10005bc4:	0112      	lsls	r2, r2, #4
10005bc6:	f003 f9eb 	bl	10008fa0 <___hw_endpoint_buffer_control_update32_veneer>
10005bca:	b003      	add	sp, #12
10005bcc:	bd00      	pop	{pc}
10005bce:	46c0      	nop			@ (mov r8, r8)
10005bd0:	50112000 	.word	0x50112000
10005bd4:	20012960 	.word	0x20012960

10005bd8 <dcd_edpt_clear_stall>:
10005bd8:	227f      	movs	r2, #127	@ 0x7f
10005bda:	0013      	movs	r3, r2
10005bdc:	b510      	push	{r4, lr}
10005bde:	400b      	ands	r3, r1
10005be0:	420a      	tst	r2, r1
10005be2:	d100      	bne.n	10005be6 <dcd_edpt_clear_stall+0xe>
10005be4:	bd10      	pop	{r4, pc}
10005be6:	09c9      	lsrs	r1, r1, #7
10005be8:	005b      	lsls	r3, r3, #1
10005bea:	185b      	adds	r3, r3, r1
10005bec:	4804      	ldr	r0, [pc, #16]	@ (10005c00 <dcd_edpt_clear_stall+0x28>)
10005bee:	015b      	lsls	r3, r3, #5
10005bf0:	18c0      	adds	r0, r0, r3
10005bf2:	2300      	movs	r3, #0
10005bf4:	2200      	movs	r2, #0
10005bf6:	4903      	ldr	r1, [pc, #12]	@ (10005c04 <dcd_edpt_clear_stall+0x2c>)
10005bf8:	70c3      	strb	r3, [r0, #3]
10005bfa:	f003 f9d1 	bl	10008fa0 <___hw_endpoint_buffer_control_update32_veneer>
10005bfe:	e7f1      	b.n	10005be4 <dcd_edpt_clear_stall+0xc>
10005c00:	20012960 	.word	0x20012960
10005c04:	fffff7ff 	.word	0xfffff7ff

10005c08 <rp2040_usb_init>:
10005c08:	2280      	movs	r2, #128	@ 0x80
10005c0a:	4b0a      	ldr	r3, [pc, #40]	@ (10005c34 <rp2040_usb_init+0x2c>)
10005c0c:	0452      	lsls	r2, r2, #17
10005c0e:	b510      	push	{r4, lr}
10005c10:	601a      	str	r2, [r3, #0]
10005c12:	4b09      	ldr	r3, [pc, #36]	@ (10005c38 <rp2040_usb_init+0x30>)
10005c14:	4909      	ldr	r1, [pc, #36]	@ (10005c3c <rp2040_usb_init+0x34>)
10005c16:	601a      	str	r2, [r3, #0]
10005c18:	0010      	movs	r0, r2
10005c1a:	680b      	ldr	r3, [r1, #0]
10005c1c:	4398      	bics	r0, r3
10005c1e:	d1fb      	bne.n	10005c18 <rp2040_usb_init+0x10>
10005c20:	2280      	movs	r2, #128	@ 0x80
10005c22:	2100      	movs	r1, #0
10005c24:	0152      	lsls	r2, r2, #5
10005c26:	4806      	ldr	r0, [pc, #24]	@ (10005c40 <rp2040_usb_init+0x38>)
10005c28:	f7fd fb2e 	bl	10003288 <__wrap_memset>
10005c2c:	2209      	movs	r2, #9
10005c2e:	4b05      	ldr	r3, [pc, #20]	@ (10005c44 <rp2040_usb_init+0x3c>)
10005c30:	675a      	str	r2, [r3, #116]	@ 0x74
10005c32:	bd10      	pop	{r4, pc}
10005c34:	4000e000 	.word	0x4000e000
10005c38:	4000f000 	.word	0x4000f000
10005c3c:	4000c008 	.word	0x4000c008
10005c40:	50100000 	.word	0x50100000
10005c44:	50110000 	.word	0x50110000

10005c48 <hw_endpoint_xfer_start>:
10005c48:	2300      	movs	r3, #0
10005c4a:	b510      	push	{r4, lr}
10005c4c:	82c3      	strh	r3, [r0, #22]
10005c4e:	3301      	adds	r3, #1
10005c50:	8282      	strh	r2, [r0, #20]
10005c52:	7683      	strb	r3, [r0, #26]
10005c54:	6101      	str	r1, [r0, #16]
10005c56:	0004      	movs	r4, r0
10005c58:	f003 f952 	bl	10008f00 <__e15_is_bulkin_ep_veneer>
10005c5c:	2800      	cmp	r0, #0
10005c5e:	d004      	beq.n	10005c6a <hw_endpoint_xfer_start+0x22>
10005c60:	2180      	movs	r1, #128	@ 0x80
10005c62:	2390      	movs	r3, #144	@ 0x90
10005c64:	4a07      	ldr	r2, [pc, #28]	@ (10005c84 <hw_endpoint_xfer_start+0x3c>)
10005c66:	0289      	lsls	r1, r1, #10
10005c68:	50d1      	str	r1, [r2, r3]
10005c6a:	0020      	movs	r0, r4
10005c6c:	f003 f978 	bl	10008f60 <__e15_is_critical_frame_period_veneer>
10005c70:	2800      	cmp	r0, #0
10005c72:	d002      	beq.n	10005c7a <hw_endpoint_xfer_start+0x32>
10005c74:	2301      	movs	r3, #1
10005c76:	7723      	strb	r3, [r4, #28]
10005c78:	bd10      	pop	{r4, pc}
10005c7a:	0020      	movs	r0, r4
10005c7c:	f003 f958 	bl	10008f30 <__hw_endpoint_start_next_buffer_veneer>
10005c80:	e7fa      	b.n	10005c78 <hw_endpoint_xfer_start+0x30>
10005c82:	46c0      	nop			@ (mov r8, r8)
10005c84:	50112000 	.word	0x50112000

10005c88 <tud_event_hook_cb>:
10005c88:	4770      	bx	lr
10005c8a:	46c0      	nop			@ (mov r8, r8)

10005c8c <tud_sof_cb>:
10005c8c:	4770      	bx	lr
10005c8e:	46c0      	nop			@ (mov r8, r8)

10005c90 <tud_descriptor_device_qualifier_cb>:
10005c90:	2000      	movs	r0, #0
10005c92:	4770      	bx	lr

10005c94 <tud_descriptor_other_speed_configuration_cb>:
10005c94:	2000      	movs	r0, #0
10005c96:	4770      	bx	lr

10005c98 <tud_mount_cb>:
10005c98:	4770      	bx	lr
10005c9a:	46c0      	nop			@ (mov r8, r8)

10005c9c <tud_umount_cb>:
10005c9c:	4770      	bx	lr
10005c9e:	46c0      	nop			@ (mov r8, r8)

10005ca0 <tud_suspend_cb>:
10005ca0:	4770      	bx	lr
10005ca2:	46c0      	nop			@ (mov r8, r8)

10005ca4 <tud_resume_cb>:
10005ca4:	4770      	bx	lr
10005ca6:	46c0      	nop			@ (mov r8, r8)

10005ca8 <tud_mounted>:
10005ca8:	4b02      	ldr	r3, [pc, #8]	@ (10005cb4 <tud_mounted+0xc>)
10005caa:	7858      	ldrb	r0, [r3, #1]
10005cac:	1e43      	subs	r3, r0, #1
10005cae:	4198      	sbcs	r0, r3
10005cb0:	b2c0      	uxtb	r0, r0
10005cb2:	4770      	bx	lr
10005cb4:	200126b0 	.word	0x200126b0

10005cb8 <tud_suspended>:
10005cb8:	4b02      	ldr	r3, [pc, #8]	@ (10005cc4 <tud_suspended+0xc>)
10005cba:	7818      	ldrb	r0, [r3, #0]
10005cbc:	0740      	lsls	r0, r0, #29
10005cbe:	0fc0      	lsrs	r0, r0, #31
10005cc0:	4770      	bx	lr
10005cc2:	46c0      	nop			@ (mov r8, r8)
10005cc4:	200126b0 	.word	0x200126b0

10005cc8 <tud_rhport_init>:
10005cc8:	b5f0      	push	{r4, r5, r6, r7, lr}
10005cca:	46d6      	mov	lr, sl
10005ccc:	464f      	mov	r7, r9
10005cce:	4646      	mov	r6, r8
10005cd0:	b5c0      	push	{r6, r7, lr}
10005cd2:	4b2c      	ldr	r3, [pc, #176]	@ (10005d84 <tud_rhport_init+0xbc>)
10005cd4:	4681      	mov	r9, r0
10005cd6:	4698      	mov	r8, r3
10005cd8:	781b      	ldrb	r3, [r3, #0]
10005cda:	468a      	mov	sl, r1
10005cdc:	2bff      	cmp	r3, #255	@ 0xff
10005cde:	d14b      	bne.n	10005d78 <tud_rhport_init+0xb0>
10005ce0:	2900      	cmp	r1, #0
10005ce2:	d03b      	beq.n	10005d5c <tud_rhport_init+0x94>
10005ce4:	2100      	movs	r1, #0
10005ce6:	2254      	movs	r2, #84	@ 0x54
10005ce8:	4827      	ldr	r0, [pc, #156]	@ (10005d88 <tud_rhport_init+0xc0>)
10005cea:	f7fd facd 	bl	10003288 <__wrap_memset>
10005cee:	2200      	movs	r2, #0
10005cf0:	4c26      	ldr	r4, [pc, #152]	@ (10005d8c <tud_rhport_init+0xc4>)
10005cf2:	4b27      	ldr	r3, [pc, #156]	@ (10005d90 <tud_rhport_init+0xc8>)
10005cf4:	0020      	movs	r0, r4
10005cf6:	701a      	strb	r2, [r3, #0]
10005cf8:	f7fb f98a 	bl	10001010 <mutex_init>
10005cfc:	4b25      	ldr	r3, [pc, #148]	@ (10005d94 <tud_rhport_init+0xcc>)
10005cfe:	601c      	str	r4, [r3, #0]
10005d00:	4c25      	ldr	r4, [pc, #148]	@ (10005d98 <tud_rhport_init+0xd0>)
10005d02:	0020      	movs	r0, r4
10005d04:	3c14      	subs	r4, #20
10005d06:	f7fb f991 	bl	1000102c <critical_section_init>
10005d0a:	0020      	movs	r0, r4
10005d0c:	f001 fb98 	bl	10007440 <tu_fifo_clear>
10005d10:	4b22      	ldr	r3, [pc, #136]	@ (10005d9c <tud_rhport_init+0xd4>)
10005d12:	4d23      	ldr	r5, [pc, #140]	@ (10005da0 <tud_rhport_init+0xd8>)
10005d14:	601c      	str	r4, [r3, #0]
10005d16:	4b23      	ldr	r3, [pc, #140]	@ (10005da4 <tud_rhport_init+0xdc>)
10005d18:	2b00      	cmp	r3, #0
10005d1a:	d004      	beq.n	10005d26 <tud_rhport_init+0x5e>
10005d1c:	0028      	movs	r0, r5
10005d1e:	f7ff fe19 	bl	10005954 <usbd_app_driver_get_cb>
10005d22:	4b21      	ldr	r3, [pc, #132]	@ (10005da8 <tud_rhport_init+0xe0>)
10005d24:	6018      	str	r0, [r3, #0]
10005d26:	2400      	movs	r4, #0
10005d28:	782b      	ldrb	r3, [r5, #0]
10005d2a:	4f20      	ldr	r7, [pc, #128]	@ (10005dac <tud_rhport_init+0xe4>)
10005d2c:	4e1e      	ldr	r6, [pc, #120]	@ (10005da8 <tud_rhport_init+0xe0>)
10005d2e:	e00d      	b.n	10005d4c <tud_rhport_init+0x84>
10005d30:	6833      	ldr	r3, [r6, #0]
10005d32:	0162      	lsls	r2, r4, #5
10005d34:	189b      	adds	r3, r3, r2
10005d36:	2b00      	cmp	r3, #0
10005d38:	d010      	beq.n	10005d5c <tud_rhport_init+0x94>
10005d3a:	685b      	ldr	r3, [r3, #4]
10005d3c:	2b00      	cmp	r3, #0
10005d3e:	d00d      	beq.n	10005d5c <tud_rhport_init+0x94>
10005d40:	4798      	blx	r3
10005d42:	3401      	adds	r4, #1
10005d44:	782b      	ldrb	r3, [r5, #0]
10005d46:	b2e4      	uxtb	r4, r4
10005d48:	42a3      	cmp	r3, r4
10005d4a:	d309      	bcc.n	10005d60 <tud_rhport_init+0x98>
10005d4c:	42a3      	cmp	r3, r4
10005d4e:	d8ef      	bhi.n	10005d30 <tud_rhport_init+0x68>
10005d50:	1ae3      	subs	r3, r4, r3
10005d52:	015b      	lsls	r3, r3, #5
10005d54:	19db      	adds	r3, r3, r7
10005d56:	685b      	ldr	r3, [r3, #4]
10005d58:	2b00      	cmp	r3, #0
10005d5a:	d1f1      	bne.n	10005d40 <tud_rhport_init+0x78>
10005d5c:	2000      	movs	r0, #0
10005d5e:	e00c      	b.n	10005d7a <tud_rhport_init+0xb2>
10005d60:	4642      	mov	r2, r8
10005d62:	464b      	mov	r3, r9
10005d64:	4651      	mov	r1, sl
10005d66:	4648      	mov	r0, r9
10005d68:	7013      	strb	r3, [r2, #0]
10005d6a:	f7ff fe0f 	bl	1000598c <dcd_init>
10005d6e:	2800      	cmp	r0, #0
10005d70:	d0f4      	beq.n	10005d5c <tud_rhport_init+0x94>
10005d72:	4648      	mov	r0, r9
10005d74:	f7ff fe52 	bl	10005a1c <dcd_int_enable>
10005d78:	2001      	movs	r0, #1
10005d7a:	bce0      	pop	{r5, r6, r7}
10005d7c:	46ba      	mov	sl, r7
10005d7e:	46b1      	mov	r9, r6
10005d80:	46a8      	mov	r8, r5
10005d82:	bdf0      	pop	{r4, r5, r6, r7, pc}
10005d84:	200011ac 	.word	0x200011ac
10005d88:	200126b0 	.word	0x200126b0
10005d8c:	200126a8 	.word	0x200126a8
10005d90:	20012dbe 	.word	0x20012dbe
10005d94:	20012704 	.word	0x20012704
10005d98:	200011a4 	.word	0x200011a4
10005d9c:	20012708 	.word	0x20012708
10005da0:	20012dbc 	.word	0x20012dbc
10005da4:	10005955 	.word	0x10005955
10005da8:	200125c8 	.word	0x200125c8
10005dac:	10009ab8 	.word	0x10009ab8

10005db0 <tud_task_ext>:
10005db0:	b5f0      	push	{r4, r5, r6, r7, lr}
10005db2:	46de      	mov	lr, fp
10005db4:	4657      	mov	r7, sl
10005db6:	464e      	mov	r6, r9
10005db8:	4645      	mov	r5, r8
10005dba:	b5e0      	push	{r5, r6, r7, lr}
10005dbc:	4bc8      	ldr	r3, [pc, #800]	@ (100060e0 <tud_task_ext+0x330>)
10005dbe:	b091      	sub	sp, #68	@ 0x44
10005dc0:	9303      	str	r3, [sp, #12]
10005dc2:	781b      	ldrb	r3, [r3, #0]
10005dc4:	2bff      	cmp	r3, #255	@ 0xff
10005dc6:	d100      	bne.n	10005dca <tud_task_ext+0x1a>
10005dc8:	e142      	b.n	10006050 <tud_task_ext+0x2a0>
10005dca:	4bc6      	ldr	r3, [pc, #792]	@ (100060e4 <tud_task_ext+0x334>)
10005dcc:	4ec6      	ldr	r6, [pc, #792]	@ (100060e8 <tud_task_ext+0x338>)
10005dce:	001f      	movs	r7, r3
10005dd0:	4bc6      	ldr	r3, [pc, #792]	@ (100060ec <tud_task_ext+0x33c>)
10005dd2:	ac0d      	add	r4, sp, #52	@ 0x34
10005dd4:	9302      	str	r3, [sp, #8]
10005dd6:	4bc6      	ldr	r3, [pc, #792]	@ (100060f0 <tud_task_ext+0x340>)
10005dd8:	9301      	str	r3, [sp, #4]
10005dda:	6835      	ldr	r5, [r6, #0]
10005ddc:	696a      	ldr	r2, [r5, #20]
10005dde:	f3ef 8110 	mrs	r1, PRIMASK
10005de2:	b672      	cpsid	i
10005de4:	6813      	ldr	r3, [r2, #0]
10005de6:	2b00      	cmp	r3, #0
10005de8:	d0fc      	beq.n	10005de4 <tud_task_ext+0x34>
10005dea:	f3bf 8f5f 	dmb	sy
10005dee:	61a9      	str	r1, [r5, #24]
10005df0:	0028      	movs	r0, r5
10005df2:	0021      	movs	r1, r4
10005df4:	f001 f95a 	bl	100070ac <tu_fifo_read>
10005df8:	696a      	ldr	r2, [r5, #20]
10005dfa:	69ab      	ldr	r3, [r5, #24]
10005dfc:	f3bf 8f5f 	dmb	sy
10005e00:	2100      	movs	r1, #0
10005e02:	6011      	str	r1, [r2, #0]
10005e04:	f383 8810 	msr	PRIMASK, r3
10005e08:	2800      	cmp	r0, #0
10005e0a:	d100      	bne.n	10005e0e <tud_task_ext+0x5e>
10005e0c:	e120      	b.n	10006050 <tud_task_ext+0x2a0>
10005e0e:	7863      	ldrb	r3, [r4, #1]
10005e10:	2b08      	cmp	r3, #8
10005e12:	d8e2      	bhi.n	10005dda <tud_task_ext+0x2a>
10005e14:	009b      	lsls	r3, r3, #2
10005e16:	58fb      	ldr	r3, [r7, r3]
10005e18:	469f      	mov	pc, r3
10005e1a:	6863      	ldr	r3, [r4, #4]
10005e1c:	2b00      	cmp	r3, #0
10005e1e:	d0dc      	beq.n	10005dda <tud_task_ext+0x2a>
10005e20:	68a0      	ldr	r0, [r4, #8]
10005e22:	4798      	blx	r3
10005e24:	e7d9      	b.n	10005dda <tud_task_ext+0x2a>
10005e26:	227f      	movs	r2, #127	@ 0x7f
10005e28:	7921      	ldrb	r1, [r4, #4]
10005e2a:	4db0      	ldr	r5, [pc, #704]	@ (100060ec <tud_task_ext+0x33c>)
10005e2c:	400a      	ands	r2, r1
10005e2e:	0053      	lsls	r3, r2, #1
10005e30:	18eb      	adds	r3, r5, r3
10005e32:	4698      	mov	r8, r3
10005e34:	09c8      	lsrs	r0, r1, #7
10005e36:	4480      	add	r8, r0
10005e38:	4640      	mov	r0, r8
10005e3a:	2301      	movs	r3, #1
10005e3c:	3030      	adds	r0, #48	@ 0x30
10005e3e:	7905      	ldrb	r5, [r0, #4]
10005e40:	439d      	bics	r5, r3
10005e42:	7105      	strb	r5, [r0, #4]
10005e44:	7905      	ldrb	r5, [r0, #4]
10005e46:	3303      	adds	r3, #3
10005e48:	439d      	bics	r5, r3
10005e4a:	7105      	strb	r5, [r0, #4]
10005e4c:	2a00      	cmp	r2, #0
10005e4e:	d100      	bne.n	10005e52 <tud_task_ext+0xa2>
10005e50:	e105      	b.n	1000605e <tud_task_ext+0x2ae>
10005e52:	4643      	mov	r3, r8
10005e54:	4aa7      	ldr	r2, [pc, #668]	@ (100060f4 <tud_task_ext+0x344>)
10005e56:	7d1b      	ldrb	r3, [r3, #20]
10005e58:	7812      	ldrb	r2, [r2, #0]
10005e5a:	4293      	cmp	r3, r2
10005e5c:	d300      	bcc.n	10005e60 <tud_task_ext+0xb0>
10005e5e:	e0f5      	b.n	1000604c <tud_task_ext+0x29c>
10005e60:	4aa5      	ldr	r2, [pc, #660]	@ (100060f8 <tud_task_ext+0x348>)
10005e62:	015b      	lsls	r3, r3, #5
10005e64:	6815      	ldr	r5, [r2, #0]
10005e66:	18ed      	adds	r5, r5, r3
10005e68:	2d00      	cmp	r5, #0
10005e6a:	d100      	bne.n	10005e6e <tud_task_ext+0xbe>
10005e6c:	e0f0      	b.n	10006050 <tud_task_ext+0x2a0>
10005e6e:	68a3      	ldr	r3, [r4, #8]
10005e70:	7962      	ldrb	r2, [r4, #5]
10005e72:	7820      	ldrb	r0, [r4, #0]
10005e74:	69ad      	ldr	r5, [r5, #24]
10005e76:	47a8      	blx	r5
10005e78:	e7af      	b.n	10005dda <tud_task_ext+0x2a>
10005e7a:	4ba0      	ldr	r3, [pc, #640]	@ (100060fc <tud_task_ext+0x34c>)
10005e7c:	781a      	ldrb	r2, [r3, #0]
10005e7e:	2a00      	cmp	r2, #0
10005e80:	d100      	bne.n	10005e84 <tud_task_ext+0xd4>
10005e82:	e0e5      	b.n	10006050 <tud_task_ext+0x2a0>
10005e84:	781a      	ldrb	r2, [r3, #0]
10005e86:	3a01      	subs	r2, #1
10005e88:	701a      	strb	r2, [r3, #0]
10005e8a:	781b      	ldrb	r3, [r3, #0]
10005e8c:	2b00      	cmp	r3, #0
10005e8e:	d1a4      	bne.n	10005dda <tud_task_ext+0x2a>
10005e90:	2201      	movs	r2, #1
10005e92:	4d96      	ldr	r5, [pc, #600]	@ (100060ec <tud_task_ext+0x33c>)
10005e94:	2101      	movs	r1, #1
10005e96:	782b      	ldrb	r3, [r5, #0]
10005e98:	2004      	movs	r0, #4
10005e9a:	4313      	orrs	r3, r2
10005e9c:	702b      	strb	r3, [r5, #0]
10005e9e:	2334      	movs	r3, #52	@ 0x34
10005ea0:	5cea      	ldrb	r2, [r5, r3]
10005ea2:	438a      	bics	r2, r1
10005ea4:	54ea      	strb	r2, [r5, r3]
10005ea6:	5cea      	ldrb	r2, [r5, r3]
10005ea8:	4382      	bics	r2, r0
10005eaa:	54ea      	strb	r2, [r5, r3]
10005eac:	3301      	adds	r3, #1
10005eae:	5cea      	ldrb	r2, [r5, r3]
10005eb0:	438a      	bics	r2, r1
10005eb2:	54ea      	strb	r2, [r5, r3]
10005eb4:	5cea      	ldrb	r2, [r5, r3]
10005eb6:	4382      	bics	r2, r0
10005eb8:	54ea      	strb	r2, [r5, r3]
10005eba:	7823      	ldrb	r3, [r4, #0]
10005ebc:	2000      	movs	r0, #0
10005ebe:	469b      	mov	fp, r3
10005ec0:	f000 fc88 	bl	100067d4 <usbd_control_set_complete_callback>
10005ec4:	2260      	movs	r2, #96	@ 0x60
10005ec6:	7923      	ldrb	r3, [r4, #4]
10005ec8:	401a      	ands	r2, r3
10005eca:	2a60      	cmp	r2, #96	@ 0x60
10005ecc:	d100      	bne.n	10005ed0 <tud_task_ext+0x120>
10005ece:	e0f1      	b.n	100060b4 <tud_task_ext+0x304>
10005ed0:	2a40      	cmp	r2, #64	@ 0x40
10005ed2:	d100      	bne.n	10005ed6 <tud_task_ext+0x126>
10005ed4:	e0f7      	b.n	100060c6 <tud_task_ext+0x316>
10005ed6:	06db      	lsls	r3, r3, #27
10005ed8:	0edb      	lsrs	r3, r3, #27
10005eda:	2b01      	cmp	r3, #1
10005edc:	d100      	bne.n	10005ee0 <tud_task_ext+0x130>
10005ede:	e115      	b.n	1000610c <tud_task_ext+0x35c>
10005ee0:	2b02      	cmp	r3, #2
10005ee2:	d100      	bne.n	10005ee6 <tud_task_ext+0x136>
10005ee4:	e0ca      	b.n	1000607c <tud_task_ext+0x2cc>
10005ee6:	2b00      	cmp	r3, #0
10005ee8:	d000      	beq.n	10005eec <tud_task_ext+0x13c>
10005eea:	e0e3      	b.n	100060b4 <tud_task_ext+0x304>
10005eec:	2a20      	cmp	r2, #32
10005eee:	d100      	bne.n	10005ef2 <tud_task_ext+0x142>
10005ef0:	e211      	b.n	10006316 <tud_task_ext+0x566>
10005ef2:	2a00      	cmp	r2, #0
10005ef4:	d000      	beq.n	10005ef8 <tud_task_ext+0x148>
10005ef6:	e0dd      	b.n	100060b4 <tud_task_ext+0x304>
10005ef8:	7963      	ldrb	r3, [r4, #5]
10005efa:	2b09      	cmp	r3, #9
10005efc:	d900      	bls.n	10005f00 <tud_task_ext+0x150>
10005efe:	e0d9      	b.n	100060b4 <tud_task_ext+0x304>
10005f00:	4a7f      	ldr	r2, [pc, #508]	@ (10006100 <tud_task_ext+0x350>)
10005f02:	009b      	lsls	r3, r3, #2
10005f04:	58d3      	ldr	r3, [r2, r3]
10005f06:	469f      	mov	pc, r3
10005f08:	4d78      	ldr	r5, [pc, #480]	@ (100060ec <tud_task_ext+0x33c>)
10005f0a:	782b      	ldrb	r3, [r5, #0]
10005f0c:	07db      	lsls	r3, r3, #31
10005f0e:	d400      	bmi.n	10005f12 <tud_task_ext+0x162>
10005f10:	e763      	b.n	10005dda <tud_task_ext+0x2a>
10005f12:	f7ff fec7 	bl	10005ca4 <tud_resume_cb>
10005f16:	e760      	b.n	10005dda <tud_task_ext+0x2a>
10005f18:	9b02      	ldr	r3, [sp, #8]
10005f1a:	78db      	ldrb	r3, [r3, #3]
10005f1c:	07db      	lsls	r3, r3, #31
10005f1e:	d400      	bmi.n	10005f22 <tud_task_ext+0x172>
10005f20:	e75b      	b.n	10005dda <tud_task_ext+0x2a>
10005f22:	6860      	ldr	r0, [r4, #4]
10005f24:	f7ff feb2 	bl	10005c8c <tud_sof_cb>
10005f28:	e757      	b.n	10005dda <tud_task_ext+0x2a>
10005f2a:	4d70      	ldr	r5, [pc, #448]	@ (100060ec <tud_task_ext+0x33c>)
10005f2c:	782b      	ldrb	r3, [r5, #0]
10005f2e:	07db      	lsls	r3, r3, #31
10005f30:	d400      	bmi.n	10005f34 <tud_task_ext+0x184>
10005f32:	e752      	b.n	10005dda <tud_task_ext+0x2a>
10005f34:	7828      	ldrb	r0, [r5, #0]
10005f36:	0700      	lsls	r0, r0, #28
10005f38:	0fc0      	lsrs	r0, r0, #31
10005f3a:	f7ff feb1 	bl	10005ca0 <tud_suspend_cb>
10005f3e:	e74c      	b.n	10005dda <tud_task_ext+0x2a>
10005f40:	7823      	ldrb	r3, [r4, #0]
10005f42:	4a6b      	ldr	r2, [pc, #428]	@ (100060f0 <tud_task_ext+0x340>)
10005f44:	4699      	mov	r9, r3
10005f46:	4693      	mov	fp, r2
10005f48:	4b6a      	ldr	r3, [pc, #424]	@ (100060f4 <tud_task_ext+0x344>)
10005f4a:	4a6b      	ldr	r2, [pc, #428]	@ (100060f8 <tud_task_ext+0x348>)
10005f4c:	4698      	mov	r8, r3
10005f4e:	4692      	mov	sl, r2
10005f50:	003a      	movs	r2, r7
10005f52:	2500      	movs	r5, #0
10005f54:	4647      	mov	r7, r8
10005f56:	781b      	ldrb	r3, [r3, #0]
10005f58:	46b0      	mov	r8, r6
10005f5a:	464e      	mov	r6, r9
10005f5c:	4691      	mov	r9, r2
10005f5e:	e00e      	b.n	10005f7e <tud_task_ext+0x1ce>
10005f60:	4653      	mov	r3, sl
10005f62:	681b      	ldr	r3, [r3, #0]
10005f64:	016a      	lsls	r2, r5, #5
10005f66:	189b      	adds	r3, r3, r2
10005f68:	2b00      	cmp	r3, #0
10005f6a:	d100      	bne.n	10005f6e <tud_task_ext+0x1be>
10005f6c:	e07d      	b.n	1000606a <tud_task_ext+0x2ba>
10005f6e:	68db      	ldr	r3, [r3, #12]
10005f70:	0030      	movs	r0, r6
10005f72:	4798      	blx	r3
10005f74:	3501      	adds	r5, #1
10005f76:	783b      	ldrb	r3, [r7, #0]
10005f78:	b2ed      	uxtb	r5, r5
10005f7a:	42ab      	cmp	r3, r5
10005f7c:	d30c      	bcc.n	10005f98 <tud_task_ext+0x1e8>
10005f7e:	42ab      	cmp	r3, r5
10005f80:	d8ee      	bhi.n	10005f60 <tud_task_ext+0x1b0>
10005f82:	1aeb      	subs	r3, r5, r3
10005f84:	015b      	lsls	r3, r3, #5
10005f86:	445b      	add	r3, fp
10005f88:	68db      	ldr	r3, [r3, #12]
10005f8a:	0030      	movs	r0, r6
10005f8c:	4798      	blx	r3
10005f8e:	3501      	adds	r5, #1
10005f90:	783b      	ldrb	r3, [r7, #0]
10005f92:	b2ed      	uxtb	r5, r5
10005f94:	42ab      	cmp	r3, r5
10005f96:	d2f2      	bcs.n	10005f7e <tud_task_ext+0x1ce>
10005f98:	4d54      	ldr	r5, [pc, #336]	@ (100060ec <tud_task_ext+0x33c>)
10005f9a:	2254      	movs	r2, #84	@ 0x54
10005f9c:	2100      	movs	r1, #0
10005f9e:	0028      	movs	r0, r5
10005fa0:	f7fd f972 	bl	10003288 <__wrap_memset>
10005fa4:	2210      	movs	r2, #16
10005fa6:	21ff      	movs	r1, #255	@ 0xff
10005fa8:	1d28      	adds	r0, r5, #4
10005faa:	f7fd f96d 	bl	10003288 <__wrap_memset>
10005fae:	0028      	movs	r0, r5
10005fb0:	2220      	movs	r2, #32
10005fb2:	21ff      	movs	r1, #255	@ 0xff
10005fb4:	3014      	adds	r0, #20
10005fb6:	4646      	mov	r6, r8
10005fb8:	464f      	mov	r7, r9
10005fba:	f7fd f965 	bl	10003288 <__wrap_memset>
10005fbe:	f000 fbff 	bl	100067c0 <usbd_control_reset>
10005fc2:	7923      	ldrb	r3, [r4, #4]
10005fc4:	70ab      	strb	r3, [r5, #2]
10005fc6:	e708      	b.n	10005dda <tud_task_ext+0x2a>
10005fc8:	7823      	ldrb	r3, [r4, #0]
10005fca:	4a4b      	ldr	r2, [pc, #300]	@ (100060f8 <tud_task_ext+0x348>)
10005fcc:	4699      	mov	r9, r3
10005fce:	4b49      	ldr	r3, [pc, #292]	@ (100060f4 <tud_task_ext+0x344>)
10005fd0:	4692      	mov	sl, r2
10005fd2:	4698      	mov	r8, r3
10005fd4:	0032      	movs	r2, r6
10005fd6:	46bb      	mov	fp, r7
10005fd8:	464e      	mov	r6, r9
10005fda:	2500      	movs	r5, #0
10005fdc:	4647      	mov	r7, r8
10005fde:	4691      	mov	r9, r2
10005fe0:	781b      	ldrb	r3, [r3, #0]
10005fe2:	e00d      	b.n	10006000 <tud_task_ext+0x250>
10005fe4:	4653      	mov	r3, sl
10005fe6:	681b      	ldr	r3, [r3, #0]
10005fe8:	016a      	lsls	r2, r5, #5
10005fea:	189b      	adds	r3, r3, r2
10005fec:	2b00      	cmp	r3, #0
10005fee:	d040      	beq.n	10006072 <tud_task_ext+0x2c2>
10005ff0:	68db      	ldr	r3, [r3, #12]
10005ff2:	0030      	movs	r0, r6
10005ff4:	4798      	blx	r3
10005ff6:	3501      	adds	r5, #1
10005ff8:	783b      	ldrb	r3, [r7, #0]
10005ffa:	b2ed      	uxtb	r5, r5
10005ffc:	42ab      	cmp	r3, r5
10005ffe:	d30d      	bcc.n	1000601c <tud_task_ext+0x26c>
10006000:	429d      	cmp	r5, r3
10006002:	d3ef      	bcc.n	10005fe4 <tud_task_ext+0x234>
10006004:	9a01      	ldr	r2, [sp, #4]
10006006:	1aeb      	subs	r3, r5, r3
10006008:	015b      	lsls	r3, r3, #5
1000600a:	18d3      	adds	r3, r2, r3
1000600c:	68db      	ldr	r3, [r3, #12]
1000600e:	0030      	movs	r0, r6
10006010:	4798      	blx	r3
10006012:	3501      	adds	r5, #1
10006014:	783b      	ldrb	r3, [r7, #0]
10006016:	b2ed      	uxtb	r5, r5
10006018:	42ab      	cmp	r3, r5
1000601a:	d2f1      	bcs.n	10006000 <tud_task_ext+0x250>
1000601c:	9d02      	ldr	r5, [sp, #8]
1000601e:	2254      	movs	r2, #84	@ 0x54
10006020:	2100      	movs	r1, #0
10006022:	0028      	movs	r0, r5
10006024:	f7fd f930 	bl	10003288 <__wrap_memset>
10006028:	2210      	movs	r2, #16
1000602a:	21ff      	movs	r1, #255	@ 0xff
1000602c:	4835      	ldr	r0, [pc, #212]	@ (10006104 <tud_task_ext+0x354>)
1000602e:	f7fd f92b 	bl	10003288 <__wrap_memset>
10006032:	0028      	movs	r0, r5
10006034:	2220      	movs	r2, #32
10006036:	21ff      	movs	r1, #255	@ 0xff
10006038:	3014      	adds	r0, #20
1000603a:	464e      	mov	r6, r9
1000603c:	465f      	mov	r7, fp
1000603e:	f7fd f923 	bl	10003288 <__wrap_memset>
10006042:	f000 fbbd 	bl	100067c0 <usbd_control_reset>
10006046:	f7ff fe29 	bl	10005c9c <tud_umount_cb>
1000604a:	e6c6      	b.n	10005dda <tud_task_ext+0x2a>
1000604c:	4293      	cmp	r3, r2
1000604e:	d013      	beq.n	10006078 <tud_task_ext+0x2c8>
10006050:	b011      	add	sp, #68	@ 0x44
10006052:	bcf0      	pop	{r4, r5, r6, r7}
10006054:	46bb      	mov	fp, r7
10006056:	46b2      	mov	sl, r6
10006058:	46a9      	mov	r9, r5
1000605a:	46a0      	mov	r8, r4
1000605c:	bdf0      	pop	{r4, r5, r6, r7, pc}
1000605e:	68a3      	ldr	r3, [r4, #8]
10006060:	7962      	ldrb	r2, [r4, #5]
10006062:	7820      	ldrb	r0, [r4, #0]
10006064:	f000 fbca 	bl	100067fc <usbd_control_xfer_cb>
10006068:	e6b7      	b.n	10005dda <tud_task_ext+0x2a>
1000606a:	4646      	mov	r6, r8
1000606c:	464f      	mov	r7, r9
1000606e:	4d1f      	ldr	r5, [pc, #124]	@ (100060ec <tud_task_ext+0x33c>)
10006070:	e7a5      	b.n	10005fbe <tud_task_ext+0x20e>
10006072:	464e      	mov	r6, r9
10006074:	465f      	mov	r7, fp
10006076:	e7e4      	b.n	10006042 <tud_task_ext+0x292>
10006078:	4d1d      	ldr	r5, [pc, #116]	@ (100060f0 <tud_task_ext+0x340>)
1000607a:	e6f8      	b.n	10005e6e <tud_task_ext+0xbe>
1000607c:	2370      	movs	r3, #112	@ 0x70
1000607e:	7a21      	ldrb	r1, [r4, #8]
10006080:	420b      	tst	r3, r1
10006082:	d117      	bne.n	100060b4 <tud_task_ext+0x304>
10006084:	09c8      	lsrs	r0, r1, #7
10006086:	4682      	mov	sl, r0
10006088:	330f      	adds	r3, #15
1000608a:	400b      	ands	r3, r1
1000608c:	005b      	lsls	r3, r3, #1
1000608e:	4698      	mov	r8, r3
10006090:	4818      	ldr	r0, [pc, #96]	@ (100060f4 <tud_task_ext+0x344>)
10006092:	18eb      	adds	r3, r5, r3
10006094:	4453      	add	r3, sl
10006096:	7d1b      	ldrb	r3, [r3, #20]
10006098:	7800      	ldrb	r0, [r0, #0]
1000609a:	4283      	cmp	r3, r0
1000609c:	d264      	bcs.n	10006168 <tud_task_ext+0x3b8>
1000609e:	4816      	ldr	r0, [pc, #88]	@ (100060f8 <tud_task_ext+0x348>)
100060a0:	015b      	lsls	r3, r3, #5
100060a2:	6800      	ldr	r0, [r0, #0]
100060a4:	4681      	mov	r9, r0
100060a6:	4499      	add	r9, r3
100060a8:	2a00      	cmp	r2, #0
100060aa:	d100      	bne.n	100060ae <tud_task_ext+0x2fe>
100060ac:	e155      	b.n	1000635a <tud_task_ext+0x5aa>
100060ae:	464b      	mov	r3, r9
100060b0:	2b00      	cmp	r3, #0
100060b2:	d161      	bne.n	10006178 <tud_task_ext+0x3c8>
100060b4:	7820      	ldrb	r0, [r4, #0]
100060b6:	2100      	movs	r1, #0
100060b8:	f7ff fd70 	bl	10005b9c <dcd_edpt_stall>
100060bc:	2180      	movs	r1, #128	@ 0x80
100060be:	7820      	ldrb	r0, [r4, #0]
100060c0:	f7ff fd6c 	bl	10005b9c <dcd_edpt_stall>
100060c4:	e689      	b.n	10005dda <tud_task_ext+0x2a>
100060c6:	4810      	ldr	r0, [pc, #64]	@ (10006108 <tud_task_ext+0x358>)
100060c8:	f000 fb84 	bl	100067d4 <usbd_control_set_complete_callback>
100060cc:	2101      	movs	r1, #1
100060ce:	4658      	mov	r0, fp
100060d0:	aa0e      	add	r2, sp, #56	@ 0x38
100060d2:	f7ff fc23 	bl	1000591c <tud_vendor_control_xfer_cb>
100060d6:	2800      	cmp	r0, #0
100060d8:	d000      	beq.n	100060dc <tud_task_ext+0x32c>
100060da:	e67e      	b.n	10005dda <tud_task_ext+0x2a>
100060dc:	e7ea      	b.n	100060b4 <tud_task_ext+0x304>
100060de:	46c0      	nop			@ (mov r8, r8)
100060e0:	200011ac 	.word	0x200011ac
100060e4:	10009a10 	.word	0x10009a10
100060e8:	20012708 	.word	0x20012708
100060ec:	200126b0 	.word	0x200126b0
100060f0:	10009ab8 	.word	0x10009ab8
100060f4:	20012dbc 	.word	0x20012dbc
100060f8:	200125c8 	.word	0x200125c8
100060fc:	20012dbe 	.word	0x20012dbe
10006100:	10009a34 	.word	0x10009a34
10006104:	200126b4 	.word	0x200126b4
10006108:	1000591d 	.word	0x1000591d
1000610c:	7a23      	ldrb	r3, [r4, #8]
1000610e:	8922      	ldrh	r2, [r4, #8]
10006110:	2b0f      	cmp	r3, #15
10006112:	d8cf      	bhi.n	100060b4 <tud_task_ext+0x304>
10006114:	23ff      	movs	r3, #255	@ 0xff
10006116:	4013      	ands	r3, r2
10006118:	4ad1      	ldr	r2, [pc, #836]	@ (10006460 <tud_task_ext+0x6b0>)
1000611a:	18eb      	adds	r3, r5, r3
1000611c:	791b      	ldrb	r3, [r3, #4]
1000611e:	7812      	ldrb	r2, [r2, #0]
10006120:	4293      	cmp	r3, r2
10006122:	d334      	bcc.n	1000618e <tud_task_ext+0x3de>
10006124:	d1c6      	bne.n	100060b4 <tud_task_ext+0x304>
10006126:	4dcf      	ldr	r5, [pc, #828]	@ (10006464 <tud_task_ext+0x6b4>)
10006128:	6968      	ldr	r0, [r5, #20]
1000612a:	f000 fb53 	bl	100067d4 <usbd_control_set_complete_callback>
1000612e:	2101      	movs	r1, #1
10006130:	4658      	mov	r0, fp
10006132:	696b      	ldr	r3, [r5, #20]
10006134:	aa0e      	add	r2, sp, #56	@ 0x38
10006136:	4798      	blx	r3
10006138:	2800      	cmp	r0, #0
1000613a:	d000      	beq.n	1000613e <tud_task_ext+0x38e>
1000613c:	e64d      	b.n	10005dda <tud_task_ext+0x2a>
1000613e:	2260      	movs	r2, #96	@ 0x60
10006140:	0015      	movs	r5, r2
10006142:	7923      	ldrb	r3, [r4, #4]
10006144:	401d      	ands	r5, r3
10006146:	421a      	tst	r2, r3
10006148:	d1b4      	bne.n	100060b4 <tud_task_ext+0x304>
1000614a:	7963      	ldrb	r3, [r4, #5]
1000614c:	3b0a      	subs	r3, #10
1000614e:	2b01      	cmp	r3, #1
10006150:	d8b0      	bhi.n	100060b4 <tud_task_ext+0x304>
10006152:	f000 fb3f 	bl	100067d4 <usbd_control_set_complete_callback>
10006156:	7963      	ldrb	r3, [r4, #5]
10006158:	2b0a      	cmp	r3, #10
1000615a:	d100      	bne.n	1000615e <tud_task_ext+0x3ae>
1000615c:	e18a      	b.n	10006474 <tud_task_ext+0x6c4>
1000615e:	4658      	mov	r0, fp
10006160:	a90e      	add	r1, sp, #56	@ 0x38
10006162:	f000 fac7 	bl	100066f4 <tud_control_status>
10006166:	e638      	b.n	10005dda <tud_task_ext+0x2a>
10006168:	4283      	cmp	r3, r0
1000616a:	d000      	beq.n	1000616e <tud_task_ext+0x3be>
1000616c:	e0f0      	b.n	10006350 <tud_task_ext+0x5a0>
1000616e:	4bbd      	ldr	r3, [pc, #756]	@ (10006464 <tud_task_ext+0x6b4>)
10006170:	4699      	mov	r9, r3
10006172:	2a00      	cmp	r2, #0
10006174:	d100      	bne.n	10006178 <tud_task_ext+0x3c8>
10006176:	e0f0      	b.n	1000635a <tud_task_ext+0x5aa>
10006178:	464b      	mov	r3, r9
1000617a:	6958      	ldr	r0, [r3, #20]
1000617c:	f000 fb2a 	bl	100067d4 <usbd_control_set_complete_callback>
10006180:	464b      	mov	r3, r9
10006182:	2101      	movs	r1, #1
10006184:	4658      	mov	r0, fp
10006186:	695b      	ldr	r3, [r3, #20]
10006188:	aa0e      	add	r2, sp, #56	@ 0x38
1000618a:	4798      	blx	r3
1000618c:	e7a3      	b.n	100060d6 <tud_task_ext+0x326>
1000618e:	4ab6      	ldr	r2, [pc, #728]	@ (10006468 <tud_task_ext+0x6b8>)
10006190:	015b      	lsls	r3, r3, #5
10006192:	6815      	ldr	r5, [r2, #0]
10006194:	18ed      	adds	r5, r5, r3
10006196:	2d00      	cmp	r5, #0
10006198:	d1c6      	bne.n	10006128 <tud_task_ext+0x378>
1000619a:	e78b      	b.n	100060b4 <tud_task_ext+0x304>
1000619c:	79a3      	ldrb	r3, [r4, #6]
1000619e:	4699      	mov	r9, r3
100061a0:	786b      	ldrb	r3, [r5, #1]
100061a2:	4599      	cmp	r9, r3
100061a4:	d0db      	beq.n	1000615e <tud_task_ext+0x3ae>
100061a6:	786b      	ldrb	r3, [r5, #1]
100061a8:	2b00      	cmp	r3, #0
100061aa:	d000      	beq.n	100061ae <tud_task_ext+0x3fe>
100061ac:	e12c      	b.n	10006408 <tud_task_ext+0x658>
100061ae:	464b      	mov	r3, r9
100061b0:	706b      	strb	r3, [r5, #1]
100061b2:	2b00      	cmp	r3, #0
100061b4:	d100      	bne.n	100061b8 <tud_task_ext+0x408>
100061b6:	e124      	b.n	10006402 <tud_task_ext+0x652>
100061b8:	4648      	mov	r0, r9
100061ba:	3801      	subs	r0, #1
100061bc:	b2c0      	uxtb	r0, r0
100061be:	f7ff fa09 	bl	100055d4 <tud_descriptor_configuration_cb>
100061c2:	2800      	cmp	r0, #0
100061c4:	d100      	bne.n	100061c8 <tud_task_ext+0x418>
100061c6:	e174      	b.n	100064b2 <tud_task_ext+0x702>
100061c8:	7843      	ldrb	r3, [r0, #1]
100061ca:	9307      	str	r3, [sp, #28]
100061cc:	2b02      	cmp	r3, #2
100061ce:	d000      	beq.n	100061d2 <tud_task_ext+0x422>
100061d0:	e16f      	b.n	100064b2 <tud_task_ext+0x702>
100061d2:	2201      	movs	r2, #1
100061d4:	79c1      	ldrb	r1, [r0, #7]
100061d6:	46b1      	mov	r9, r6
100061d8:	118b      	asrs	r3, r1, #6
100061da:	1149      	asrs	r1, r1, #5
100061dc:	4013      	ands	r3, r2
100061de:	400a      	ands	r2, r1
100061e0:	2130      	movs	r1, #48	@ 0x30
100061e2:	0112      	lsls	r2, r2, #4
100061e4:	015b      	lsls	r3, r3, #5
100061e6:	4313      	orrs	r3, r2
100061e8:	782a      	ldrb	r2, [r5, #0]
100061ea:	46a8      	mov	r8, r5
100061ec:	438a      	bics	r2, r1
100061ee:	4313      	orrs	r3, r2
100061f0:	702b      	strb	r3, [r5, #0]
100061f2:	2309      	movs	r3, #9
100061f4:	469a      	mov	sl, r3
100061f6:	4482      	add	sl, r0
100061f8:	4656      	mov	r6, sl
100061fa:	46ba      	mov	sl, r7
100061fc:	78c3      	ldrb	r3, [r0, #3]
100061fe:	7882      	ldrb	r2, [r0, #2]
10006200:	021b      	lsls	r3, r3, #8
10006202:	4313      	orrs	r3, r2
10006204:	18c3      	adds	r3, r0, r3
10006206:	9305      	str	r3, [sp, #20]
10006208:	4b95      	ldr	r3, [pc, #596]	@ (10006460 <tud_task_ext+0x6b0>)
1000620a:	9304      	str	r3, [sp, #16]
1000620c:	4b95      	ldr	r3, [pc, #596]	@ (10006464 <tud_task_ext+0x6b4>)
1000620e:	9308      	str	r3, [sp, #32]
10006210:	4b95      	ldr	r3, [pc, #596]	@ (10006468 <tud_task_ext+0x6b8>)
10006212:	9309      	str	r3, [sp, #36]	@ 0x24
10006214:	4b95      	ldr	r3, [pc, #596]	@ (1000646c <tud_task_ext+0x6bc>)
10006216:	930a      	str	r3, [sp, #40]	@ 0x28
10006218:	9b05      	ldr	r3, [sp, #20]
1000621a:	42b3      	cmp	r3, r6
1000621c:	d800      	bhi.n	10006220 <tud_task_ext+0x470>
1000621e:	e14b      	b.n	100064b8 <tud_task_ext+0x708>
10006220:	7873      	ldrb	r3, [r6, #1]
10006222:	2201      	movs	r2, #1
10006224:	2b0b      	cmp	r3, #11
10006226:	d103      	bne.n	10006230 <tud_task_ext+0x480>
10006228:	7833      	ldrb	r3, [r6, #0]
1000622a:	78f2      	ldrb	r2, [r6, #3]
1000622c:	18f6      	adds	r6, r6, r3
1000622e:	7873      	ldrb	r3, [r6, #1]
10006230:	2b04      	cmp	r3, #4
10006232:	d000      	beq.n	10006236 <tud_task_ext+0x486>
10006234:	e13a      	b.n	100064ac <tud_task_ext+0x6fc>
10006236:	9b05      	ldr	r3, [sp, #20]
10006238:	2700      	movs	r7, #0
1000623a:	1b9b      	subs	r3, r3, r6
1000623c:	b29b      	uxth	r3, r3
1000623e:	9306      	str	r3, [sp, #24]
10006240:	9b04      	ldr	r3, [sp, #16]
10006242:	920b      	str	r2, [sp, #44]	@ 0x2c
10006244:	781d      	ldrb	r5, [r3, #0]
10006246:	e019      	b.n	1000627c <tud_task_ext+0x4cc>
10006248:	9a09      	ldr	r2, [sp, #36]	@ 0x24
1000624a:	017b      	lsls	r3, r7, #5
1000624c:	6815      	ldr	r5, [r2, #0]
1000624e:	18ed      	adds	r5, r5, r3
10006250:	2d00      	cmp	r5, #0
10006252:	d100      	bne.n	10006256 <tud_task_ext+0x4a6>
10006254:	e12a      	b.n	100064ac <tud_task_ext+0x6fc>
10006256:	0031      	movs	r1, r6
10006258:	4658      	mov	r0, fp
1000625a:	692b      	ldr	r3, [r5, #16]
1000625c:	9a06      	ldr	r2, [sp, #24]
1000625e:	4798      	blx	r3
10006260:	4684      	mov	ip, r0
10006262:	2808      	cmp	r0, #8
10006264:	d903      	bls.n	1000626e <tud_task_ext+0x4be>
10006266:	9a06      	ldr	r2, [sp, #24]
10006268:	4282      	cmp	r2, r0
1000626a:	d300      	bcc.n	1000626e <tud_task_ext+0x4be>
1000626c:	e10b      	b.n	10006486 <tud_task_ext+0x6d6>
1000626e:	9b04      	ldr	r3, [sp, #16]
10006270:	3701      	adds	r7, #1
10006272:	781d      	ldrb	r5, [r3, #0]
10006274:	b2ff      	uxtb	r7, r7
10006276:	42bd      	cmp	r5, r7
10006278:	d200      	bcs.n	1000627c <tud_task_ext+0x4cc>
1000627a:	e117      	b.n	100064ac <tud_task_ext+0x6fc>
1000627c:	42bd      	cmp	r5, r7
1000627e:	d8e3      	bhi.n	10006248 <tud_task_ext+0x498>
10006280:	9b08      	ldr	r3, [sp, #32]
10006282:	1b7d      	subs	r5, r7, r5
10006284:	016d      	lsls	r5, r5, #5
10006286:	195d      	adds	r5, r3, r5
10006288:	e7e5      	b.n	10006256 <tud_task_ext+0x4a6>
1000628a:	786b      	ldrb	r3, [r5, #1]
1000628c:	aa0c      	add	r2, sp, #48	@ 0x30
1000628e:	3202      	adds	r2, #2
10006290:	7013      	strb	r3, [r2, #0]
10006292:	4658      	mov	r0, fp
10006294:	2301      	movs	r3, #1
10006296:	a90e      	add	r1, sp, #56	@ 0x38
10006298:	f000 fa42 	bl	10006720 <tud_control_xfer>
1000629c:	e59d      	b.n	10005dda <tud_task_ext+0x2a>
1000629e:	88e0      	ldrh	r0, [r4, #6]
100062a0:	0a03      	lsrs	r3, r0, #8
100062a2:	b2c0      	uxtb	r0, r0
100062a4:	2b0f      	cmp	r3, #15
100062a6:	d900      	bls.n	100062aa <tud_task_ext+0x4fa>
100062a8:	e704      	b.n	100060b4 <tud_task_ext+0x304>
100062aa:	4971      	ldr	r1, [pc, #452]	@ (10006470 <tud_task_ext+0x6c0>)
100062ac:	009a      	lsls	r2, r3, #2
100062ae:	588a      	ldr	r2, [r1, r2]
100062b0:	4697      	mov	pc, r2
100062b2:	a80e      	add	r0, sp, #56	@ 0x38
100062b4:	f000 fa94 	bl	100067e0 <usbd_control_set_request>
100062b8:	4658      	mov	r0, fp
100062ba:	79a1      	ldrb	r1, [r4, #6]
100062bc:	f7ff fbb4 	bl	10005a28 <dcd_set_address>
100062c0:	2202      	movs	r2, #2
100062c2:	782b      	ldrb	r3, [r5, #0]
100062c4:	4313      	orrs	r3, r2
100062c6:	702b      	strb	r3, [r5, #0]
100062c8:	e587      	b.n	10005dda <tud_task_ext+0x2a>
100062ca:	88e3      	ldrh	r3, [r4, #6]
100062cc:	2b01      	cmp	r3, #1
100062ce:	d000      	beq.n	100062d2 <tud_task_ext+0x522>
100062d0:	e6f0      	b.n	100060b4 <tud_task_ext+0x304>
100062d2:	2208      	movs	r2, #8
100062d4:	782b      	ldrb	r3, [r5, #0]
100062d6:	4658      	mov	r0, fp
100062d8:	4393      	bics	r3, r2
100062da:	a90e      	add	r1, sp, #56	@ 0x38
100062dc:	702b      	strb	r3, [r5, #0]
100062de:	f000 fa09 	bl	100066f4 <tud_control_status>
100062e2:	e57a      	b.n	10005dda <tud_task_ext+0x2a>
100062e4:	2002      	movs	r0, #2
100062e6:	7829      	ldrb	r1, [r5, #0]
100062e8:	ab0c      	add	r3, sp, #48	@ 0x30
100062ea:	1c9a      	adds	r2, r3, #2
100062ec:	068b      	lsls	r3, r1, #26
100062ee:	0889      	lsrs	r1, r1, #2
100062f0:	0fdb      	lsrs	r3, r3, #31
100062f2:	4001      	ands	r1, r0
100062f4:	430b      	orrs	r3, r1
100062f6:	8013      	strh	r3, [r2, #0]
100062f8:	4658      	mov	r0, fp
100062fa:	2302      	movs	r3, #2
100062fc:	a90e      	add	r1, sp, #56	@ 0x38
100062fe:	f000 fa0f 	bl	10006720 <tud_control_xfer>
10006302:	e56a      	b.n	10005dda <tud_task_ext+0x2a>
10006304:	88e3      	ldrh	r3, [r4, #6]
10006306:	2b01      	cmp	r3, #1
10006308:	d000      	beq.n	1000630c <tud_task_ext+0x55c>
1000630a:	e6d3      	b.n	100060b4 <tud_task_ext+0x304>
1000630c:	2208      	movs	r2, #8
1000630e:	782b      	ldrb	r3, [r5, #0]
10006310:	4313      	orrs	r3, r2
10006312:	702b      	strb	r3, [r5, #0]
10006314:	e723      	b.n	1000615e <tud_task_ext+0x3ae>
10006316:	7a23      	ldrb	r3, [r4, #8]
10006318:	8922      	ldrh	r2, [r4, #8]
1000631a:	2b0f      	cmp	r3, #15
1000631c:	d900      	bls.n	10006320 <tud_task_ext+0x570>
1000631e:	e6c9      	b.n	100060b4 <tud_task_ext+0x304>
10006320:	23ff      	movs	r3, #255	@ 0xff
10006322:	4013      	ands	r3, r2
10006324:	4a4e      	ldr	r2, [pc, #312]	@ (10006460 <tud_task_ext+0x6b0>)
10006326:	18eb      	adds	r3, r5, r3
10006328:	791b      	ldrb	r3, [r3, #4]
1000632a:	7812      	ldrb	r2, [r2, #0]
1000632c:	4293      	cmp	r3, r2
1000632e:	d228      	bcs.n	10006382 <tud_task_ext+0x5d2>
10006330:	4a4d      	ldr	r2, [pc, #308]	@ (10006468 <tud_task_ext+0x6b8>)
10006332:	015b      	lsls	r3, r3, #5
10006334:	6815      	ldr	r5, [r2, #0]
10006336:	18ed      	adds	r5, r5, r3
10006338:	2d00      	cmp	r5, #0
1000633a:	d100      	bne.n	1000633e <tud_task_ext+0x58e>
1000633c:	e6ba      	b.n	100060b4 <tud_task_ext+0x304>
1000633e:	6968      	ldr	r0, [r5, #20]
10006340:	f000 fa48 	bl	100067d4 <usbd_control_set_complete_callback>
10006344:	2101      	movs	r1, #1
10006346:	4658      	mov	r0, fp
10006348:	696b      	ldr	r3, [r5, #20]
1000634a:	aa0e      	add	r2, sp, #56	@ 0x38
1000634c:	4798      	blx	r3
1000634e:	e6c2      	b.n	100060d6 <tud_task_ext+0x326>
10006350:	2a00      	cmp	r2, #0
10006352:	d000      	beq.n	10006356 <tud_task_ext+0x5a6>
10006354:	e6ae      	b.n	100060b4 <tud_task_ext+0x304>
10006356:	2300      	movs	r3, #0
10006358:	4699      	mov	r9, r3
1000635a:	7962      	ldrb	r2, [r4, #5]
1000635c:	2002      	movs	r0, #2
1000635e:	0013      	movs	r3, r2
10006360:	9204      	str	r2, [sp, #16]
10006362:	4383      	bics	r3, r0
10006364:	2b01      	cmp	r3, #1
10006366:	d011      	beq.n	1000638c <tud_task_ext+0x5dc>
10006368:	2a00      	cmp	r2, #0
1000636a:	d000      	beq.n	1000636e <tud_task_ext+0x5be>
1000636c:	e6a2      	b.n	100060b4 <tud_task_ext+0x304>
1000636e:	002b      	movs	r3, r5
10006370:	4443      	add	r3, r8
10006372:	4453      	add	r3, sl
10006374:	3330      	adds	r3, #48	@ 0x30
10006376:	791b      	ldrb	r3, [r3, #4]
10006378:	aa0c      	add	r2, sp, #48	@ 0x30
1000637a:	079b      	lsls	r3, r3, #30
1000637c:	0fdb      	lsrs	r3, r3, #31
1000637e:	3202      	adds	r2, #2
10006380:	e7b9      	b.n	100062f6 <tud_task_ext+0x546>
10006382:	4293      	cmp	r3, r2
10006384:	d000      	beq.n	10006388 <tud_task_ext+0x5d8>
10006386:	e695      	b.n	100060b4 <tud_task_ext+0x304>
10006388:	4d36      	ldr	r5, [pc, #216]	@ (10006464 <tud_task_ext+0x6b4>)
1000638a:	e7d8      	b.n	1000633e <tud_task_ext+0x58e>
1000638c:	88e3      	ldrh	r3, [r4, #6]
1000638e:	2b00      	cmp	r3, #0
10006390:	d112      	bne.n	100063b8 <tud_task_ext+0x608>
10006392:	9b03      	ldr	r3, [sp, #12]
10006394:	7818      	ldrb	r0, [r3, #0]
10006396:	9b04      	ldr	r3, [sp, #16]
10006398:	2b01      	cmp	r3, #1
1000639a:	d023      	beq.n	100063e4 <tud_task_ext+0x634>
1000639c:	f7ff fbfe 	bl	10005b9c <dcd_edpt_stall>
100063a0:	4643      	mov	r3, r8
100063a2:	2102      	movs	r1, #2
100063a4:	18eb      	adds	r3, r5, r3
100063a6:	4453      	add	r3, sl
100063a8:	3330      	adds	r3, #48	@ 0x30
100063aa:	791a      	ldrb	r2, [r3, #4]
100063ac:	430a      	orrs	r2, r1
100063ae:	2101      	movs	r1, #1
100063b0:	711a      	strb	r2, [r3, #4]
100063b2:	791a      	ldrb	r2, [r3, #4]
100063b4:	430a      	orrs	r2, r1
100063b6:	711a      	strb	r2, [r3, #4]
100063b8:	464b      	mov	r3, r9
100063ba:	2b00      	cmp	r3, #0
100063bc:	d100      	bne.n	100063c0 <tud_task_ext+0x610>
100063be:	e50c      	b.n	10005dda <tud_task_ext+0x2a>
100063c0:	6958      	ldr	r0, [r3, #20]
100063c2:	f000 fa07 	bl	100067d4 <usbd_control_set_complete_callback>
100063c6:	464b      	mov	r3, r9
100063c8:	2101      	movs	r1, #1
100063ca:	695b      	ldr	r3, [r3, #20]
100063cc:	aa0e      	add	r2, sp, #56	@ 0x38
100063ce:	4658      	mov	r0, fp
100063d0:	4798      	blx	r3
100063d2:	2000      	movs	r0, #0
100063d4:	f000 f9fe 	bl	100067d4 <usbd_control_set_complete_callback>
100063d8:	2335      	movs	r3, #53	@ 0x35
100063da:	5ceb      	ldrb	r3, [r5, r3]
100063dc:	07db      	lsls	r3, r3, #31
100063de:	d500      	bpl.n	100063e2 <tud_task_ext+0x632>
100063e0:	e4fb      	b.n	10005dda <tud_task_ext+0x2a>
100063e2:	e6bc      	b.n	1000615e <tud_task_ext+0x3ae>
100063e4:	f7ff fbf8 	bl	10005bd8 <dcd_edpt_clear_stall>
100063e8:	4643      	mov	r3, r8
100063ea:	2102      	movs	r1, #2
100063ec:	18eb      	adds	r3, r5, r3
100063ee:	4453      	add	r3, sl
100063f0:	3330      	adds	r3, #48	@ 0x30
100063f2:	791a      	ldrb	r2, [r3, #4]
100063f4:	438a      	bics	r2, r1
100063f6:	711a      	strb	r2, [r3, #4]
100063f8:	791a      	ldrb	r2, [r3, #4]
100063fa:	9904      	ldr	r1, [sp, #16]
100063fc:	438a      	bics	r2, r1
100063fe:	711a      	strb	r2, [r3, #4]
10006400:	e7da      	b.n	100063b8 <tud_task_ext+0x608>
10006402:	f7ff fc4b 	bl	10005c9c <tud_umount_cb>
10006406:	e6aa      	b.n	1000615e <tud_task_ext+0x3ae>
10006408:	2100      	movs	r1, #0
1000640a:	4658      	mov	r0, fp
1000640c:	f7ff fb16 	bl	10005a3c <dcd_sof_enable>
10006410:	4658      	mov	r0, fp
10006412:	f7ff fbad 	bl	10005b70 <dcd_edpt_close_all>
10006416:	2200      	movs	r2, #0
10006418:	4692      	mov	sl, r2
1000641a:	4a12      	ldr	r2, [pc, #72]	@ (10006464 <tud_task_ext+0x6b4>)
1000641c:	78ab      	ldrb	r3, [r5, #2]
1000641e:	9205      	str	r2, [sp, #20]
10006420:	4a11      	ldr	r2, [pc, #68]	@ (10006468 <tud_task_ext+0x6b8>)
10006422:	9304      	str	r3, [sp, #16]
10006424:	9206      	str	r2, [sp, #24]
10006426:	002a      	movs	r2, r5
10006428:	4b0d      	ldr	r3, [pc, #52]	@ (10006460 <tud_task_ext+0x6b0>)
1000642a:	4655      	mov	r5, sl
1000642c:	4698      	mov	r8, r3
1000642e:	4692      	mov	sl, r2
10006430:	781b      	ldrb	r3, [r3, #0]
10006432:	e00e      	b.n	10006452 <tud_task_ext+0x6a2>
10006434:	9b06      	ldr	r3, [sp, #24]
10006436:	016a      	lsls	r2, r5, #5
10006438:	681b      	ldr	r3, [r3, #0]
1000643a:	189b      	adds	r3, r3, r2
1000643c:	2b00      	cmp	r3, #0
1000643e:	d054      	beq.n	100064ea <tud_task_ext+0x73a>
10006440:	68db      	ldr	r3, [r3, #12]
10006442:	4658      	mov	r0, fp
10006444:	4798      	blx	r3
10006446:	4643      	mov	r3, r8
10006448:	3501      	adds	r5, #1
1000644a:	781b      	ldrb	r3, [r3, #0]
1000644c:	b2ed      	uxtb	r5, r5
1000644e:	42ab      	cmp	r3, r5
10006450:	d337      	bcc.n	100064c2 <tud_task_ext+0x712>
10006452:	42ab      	cmp	r3, r5
10006454:	d8ee      	bhi.n	10006434 <tud_task_ext+0x684>
10006456:	9a05      	ldr	r2, [sp, #20]
10006458:	1aeb      	subs	r3, r5, r3
1000645a:	015b      	lsls	r3, r3, #5
1000645c:	18d3      	adds	r3, r2, r3
1000645e:	e7ef      	b.n	10006440 <tud_task_ext+0x690>
10006460:	20012dbc 	.word	0x20012dbc
10006464:	10009ab8 	.word	0x10009ab8
10006468:	200125c8 	.word	0x200125c8
1000646c:	200126c4 	.word	0x200126c4
10006470:	10009a5c 	.word	0x10009a5c
10006474:	ab0c      	add	r3, sp, #48	@ 0x30
10006476:	1c9a      	adds	r2, r3, #2
10006478:	4658      	mov	r0, fp
1000647a:	2301      	movs	r3, #1
1000647c:	a90e      	add	r1, sp, #56	@ 0x38
1000647e:	7015      	strb	r5, [r2, #0]
10006480:	f000 f94e 	bl	10006720 <tud_control_xfer>
10006484:	e4a9      	b.n	10005dda <tud_task_ext+0x2a>
10006486:	9a0b      	ldr	r2, [sp, #44]	@ 0x2c
10006488:	2a01      	cmp	r2, #1
1000648a:	d04c      	beq.n	10006526 <tud_task_ext+0x776>
1000648c:	2a00      	cmp	r2, #0
1000648e:	d03c      	beq.n	1000650a <tud_task_ext+0x75a>
10006490:	2300      	movs	r3, #0
10006492:	78b0      	ldrb	r0, [r6, #2]
10006494:	e004      	b.n	100064a0 <tud_task_ext+0x6f0>
10006496:	3301      	adds	r3, #1
10006498:	b2db      	uxtb	r3, r3
1000649a:	710f      	strb	r7, [r1, #4]
1000649c:	4293      	cmp	r3, r2
1000649e:	d234      	bcs.n	1000650a <tud_task_ext+0x75a>
100064a0:	18c1      	adds	r1, r0, r3
100064a2:	b2c9      	uxtb	r1, r1
100064a4:	4441      	add	r1, r8
100064a6:	790d      	ldrb	r5, [r1, #4]
100064a8:	2dff      	cmp	r5, #255	@ 0xff
100064aa:	d0f4      	beq.n	10006496 <tud_task_ext+0x6e6>
100064ac:	464e      	mov	r6, r9
100064ae:	4645      	mov	r5, r8
100064b0:	4657      	mov	r7, sl
100064b2:	2300      	movs	r3, #0
100064b4:	706b      	strb	r3, [r5, #1]
100064b6:	e5fd      	b.n	100060b4 <tud_task_ext+0x304>
100064b8:	464e      	mov	r6, r9
100064ba:	4657      	mov	r7, sl
100064bc:	f7ff fbec 	bl	10005c98 <tud_mount_cb>
100064c0:	e64d      	b.n	1000615e <tud_task_ext+0x3ae>
100064c2:	4655      	mov	r5, sl
100064c4:	2254      	movs	r2, #84	@ 0x54
100064c6:	2100      	movs	r1, #0
100064c8:	0028      	movs	r0, r5
100064ca:	f7fc fedd 	bl	10003288 <__wrap_memset>
100064ce:	2210      	movs	r2, #16
100064d0:	21ff      	movs	r1, #255	@ 0xff
100064d2:	1d28      	adds	r0, r5, #4
100064d4:	f7fc fed8 	bl	10003288 <__wrap_memset>
100064d8:	0028      	movs	r0, r5
100064da:	2220      	movs	r2, #32
100064dc:	21ff      	movs	r1, #255	@ 0xff
100064de:	3014      	adds	r0, #20
100064e0:	f7fc fed2 	bl	10003288 <__wrap_memset>
100064e4:	9b04      	ldr	r3, [sp, #16]
100064e6:	70ab      	strb	r3, [r5, #2]
100064e8:	e661      	b.n	100061ae <tud_task_ext+0x3fe>
100064ea:	4655      	mov	r5, sl
100064ec:	e7fa      	b.n	100064e4 <tud_task_ext+0x734>
100064ee:	f7ff fa11 	bl	10005914 <tud_descriptor_bos_cb>
100064f2:	1e02      	subs	r2, r0, #0
100064f4:	d100      	bne.n	100064f8 <tud_task_ext+0x748>
100064f6:	e5dd      	b.n	100060b4 <tud_task_ext+0x304>
100064f8:	78d3      	ldrb	r3, [r2, #3]
100064fa:	7891      	ldrb	r1, [r2, #2]
100064fc:	021b      	lsls	r3, r3, #8
100064fe:	430b      	orrs	r3, r1
10006500:	4658      	mov	r0, fp
10006502:	a90e      	add	r1, sp, #56	@ 0x38
10006504:	f000 f90c 	bl	10006720 <tud_control_xfer>
10006508:	e5e5      	b.n	100060d6 <tud_task_ext+0x326>
1000650a:	4665      	mov	r5, ip
1000650c:	003b      	movs	r3, r7
1000650e:	0031      	movs	r1, r6
10006510:	002a      	movs	r2, r5
10006512:	980a      	ldr	r0, [sp, #40]	@ 0x28
10006514:	f000 fd46 	bl	10006fa4 <tu_edpt_bind_driver>
10006518:	9b04      	ldr	r3, [sp, #16]
1000651a:	1976      	adds	r6, r6, r5
1000651c:	781b      	ldrb	r3, [r3, #0]
1000651e:	42bb      	cmp	r3, r7
10006520:	d300      	bcc.n	10006524 <tud_task_ext+0x774>
10006522:	e679      	b.n	10006218 <tud_task_ext+0x468>
10006524:	e7c2      	b.n	100064ac <tud_task_ext+0x6fc>
10006526:	4b17      	ldr	r3, [pc, #92]	@ (10006584 <tud_task_ext+0x7d4>)
10006528:	6929      	ldr	r1, [r5, #16]
1000652a:	4299      	cmp	r1, r3
1000652c:	d1b0      	bne.n	10006490 <tud_task_ext+0x6e0>
1000652e:	9a07      	ldr	r2, [sp, #28]
10006530:	e7ae      	b.n	10006490 <tud_task_ext+0x6e0>
10006532:	f7ff fbad 	bl	10005c90 <tud_descriptor_device_qualifier_cb>
10006536:	1e02      	subs	r2, r0, #0
10006538:	d100      	bne.n	1000653c <tud_task_ext+0x78c>
1000653a:	e5bb      	b.n	100060b4 <tud_task_ext+0x304>
1000653c:	4658      	mov	r0, fp
1000653e:	7813      	ldrb	r3, [r2, #0]
10006540:	a90e      	add	r1, sp, #56	@ 0x38
10006542:	f000 f8ed 	bl	10006720 <tud_control_xfer>
10006546:	e5c6      	b.n	100060d6 <tud_task_ext+0x326>
10006548:	8921      	ldrh	r1, [r4, #8]
1000654a:	f7ff f847 	bl	100055dc <tud_descriptor_string_cb>
1000654e:	1e02      	subs	r2, r0, #0
10006550:	d1f4      	bne.n	1000653c <tud_task_ext+0x78c>
10006552:	e5af      	b.n	100060b4 <tud_task_ext+0x304>
10006554:	2b02      	cmp	r3, #2
10006556:	d00f      	beq.n	10006578 <tud_task_ext+0x7c8>
10006558:	f7ff fb9c 	bl	10005c94 <tud_descriptor_other_speed_configuration_cb>
1000655c:	1e02      	subs	r2, r0, #0
1000655e:	d1cb      	bne.n	100064f8 <tud_task_ext+0x748>
10006560:	e5a8      	b.n	100060b4 <tud_task_ext+0x304>
10006562:	f7ff f833 	bl	100055cc <tud_descriptor_device_cb>
10006566:	1e02      	subs	r2, r0, #0
10006568:	d100      	bne.n	1000656c <tud_task_ext+0x7bc>
1000656a:	e5a3      	b.n	100060b4 <tud_task_ext+0x304>
1000656c:	2312      	movs	r3, #18
1000656e:	4658      	mov	r0, fp
10006570:	a90e      	add	r1, sp, #56	@ 0x38
10006572:	f000 f8d5 	bl	10006720 <tud_control_xfer>
10006576:	e5ae      	b.n	100060d6 <tud_task_ext+0x326>
10006578:	f7ff f82c 	bl	100055d4 <tud_descriptor_configuration_cb>
1000657c:	1e02      	subs	r2, r0, #0
1000657e:	d1bb      	bne.n	100064f8 <tud_task_ext+0x748>
10006580:	e598      	b.n	100060b4 <tud_task_ext+0x304>
10006582:	46c0      	nop			@ (mov r8, r8)
10006584:	10006bcd 	.word	0x10006bcd

10006588 <usbd_open_edpt_pair>:
10006588:	b5f0      	push	{r4, r5, r6, r7, lr}
1000658a:	464f      	mov	r7, r9
1000658c:	4646      	mov	r6, r8
1000658e:	46d6      	mov	lr, sl
10006590:	b5c0      	push	{r6, r7, lr}
10006592:	000c      	movs	r4, r1
10006594:	0016      	movs	r6, r2
10006596:	001f      	movs	r7, r3
10006598:	b082      	sub	sp, #8
1000659a:	2a00      	cmp	r2, #0
1000659c:	d03a      	beq.n	10006614 <usbd_open_edpt_pair+0x8c>
1000659e:	2370      	movs	r3, #112	@ 0x70
100065a0:	4698      	mov	r8, r3
100065a2:	4b1d      	ldr	r3, [pc, #116]	@ (10006618 <usbd_open_edpt_pair+0x90>)
100065a4:	2500      	movs	r5, #0
100065a6:	4699      	mov	r9, r3
100065a8:	4b1c      	ldr	r3, [pc, #112]	@ (1000661c <usbd_open_edpt_pair+0x94>)
100065aa:	469a      	mov	sl, r3
100065ac:	e01a      	b.n	100065e4 <usbd_open_edpt_pair+0x5c>
100065ae:	464b      	mov	r3, r9
100065b0:	781b      	ldrb	r3, [r3, #0]
100065b2:	0020      	movs	r0, r4
100065b4:	9301      	str	r3, [sp, #4]
100065b6:	4653      	mov	r3, sl
100065b8:	7899      	ldrb	r1, [r3, #2]
100065ba:	f000 fcb9 	bl	10006f30 <tu_edpt_validate>
100065be:	2800      	cmp	r0, #0
100065c0:	d01c      	beq.n	100065fc <usbd_open_edpt_pair+0x74>
100065c2:	0021      	movs	r1, r4
100065c4:	9801      	ldr	r0, [sp, #4]
100065c6:	f7ff fa55 	bl	10005a74 <dcd_edpt_open>
100065ca:	2800      	cmp	r0, #0
100065cc:	d016      	beq.n	100065fc <usbd_open_edpt_pair+0x74>
100065ce:	78a3      	ldrb	r3, [r4, #2]
100065d0:	09da      	lsrs	r2, r3, #7
100065d2:	2a01      	cmp	r2, #1
100065d4:	d019      	beq.n	1000660a <usbd_open_edpt_pair+0x82>
100065d6:	9a0a      	ldr	r2, [sp, #40]	@ 0x28
100065d8:	3501      	adds	r5, #1
100065da:	7013      	strb	r3, [r2, #0]
100065dc:	42b5      	cmp	r5, r6
100065de:	da19      	bge.n	10006614 <usbd_open_edpt_pair+0x8c>
100065e0:	7823      	ldrb	r3, [r4, #0]
100065e2:	18e4      	adds	r4, r4, r3
100065e4:	7863      	ldrb	r3, [r4, #1]
100065e6:	2b05      	cmp	r3, #5
100065e8:	d108      	bne.n	100065fc <usbd_open_edpt_pair+0x74>
100065ea:	78e3      	ldrb	r3, [r4, #3]
100065ec:	079b      	lsls	r3, r3, #30
100065ee:	0f9b      	lsrs	r3, r3, #30
100065f0:	42bb      	cmp	r3, r7
100065f2:	d103      	bne.n	100065fc <usbd_open_edpt_pair+0x74>
100065f4:	4642      	mov	r2, r8
100065f6:	78a3      	ldrb	r3, [r4, #2]
100065f8:	421a      	tst	r2, r3
100065fa:	d0d8      	beq.n	100065ae <usbd_open_edpt_pair+0x26>
100065fc:	2000      	movs	r0, #0
100065fe:	b002      	add	sp, #8
10006600:	bce0      	pop	{r5, r6, r7}
10006602:	46ba      	mov	sl, r7
10006604:	46b1      	mov	r9, r6
10006606:	46a8      	mov	r8, r5
10006608:	bdf0      	pop	{r4, r5, r6, r7, pc}
1000660a:	9a0b      	ldr	r2, [sp, #44]	@ 0x2c
1000660c:	3501      	adds	r5, #1
1000660e:	7013      	strb	r3, [r2, #0]
10006610:	42b5      	cmp	r5, r6
10006612:	dbe5      	blt.n	100065e0 <usbd_open_edpt_pair+0x58>
10006614:	2001      	movs	r0, #1
10006616:	e7f2      	b.n	100065fe <usbd_open_edpt_pair+0x76>
10006618:	200011ac 	.word	0x200011ac
1000661c:	200126b0 	.word	0x200126b0

10006620 <usbd_edpt_open>:
10006620:	2270      	movs	r2, #112	@ 0x70
10006622:	b570      	push	{r4, r5, r6, lr}
10006624:	788b      	ldrb	r3, [r1, #2]
10006626:	000c      	movs	r4, r1
10006628:	421a      	tst	r2, r3
1000662a:	d001      	beq.n	10006630 <usbd_edpt_open+0x10>
1000662c:	2000      	movs	r0, #0
1000662e:	bd70      	pop	{r4, r5, r6, pc}
10006630:	4b06      	ldr	r3, [pc, #24]	@ (1000664c <usbd_edpt_open+0x2c>)
10006632:	0020      	movs	r0, r4
10006634:	781d      	ldrb	r5, [r3, #0]
10006636:	4b06      	ldr	r3, [pc, #24]	@ (10006650 <usbd_edpt_open+0x30>)
10006638:	7899      	ldrb	r1, [r3, #2]
1000663a:	f000 fc79 	bl	10006f30 <tu_edpt_validate>
1000663e:	2800      	cmp	r0, #0
10006640:	d0f4      	beq.n	1000662c <usbd_edpt_open+0xc>
10006642:	0021      	movs	r1, r4
10006644:	0028      	movs	r0, r5
10006646:	f7ff fa15 	bl	10005a74 <dcd_edpt_open>
1000664a:	e7f0      	b.n	1000662e <usbd_edpt_open+0xe>
1000664c:	200011ac 	.word	0x200011ac
10006650:	200126b0 	.word	0x200126b0

10006654 <usbd_edpt_claim>:
10006654:	207f      	movs	r0, #127	@ 0x7f
10006656:	4b07      	ldr	r3, [pc, #28]	@ (10006674 <usbd_edpt_claim+0x20>)
10006658:	b510      	push	{r4, lr}
1000665a:	681a      	ldr	r2, [r3, #0]
1000665c:	4008      	ands	r0, r1
1000665e:	09cb      	lsrs	r3, r1, #7
10006660:	3334      	adds	r3, #52	@ 0x34
10006662:	0040      	lsls	r0, r0, #1
10006664:	18c0      	adds	r0, r0, r3
10006666:	4b04      	ldr	r3, [pc, #16]	@ (10006678 <usbd_edpt_claim+0x24>)
10006668:	0011      	movs	r1, r2
1000666a:	18c0      	adds	r0, r0, r3
1000666c:	f000 fc1c 	bl	10006ea8 <tu_edpt_claim>
10006670:	bd10      	pop	{r4, pc}
10006672:	46c0      	nop			@ (mov r8, r8)
10006674:	20012704 	.word	0x20012704
10006678:	200126b0 	.word	0x200126b0

1000667c <usbd_edpt_release>:
1000667c:	207f      	movs	r0, #127	@ 0x7f
1000667e:	4b07      	ldr	r3, [pc, #28]	@ (1000669c <usbd_edpt_release+0x20>)
10006680:	b510      	push	{r4, lr}
10006682:	681a      	ldr	r2, [r3, #0]
10006684:	4008      	ands	r0, r1
10006686:	09cb      	lsrs	r3, r1, #7
10006688:	3334      	adds	r3, #52	@ 0x34
1000668a:	0040      	lsls	r0, r0, #1
1000668c:	18c0      	adds	r0, r0, r3
1000668e:	4b04      	ldr	r3, [pc, #16]	@ (100066a0 <usbd_edpt_release+0x24>)
10006690:	0011      	movs	r1, r2
10006692:	18c0      	adds	r0, r0, r3
10006694:	f000 fc30 	bl	10006ef8 <tu_edpt_release>
10006698:	bd10      	pop	{r4, pc}
1000669a:	46c0      	nop			@ (mov r8, r8)
1000669c:	20012704 	.word	0x20012704
100066a0:	200126b0 	.word	0x200126b0

100066a4 <usbd_edpt_xfer>:
100066a4:	b570      	push	{r4, r5, r6, lr}
100066a6:	247f      	movs	r4, #127	@ 0x7f
100066a8:	09c8      	lsrs	r0, r1, #7
100066aa:	4684      	mov	ip, r0
100066ac:	400c      	ands	r4, r1
100066ae:	480f      	ldr	r0, [pc, #60]	@ (100066ec <usbd_edpt_xfer+0x48>)
100066b0:	0064      	lsls	r4, r4, #1
100066b2:	1904      	adds	r4, r0, r4
100066b4:	4464      	add	r4, ip
100066b6:	3430      	adds	r4, #48	@ 0x30
100066b8:	7920      	ldrb	r0, [r4, #4]
100066ba:	07c0      	lsls	r0, r0, #31
100066bc:	d501      	bpl.n	100066c2 <usbd_edpt_xfer+0x1e>
100066be:	2000      	movs	r0, #0
100066c0:	bd70      	pop	{r4, r5, r6, pc}
100066c2:	480b      	ldr	r0, [pc, #44]	@ (100066f0 <usbd_edpt_xfer+0x4c>)
100066c4:	2501      	movs	r5, #1
100066c6:	7800      	ldrb	r0, [r0, #0]
100066c8:	4684      	mov	ip, r0
100066ca:	7920      	ldrb	r0, [r4, #4]
100066cc:	4328      	orrs	r0, r5
100066ce:	7120      	strb	r0, [r4, #4]
100066d0:	4660      	mov	r0, ip
100066d2:	f7ff fa51 	bl	10005b78 <dcd_edpt_xfer>
100066d6:	2800      	cmp	r0, #0
100066d8:	d1f2      	bne.n	100066c0 <usbd_edpt_xfer+0x1c>
100066da:	2201      	movs	r2, #1
100066dc:	7923      	ldrb	r3, [r4, #4]
100066de:	4393      	bics	r3, r2
100066e0:	7123      	strb	r3, [r4, #4]
100066e2:	7923      	ldrb	r3, [r4, #4]
100066e4:	3203      	adds	r2, #3
100066e6:	4393      	bics	r3, r2
100066e8:	7123      	strb	r3, [r4, #4]
100066ea:	e7e8      	b.n	100066be <usbd_edpt_xfer+0x1a>
100066ec:	200126b0 	.word	0x200126b0
100066f0:	200011ac 	.word	0x200011ac

100066f4 <tud_control_status>:
100066f4:	b570      	push	{r4, r5, r6, lr}
100066f6:	4c09      	ldr	r4, [pc, #36]	@ (1000671c <tud_control_status+0x28>)
100066f8:	0006      	movs	r6, r0
100066fa:	2208      	movs	r2, #8
100066fc:	0020      	movs	r0, r4
100066fe:	000d      	movs	r5, r1
10006700:	f7fc fdc8 	bl	10003294 <__wrap___aeabi_memcpy>
10006704:	2300      	movs	r3, #0
10006706:	2180      	movs	r1, #128	@ 0x80
10006708:	60e3      	str	r3, [r4, #12]
1000670a:	60a3      	str	r3, [r4, #8]
1000670c:	782b      	ldrb	r3, [r5, #0]
1000670e:	0030      	movs	r0, r6
10006710:	4399      	bics	r1, r3
10006712:	2200      	movs	r2, #0
10006714:	2300      	movs	r3, #0
10006716:	f7ff ffc5 	bl	100066a4 <usbd_edpt_xfer>
1000671a:	bd70      	pop	{r4, r5, r6, pc}
1000671c:	20012690 	.word	0x20012690

10006720 <tud_control_xfer>:
10006720:	b5f0      	push	{r4, r5, r6, r7, lr}
10006722:	46c6      	mov	lr, r8
10006724:	4c24      	ldr	r4, [pc, #144]	@ (100067b8 <tud_control_xfer+0x98>)
10006726:	0017      	movs	r7, r2
10006728:	4680      	mov	r8, r0
1000672a:	2208      	movs	r2, #8
1000672c:	0020      	movs	r0, r4
1000672e:	b500      	push	{lr}
10006730:	000d      	movs	r5, r1
10006732:	001e      	movs	r6, r3
10006734:	f7fc fdae 	bl	10003294 <__wrap___aeabi_memcpy>
10006738:	2300      	movs	r3, #0
1000673a:	60a7      	str	r7, [r4, #8]
1000673c:	81e3      	strh	r3, [r4, #14]
1000673e:	79eb      	ldrb	r3, [r5, #7]
10006740:	79aa      	ldrb	r2, [r5, #6]
10006742:	021b      	lsls	r3, r3, #8
10006744:	4313      	orrs	r3, r2
10006746:	1c1a      	adds	r2, r3, #0
10006748:	42b3      	cmp	r3, r6
1000674a:	d900      	bls.n	1000674e <tud_control_xfer+0x2e>
1000674c:	1c32      	adds	r2, r6, #0
1000674e:	b296      	uxth	r6, r2
10006750:	81a2      	strh	r2, [r4, #12]
10006752:	2b00      	cmp	r3, #0
10006754:	d00c      	beq.n	10006770 <tud_control_xfer+0x50>
10006756:	2e00      	cmp	r6, #0
10006758:	d015      	beq.n	10006786 <tud_control_xfer+0x66>
1000675a:	2f00      	cmp	r7, #0
1000675c:	d02a      	beq.n	100067b4 <tud_control_xfer+0x94>
1000675e:	2e40      	cmp	r6, #64	@ 0x40
10006760:	d81a      	bhi.n	10006798 <tud_control_xfer+0x78>
10006762:	7823      	ldrb	r3, [r4, #0]
10006764:	b296      	uxth	r6, r2
10006766:	2b7f      	cmp	r3, #127	@ 0x7f
10006768:	d81b      	bhi.n	100067a2 <tud_control_xfer+0x82>
1000676a:	2100      	movs	r1, #0
1000676c:	4a13      	ldr	r2, [pc, #76]	@ (100067bc <tud_control_xfer+0x9c>)
1000676e:	e00e      	b.n	1000678e <tud_control_xfer+0x6e>
10006770:	2180      	movs	r1, #128	@ 0x80
10006772:	782b      	ldrb	r3, [r5, #0]
10006774:	2200      	movs	r2, #0
10006776:	4399      	bics	r1, r3
10006778:	4640      	mov	r0, r8
1000677a:	2300      	movs	r3, #0
1000677c:	f7ff ff92 	bl	100066a4 <usbd_edpt_xfer>
10006780:	bc80      	pop	{r7}
10006782:	46b8      	mov	r8, r7
10006784:	bdf0      	pop	{r4, r5, r6, r7, pc}
10006786:	237f      	movs	r3, #127	@ 0x7f
10006788:	2200      	movs	r2, #0
1000678a:	7821      	ldrb	r1, [r4, #0]
1000678c:	4399      	bics	r1, r3
1000678e:	0033      	movs	r3, r6
10006790:	4640      	mov	r0, r8
10006792:	f7ff ff87 	bl	100066a4 <usbd_edpt_xfer>
10006796:	e7f3      	b.n	10006780 <tud_control_xfer+0x60>
10006798:	2240      	movs	r2, #64	@ 0x40
1000679a:	7823      	ldrb	r3, [r4, #0]
1000679c:	b296      	uxth	r6, r2
1000679e:	2b7f      	cmp	r3, #127	@ 0x7f
100067a0:	d9e3      	bls.n	1000676a <tud_control_xfer+0x4a>
100067a2:	4c06      	ldr	r4, [pc, #24]	@ (100067bc <tud_control_xfer+0x9c>)
100067a4:	0032      	movs	r2, r6
100067a6:	0039      	movs	r1, r7
100067a8:	0020      	movs	r0, r4
100067aa:	f7fc fd73 	bl	10003294 <__wrap___aeabi_memcpy>
100067ae:	2180      	movs	r1, #128	@ 0x80
100067b0:	0022      	movs	r2, r4
100067b2:	e7ec      	b.n	1000678e <tud_control_xfer+0x6e>
100067b4:	2000      	movs	r0, #0
100067b6:	e7e3      	b.n	10006780 <tud_control_xfer+0x60>
100067b8:	20012690 	.word	0x20012690
100067bc:	20012650 	.word	0x20012650

100067c0 <usbd_control_reset>:
100067c0:	b510      	push	{r4, lr}
100067c2:	2214      	movs	r2, #20
100067c4:	2100      	movs	r1, #0
100067c6:	4802      	ldr	r0, [pc, #8]	@ (100067d0 <usbd_control_reset+0x10>)
100067c8:	f7fc fd5e 	bl	10003288 <__wrap_memset>
100067cc:	bd10      	pop	{r4, pc}
100067ce:	46c0      	nop			@ (mov r8, r8)
100067d0:	20012690 	.word	0x20012690

100067d4 <usbd_control_set_complete_callback>:
100067d4:	4b01      	ldr	r3, [pc, #4]	@ (100067dc <usbd_control_set_complete_callback+0x8>)
100067d6:	6118      	str	r0, [r3, #16]
100067d8:	4770      	bx	lr
100067da:	46c0      	nop			@ (mov r8, r8)
100067dc:	20012690 	.word	0x20012690

100067e0 <usbd_control_set_request>:
100067e0:	b510      	push	{r4, lr}
100067e2:	4c05      	ldr	r4, [pc, #20]	@ (100067f8 <usbd_control_set_request+0x18>)
100067e4:	0001      	movs	r1, r0
100067e6:	2208      	movs	r2, #8
100067e8:	0020      	movs	r0, r4
100067ea:	f7fc fd53 	bl	10003294 <__wrap___aeabi_memcpy>
100067ee:	2300      	movs	r3, #0
100067f0:	60a3      	str	r3, [r4, #8]
100067f2:	60e3      	str	r3, [r4, #12]
100067f4:	bd10      	pop	{r4, pc}
100067f6:	46c0      	nop			@ (mov r8, r8)
100067f8:	20012690 	.word	0x20012690

100067fc <usbd_control_xfer_cb>:
100067fc:	b570      	push	{r4, r5, r6, lr}
100067fe:	4c37      	ldr	r4, [pc, #220]	@ (100068dc <usbd_control_xfer_cb+0xe0>)
10006800:	001d      	movs	r5, r3
10006802:	7823      	ldrb	r3, [r4, #0]
10006804:	0006      	movs	r6, r0
10006806:	09da      	lsrs	r2, r3, #7
10006808:	09c9      	lsrs	r1, r1, #7
1000680a:	428a      	cmp	r2, r1
1000680c:	d010      	beq.n	10006830 <usbd_control_xfer_cb+0x34>
1000680e:	2000      	movs	r0, #0
10006810:	2d00      	cmp	r5, #0
10006812:	d000      	beq.n	10006816 <usbd_control_xfer_cb+0x1a>
10006814:	bd70      	pop	{r4, r5, r6, pc}
10006816:	0021      	movs	r1, r4
10006818:	0030      	movs	r0, r6
1000681a:	f7ff f91d 	bl	10005a58 <dcd_edpt0_status_complete>
1000681e:	6923      	ldr	r3, [r4, #16]
10006820:	2b00      	cmp	r3, #0
10006822:	d003      	beq.n	1000682c <usbd_control_xfer_cb+0x30>
10006824:	0022      	movs	r2, r4
10006826:	2103      	movs	r1, #3
10006828:	0030      	movs	r0, r6
1000682a:	4798      	blx	r3
1000682c:	2001      	movs	r0, #1
1000682e:	e7f1      	b.n	10006814 <usbd_control_xfer_cb+0x18>
10006830:	2b7f      	cmp	r3, #127	@ 0x7f
10006832:	d806      	bhi.n	10006842 <usbd_control_xfer_cb+0x46>
10006834:	68a0      	ldr	r0, [r4, #8]
10006836:	2800      	cmp	r0, #0
10006838:	d0ec      	beq.n	10006814 <usbd_control_xfer_cb+0x18>
1000683a:	002a      	movs	r2, r5
1000683c:	4928      	ldr	r1, [pc, #160]	@ (100068e0 <usbd_control_xfer_cb+0xe4>)
1000683e:	f7fc fd29 	bl	10003294 <__wrap___aeabi_memcpy>
10006842:	89e2      	ldrh	r2, [r4, #14]
10006844:	68a1      	ldr	r1, [r4, #8]
10006846:	1952      	adds	r2, r2, r5
10006848:	88e3      	ldrh	r3, [r4, #6]
1000684a:	b292      	uxth	r2, r2
1000684c:	1949      	adds	r1, r1, r5
1000684e:	81e2      	strh	r2, [r4, #14]
10006850:	60a1      	str	r1, [r4, #8]
10006852:	4293      	cmp	r3, r2
10006854:	d014      	beq.n	10006880 <usbd_control_xfer_cb+0x84>
10006856:	2d3f      	cmp	r5, #63	@ 0x3f
10006858:	d912      	bls.n	10006880 <usbd_control_xfer_cb+0x84>
1000685a:	89a3      	ldrh	r3, [r4, #12]
1000685c:	1a98      	subs	r0, r3, r2
1000685e:	1c05      	adds	r5, r0, #0
10006860:	b280      	uxth	r0, r0
10006862:	2840      	cmp	r0, #64	@ 0x40
10006864:	d828      	bhi.n	100068b8 <usbd_control_xfer_cb+0xbc>
10006866:	7820      	ldrb	r0, [r4, #0]
10006868:	b2ad      	uxth	r5, r5
1000686a:	287f      	cmp	r0, #127	@ 0x7f
1000686c:	d826      	bhi.n	100068bc <usbd_control_xfer_cb+0xc0>
1000686e:	2100      	movs	r1, #0
10006870:	429a      	cmp	r2, r3
10006872:	d030      	beq.n	100068d6 <usbd_control_xfer_cb+0xda>
10006874:	4a1a      	ldr	r2, [pc, #104]	@ (100068e0 <usbd_control_xfer_cb+0xe4>)
10006876:	002b      	movs	r3, r5
10006878:	0030      	movs	r0, r6
1000687a:	f7ff ff13 	bl	100066a4 <usbd_edpt_xfer>
1000687e:	e7c9      	b.n	10006814 <usbd_control_xfer_cb+0x18>
10006880:	6923      	ldr	r3, [r4, #16]
10006882:	2b00      	cmp	r3, #0
10006884:	d005      	beq.n	10006892 <usbd_control_xfer_cb+0x96>
10006886:	0022      	movs	r2, r4
10006888:	2102      	movs	r1, #2
1000688a:	0030      	movs	r0, r6
1000688c:	4798      	blx	r3
1000688e:	2800      	cmp	r0, #0
10006890:	d008      	beq.n	100068a4 <usbd_control_xfer_cb+0xa8>
10006892:	2180      	movs	r1, #128	@ 0x80
10006894:	7823      	ldrb	r3, [r4, #0]
10006896:	2200      	movs	r2, #0
10006898:	4399      	bics	r1, r3
1000689a:	0030      	movs	r0, r6
1000689c:	2300      	movs	r3, #0
1000689e:	f7ff ff01 	bl	100066a4 <usbd_edpt_xfer>
100068a2:	e7b7      	b.n	10006814 <usbd_control_xfer_cb+0x18>
100068a4:	2100      	movs	r1, #0
100068a6:	0030      	movs	r0, r6
100068a8:	f7ff f978 	bl	10005b9c <dcd_edpt_stall>
100068ac:	0030      	movs	r0, r6
100068ae:	2180      	movs	r1, #128	@ 0x80
100068b0:	f7ff f974 	bl	10005b9c <dcd_edpt_stall>
100068b4:	2001      	movs	r0, #1
100068b6:	e7ad      	b.n	10006814 <usbd_control_xfer_cb+0x18>
100068b8:	2540      	movs	r5, #64	@ 0x40
100068ba:	e7d4      	b.n	10006866 <usbd_control_xfer_cb+0x6a>
100068bc:	429a      	cmp	r2, r3
100068be:	d007      	beq.n	100068d0 <usbd_control_xfer_cb+0xd4>
100068c0:	4c07      	ldr	r4, [pc, #28]	@ (100068e0 <usbd_control_xfer_cb+0xe4>)
100068c2:	002a      	movs	r2, r5
100068c4:	0020      	movs	r0, r4
100068c6:	f7fc fce5 	bl	10003294 <__wrap___aeabi_memcpy>
100068ca:	2180      	movs	r1, #128	@ 0x80
100068cc:	0022      	movs	r2, r4
100068ce:	e7d2      	b.n	10006876 <usbd_control_xfer_cb+0x7a>
100068d0:	2180      	movs	r1, #128	@ 0x80
100068d2:	2200      	movs	r2, #0
100068d4:	e7cf      	b.n	10006876 <usbd_control_xfer_cb+0x7a>
100068d6:	2200      	movs	r2, #0
100068d8:	e7cd      	b.n	10006876 <usbd_control_xfer_cb+0x7a>
100068da:	46c0      	nop			@ (mov r8, r8)
100068dc:	20012690 	.word	0x20012690
100068e0:	20012650 	.word	0x20012650

100068e4 <_prep_out_transaction.isra.0>:
100068e4:	b570      	push	{r4, r5, r6, lr}
100068e6:	0004      	movs	r4, r0
100068e8:	f7ff f9de 	bl	10005ca8 <tud_mounted>
100068ec:	2800      	cmp	r0, #0
100068ee:	d100      	bne.n	100068f2 <_prep_out_transaction.isra.0+0xe>
100068f0:	bd70      	pop	{r4, r5, r6, pc}
100068f2:	f7ff f9e1 	bl	10005cb8 <tud_suspended>
100068f6:	2800      	cmp	r0, #0
100068f8:	d1fa      	bne.n	100068f0 <_prep_out_transaction.isra.0+0xc>
100068fa:	23c8      	movs	r3, #200	@ 0xc8
100068fc:	4363      	muls	r3, r4
100068fe:	4a12      	ldr	r2, [pc, #72]	@ (10006948 <_prep_out_transaction.isra.0+0x64>)
10006900:	0025      	movs	r5, r4
10006902:	18d4      	adds	r4, r2, r3
10006904:	78e1      	ldrb	r1, [r4, #3]
10006906:	2900      	cmp	r1, #0
10006908:	d0f2      	beq.n	100068f0 <_prep_out_transaction.isra.0+0xc>
1000690a:	3310      	adds	r3, #16
1000690c:	189e      	adds	r6, r3, r2
1000690e:	0030      	movs	r0, r6
10006910:	f000 fbb6 	bl	10007080 <tu_fifo_remaining>
10006914:	283f      	cmp	r0, #63	@ 0x3f
10006916:	d9eb      	bls.n	100068f0 <_prep_out_transaction.isra.0+0xc>
10006918:	2000      	movs	r0, #0
1000691a:	78e1      	ldrb	r1, [r4, #3]
1000691c:	f7ff fe9a 	bl	10006654 <usbd_edpt_claim>
10006920:	2800      	cmp	r0, #0
10006922:	d0e5      	beq.n	100068f0 <_prep_out_transaction.isra.0+0xc>
10006924:	0030      	movs	r0, r6
10006926:	f000 fbab 	bl	10007080 <tu_fifo_remaining>
1000692a:	78e1      	ldrb	r1, [r4, #3]
1000692c:	283f      	cmp	r0, #63	@ 0x3f
1000692e:	d907      	bls.n	10006940 <_prep_out_transaction.isra.0+0x5c>
10006930:	4b06      	ldr	r3, [pc, #24]	@ (1000694c <_prep_out_transaction.isra.0+0x68>)
10006932:	01ea      	lsls	r2, r5, #7
10006934:	18d2      	adds	r2, r2, r3
10006936:	2000      	movs	r0, #0
10006938:	2340      	movs	r3, #64	@ 0x40
1000693a:	f7ff feb3 	bl	100066a4 <usbd_edpt_xfer>
1000693e:	e7d7      	b.n	100068f0 <_prep_out_transaction.isra.0+0xc>
10006940:	2000      	movs	r0, #0
10006942:	f7ff fe9b 	bl	1000667c <usbd_edpt_release>
10006946:	e7d3      	b.n	100068f0 <_prep_out_transaction.isra.0+0xc>
10006948:	20012000 	.word	0x20012000
1000694c:	200125cc 	.word	0x200125cc

10006950 <tud_cdc_n_connected>:
10006950:	b510      	push	{r4, lr}
10006952:	0004      	movs	r4, r0
10006954:	f7ff f9a8 	bl	10005ca8 <tud_mounted>
10006958:	2800      	cmp	r0, #0
1000695a:	d101      	bne.n	10006960 <tud_cdc_n_connected+0x10>
1000695c:	2000      	movs	r0, #0
1000695e:	bd10      	pop	{r4, pc}
10006960:	f7ff f9aa 	bl	10005cb8 <tud_suspended>
10006964:	2800      	cmp	r0, #0
10006966:	d1f9      	bne.n	1000695c <tud_cdc_n_connected+0xc>
10006968:	22c8      	movs	r2, #200	@ 0xc8
1000696a:	4362      	muls	r2, r4
1000696c:	4b02      	ldr	r3, [pc, #8]	@ (10006978 <tud_cdc_n_connected+0x28>)
1000696e:	3001      	adds	r0, #1
10006970:	189b      	adds	r3, r3, r2
10006972:	791b      	ldrb	r3, [r3, #4]
10006974:	4018      	ands	r0, r3
10006976:	e7f2      	b.n	1000695e <tud_cdc_n_connected+0xe>
10006978:	20012000 	.word	0x20012000

1000697c <tud_cdc_n_available>:
1000697c:	23c8      	movs	r3, #200	@ 0xc8
1000697e:	b510      	push	{r4, lr}
10006980:	4343      	muls	r3, r0
10006982:	4802      	ldr	r0, [pc, #8]	@ (1000698c <tud_cdc_n_available+0x10>)
10006984:	1818      	adds	r0, r3, r0
10006986:	f000 fb5d 	bl	10007044 <tu_fifo_count>
1000698a:	bd10      	pop	{r4, pc}
1000698c:	20012010 	.word	0x20012010

10006990 <tud_cdc_n_read>:
10006990:	b5f8      	push	{r3, r4, r5, r6, r7, lr}
10006992:	23c8      	movs	r3, #200	@ 0xc8
10006994:	4343      	muls	r3, r0
10006996:	4d1d      	ldr	r5, [pc, #116]	@ (10006a0c <tud_cdc_n_read+0x7c>)
10006998:	3310      	adds	r3, #16
1000699a:	18ee      	adds	r6, r5, r3
1000699c:	2380      	movs	r3, #128	@ 0x80
1000699e:	0004      	movs	r4, r0
100069a0:	025b      	lsls	r3, r3, #9
100069a2:	429a      	cmp	r2, r3
100069a4:	d300      	bcc.n	100069a8 <tud_cdc_n_read+0x18>
100069a6:	4a1a      	ldr	r2, [pc, #104]	@ (10006a10 <tud_cdc_n_read+0x80>)
100069a8:	0030      	movs	r0, r6
100069aa:	b292      	uxth	r2, r2
100069ac:	f000 fbcc 	bl	10007148 <tu_fifo_read_n>
100069b0:	0007      	movs	r7, r0
100069b2:	f7ff f979 	bl	10005ca8 <tud_mounted>
100069b6:	2800      	cmp	r0, #0
100069b8:	d101      	bne.n	100069be <tud_cdc_n_read+0x2e>
100069ba:	0038      	movs	r0, r7
100069bc:	bdf8      	pop	{r3, r4, r5, r6, r7, pc}
100069be:	f7ff f97b 	bl	10005cb8 <tud_suspended>
100069c2:	2800      	cmp	r0, #0
100069c4:	d1f9      	bne.n	100069ba <tud_cdc_n_read+0x2a>
100069c6:	23c8      	movs	r3, #200	@ 0xc8
100069c8:	4363      	muls	r3, r4
100069ca:	18ed      	adds	r5, r5, r3
100069cc:	78eb      	ldrb	r3, [r5, #3]
100069ce:	2b00      	cmp	r3, #0
100069d0:	d0f3      	beq.n	100069ba <tud_cdc_n_read+0x2a>
100069d2:	0030      	movs	r0, r6
100069d4:	f000 fb54 	bl	10007080 <tu_fifo_remaining>
100069d8:	283f      	cmp	r0, #63	@ 0x3f
100069da:	d9ee      	bls.n	100069ba <tud_cdc_n_read+0x2a>
100069dc:	2000      	movs	r0, #0
100069de:	78e9      	ldrb	r1, [r5, #3]
100069e0:	f7ff fe38 	bl	10006654 <usbd_edpt_claim>
100069e4:	2800      	cmp	r0, #0
100069e6:	d0e8      	beq.n	100069ba <tud_cdc_n_read+0x2a>
100069e8:	0030      	movs	r0, r6
100069ea:	f000 fb49 	bl	10007080 <tu_fifo_remaining>
100069ee:	78e9      	ldrb	r1, [r5, #3]
100069f0:	283f      	cmp	r0, #63	@ 0x3f
100069f2:	d907      	bls.n	10006a04 <tud_cdc_n_read+0x74>
100069f4:	4b07      	ldr	r3, [pc, #28]	@ (10006a14 <tud_cdc_n_read+0x84>)
100069f6:	01e2      	lsls	r2, r4, #7
100069f8:	18d2      	adds	r2, r2, r3
100069fa:	2000      	movs	r0, #0
100069fc:	2340      	movs	r3, #64	@ 0x40
100069fe:	f7ff fe51 	bl	100066a4 <usbd_edpt_xfer>
10006a02:	e7da      	b.n	100069ba <tud_cdc_n_read+0x2a>
10006a04:	2000      	movs	r0, #0
10006a06:	f7ff fe39 	bl	1000667c <usbd_edpt_release>
10006a0a:	e7d6      	b.n	100069ba <tud_cdc_n_read+0x2a>
10006a0c:	20012000 	.word	0x20012000
10006a10:	0000ffff 	.word	0x0000ffff
10006a14:	200125cc 	.word	0x200125cc

10006a18 <tud_cdc_n_write_flush>:
10006a18:	b5f8      	push	{r3, r4, r5, r6, r7, lr}
10006a1a:	0004      	movs	r4, r0
10006a1c:	f7ff f944 	bl	10005ca8 <tud_mounted>
10006a20:	2800      	cmp	r0, #0
10006a22:	d101      	bne.n	10006a28 <tud_cdc_n_write_flush+0x10>
10006a24:	2000      	movs	r0, #0
10006a26:	bdf8      	pop	{r3, r4, r5, r6, r7, pc}
10006a28:	f7ff f946 	bl	10005cb8 <tud_suspended>
10006a2c:	2800      	cmp	r0, #0
10006a2e:	d1f9      	bne.n	10006a24 <tud_cdc_n_write_flush+0xc>
10006a30:	23c8      	movs	r3, #200	@ 0xc8
10006a32:	0025      	movs	r5, r4
10006a34:	435d      	muls	r5, r3
10006a36:	002b      	movs	r3, r5
10006a38:	4e13      	ldr	r6, [pc, #76]	@ (10006a88 <tud_cdc_n_write_flush+0x70>)
10006a3a:	3324      	adds	r3, #36	@ 0x24
10006a3c:	18f7      	adds	r7, r6, r3
10006a3e:	0038      	movs	r0, r7
10006a40:	f000 fb00 	bl	10007044 <tu_fifo_count>
10006a44:	2800      	cmp	r0, #0
10006a46:	d0ed      	beq.n	10006a24 <tud_cdc_n_write_flush+0xc>
10006a48:	1975      	adds	r5, r6, r5
10006a4a:	2000      	movs	r0, #0
10006a4c:	78a9      	ldrb	r1, [r5, #2]
10006a4e:	f7ff fe01 	bl	10006654 <usbd_edpt_claim>
10006a52:	2800      	cmp	r0, #0
10006a54:	d0e6      	beq.n	10006a24 <tud_cdc_n_write_flush+0xc>
10006a56:	4a0d      	ldr	r2, [pc, #52]	@ (10006a8c <tud_cdc_n_write_flush+0x74>)
10006a58:	01e3      	lsls	r3, r4, #7
10006a5a:	189c      	adds	r4, r3, r2
10006a5c:	0021      	movs	r1, r4
10006a5e:	2240      	movs	r2, #64	@ 0x40
10006a60:	0038      	movs	r0, r7
10006a62:	f000 fb71 	bl	10007148 <tu_fifo_read_n>
10006a66:	78a9      	ldrb	r1, [r5, #2]
10006a68:	0003      	movs	r3, r0
10006a6a:	1e05      	subs	r5, r0, #0
10006a6c:	d007      	beq.n	10006a7e <tud_cdc_n_write_flush+0x66>
10006a6e:	0022      	movs	r2, r4
10006a70:	2000      	movs	r0, #0
10006a72:	f7ff fe17 	bl	100066a4 <usbd_edpt_xfer>
10006a76:	2800      	cmp	r0, #0
10006a78:	d0d4      	beq.n	10006a24 <tud_cdc_n_write_flush+0xc>
10006a7a:	0028      	movs	r0, r5
10006a7c:	e7d3      	b.n	10006a26 <tud_cdc_n_write_flush+0xe>
10006a7e:	2000      	movs	r0, #0
10006a80:	f7ff fdfc 	bl	1000667c <usbd_edpt_release>
10006a84:	e7ce      	b.n	10006a24 <tud_cdc_n_write_flush+0xc>
10006a86:	46c0      	nop			@ (mov r8, r8)
10006a88:	20012000 	.word	0x20012000
10006a8c:	2001260c 	.word	0x2001260c

10006a90 <tud_cdc_n_write>:
10006a90:	b570      	push	{r4, r5, r6, lr}
10006a92:	24c8      	movs	r4, #200	@ 0xc8
10006a94:	4344      	muls	r4, r0
10006a96:	4b0c      	ldr	r3, [pc, #48]	@ (10006ac8 <tud_cdc_n_write+0x38>)
10006a98:	0005      	movs	r5, r0
10006a9a:	18e4      	adds	r4, r4, r3
10006a9c:	2380      	movs	r3, #128	@ 0x80
10006a9e:	025b      	lsls	r3, r3, #9
10006aa0:	429a      	cmp	r2, r3
10006aa2:	d300      	bcc.n	10006aa6 <tud_cdc_n_write+0x16>
10006aa4:	4a09      	ldr	r2, [pc, #36]	@ (10006acc <tud_cdc_n_write+0x3c>)
10006aa6:	0020      	movs	r0, r4
10006aa8:	b292      	uxth	r2, r2
10006aaa:	f000 fc15 	bl	100072d8 <tu_fifo_write_n>
10006aae:	0006      	movs	r6, r0
10006ab0:	0020      	movs	r0, r4
10006ab2:	f000 fac7 	bl	10007044 <tu_fifo_count>
10006ab6:	283f      	cmp	r0, #63	@ 0x3f
10006ab8:	d801      	bhi.n	10006abe <tud_cdc_n_write+0x2e>
10006aba:	0030      	movs	r0, r6
10006abc:	bd70      	pop	{r4, r5, r6, pc}
10006abe:	0028      	movs	r0, r5
10006ac0:	f7ff ffaa 	bl	10006a18 <tud_cdc_n_write_flush>
10006ac4:	e7f9      	b.n	10006aba <tud_cdc_n_write+0x2a>
10006ac6:	46c0      	nop			@ (mov r8, r8)
10006ac8:	20012024 	.word	0x20012024
10006acc:	0000ffff 	.word	0x0000ffff

10006ad0 <tud_cdc_n_write_available>:
10006ad0:	23c8      	movs	r3, #200	@ 0xc8
10006ad2:	b510      	push	{r4, lr}
10006ad4:	4343      	muls	r3, r0
10006ad6:	4802      	ldr	r0, [pc, #8]	@ (10006ae0 <tud_cdc_n_write_available+0x10>)
10006ad8:	1818      	adds	r0, r3, r0
10006ada:	f000 fad1 	bl	10007080 <tu_fifo_remaining>
10006ade:	bd10      	pop	{r4, pc}
10006ae0:	20012024 	.word	0x20012024

10006ae4 <cdcd_init>:
10006ae4:	b5f0      	push	{r4, r5, r6, r7, lr}
10006ae6:	2500      	movs	r5, #0
10006ae8:	4c18      	ldr	r4, [pc, #96]	@ (10006b4c <cdcd_init+0x68>)
10006aea:	b083      	sub	sp, #12
10006aec:	22c8      	movs	r2, #200	@ 0xc8
10006aee:	2100      	movs	r1, #0
10006af0:	0020      	movs	r0, r4
10006af2:	f7fc fbc9 	bl	10003288 <__wrap_memset>
10006af6:	4b16      	ldr	r3, [pc, #88]	@ (10006b50 <cdcd_init+0x6c>)
10006af8:	0021      	movs	r1, r4
10006afa:	701d      	strb	r5, [r3, #0]
10006afc:	23ff      	movs	r3, #255	@ 0xff
10006afe:	7163      	strb	r3, [r4, #5]
10006b00:	23e1      	movs	r3, #225	@ 0xe1
10006b02:	025b      	lsls	r3, r3, #9
10006b04:	60a3      	str	r3, [r4, #8]
10006b06:	0020      	movs	r0, r4
10006b08:	2308      	movs	r3, #8
10006b0a:	2240      	movs	r2, #64	@ 0x40
10006b0c:	73a3      	strb	r3, [r4, #14]
10006b0e:	3138      	adds	r1, #56	@ 0x38
10006b10:	9500      	str	r5, [sp, #0]
10006b12:	3b07      	subs	r3, #7
10006b14:	3010      	adds	r0, #16
10006b16:	f000 fa5f 	bl	10006fd8 <tu_fifo_config>
10006b1a:	0027      	movs	r7, r4
10006b1c:	2301      	movs	r3, #1
10006b1e:	0021      	movs	r1, r4
10006b20:	0020      	movs	r0, r4
10006b22:	0026      	movs	r6, r4
10006b24:	2240      	movs	r2, #64	@ 0x40
10006b26:	3178      	adds	r1, #120	@ 0x78
10006b28:	9300      	str	r3, [sp, #0]
10006b2a:	37b8      	adds	r7, #184	@ 0xb8
10006b2c:	3024      	adds	r0, #36	@ 0x24
10006b2e:	f000 fa53 	bl	10006fd8 <tu_fifo_config>
10006b32:	36c0      	adds	r6, #192	@ 0xc0
10006b34:	0038      	movs	r0, r7
10006b36:	f7fa fa6b 	bl	10001010 <mutex_init>
10006b3a:	0030      	movs	r0, r6
10006b3c:	f7fa fa68 	bl	10001010 <mutex_init>
10006b40:	61e5      	str	r5, [r4, #28]
10006b42:	6227      	str	r7, [r4, #32]
10006b44:	6326      	str	r6, [r4, #48]	@ 0x30
10006b46:	6365      	str	r5, [r4, #52]	@ 0x34
10006b48:	b003      	add	sp, #12
10006b4a:	bdf0      	pop	{r4, r5, r6, r7, pc}
10006b4c:	20012000 	.word	0x20012000
10006b50:	2001264c 	.word	0x2001264c

10006b54 <cdcd_deinit>:
10006b54:	4b0a      	ldr	r3, [pc, #40]	@ (10006b80 <cdcd_deinit+0x2c>)
10006b56:	6b19      	ldr	r1, [r3, #48]	@ 0x30
10006b58:	6a1a      	ldr	r2, [r3, #32]
10006b5a:	2900      	cmp	r1, #0
10006b5c:	d00c      	beq.n	10006b78 <cdcd_deinit+0x24>
10006b5e:	2a00      	cmp	r2, #0
10006b60:	d007      	beq.n	10006b72 <cdcd_deinit+0x1e>
10006b62:	2200      	movs	r2, #0
10006b64:	61da      	str	r2, [r3, #28]
10006b66:	635a      	str	r2, [r3, #52]	@ 0x34
10006b68:	631a      	str	r2, [r3, #48]	@ 0x30
10006b6a:	2200      	movs	r2, #0
10006b6c:	621a      	str	r2, [r3, #32]
10006b6e:	2001      	movs	r0, #1
10006b70:	4770      	bx	lr
10006b72:	635a      	str	r2, [r3, #52]	@ 0x34
10006b74:	631a      	str	r2, [r3, #48]	@ 0x30
10006b76:	e7fa      	b.n	10006b6e <cdcd_deinit+0x1a>
10006b78:	2a00      	cmp	r2, #0
10006b7a:	d0f8      	beq.n	10006b6e <cdcd_deinit+0x1a>
10006b7c:	61d9      	str	r1, [r3, #28]
10006b7e:	e7f4      	b.n	10006b6a <cdcd_deinit+0x16>
10006b80:	20012000 	.word	0x20012000

10006b84 <cdcd_reset>:
10006b84:	b570      	push	{r4, r5, r6, lr}
10006b86:	2205      	movs	r2, #5
10006b88:	2100      	movs	r1, #0
10006b8a:	480d      	ldr	r0, [pc, #52]	@ (10006bc0 <cdcd_reset+0x3c>)
10006b8c:	f7fc fb7c 	bl	10003288 <__wrap_memset>
10006b90:	4d0c      	ldr	r5, [pc, #48]	@ (10006bc4 <cdcd_reset+0x40>)
10006b92:	782b      	ldrb	r3, [r5, #0]
10006b94:	07da      	lsls	r2, r3, #31
10006b96:	d507      	bpl.n	10006ba8 <cdcd_reset+0x24>
10006b98:	4c0b      	ldr	r4, [pc, #44]	@ (10006bc8 <cdcd_reset+0x44>)
10006b9a:	079b      	lsls	r3, r3, #30
10006b9c:	d50c      	bpl.n	10006bb8 <cdcd_reset+0x34>
10006b9e:	2101      	movs	r1, #1
10006ba0:	0020      	movs	r0, r4
10006ba2:	f000 fc6d 	bl	10007480 <tu_fifo_set_overwritable>
10006ba6:	bd70      	pop	{r4, r5, r6, pc}
10006ba8:	4805      	ldr	r0, [pc, #20]	@ (10006bc0 <cdcd_reset+0x3c>)
10006baa:	3010      	adds	r0, #16
10006bac:	f000 fc48 	bl	10007440 <tu_fifo_clear>
10006bb0:	782b      	ldrb	r3, [r5, #0]
10006bb2:	4c05      	ldr	r4, [pc, #20]	@ (10006bc8 <cdcd_reset+0x44>)
10006bb4:	079b      	lsls	r3, r3, #30
10006bb6:	d4f2      	bmi.n	10006b9e <cdcd_reset+0x1a>
10006bb8:	0020      	movs	r0, r4
10006bba:	f000 fc41 	bl	10007440 <tu_fifo_clear>
10006bbe:	e7ee      	b.n	10006b9e <cdcd_reset+0x1a>
10006bc0:	20012000 	.word	0x20012000
10006bc4:	2001264c 	.word	0x2001264c
10006bc8:	20012024 	.word	0x20012024

10006bcc <cdcd_open>:
10006bcc:	b5f0      	push	{r4, r5, r6, r7, lr}
10006bce:	794b      	ldrb	r3, [r1, #5]
10006bd0:	0007      	movs	r7, r0
10006bd2:	b083      	sub	sp, #12
10006bd4:	2b02      	cmp	r3, #2
10006bd6:	d102      	bne.n	10006bde <cdcd_open+0x12>
10006bd8:	798b      	ldrb	r3, [r1, #6]
10006bda:	2b02      	cmp	r3, #2
10006bdc:	d003      	beq.n	10006be6 <cdcd_open+0x1a>
10006bde:	2400      	movs	r4, #0
10006be0:	0020      	movs	r0, r4
10006be2:	b003      	add	sp, #12
10006be4:	bdf0      	pop	{r4, r5, r6, r7, pc}
10006be6:	4b21      	ldr	r3, [pc, #132]	@ (10006c6c <cdcd_open+0xa0>)
10006be8:	001e      	movs	r6, r3
10006bea:	789b      	ldrb	r3, [r3, #2]
10006bec:	2b00      	cmp	r3, #0
10006bee:	d1f6      	bne.n	10006bde <cdcd_open+0x12>
10006bf0:	788b      	ldrb	r3, [r1, #2]
10006bf2:	2409      	movs	r4, #9
10006bf4:	7033      	strb	r3, [r6, #0]
10006bf6:	780d      	ldrb	r5, [r1, #0]
10006bf8:	194d      	adds	r5, r1, r5
10006bfa:	786b      	ldrb	r3, [r5, #1]
10006bfc:	2b24      	cmp	r3, #36	@ 0x24
10006bfe:	d007      	beq.n	10006c10 <cdcd_open+0x44>
10006c00:	e00c      	b.n	10006c1c <cdcd_open+0x50>
10006c02:	782b      	ldrb	r3, [r5, #0]
10006c04:	18ed      	adds	r5, r5, r3
10006c06:	191c      	adds	r4, r3, r4
10006c08:	786b      	ldrb	r3, [r5, #1]
10006c0a:	b2a4      	uxth	r4, r4
10006c0c:	2b24      	cmp	r3, #36	@ 0x24
10006c0e:	d105      	bne.n	10006c1c <cdcd_open+0x50>
10006c10:	42a2      	cmp	r2, r4
10006c12:	d2f6      	bcs.n	10006c02 <cdcd_open+0x36>
10006c14:	2000      	movs	r0, #0
10006c16:	f7ff fe65 	bl	100068e4 <_prep_out_transaction.isra.0>
10006c1a:	e7e1      	b.n	10006be0 <cdcd_open+0x14>
10006c1c:	001a      	movs	r2, r3
10006c1e:	2b05      	cmp	r3, #5
10006c20:	d015      	beq.n	10006c4e <cdcd_open+0x82>
10006c22:	2a04      	cmp	r2, #4
10006c24:	d1f6      	bne.n	10006c14 <cdcd_open+0x48>
10006c26:	796b      	ldrb	r3, [r5, #5]
10006c28:	2b0a      	cmp	r3, #10
10006c2a:	d1f3      	bne.n	10006c14 <cdcd_open+0x48>
10006c2c:	4b10      	ldr	r3, [pc, #64]	@ (10006c70 <cdcd_open+0xa4>)
10006c2e:	782e      	ldrb	r6, [r5, #0]
10006c30:	9301      	str	r3, [sp, #4]
10006c32:	3301      	adds	r3, #1
10006c34:	9300      	str	r3, [sp, #0]
10006c36:	0038      	movs	r0, r7
10006c38:	2302      	movs	r3, #2
10006c3a:	19a9      	adds	r1, r5, r6
10006c3c:	3a02      	subs	r2, #2
10006c3e:	f7ff fca3 	bl	10006588 <usbd_open_edpt_pair>
10006c42:	2800      	cmp	r0, #0
10006c44:	d0cb      	beq.n	10006bde <cdcd_open+0x12>
10006c46:	340e      	adds	r4, #14
10006c48:	19a4      	adds	r4, r4, r6
10006c4a:	b2a4      	uxth	r4, r4
10006c4c:	e7e2      	b.n	10006c14 <cdcd_open+0x48>
10006c4e:	0029      	movs	r1, r5
10006c50:	0038      	movs	r0, r7
10006c52:	f7ff fce5 	bl	10006620 <usbd_edpt_open>
10006c56:	2800      	cmp	r0, #0
10006c58:	d0c1      	beq.n	10006bde <cdcd_open+0x12>
10006c5a:	78ab      	ldrb	r3, [r5, #2]
10006c5c:	7073      	strb	r3, [r6, #1]
10006c5e:	782b      	ldrb	r3, [r5, #0]
10006c60:	191c      	adds	r4, r3, r4
10006c62:	18ed      	adds	r5, r5, r3
10006c64:	786a      	ldrb	r2, [r5, #1]
10006c66:	b2a4      	uxth	r4, r4
10006c68:	e7db      	b.n	10006c22 <cdcd_open+0x56>
10006c6a:	46c0      	nop			@ (mov r8, r8)
10006c6c:	20012000 	.word	0x20012000
10006c70:	20012002 	.word	0x20012002

10006c74 <cdcd_control_xfer_cb>:
10006c74:	2360      	movs	r3, #96	@ 0x60
10006c76:	468c      	mov	ip, r1
10006c78:	0011      	movs	r1, r2
10006c7a:	7812      	ldrb	r2, [r2, #0]
10006c7c:	b570      	push	{r4, r5, r6, lr}
10006c7e:	4013      	ands	r3, r2
10006c80:	2200      	movs	r2, #0
10006c82:	2b20      	cmp	r3, #32
10006c84:	d108      	bne.n	10006c98 <cdcd_control_xfer_cb+0x24>
10006c86:	4c32      	ldr	r4, [pc, #200]	@ (10006d50 <cdcd_control_xfer_cb+0xdc>)
10006c88:	794b      	ldrb	r3, [r1, #5]
10006c8a:	0026      	movs	r6, r4
10006c8c:	790d      	ldrb	r5, [r1, #4]
10006c8e:	7824      	ldrb	r4, [r4, #0]
10006c90:	021b      	lsls	r3, r3, #8
10006c92:	432b      	orrs	r3, r5
10006c94:	429c      	cmp	r4, r3
10006c96:	d001      	beq.n	10006c9c <cdcd_control_xfer_cb+0x28>
10006c98:	0010      	movs	r0, r2
10006c9a:	bd70      	pop	{r4, r5, r6, pc}
10006c9c:	784b      	ldrb	r3, [r1, #1]
10006c9e:	2b22      	cmp	r3, #34	@ 0x22
10006ca0:	d01c      	beq.n	10006cdc <cdcd_control_xfer_cb+0x68>
10006ca2:	d808      	bhi.n	10006cb6 <cdcd_control_xfer_cb+0x42>
10006ca4:	2b20      	cmp	r3, #32
10006ca6:	d039      	beq.n	10006d1c <cdcd_control_xfer_cb+0xa8>
10006ca8:	2b21      	cmp	r3, #33	@ 0x21
10006caa:	d1f5      	bne.n	10006c98 <cdcd_control_xfer_cb+0x24>
10006cac:	4663      	mov	r3, ip
10006cae:	2b01      	cmp	r3, #1
10006cb0:	d043      	beq.n	10006d3a <cdcd_control_xfer_cb+0xc6>
10006cb2:	2201      	movs	r2, #1
10006cb4:	e7f0      	b.n	10006c98 <cdcd_control_xfer_cb+0x24>
10006cb6:	2b23      	cmp	r3, #35	@ 0x23
10006cb8:	d1ee      	bne.n	10006c98 <cdcd_control_xfer_cb+0x24>
10006cba:	4663      	mov	r3, ip
10006cbc:	2b01      	cmp	r3, #1
10006cbe:	d042      	beq.n	10006d46 <cdcd_control_xfer_cb+0xd2>
10006cc0:	2b03      	cmp	r3, #3
10006cc2:	d1f6      	bne.n	10006cb2 <cdcd_control_xfer_cb+0x3e>
10006cc4:	4b23      	ldr	r3, [pc, #140]	@ (10006d54 <cdcd_control_xfer_cb+0xe0>)
10006cc6:	2b00      	cmp	r3, #0
10006cc8:	d0f3      	beq.n	10006cb2 <cdcd_control_xfer_cb+0x3e>
10006cca:	788b      	ldrb	r3, [r1, #2]
10006ccc:	78c9      	ldrb	r1, [r1, #3]
10006cce:	2000      	movs	r0, #0
10006cd0:	0209      	lsls	r1, r1, #8
10006cd2:	4319      	orrs	r1, r3
10006cd4:	e000      	b.n	10006cd8 <cdcd_control_xfer_cb+0x64>
10006cd6:	bf00      	nop
10006cd8:	2201      	movs	r2, #1
10006cda:	e7dd      	b.n	10006c98 <cdcd_control_xfer_cb+0x24>
10006cdc:	4663      	mov	r3, ip
10006cde:	2b01      	cmp	r3, #1
10006ce0:	d031      	beq.n	10006d46 <cdcd_control_xfer_cb+0xd2>
10006ce2:	2b03      	cmp	r3, #3
10006ce4:	d1e5      	bne.n	10006cb2 <cdcd_control_xfer_cb+0x3e>
10006ce6:	2501      	movs	r5, #1
10006ce8:	78cb      	ldrb	r3, [r1, #3]
10006cea:	788a      	ldrb	r2, [r1, #2]
10006cec:	021b      	lsls	r3, r3, #8
10006cee:	4313      	orrs	r3, r2
10006cf0:	001c      	movs	r4, r3
10006cf2:	401d      	ands	r5, r3
10006cf4:	0033      	movs	r3, r6
10006cf6:	2101      	movs	r1, #1
10006cf8:	3324      	adds	r3, #36	@ 0x24
10006cfa:	0018      	movs	r0, r3
10006cfc:	4069      	eors	r1, r5
10006cfe:	7134      	strb	r4, [r6, #4]
10006d00:	f000 fbbe 	bl	10007480 <tu_fifo_set_overwritable>
10006d04:	4b14      	ldr	r3, [pc, #80]	@ (10006d58 <cdcd_control_xfer_cb+0xe4>)
10006d06:	2b00      	cmp	r3, #0
10006d08:	d0d3      	beq.n	10006cb2 <cdcd_control_xfer_cb+0x3e>
10006d0a:	2301      	movs	r3, #1
10006d0c:	0862      	lsrs	r2, r4, #1
10006d0e:	401a      	ands	r2, r3
10006d10:	0029      	movs	r1, r5
10006d12:	2000      	movs	r0, #0
10006d14:	e000      	b.n	10006d18 <cdcd_control_xfer_cb+0xa4>
10006d16:	bf00      	nop
10006d18:	2201      	movs	r2, #1
10006d1a:	e7bd      	b.n	10006c98 <cdcd_control_xfer_cb+0x24>
10006d1c:	4663      	mov	r3, ip
10006d1e:	2b01      	cmp	r3, #1
10006d20:	d00b      	beq.n	10006d3a <cdcd_control_xfer_cb+0xc6>
10006d22:	2b03      	cmp	r3, #3
10006d24:	d1c5      	bne.n	10006cb2 <cdcd_control_xfer_cb+0x3e>
10006d26:	4b0d      	ldr	r3, [pc, #52]	@ (10006d5c <cdcd_control_xfer_cb+0xe8>)
10006d28:	2b00      	cmp	r3, #0
10006d2a:	d0c2      	beq.n	10006cb2 <cdcd_control_xfer_cb+0x3e>
10006d2c:	0031      	movs	r1, r6
10006d2e:	2000      	movs	r0, #0
10006d30:	3108      	adds	r1, #8
10006d32:	f7fe fe15 	bl	10005960 <tud_cdc_line_coding_cb>
10006d36:	2201      	movs	r2, #1
10006d38:	e7ae      	b.n	10006c98 <cdcd_control_xfer_cb+0x24>
10006d3a:	4a09      	ldr	r2, [pc, #36]	@ (10006d60 <cdcd_control_xfer_cb+0xec>)
10006d3c:	2307      	movs	r3, #7
10006d3e:	f7ff fcef 	bl	10006720 <tud_control_xfer>
10006d42:	2201      	movs	r2, #1
10006d44:	e7a8      	b.n	10006c98 <cdcd_control_xfer_cb+0x24>
10006d46:	f7ff fcd5 	bl	100066f4 <tud_control_status>
10006d4a:	2201      	movs	r2, #1
10006d4c:	e7a4      	b.n	10006c98 <cdcd_control_xfer_cb+0x24>
10006d4e:	46c0      	nop			@ (mov r8, r8)
10006d50:	20012000 	.word	0x20012000
	...
10006d5c:	10005961 	.word	0x10005961
10006d60:	20012008 	.word	0x20012008

10006d64 <cdcd_xfer_cb>:
10006d64:	b5f8      	push	{r3, r4, r5, r6, r7, lr}
10006d66:	4647      	mov	r7, r8
10006d68:	46ce      	mov	lr, r9
10006d6a:	b580      	push	{r7, lr}
10006d6c:	4c34      	ldr	r4, [pc, #208]	@ (10006e40 <cdcd_xfer_cb+0xdc>)
10006d6e:	001f      	movs	r7, r3
10006d70:	78e3      	ldrb	r3, [r4, #3]
10006d72:	4680      	mov	r8, r0
10006d74:	000d      	movs	r5, r1
10006d76:	428b      	cmp	r3, r1
10006d78:	d03b      	beq.n	10006df2 <cdcd_xfer_cb+0x8e>
10006d7a:	78a3      	ldrb	r3, [r4, #2]
10006d7c:	2000      	movs	r0, #0
10006d7e:	428b      	cmp	r3, r1
10006d80:	d011      	beq.n	10006da6 <cdcd_xfer_cb+0x42>
10006d82:	bcc0      	pop	{r6, r7}
10006d84:	46b9      	mov	r9, r7
10006d86:	46b0      	mov	r8, r6
10006d88:	bdf8      	pop	{r3, r4, r5, r6, r7, pc}
10006d8a:	4b2e      	ldr	r3, [pc, #184]	@ (10006e44 <cdcd_xfer_cb+0xe0>)
10006d8c:	2b00      	cmp	r3, #0
10006d8e:	d004      	beq.n	10006d9a <cdcd_xfer_cb+0x36>
10006d90:	482d      	ldr	r0, [pc, #180]	@ (10006e48 <cdcd_xfer_cb+0xe4>)
10006d92:	f000 f96d 	bl	10007070 <tu_fifo_empty>
10006d96:	2800      	cmp	r0, #0
10006d98:	d04f      	beq.n	10006e3a <cdcd_xfer_cb+0xd6>
10006d9a:	2000      	movs	r0, #0
10006d9c:	f7ff fda2 	bl	100068e4 <_prep_out_transaction.isra.0>
10006da0:	78a3      	ldrb	r3, [r4, #2]
10006da2:	42ab      	cmp	r3, r5
10006da4:	d10a      	bne.n	10006dbc <cdcd_xfer_cb+0x58>
10006da6:	4b29      	ldr	r3, [pc, #164]	@ (10006e4c <cdcd_xfer_cb+0xe8>)
10006da8:	2b00      	cmp	r3, #0
10006daa:	d002      	beq.n	10006db2 <cdcd_xfer_cb+0x4e>
10006dac:	2000      	movs	r0, #0
10006dae:	e000      	b.n	10006db2 <cdcd_xfer_cb+0x4e>
10006db0:	bf00      	nop
10006db2:	2000      	movs	r0, #0
10006db4:	f7ff fe30 	bl	10006a18 <tud_cdc_n_write_flush>
10006db8:	2800      	cmp	r0, #0
10006dba:	d001      	beq.n	10006dc0 <cdcd_xfer_cb+0x5c>
10006dbc:	2001      	movs	r0, #1
10006dbe:	e7e0      	b.n	10006d82 <cdcd_xfer_cb+0x1e>
10006dc0:	4c23      	ldr	r4, [pc, #140]	@ (10006e50 <cdcd_xfer_cb+0xec>)
10006dc2:	0020      	movs	r0, r4
10006dc4:	f000 f93e 	bl	10007044 <tu_fifo_count>
10006dc8:	2800      	cmp	r0, #0
10006dca:	d1f7      	bne.n	10006dbc <cdcd_xfer_cb+0x58>
10006dcc:	2f00      	cmp	r7, #0
10006dce:	d0f5      	beq.n	10006dbc <cdcd_xfer_cb+0x58>
10006dd0:	06bb      	lsls	r3, r7, #26
10006dd2:	d1f3      	bne.n	10006dbc <cdcd_xfer_cb+0x58>
10006dd4:	3c24      	subs	r4, #36	@ 0x24
10006dd6:	4640      	mov	r0, r8
10006dd8:	78a1      	ldrb	r1, [r4, #2]
10006dda:	f7ff fc3b 	bl	10006654 <usbd_edpt_claim>
10006dde:	2800      	cmp	r0, #0
10006de0:	d0ec      	beq.n	10006dbc <cdcd_xfer_cb+0x58>
10006de2:	2300      	movs	r3, #0
10006de4:	2200      	movs	r2, #0
10006de6:	4640      	mov	r0, r8
10006de8:	78a1      	ldrb	r1, [r4, #2]
10006dea:	f7ff fc5b 	bl	100066a4 <usbd_edpt_xfer>
10006dee:	2001      	movs	r0, #1
10006df0:	e7c7      	b.n	10006d82 <cdcd_xfer_cb+0x1e>
10006df2:	4e18      	ldr	r6, [pc, #96]	@ (10006e54 <cdcd_xfer_cb+0xf0>)
10006df4:	4814      	ldr	r0, [pc, #80]	@ (10006e48 <cdcd_xfer_cb+0xe4>)
10006df6:	0031      	movs	r1, r6
10006df8:	b2ba      	uxth	r2, r7
10006dfa:	f000 fa6d 	bl	100072d8 <tu_fifo_write_n>
10006dfe:	4b16      	ldr	r3, [pc, #88]	@ (10006e58 <cdcd_xfer_cb+0xf4>)
10006e00:	2b00      	cmp	r3, #0
10006e02:	d0c2      	beq.n	10006d8a <cdcd_xfer_cb+0x26>
10006e04:	7963      	ldrb	r3, [r4, #5]
10006e06:	2bff      	cmp	r3, #255	@ 0xff
10006e08:	d0bf      	beq.n	10006d8a <cdcd_xfer_cb+0x26>
10006e0a:	2f00      	cmp	r7, #0
10006e0c:	d0bd      	beq.n	10006d8a <cdcd_xfer_cb+0x26>
10006e0e:	46bc      	mov	ip, r7
10006e10:	44b4      	add	ip, r6
10006e12:	46e1      	mov	r9, ip
10006e14:	e003      	b.n	10006e1e <cdcd_xfer_cb+0xba>
10006e16:	3601      	adds	r6, #1
10006e18:	454e      	cmp	r6, r9
10006e1a:	d0b6      	beq.n	10006d8a <cdcd_xfer_cb+0x26>
10006e1c:	7963      	ldrb	r3, [r4, #5]
10006e1e:	7832      	ldrb	r2, [r6, #0]
10006e20:	429a      	cmp	r2, r3
10006e22:	d1f8      	bne.n	10006e16 <cdcd_xfer_cb+0xb2>
10006e24:	4808      	ldr	r0, [pc, #32]	@ (10006e48 <cdcd_xfer_cb+0xe4>)
10006e26:	f000 f923 	bl	10007070 <tu_fifo_empty>
10006e2a:	2800      	cmp	r0, #0
10006e2c:	d1f3      	bne.n	10006e16 <cdcd_xfer_cb+0xb2>
10006e2e:	4b06      	ldr	r3, [pc, #24]	@ (10006e48 <cdcd_xfer_cb+0xe4>)
10006e30:	3b10      	subs	r3, #16
10006e32:	7959      	ldrb	r1, [r3, #5]
10006e34:	e000      	b.n	10006e38 <cdcd_xfer_cb+0xd4>
10006e36:	bf00      	nop
10006e38:	e7ed      	b.n	10006e16 <cdcd_xfer_cb+0xb2>
10006e3a:	e000      	b.n	10006e3e <cdcd_xfer_cb+0xda>
10006e3c:	bf00      	nop
10006e3e:	e7ac      	b.n	10006d9a <cdcd_xfer_cb+0x36>
10006e40:	20012000 	.word	0x20012000
10006e44:	00000000 	.word	0x00000000
10006e48:	20012010 	.word	0x20012010
10006e4c:	00000000 	.word	0x00000000
10006e50:	20012024 	.word	0x20012024
10006e54:	200125cc 	.word	0x200125cc
10006e58:	00000000 	.word	0x00000000

10006e5c <tusb_rhport_init>:
10006e5c:	b500      	push	{lr}
10006e5e:	0003      	movs	r3, r0
10006e60:	b083      	sub	sp, #12
10006e62:	2900      	cmp	r1, #0
10006e64:	d010      	beq.n	10006e88 <tusb_rhport_init+0x2c>
10006e66:	2000      	movs	r0, #0
10006e68:	2b01      	cmp	r3, #1
10006e6a:	d807      	bhi.n	10006e7c <tusb_rhport_init+0x20>
10006e6c:	780a      	ldrb	r2, [r1, #0]
10006e6e:	2a00      	cmp	r2, #0
10006e70:	d004      	beq.n	10006e7c <tusb_rhport_init+0x20>
10006e72:	480c      	ldr	r0, [pc, #48]	@ (10006ea4 <tusb_rhport_init+0x48>)
10006e74:	54c2      	strb	r2, [r0, r3]
10006e76:	2001      	movs	r0, #1
10006e78:	2a01      	cmp	r2, #1
10006e7a:	d001      	beq.n	10006e80 <tusb_rhport_init+0x24>
10006e7c:	b003      	add	sp, #12
10006e7e:	bd00      	pop	{pc}
10006e80:	0018      	movs	r0, r3
10006e82:	f7fe ff21 	bl	10005cc8 <tud_rhport_init>
10006e86:	e7f9      	b.n	10006e7c <tusb_rhport_init+0x20>
10006e88:	2301      	movs	r3, #1
10006e8a:	466a      	mov	r2, sp
10006e8c:	2000      	movs	r0, #0
10006e8e:	a901      	add	r1, sp, #4
10006e90:	8093      	strh	r3, [r2, #4]
10006e92:	f7fe ff19 	bl	10005cc8 <tud_rhport_init>
10006e96:	2800      	cmp	r0, #0
10006e98:	d0f0      	beq.n	10006e7c <tusb_rhport_init+0x20>
10006e9a:	2201      	movs	r2, #1
10006e9c:	4b01      	ldr	r3, [pc, #4]	@ (10006ea4 <tusb_rhport_init+0x48>)
10006e9e:	701a      	strb	r2, [r3, #0]
10006ea0:	e7ec      	b.n	10006e7c <tusb_rhport_init+0x20>
10006ea2:	46c0      	nop			@ (mov r8, r8)
10006ea4:	200126a4 	.word	0x200126a4

10006ea8 <tu_edpt_claim>:
10006ea8:	b570      	push	{r4, r5, r6, lr}
10006eaa:	0004      	movs	r4, r0
10006eac:	7823      	ldrb	r3, [r4, #0]
10006eae:	0008      	movs	r0, r1
10006eb0:	07db      	lsls	r3, r3, #31
10006eb2:	000e      	movs	r6, r1
10006eb4:	0fdd      	lsrs	r5, r3, #31
10006eb6:	2b00      	cmp	r3, #0
10006eb8:	d116      	bne.n	10006ee8 <tu_edpt_claim+0x40>
10006eba:	7823      	ldrb	r3, [r4, #0]
10006ebc:	075b      	lsls	r3, r3, #29
10006ebe:	d501      	bpl.n	10006ec4 <tu_edpt_claim+0x1c>
10006ec0:	0028      	movs	r0, r5
10006ec2:	bd70      	pop	{r4, r5, r6, pc}
10006ec4:	2101      	movs	r1, #1
10006ec6:	4249      	negs	r1, r1
10006ec8:	f002 f862 	bl	10008f90 <__mutex_enter_timeout_ms_veneer>
10006ecc:	7823      	ldrb	r3, [r4, #0]
10006ece:	07db      	lsls	r3, r3, #31
10006ed0:	0fdd      	lsrs	r5, r3, #31
10006ed2:	2b00      	cmp	r3, #0
10006ed4:	d10a      	bne.n	10006eec <tu_edpt_claim+0x44>
10006ed6:	7823      	ldrb	r3, [r4, #0]
10006ed8:	075b      	lsls	r3, r3, #29
10006eda:	d408      	bmi.n	10006eee <tu_edpt_claim+0x46>
10006edc:	2204      	movs	r2, #4
10006ede:	7823      	ldrb	r3, [r4, #0]
10006ee0:	2501      	movs	r5, #1
10006ee2:	4313      	orrs	r3, r2
10006ee4:	7023      	strb	r3, [r4, #0]
10006ee6:	e002      	b.n	10006eee <tu_edpt_claim+0x46>
10006ee8:	2500      	movs	r5, #0
10006eea:	e7e9      	b.n	10006ec0 <tu_edpt_claim+0x18>
10006eec:	2500      	movs	r5, #0
10006eee:	0030      	movs	r0, r6
10006ef0:	f002 f80e 	bl	10008f10 <__mutex_exit_veneer>
10006ef4:	e7e4      	b.n	10006ec0 <tu_edpt_claim+0x18>
10006ef6:	46c0      	nop			@ (mov r8, r8)

10006ef8 <tu_edpt_release>:
10006ef8:	b570      	push	{r4, r5, r6, lr}
10006efa:	000d      	movs	r5, r1
10006efc:	2101      	movs	r1, #1
10006efe:	0004      	movs	r4, r0
10006f00:	4249      	negs	r1, r1
10006f02:	0028      	movs	r0, r5
10006f04:	f002 f844 	bl	10008f90 <__mutex_enter_timeout_ms_veneer>
10006f08:	7823      	ldrb	r3, [r4, #0]
10006f0a:	075b      	lsls	r3, r3, #29
10006f0c:	0fde      	lsrs	r6, r3, #31
10006f0e:	2b00      	cmp	r3, #0
10006f10:	db04      	blt.n	10006f1c <tu_edpt_release+0x24>
10006f12:	0028      	movs	r0, r5
10006f14:	f001 fffc 	bl	10008f10 <__mutex_exit_veneer>
10006f18:	0030      	movs	r0, r6
10006f1a:	bd70      	pop	{r4, r5, r6, pc}
10006f1c:	7823      	ldrb	r3, [r4, #0]
10006f1e:	07db      	lsls	r3, r3, #31
10006f20:	d404      	bmi.n	10006f2c <tu_edpt_release+0x34>
10006f22:	2204      	movs	r2, #4
10006f24:	7823      	ldrb	r3, [r4, #0]
10006f26:	4393      	bics	r3, r2
10006f28:	7023      	strb	r3, [r4, #0]
10006f2a:	e7f2      	b.n	10006f12 <tu_edpt_release+0x1a>
10006f2c:	2600      	movs	r6, #0
10006f2e:	e7f0      	b.n	10006f12 <tu_edpt_release+0x1a>

10006f30 <tu_edpt_validate>:
10006f30:	7943      	ldrb	r3, [r0, #5]
10006f32:	7902      	ldrb	r2, [r0, #4]
10006f34:	021b      	lsls	r3, r3, #8
10006f36:	4313      	orrs	r3, r2
10006f38:	78c2      	ldrb	r2, [r0, #3]
10006f3a:	055b      	lsls	r3, r3, #21
10006f3c:	0792      	lsls	r2, r2, #30
10006f3e:	0d5b      	lsrs	r3, r3, #21
10006f40:	0f92      	lsrs	r2, r2, #30
10006f42:	2a02      	cmp	r2, #2
10006f44:	d01a      	beq.n	10006f7c <tu_edpt_validate+0x4c>
10006f46:	2a03      	cmp	r2, #3
10006f48:	d00b      	beq.n	10006f62 <tu_edpt_validate+0x32>
10006f4a:	2000      	movs	r0, #0
10006f4c:	2a01      	cmp	r2, #1
10006f4e:	d107      	bne.n	10006f60 <tu_edpt_validate+0x30>
10006f50:	3902      	subs	r1, #2
10006f52:	424a      	negs	r2, r1
10006f54:	4151      	adcs	r1, r2
10006f56:	4a10      	ldr	r2, [pc, #64]	@ (10006f98 <tu_edpt_validate+0x68>)
10006f58:	1889      	adds	r1, r1, r2
10006f5a:	4299      	cmp	r1, r3
10006f5c:	4140      	adcs	r0, r0
10006f5e:	b2c0      	uxtb	r0, r0
10006f60:	4770      	bx	lr
10006f62:	3902      	subs	r1, #2
10006f64:	1e4a      	subs	r2, r1, #1
10006f66:	4191      	sbcs	r1, r2
10006f68:	4a0c      	ldr	r2, [pc, #48]	@ (10006f9c <tu_edpt_validate+0x6c>)
10006f6a:	4249      	negs	r1, r1
10006f6c:	4011      	ands	r1, r2
10006f6e:	2280      	movs	r2, #128	@ 0x80
10006f70:	2000      	movs	r0, #0
10006f72:	00d2      	lsls	r2, r2, #3
10006f74:	1889      	adds	r1, r1, r2
10006f76:	4299      	cmp	r1, r3
10006f78:	4140      	adcs	r0, r0
10006f7a:	e7f1      	b.n	10006f60 <tu_edpt_validate+0x30>
10006f7c:	2902      	cmp	r1, #2
10006f7e:	d004      	beq.n	10006f8a <tu_edpt_validate+0x5a>
10006f80:	2000      	movs	r0, #0
10006f82:	2240      	movs	r2, #64	@ 0x40
10006f84:	429a      	cmp	r2, r3
10006f86:	4140      	adcs	r0, r0
10006f88:	e7ea      	b.n	10006f60 <tu_edpt_validate+0x30>
10006f8a:	4a05      	ldr	r2, [pc, #20]	@ (10006fa0 <tu_edpt_validate+0x70>)
10006f8c:	1898      	adds	r0, r3, r2
10006f8e:	4243      	negs	r3, r0
10006f90:	4158      	adcs	r0, r3
10006f92:	b2c0      	uxtb	r0, r0
10006f94:	e7e4      	b.n	10006f60 <tu_edpt_validate+0x30>
10006f96:	46c0      	nop			@ (mov r8, r8)
10006f98:	000003ff 	.word	0x000003ff
10006f9c:	fffffc40 	.word	0xfffffc40
10006fa0:	fffffe00 	.word	0xfffffe00

10006fa4 <tu_edpt_bind_driver>:
10006fa4:	4684      	mov	ip, r0
10006fa6:	1888      	adds	r0, r1, r2
10006fa8:	b530      	push	{r4, r5, lr}
10006faa:	001c      	movs	r4, r3
10006fac:	4281      	cmp	r1, r0
10006fae:	d206      	bcs.n	10006fbe <tu_edpt_bind_driver+0x1a>
10006fb0:	784a      	ldrb	r2, [r1, #1]
10006fb2:	2a05      	cmp	r2, #5
10006fb4:	d004      	beq.n	10006fc0 <tu_edpt_bind_driver+0x1c>
10006fb6:	780a      	ldrb	r2, [r1, #0]
10006fb8:	1889      	adds	r1, r1, r2
10006fba:	4288      	cmp	r0, r1
10006fbc:	d8f8      	bhi.n	10006fb0 <tu_edpt_bind_driver+0xc>
10006fbe:	bd30      	pop	{r4, r5, pc}
10006fc0:	227f      	movs	r2, #127	@ 0x7f
10006fc2:	788b      	ldrb	r3, [r1, #2]
10006fc4:	401a      	ands	r2, r3
10006fc6:	0052      	lsls	r2, r2, #1
10006fc8:	4462      	add	r2, ip
10006fca:	09db      	lsrs	r3, r3, #7
10006fcc:	54d4      	strb	r4, [r2, r3]
10006fce:	780a      	ldrb	r2, [r1, #0]
10006fd0:	1889      	adds	r1, r1, r2
10006fd2:	4288      	cmp	r0, r1
10006fd4:	d8ec      	bhi.n	10006fb0 <tu_edpt_bind_driver+0xc>
10006fd6:	e7f2      	b.n	10006fbe <tu_edpt_bind_driver+0x1a>

10006fd8 <tu_fifo_config>:
10006fd8:	b5f0      	push	{r4, r5, r6, r7, lr}
10006fda:	46c6      	mov	lr, r8
10006fdc:	b500      	push	{lr}
10006fde:	4698      	mov	r8, r3
10006fe0:	466b      	mov	r3, sp
10006fe2:	7e1e      	ldrb	r6, [r3, #24]
10006fe4:	2380      	movs	r3, #128	@ 0x80
10006fe6:	0004      	movs	r4, r0
10006fe8:	000f      	movs	r7, r1
10006fea:	0015      	movs	r5, r2
10006fec:	021b      	lsls	r3, r3, #8
10006fee:	429a      	cmp	r2, r3
10006ff0:	d826      	bhi.n	10007040 <tu_fifo_config+0x68>
10006ff2:	68c0      	ldr	r0, [r0, #12]
10006ff4:	2800      	cmp	r0, #0
10006ff6:	d003      	beq.n	10007000 <tu_fifo_config+0x28>
10006ff8:	2101      	movs	r1, #1
10006ffa:	4249      	negs	r1, r1
10006ffc:	f001 ffc8 	bl	10008f90 <__mutex_enter_timeout_ms_veneer>
10007000:	6920      	ldr	r0, [r4, #16]
10007002:	2800      	cmp	r0, #0
10007004:	d003      	beq.n	1000700e <tu_fifo_config+0x36>
10007006:	2101      	movs	r1, #1
10007008:	4249      	negs	r1, r1
1000700a:	f001 ffc1 	bl	10008f90 <__mutex_enter_timeout_ms_veneer>
1000700e:	4642      	mov	r2, r8
10007010:	0452      	lsls	r2, r2, #17
10007012:	03f3      	lsls	r3, r6, #15
10007014:	0c52      	lsrs	r2, r2, #17
10007016:	4313      	orrs	r3, r2
10007018:	80e3      	strh	r3, [r4, #6]
1000701a:	2300      	movs	r3, #0
1000701c:	68e0      	ldr	r0, [r4, #12]
1000701e:	8163      	strh	r3, [r4, #10]
10007020:	6027      	str	r7, [r4, #0]
10007022:	80a5      	strh	r5, [r4, #4]
10007024:	8123      	strh	r3, [r4, #8]
10007026:	2800      	cmp	r0, #0
10007028:	d001      	beq.n	1000702e <tu_fifo_config+0x56>
1000702a:	f001 ff71 	bl	10008f10 <__mutex_exit_veneer>
1000702e:	6920      	ldr	r0, [r4, #16]
10007030:	2800      	cmp	r0, #0
10007032:	d001      	beq.n	10007038 <tu_fifo_config+0x60>
10007034:	f001 ff6c 	bl	10008f10 <__mutex_exit_veneer>
10007038:	2001      	movs	r0, #1
1000703a:	bc80      	pop	{r7}
1000703c:	46b8      	mov	r8, r7
1000703e:	bdf0      	pop	{r4, r5, r6, r7, pc}
10007040:	2000      	movs	r0, #0
10007042:	e7fa      	b.n	1000703a <tu_fifo_config+0x62>

10007044 <tu_fifo_count>:
10007044:	8903      	ldrh	r3, [r0, #8]
10007046:	8941      	ldrh	r1, [r0, #10]
10007048:	469c      	mov	ip, r3
1000704a:	8882      	ldrh	r2, [r0, #4]
1000704c:	b29b      	uxth	r3, r3
1000704e:	b288      	uxth	r0, r1
10007050:	458c      	cmp	ip, r1
10007052:	d307      	bcc.n	10007064 <tu_fifo_count+0x20>
10007054:	1a1b      	subs	r3, r3, r0
10007056:	b29b      	uxth	r3, r3
10007058:	1c10      	adds	r0, r2, #0
1000705a:	429a      	cmp	r2, r3
1000705c:	d900      	bls.n	10007060 <tu_fifo_count+0x1c>
1000705e:	1c18      	adds	r0, r3, #0
10007060:	b280      	uxth	r0, r0
10007062:	4770      	bx	lr
10007064:	0051      	lsls	r1, r2, #1
10007066:	1a09      	subs	r1, r1, r0
10007068:	185b      	adds	r3, r3, r1
1000706a:	b29b      	uxth	r3, r3
1000706c:	e7f4      	b.n	10007058 <tu_fifo_count+0x14>
1000706e:	46c0      	nop			@ (mov r8, r8)

10007070 <tu_fifo_empty>:
10007070:	8903      	ldrh	r3, [r0, #8]
10007072:	8940      	ldrh	r0, [r0, #10]
10007074:	1a18      	subs	r0, r3, r0
10007076:	4243      	negs	r3, r0
10007078:	4158      	adcs	r0, r3
1000707a:	b2c0      	uxtb	r0, r0
1000707c:	4770      	bx	lr
1000707e:	46c0      	nop			@ (mov r8, r8)

10007080 <tu_fifo_remaining>:
10007080:	8903      	ldrh	r3, [r0, #8]
10007082:	8941      	ldrh	r1, [r0, #10]
10007084:	469c      	mov	ip, r3
10007086:	8882      	ldrh	r2, [r0, #4]
10007088:	b29b      	uxth	r3, r3
1000708a:	b288      	uxth	r0, r1
1000708c:	458c      	cmp	ip, r1
1000708e:	d307      	bcc.n	100070a0 <tu_fifo_remaining+0x20>
10007090:	1a1b      	subs	r3, r3, r0
10007092:	b29b      	uxth	r3, r3
10007094:	2000      	movs	r0, #0
10007096:	429a      	cmp	r2, r3
10007098:	d901      	bls.n	1000709e <tu_fifo_remaining+0x1e>
1000709a:	1ad2      	subs	r2, r2, r3
1000709c:	b290      	uxth	r0, r2
1000709e:	4770      	bx	lr
100070a0:	0051      	lsls	r1, r2, #1
100070a2:	1a09      	subs	r1, r1, r0
100070a4:	185b      	adds	r3, r3, r1
100070a6:	b29b      	uxth	r3, r3
100070a8:	e7f4      	b.n	10007094 <tu_fifo_remaining+0x14>
100070aa:	46c0      	nop			@ (mov r8, r8)

100070ac <tu_fifo_read>:
100070ac:	b570      	push	{r4, r5, r6, lr}
100070ae:	0004      	movs	r4, r0
100070b0:	6900      	ldr	r0, [r0, #16]
100070b2:	000d      	movs	r5, r1
100070b4:	2800      	cmp	r0, #0
100070b6:	d003      	beq.n	100070c0 <tu_fifo_read+0x14>
100070b8:	2101      	movs	r1, #1
100070ba:	4249      	negs	r1, r1
100070bc:	f001 ff68 	bl	10008f90 <__mutex_enter_timeout_ms_veneer>
100070c0:	8923      	ldrh	r3, [r4, #8]
100070c2:	8962      	ldrh	r2, [r4, #10]
100070c4:	469c      	mov	ip, r3
100070c6:	b298      	uxth	r0, r3
100070c8:	b291      	uxth	r1, r2
100070ca:	88a3      	ldrh	r3, [r4, #4]
100070cc:	4594      	cmp	ip, r2
100070ce:	d332      	bcc.n	10007136 <tu_fifo_read+0x8a>
100070d0:	1a42      	subs	r2, r0, r1
100070d2:	b292      	uxth	r2, r2
100070d4:	2a00      	cmp	r2, #0
100070d6:	d027      	beq.n	10007128 <tu_fifo_read+0x7c>
100070d8:	4293      	cmp	r3, r2
100070da:	d208      	bcs.n	100070ee <tu_fifo_read+0x42>
100070dc:	4298      	cmp	r0, r3
100070de:	d32f      	bcc.n	10007140 <tu_fifo_read+0x94>
100070e0:	1ac0      	subs	r0, r0, r3
100070e2:	b281      	uxth	r1, r0
100070e4:	8161      	strh	r1, [r4, #10]
100070e6:	428b      	cmp	r3, r1
100070e8:	d803      	bhi.n	100070f2 <tu_fifo_read+0x46>
100070ea:	1ac9      	subs	r1, r1, r3
100070ec:	b289      	uxth	r1, r1
100070ee:	428b      	cmp	r3, r1
100070f0:	d9fb      	bls.n	100070ea <tu_fifo_read+0x3e>
100070f2:	88e2      	ldrh	r2, [r4, #6]
100070f4:	6823      	ldr	r3, [r4, #0]
100070f6:	0452      	lsls	r2, r2, #17
100070f8:	0c52      	lsrs	r2, r2, #17
100070fa:	4351      	muls	r1, r2
100070fc:	0028      	movs	r0, r5
100070fe:	1859      	adds	r1, r3, r1
10007100:	f7fc f8c8 	bl	10003294 <__wrap___aeabi_memcpy>
10007104:	8961      	ldrh	r1, [r4, #10]
10007106:	2501      	movs	r5, #1
10007108:	1c4a      	adds	r2, r1, #1
1000710a:	b292      	uxth	r2, r2
1000710c:	88a3      	ldrh	r3, [r4, #4]
1000710e:	4291      	cmp	r1, r2
10007110:	d90d      	bls.n	1000712e <tu_fifo_read+0x82>
10007112:	2200      	movs	r2, #0
10007114:	005b      	lsls	r3, r3, #1
10007116:	1ad2      	subs	r2, r2, r3
10007118:	6920      	ldr	r0, [r4, #16]
1000711a:	8162      	strh	r2, [r4, #10]
1000711c:	2800      	cmp	r0, #0
1000711e:	d001      	beq.n	10007124 <tu_fifo_read+0x78>
10007120:	f001 fef6 	bl	10008f10 <__mutex_exit_veneer>
10007124:	0028      	movs	r0, r5
10007126:	bd70      	pop	{r4, r5, r6, pc}
10007128:	2500      	movs	r5, #0
1000712a:	8962      	ldrh	r2, [r4, #10]
1000712c:	b292      	uxth	r2, r2
1000712e:	005b      	lsls	r3, r3, #1
10007130:	429a      	cmp	r2, r3
10007132:	dbf1      	blt.n	10007118 <tu_fifo_read+0x6c>
10007134:	e7ef      	b.n	10007116 <tu_fifo_read+0x6a>
10007136:	005a      	lsls	r2, r3, #1
10007138:	1a52      	subs	r2, r2, r1
1000713a:	1882      	adds	r2, r0, r2
1000713c:	b292      	uxth	r2, r2
1000713e:	e7c9      	b.n	100070d4 <tu_fifo_read+0x28>
10007140:	18c0      	adds	r0, r0, r3
10007142:	b281      	uxth	r1, r0
10007144:	8161      	strh	r1, [r4, #10]
10007146:	e7ce      	b.n	100070e6 <tu_fifo_read+0x3a>

10007148 <tu_fifo_read_n>:
10007148:	b5f0      	push	{r4, r5, r6, r7, lr}
1000714a:	4646      	mov	r6, r8
1000714c:	46d6      	mov	lr, sl
1000714e:	464f      	mov	r7, r9
10007150:	b5c0      	push	{r6, r7, lr}
10007152:	0006      	movs	r6, r0
10007154:	6900      	ldr	r0, [r0, #16]
10007156:	468a      	mov	sl, r1
10007158:	4690      	mov	r8, r2
1000715a:	b082      	sub	sp, #8
1000715c:	2800      	cmp	r0, #0
1000715e:	d003      	beq.n	10007168 <tu_fifo_read_n+0x20>
10007160:	2101      	movs	r1, #1
10007162:	4249      	negs	r1, r1
10007164:	f001 ff14 	bl	10008f90 <__mutex_enter_timeout_ms_veneer>
10007168:	8931      	ldrh	r1, [r6, #8]
1000716a:	8972      	ldrh	r2, [r6, #10]
1000716c:	88b5      	ldrh	r5, [r6, #4]
1000716e:	b28b      	uxth	r3, r1
10007170:	b294      	uxth	r4, r2
10007172:	4291      	cmp	r1, r2
10007174:	d355      	bcc.n	10007222 <tu_fifo_read_n+0xda>
10007176:	1b1f      	subs	r7, r3, r4
10007178:	b2bf      	uxth	r7, r7
1000717a:	2f00      	cmp	r7, #0
1000717c:	d04b      	beq.n	10007216 <tu_fifo_read_n+0xce>
1000717e:	42bd      	cmp	r5, r7
10007180:	d205      	bcs.n	1000718e <tu_fifo_read_n+0x46>
10007182:	42ab      	cmp	r3, r5
10007184:	d252      	bcs.n	1000722c <tu_fifo_read_n+0xe4>
10007186:	195b      	adds	r3, r3, r5
10007188:	b29c      	uxth	r4, r3
1000718a:	002f      	movs	r7, r5
1000718c:	8174      	strh	r4, [r6, #10]
1000718e:	4643      	mov	r3, r8
10007190:	45b8      	cmp	r8, r7
10007192:	d83e      	bhi.n	10007212 <tu_fifo_read_n+0xca>
10007194:	b29f      	uxth	r7, r3
10007196:	42a5      	cmp	r5, r4
10007198:	d803      	bhi.n	100071a2 <tu_fifo_read_n+0x5a>
1000719a:	1b64      	subs	r4, r4, r5
1000719c:	b2a4      	uxth	r4, r4
1000719e:	42a5      	cmp	r5, r4
100071a0:	d9fb      	bls.n	1000719a <tu_fifo_read_n+0x52>
100071a2:	88f2      	ldrh	r2, [r6, #6]
100071a4:	6831      	ldr	r1, [r6, #0]
100071a6:	0452      	lsls	r2, r2, #17
100071a8:	0c50      	lsrs	r0, r2, #17
100071aa:	0002      	movs	r2, r0
100071ac:	4362      	muls	r2, r4
100071ae:	1b2b      	subs	r3, r5, r4
100071b0:	b29b      	uxth	r3, r3
100071b2:	1889      	adds	r1, r1, r2
100071b4:	9001      	str	r0, [sp, #4]
100071b6:	0002      	movs	r2, r0
100071b8:	429f      	cmp	r7, r3
100071ba:	d925      	bls.n	10007208 <tu_fifo_read_n+0xc0>
100071bc:	4343      	muls	r3, r0
100071be:	b29b      	uxth	r3, r3
100071c0:	001a      	movs	r2, r3
100071c2:	4650      	mov	r0, sl
100071c4:	4699      	mov	r9, r3
100071c6:	f7fc f865 	bl	10003294 <__wrap___aeabi_memcpy>
100071ca:	4650      	mov	r0, sl
100071cc:	9a01      	ldr	r2, [sp, #4]
100071ce:	1b7d      	subs	r5, r7, r5
100071d0:	1964      	adds	r4, r4, r5
100071d2:	4354      	muls	r4, r2
100071d4:	6831      	ldr	r1, [r6, #0]
100071d6:	4448      	add	r0, r9
100071d8:	b2a2      	uxth	r2, r4
100071da:	f7fc f85b 	bl	10003294 <__wrap___aeabi_memcpy>
100071de:	8971      	ldrh	r1, [r6, #10]
100071e0:	88b5      	ldrh	r5, [r6, #4]
100071e2:	19cb      	adds	r3, r1, r7
100071e4:	b29b      	uxth	r3, r3
100071e6:	006a      	lsls	r2, r5, #1
100071e8:	4299      	cmp	r1, r3
100071ea:	d916      	bls.n	1000721a <tu_fifo_read_n+0xd2>
100071ec:	1a9b      	subs	r3, r3, r2
100071ee:	6930      	ldr	r0, [r6, #16]
100071f0:	8173      	strh	r3, [r6, #10]
100071f2:	2800      	cmp	r0, #0
100071f4:	d001      	beq.n	100071fa <tu_fifo_read_n+0xb2>
100071f6:	f001 fe8b 	bl	10008f10 <__mutex_exit_veneer>
100071fa:	0038      	movs	r0, r7
100071fc:	b002      	add	sp, #8
100071fe:	bce0      	pop	{r5, r6, r7}
10007200:	46ba      	mov	sl, r7
10007202:	46b1      	mov	r9, r6
10007204:	46a8      	mov	r8, r5
10007206:	bdf0      	pop	{r4, r5, r6, r7, pc}
10007208:	4650      	mov	r0, sl
1000720a:	437a      	muls	r2, r7
1000720c:	f7fc f842 	bl	10003294 <__wrap___aeabi_memcpy>
10007210:	e7e5      	b.n	100071de <tu_fifo_read_n+0x96>
10007212:	1c3b      	adds	r3, r7, #0
10007214:	e7be      	b.n	10007194 <tu_fifo_read_n+0x4c>
10007216:	8973      	ldrh	r3, [r6, #10]
10007218:	b29b      	uxth	r3, r3
1000721a:	006a      	lsls	r2, r5, #1
1000721c:	4293      	cmp	r3, r2
1000721e:	dbe6      	blt.n	100071ee <tu_fifo_read_n+0xa6>
10007220:	e7e4      	b.n	100071ec <tu_fifo_read_n+0xa4>
10007222:	006f      	lsls	r7, r5, #1
10007224:	1b3f      	subs	r7, r7, r4
10007226:	19df      	adds	r7, r3, r7
10007228:	b2bf      	uxth	r7, r7
1000722a:	e7a6      	b.n	1000717a <tu_fifo_read_n+0x32>
1000722c:	1b5b      	subs	r3, r3, r5
1000722e:	b29c      	uxth	r4, r3
10007230:	e7ab      	b.n	1000718a <tu_fifo_read_n+0x42>
10007232:	46c0      	nop			@ (mov r8, r8)

10007234 <tu_fifo_write>:
10007234:	b5f8      	push	{r3, r4, r5, r6, r7, lr}
10007236:	0004      	movs	r4, r0
10007238:	68c0      	ldr	r0, [r0, #12]
1000723a:	000f      	movs	r7, r1
1000723c:	2800      	cmp	r0, #0
1000723e:	d003      	beq.n	10007248 <tu_fifo_write+0x14>
10007240:	2101      	movs	r1, #1
10007242:	4249      	negs	r1, r1
10007244:	f001 fea4 	bl	10008f90 <__mutex_enter_timeout_ms_veneer>
10007248:	8925      	ldrh	r5, [r4, #8]
1000724a:	8920      	ldrh	r0, [r4, #8]
1000724c:	8961      	ldrh	r1, [r4, #10]
1000724e:	88a2      	ldrh	r2, [r4, #4]
10007250:	b2ad      	uxth	r5, r5
10007252:	b283      	uxth	r3, r0
10007254:	b28e      	uxth	r6, r1
10007256:	4288      	cmp	r0, r1
10007258:	d328      	bcc.n	100072ac <tu_fifo_write+0x78>
1000725a:	1b9b      	subs	r3, r3, r6
1000725c:	b29b      	uxth	r3, r3
1000725e:	429a      	cmp	r2, r3
10007260:	d809      	bhi.n	10007276 <tu_fifo_write+0x42>
10007262:	79e6      	ldrb	r6, [r4, #7]
10007264:	09f6      	lsrs	r6, r6, #7
10007266:	d106      	bne.n	10007276 <tu_fifo_write+0x42>
10007268:	68e0      	ldr	r0, [r4, #12]
1000726a:	2800      	cmp	r0, #0
1000726c:	d001      	beq.n	10007272 <tu_fifo_write+0x3e>
1000726e:	f001 fe4f 	bl	10008f10 <__mutex_exit_veneer>
10007272:	0030      	movs	r0, r6
10007274:	bdf8      	pop	{r3, r4, r5, r6, r7, pc}
10007276:	002b      	movs	r3, r5
10007278:	4295      	cmp	r5, r2
1000727a:	d31c      	bcc.n	100072b6 <tu_fifo_write+0x82>
1000727c:	1a9b      	subs	r3, r3, r2
1000727e:	b29b      	uxth	r3, r3
10007280:	4293      	cmp	r3, r2
10007282:	d2fb      	bcs.n	1000727c <tu_fifo_write+0x48>
10007284:	88e2      	ldrh	r2, [r4, #6]
10007286:	6820      	ldr	r0, [r4, #0]
10007288:	0452      	lsls	r2, r2, #17
1000728a:	0c52      	lsrs	r2, r2, #17
1000728c:	4353      	muls	r3, r2
1000728e:	0039      	movs	r1, r7
10007290:	18c0      	adds	r0, r0, r3
10007292:	f7fb ffff 	bl	10003294 <__wrap___aeabi_memcpy>
10007296:	1c6b      	adds	r3, r5, #1
10007298:	b29b      	uxth	r3, r3
1000729a:	88a2      	ldrh	r2, [r4, #4]
1000729c:	429d      	cmp	r5, r3
1000729e:	d916      	bls.n	100072ce <tu_fifo_write+0x9a>
100072a0:	2300      	movs	r3, #0
100072a2:	0052      	lsls	r2, r2, #1
100072a4:	1a9b      	subs	r3, r3, r2
100072a6:	2601      	movs	r6, #1
100072a8:	8123      	strh	r3, [r4, #8]
100072aa:	e7dd      	b.n	10007268 <tu_fifo_write+0x34>
100072ac:	0051      	lsls	r1, r2, #1
100072ae:	1b89      	subs	r1, r1, r6
100072b0:	185b      	adds	r3, r3, r1
100072b2:	b29b      	uxth	r3, r3
100072b4:	e7d3      	b.n	1000725e <tu_fifo_write+0x2a>
100072b6:	88e2      	ldrh	r2, [r4, #6]
100072b8:	6820      	ldr	r0, [r4, #0]
100072ba:	0452      	lsls	r2, r2, #17
100072bc:	0c52      	lsrs	r2, r2, #17
100072be:	4353      	muls	r3, r2
100072c0:	0039      	movs	r1, r7
100072c2:	18c0      	adds	r0, r0, r3
100072c4:	f7fb ffe6 	bl	10003294 <__wrap___aeabi_memcpy>
100072c8:	3501      	adds	r5, #1
100072ca:	88a2      	ldrh	r2, [r4, #4]
100072cc:	b2ab      	uxth	r3, r5
100072ce:	0052      	lsls	r2, r2, #1
100072d0:	4293      	cmp	r3, r2
100072d2:	dbe8      	blt.n	100072a6 <tu_fifo_write+0x72>
100072d4:	e7e6      	b.n	100072a4 <tu_fifo_write+0x70>
100072d6:	46c0      	nop			@ (mov r8, r8)

100072d8 <tu_fifo_write_n>:
100072d8:	b5f0      	push	{r4, r5, r6, r7, lr}
100072da:	464e      	mov	r6, r9
100072dc:	4645      	mov	r5, r8
100072de:	46de      	mov	lr, fp
100072e0:	4657      	mov	r7, sl
100072e2:	b5e0      	push	{r5, r6, r7, lr}
100072e4:	4689      	mov	r9, r1
100072e6:	0005      	movs	r5, r0
100072e8:	0016      	movs	r6, r2
100072ea:	b083      	sub	sp, #12
100072ec:	2a00      	cmp	r2, #0
100072ee:	d06b      	beq.n	100073c8 <tu_fifo_write_n+0xf0>
100072f0:	68c0      	ldr	r0, [r0, #12]
100072f2:	2800      	cmp	r0, #0
100072f4:	d003      	beq.n	100072fe <tu_fifo_write_n+0x26>
100072f6:	2101      	movs	r1, #1
100072f8:	4249      	negs	r1, r1
100072fa:	f001 fe49 	bl	10008f90 <__mutex_enter_timeout_ms_veneer>
100072fe:	892f      	ldrh	r7, [r5, #8]
10007300:	79ea      	ldrb	r2, [r5, #7]
10007302:	b2bb      	uxth	r3, r7
10007304:	4698      	mov	r8, r3
10007306:	896b      	ldrh	r3, [r5, #10]
10007308:	88af      	ldrh	r7, [r5, #4]
1000730a:	b29b      	uxth	r3, r3
1000730c:	09d2      	lsrs	r2, r2, #7
1000730e:	d13d      	bne.n	1000738c <tu_fifo_write_n+0xb4>
10007310:	4598      	cmp	r8, r3
10007312:	d262      	bcs.n	100073da <tu_fifo_write_n+0x102>
10007314:	007a      	lsls	r2, r7, #1
10007316:	1ad3      	subs	r3, r2, r3
10007318:	4443      	add	r3, r8
1000731a:	b29b      	uxth	r3, r3
1000731c:	42bb      	cmp	r3, r7
1000731e:	d261      	bcs.n	100073e4 <tu_fifo_write_n+0x10c>
10007320:	1afb      	subs	r3, r7, r3
10007322:	1c1a      	adds	r2, r3, #0
10007324:	b29b      	uxth	r3, r3
10007326:	42b3      	cmp	r3, r6
10007328:	d900      	bls.n	1000732c <tu_fifo_write_n+0x54>
1000732a:	1c32      	adds	r2, r6, #0
1000732c:	b296      	uxth	r6, r2
1000732e:	1bf3      	subs	r3, r6, r7
10007330:	9301      	str	r3, [sp, #4]
10007332:	4643      	mov	r3, r8
10007334:	18f3      	adds	r3, r6, r3
10007336:	b29b      	uxth	r3, r3
10007338:	469b      	mov	fp, r3
1000733a:	88ea      	ldrh	r2, [r5, #6]
1000733c:	4644      	mov	r4, r8
1000733e:	45b8      	cmp	r8, r7
10007340:	d303      	bcc.n	1000734a <tu_fifo_write_n+0x72>
10007342:	1be4      	subs	r4, r4, r7
10007344:	b2a4      	uxth	r4, r4
10007346:	42bc      	cmp	r4, r7
10007348:	d2fb      	bcs.n	10007342 <tu_fifo_write_n+0x6a>
1000734a:	0452      	lsls	r2, r2, #17
1000734c:	1b3b      	subs	r3, r7, r4
1000734e:	0c57      	lsrs	r7, r2, #17
10007350:	003a      	movs	r2, r7
10007352:	4362      	muls	r2, r4
10007354:	6828      	ldr	r0, [r5, #0]
10007356:	b29b      	uxth	r3, r3
10007358:	1880      	adds	r0, r0, r2
1000735a:	42b3      	cmp	r3, r6
1000735c:	d356      	bcc.n	1000740c <tu_fifo_write_n+0x134>
1000735e:	003a      	movs	r2, r7
10007360:	4649      	mov	r1, r9
10007362:	4372      	muls	r2, r6
10007364:	f7fb ff96 	bl	10003294 <__wrap___aeabi_memcpy>
10007368:	88ab      	ldrh	r3, [r5, #4]
1000736a:	005b      	lsls	r3, r3, #1
1000736c:	45d8      	cmp	r8, fp
1000736e:	d801      	bhi.n	10007374 <tu_fifo_write_n+0x9c>
10007370:	459b      	cmp	fp, r3
10007372:	db02      	blt.n	1000737a <tu_fifo_write_n+0xa2>
10007374:	465a      	mov	r2, fp
10007376:	1ad3      	subs	r3, r2, r3
10007378:	469b      	mov	fp, r3
1000737a:	465b      	mov	r3, fp
1000737c:	0037      	movs	r7, r6
1000737e:	812b      	strh	r3, [r5, #8]
10007380:	68e8      	ldr	r0, [r5, #12]
10007382:	2800      	cmp	r0, #0
10007384:	d021      	beq.n	100073ca <tu_fifo_write_n+0xf2>
10007386:	f001 fdc3 	bl	10008f10 <__mutex_exit_veneer>
1000738a:	e01e      	b.n	100073ca <tu_fifo_write_n+0xf2>
1000738c:	42be      	cmp	r6, r7
1000738e:	d22b      	bcs.n	100073e8 <tu_fifo_write_n+0x110>
10007390:	4598      	cmp	r8, r3
10007392:	d34c      	bcc.n	1000742e <tu_fifo_write_n+0x156>
10007394:	4642      	mov	r2, r8
10007396:	1ad2      	subs	r2, r2, r3
10007398:	b292      	uxth	r2, r2
1000739a:	0079      	lsls	r1, r7, #1
1000739c:	1bf0      	subs	r0, r6, r7
1000739e:	1992      	adds	r2, r2, r6
100073a0:	9001      	str	r0, [sp, #4]
100073a2:	428a      	cmp	r2, r1
100073a4:	dbc5      	blt.n	10007332 <tu_fifo_write_n+0x5a>
100073a6:	19da      	adds	r2, r3, r7
100073a8:	b292      	uxth	r2, r2
100073aa:	4693      	mov	fp, r2
100073ac:	1b92      	subs	r2, r2, r6
100073ae:	b292      	uxth	r2, r2
100073b0:	4690      	mov	r8, r2
100073b2:	4293      	cmp	r3, r2
100073b4:	d940      	bls.n	10007438 <tu_fifo_write_n+0x160>
100073b6:	4643      	mov	r3, r8
100073b8:	1a59      	subs	r1, r3, r1
100073ba:	b28b      	uxth	r3, r1
100073bc:	4698      	mov	r8, r3
100073be:	18f3      	adds	r3, r6, r3
100073c0:	b29b      	uxth	r3, r3
100073c2:	469b      	mov	fp, r3
100073c4:	88ea      	ldrh	r2, [r5, #6]
100073c6:	e7b9      	b.n	1000733c <tu_fifo_write_n+0x64>
100073c8:	2700      	movs	r7, #0
100073ca:	0038      	movs	r0, r7
100073cc:	b003      	add	sp, #12
100073ce:	bcf0      	pop	{r4, r5, r6, r7}
100073d0:	46bb      	mov	fp, r7
100073d2:	46b2      	mov	sl, r6
100073d4:	46a9      	mov	r9, r5
100073d6:	46a0      	mov	r8, r4
100073d8:	bdf0      	pop	{r4, r5, r6, r7, pc}
100073da:	4642      	mov	r2, r8
100073dc:	1ad3      	subs	r3, r2, r3
100073de:	b29b      	uxth	r3, r3
100073e0:	42bb      	cmp	r3, r7
100073e2:	d39d      	bcc.n	10007320 <tu_fifo_write_n+0x48>
100073e4:	2700      	movs	r7, #0
100073e6:	e7cb      	b.n	10007380 <tu_fifo_write_n+0xa8>
100073e8:	2f00      	cmp	r7, #0
100073ea:	d0c9      	beq.n	10007380 <tu_fifo_write_n+0xa8>
100073ec:	46cc      	mov	ip, r9
100073ee:	88ea      	ldrh	r2, [r5, #6]
100073f0:	1bf6      	subs	r6, r6, r7
100073f2:	0451      	lsls	r1, r2, #17
100073f4:	0c49      	lsrs	r1, r1, #17
100073f6:	4371      	muls	r1, r6
100073f8:	4698      	mov	r8, r3
100073fa:	448c      	add	ip, r1
100073fc:	19d9      	adds	r1, r3, r7
100073fe:	2300      	movs	r3, #0
10007400:	b289      	uxth	r1, r1
10007402:	46e1      	mov	r9, ip
10007404:	468b      	mov	fp, r1
10007406:	003e      	movs	r6, r7
10007408:	9301      	str	r3, [sp, #4]
1000740a:	e797      	b.n	1000733c <tu_fifo_write_n+0x64>
1000740c:	437b      	muls	r3, r7
1000740e:	b29b      	uxth	r3, r3
10007410:	001a      	movs	r2, r3
10007412:	4649      	mov	r1, r9
10007414:	469a      	mov	sl, r3
10007416:	f7fb ff3d 	bl	10003294 <__wrap___aeabi_memcpy>
1000741a:	4649      	mov	r1, r9
1000741c:	9b01      	ldr	r3, [sp, #4]
1000741e:	6828      	ldr	r0, [r5, #0]
10007420:	18e2      	adds	r2, r4, r3
10007422:	437a      	muls	r2, r7
10007424:	4451      	add	r1, sl
10007426:	b292      	uxth	r2, r2
10007428:	f7fb ff34 	bl	10003294 <__wrap___aeabi_memcpy>
1000742c:	e79c      	b.n	10007368 <tu_fifo_write_n+0x90>
1000742e:	0079      	lsls	r1, r7, #1
10007430:	1aca      	subs	r2, r1, r3
10007432:	4442      	add	r2, r8
10007434:	b292      	uxth	r2, r2
10007436:	e7b1      	b.n	1000739c <tu_fifo_write_n+0xc4>
10007438:	4291      	cmp	r1, r2
1000743a:	ddbc      	ble.n	100073b6 <tu_fifo_write_n+0xde>
1000743c:	e7c2      	b.n	100073c4 <tu_fifo_write_n+0xec>
1000743e:	46c0      	nop			@ (mov r8, r8)

10007440 <tu_fifo_clear>:
10007440:	b510      	push	{r4, lr}
10007442:	0004      	movs	r4, r0
10007444:	68c0      	ldr	r0, [r0, #12]
10007446:	2800      	cmp	r0, #0
10007448:	d003      	beq.n	10007452 <tu_fifo_clear+0x12>
1000744a:	2101      	movs	r1, #1
1000744c:	4249      	negs	r1, r1
1000744e:	f001 fd9f 	bl	10008f90 <__mutex_enter_timeout_ms_veneer>
10007452:	6920      	ldr	r0, [r4, #16]
10007454:	2800      	cmp	r0, #0
10007456:	d003      	beq.n	10007460 <tu_fifo_clear+0x20>
10007458:	2101      	movs	r1, #1
1000745a:	4249      	negs	r1, r1
1000745c:	f001 fd98 	bl	10008f90 <__mutex_enter_timeout_ms_veneer>
10007460:	2300      	movs	r3, #0
10007462:	68e0      	ldr	r0, [r4, #12]
10007464:	8163      	strh	r3, [r4, #10]
10007466:	8123      	strh	r3, [r4, #8]
10007468:	2800      	cmp	r0, #0
1000746a:	d001      	beq.n	10007470 <tu_fifo_clear+0x30>
1000746c:	f001 fd50 	bl	10008f10 <__mutex_exit_veneer>
10007470:	6920      	ldr	r0, [r4, #16]
10007472:	2800      	cmp	r0, #0
10007474:	d001      	beq.n	1000747a <tu_fifo_clear+0x3a>
10007476:	f001 fd4b 	bl	10008f10 <__mutex_exit_veneer>
1000747a:	2001      	movs	r0, #1
1000747c:	bd10      	pop	{r4, pc}
1000747e:	46c0      	nop			@ (mov r8, r8)

10007480 <tu_fifo_set_overwritable>:
10007480:	b570      	push	{r4, r5, r6, lr}
10007482:	0004      	movs	r4, r0
10007484:	68c0      	ldr	r0, [r0, #12]
10007486:	000d      	movs	r5, r1
10007488:	2800      	cmp	r0, #0
1000748a:	d003      	beq.n	10007494 <tu_fifo_set_overwritable+0x14>
1000748c:	2101      	movs	r1, #1
1000748e:	4249      	negs	r1, r1
10007490:	f001 fd7e 	bl	10008f90 <__mutex_enter_timeout_ms_veneer>
10007494:	6920      	ldr	r0, [r4, #16]
10007496:	2800      	cmp	r0, #0
10007498:	d003      	beq.n	100074a2 <tu_fifo_set_overwritable+0x22>
1000749a:	2101      	movs	r1, #1
1000749c:	4249      	negs	r1, r1
1000749e:	f001 fd77 	bl	10008f90 <__mutex_enter_timeout_ms_veneer>
100074a2:	217f      	movs	r1, #127	@ 0x7f
100074a4:	79e2      	ldrb	r2, [r4, #7]
100074a6:	01eb      	lsls	r3, r5, #7
100074a8:	4011      	ands	r1, r2
100074aa:	68e0      	ldr	r0, [r4, #12]
100074ac:	4319      	orrs	r1, r3
100074ae:	71e1      	strb	r1, [r4, #7]
100074b0:	2800      	cmp	r0, #0
100074b2:	d001      	beq.n	100074b8 <tu_fifo_set_overwritable+0x38>
100074b4:	f001 fd2c 	bl	10008f10 <__mutex_exit_veneer>
100074b8:	6920      	ldr	r0, [r4, #16]
100074ba:	2800      	cmp	r0, #0
100074bc:	d001      	beq.n	100074c2 <tu_fifo_set_overwritable+0x42>
100074be:	f001 fd27 	bl	10008f10 <__mutex_exit_veneer>
100074c2:	2001      	movs	r0, #1
100074c4:	bd70      	pop	{r4, r5, r6, pc}
100074c6:	46c0      	nop			@ (mov r8, r8)

100074c8 <pio_claim_unused_sm>:
100074c8:	b510      	push	{r4, lr}
100074ca:	4b0a      	ldr	r3, [pc, #40]	@ (100074f4 <pio_claim_unused_sm+0x2c>)
100074cc:	4a0a      	ldr	r2, [pc, #40]	@ (100074f8 <pio_claim_unused_sm+0x30>)
100074ce:	18c4      	adds	r4, r0, r3
100074d0:	0d24      	lsrs	r4, r4, #20
100074d2:	00a4      	lsls	r4, r4, #2
100074d4:	b082      	sub	sp, #8
100074d6:	9200      	str	r2, [sp, #0]
100074d8:	4808      	ldr	r0, [pc, #32]	@ (100074fc <pio_claim_unused_sm+0x34>)
100074da:	0022      	movs	r2, r4
100074dc:	1ce3      	adds	r3, r4, #3
100074de:	f7f9 fa41 	bl	10000964 <hw_claim_unused_from_range>
100074e2:	4284      	cmp	r4, r0
100074e4:	dc02      	bgt.n	100074ec <pio_claim_unused_sm+0x24>
100074e6:	1b00      	subs	r0, r0, r4
100074e8:	b002      	add	sp, #8
100074ea:	bd10      	pop	{r4, pc}
100074ec:	2001      	movs	r0, #1
100074ee:	4240      	negs	r0, r0
100074f0:	e7fa      	b.n	100074e8 <pio_claim_unused_sm+0x20>
100074f2:	46c0      	nop			@ (mov r8, r8)
100074f4:	afe00000 	.word	0xafe00000
100074f8:	100094cc 	.word	0x100094cc
100074fc:	200128ec 	.word	0x200128ec

10007500 <pio_add_program>:
10007500:	b5f0      	push	{r4, r5, r6, r7, lr}
10007502:	464e      	mov	r6, r9
10007504:	4645      	mov	r5, r8
10007506:	46de      	mov	lr, fp
10007508:	4657      	mov	r7, sl
1000750a:	b5e0      	push	{r5, r6, r7, lr}
1000750c:	0005      	movs	r5, r0
1000750e:	b083      	sub	sp, #12
10007510:	000f      	movs	r7, r1
10007512:	f7f9 f9e9 	bl	100008e8 <hw_claim_lock>
10007516:	4b32      	ldr	r3, [pc, #200]	@ (100075e0 <pio_add_program+0xe0>)
10007518:	4a32      	ldr	r2, [pc, #200]	@ (100075e4 <pio_add_program+0xe4>)
1000751a:	18eb      	adds	r3, r5, r3
1000751c:	0d1b      	lsrs	r3, r3, #20
1000751e:	009b      	lsls	r3, r3, #2
10007520:	4691      	mov	r9, r2
10007522:	469c      	mov	ip, r3
10007524:	58d3      	ldr	r3, [r2, r3]
10007526:	2201      	movs	r2, #1
10007528:	793e      	ldrb	r6, [r7, #4]
1000752a:	2105      	movs	r1, #5
1000752c:	40b2      	lsls	r2, r6
1000752e:	2420      	movs	r4, #32
10007530:	5679      	ldrsb	r1, [r7, r1]
10007532:	4680      	mov	r8, r0
10007534:	3a01      	subs	r2, #1
10007536:	1ba4      	subs	r4, r4, r6
10007538:	2900      	cmp	r1, #0
1000753a:	db3f      	blt.n	100075bc <pio_add_program+0xbc>
1000753c:	428c      	cmp	r4, r1
1000753e:	d33a      	bcc.n	100075b6 <pio_add_program+0xb6>
10007540:	0010      	movs	r0, r2
10007542:	4088      	lsls	r0, r1
10007544:	000c      	movs	r4, r1
10007546:	4203      	tst	r3, r0
10007548:	d135      	bne.n	100075b6 <pio_add_program+0xb6>
1000754a:	79b8      	ldrb	r0, [r7, #6]
1000754c:	2800      	cmp	r0, #0
1000754e:	d143      	bne.n	100075d8 <pio_add_program+0xd8>
10007550:	408a      	lsls	r2, r1
10007552:	0010      	movs	r0, r2
10007554:	4692      	mov	sl, r2
10007556:	683f      	ldr	r7, [r7, #0]
10007558:	401a      	ands	r2, r3
1000755a:	4218      	tst	r0, r3
1000755c:	d139      	bne.n	100075d2 <pio_add_program+0xd2>
1000755e:	2080      	movs	r0, #128	@ 0x80
10007560:	0180      	lsls	r0, r0, #6
10007562:	2e00      	cmp	r6, #0
10007564:	d017      	beq.n	10007596 <pio_add_program+0x96>
10007566:	46a3      	mov	fp, r4
10007568:	002c      	movs	r4, r5
1000756a:	4665      	mov	r5, ip
1000756c:	469c      	mov	ip, r3
1000756e:	0033      	movs	r3, r6
10007570:	000e      	movs	r6, r1
10007572:	0011      	movs	r1, r2
10007574:	9501      	str	r5, [sp, #4]
10007576:	004a      	lsls	r2, r1, #1
10007578:	5abd      	ldrh	r5, [r7, r2]
1000757a:	4285      	cmp	r5, r0
1000757c:	d200      	bcs.n	10007580 <pio_add_program+0x80>
1000757e:	19ad      	adds	r5, r5, r6
10007580:	1872      	adds	r2, r6, r1
10007582:	3212      	adds	r2, #18
10007584:	0092      	lsls	r2, r2, #2
10007586:	3101      	adds	r1, #1
10007588:	5115      	str	r5, [r2, r4]
1000758a:	4299      	cmp	r1, r3
1000758c:	d3f3      	bcc.n	10007576 <pio_add_program+0x76>
1000758e:	9a01      	ldr	r2, [sp, #4]
10007590:	4663      	mov	r3, ip
10007592:	465c      	mov	r4, fp
10007594:	4694      	mov	ip, r2
10007596:	4652      	mov	r2, sl
10007598:	4661      	mov	r1, ip
1000759a:	4313      	orrs	r3, r2
1000759c:	464a      	mov	r2, r9
1000759e:	5053      	str	r3, [r2, r1]
100075a0:	4640      	mov	r0, r8
100075a2:	f7f9 f9ad 	bl	10000900 <hw_claim_unlock>
100075a6:	0020      	movs	r0, r4
100075a8:	b003      	add	sp, #12
100075aa:	bcf0      	pop	{r4, r5, r6, r7}
100075ac:	46bb      	mov	fp, r7
100075ae:	46b2      	mov	sl, r6
100075b0:	46a9      	mov	r9, r5
100075b2:	46a0      	mov	r8, r4
100075b4:	bdf0      	pop	{r4, r5, r6, r7, pc}
100075b6:	2401      	movs	r4, #1
100075b8:	4264      	negs	r4, r4
100075ba:	e7f1      	b.n	100075a0 <pio_add_program+0xa0>
100075bc:	2c00      	cmp	r4, #0
100075be:	da02      	bge.n	100075c6 <pio_add_program+0xc6>
100075c0:	e007      	b.n	100075d2 <pio_add_program+0xd2>
100075c2:	3c01      	subs	r4, #1
100075c4:	d305      	bcc.n	100075d2 <pio_add_program+0xd2>
100075c6:	0010      	movs	r0, r2
100075c8:	40a0      	lsls	r0, r4
100075ca:	0021      	movs	r1, r4
100075cc:	4203      	tst	r3, r0
100075ce:	d1f8      	bne.n	100075c2 <pio_add_program+0xc2>
100075d0:	e7bb      	b.n	1000754a <pio_add_program+0x4a>
100075d2:	2409      	movs	r4, #9
100075d4:	4264      	negs	r4, r4
100075d6:	e7e3      	b.n	100075a0 <pio_add_program+0xa0>
100075d8:	2414      	movs	r4, #20
100075da:	4264      	negs	r4, r4
100075dc:	e7e0      	b.n	100075a0 <pio_add_program+0xa0>
100075de:	46c0      	nop			@ (mov r8, r8)
100075e0:	afe00000 	.word	0xafe00000
100075e4:	200127cc 	.word	0x200127cc

100075e8 <pio_sm_init>:
100075e8:	4694      	mov	ip, r2
100075ea:	2201      	movs	r2, #1
100075ec:	408a      	lsls	r2, r1
100075ee:	b570      	push	{r4, r5, r6, lr}
100075f0:	46c6      	mov	lr, r8
100075f2:	001c      	movs	r4, r3
100075f4:	6803      	ldr	r3, [r0, #0]
100075f6:	b500      	push	{lr}
100075f8:	4393      	bics	r3, r2
100075fa:	6003      	str	r3, [r0, #0]
100075fc:	2c00      	cmp	r4, #0
100075fe:	d030      	beq.n	10007662 <pio_sm_init+0x7a>
10007600:	004a      	lsls	r2, r1, #1
10007602:	1853      	adds	r3, r2, r1
10007604:	00db      	lsls	r3, r3, #3
10007606:	18c3      	adds	r3, r0, r3
10007608:	001d      	movs	r5, r3
1000760a:	6826      	ldr	r6, [r4, #0]
1000760c:	35c8      	adds	r5, #200	@ 0xc8
1000760e:	602e      	str	r6, [r5, #0]
10007610:	68a6      	ldr	r6, [r4, #8]
10007612:	3504      	adds	r5, #4
10007614:	606e      	str	r6, [r5, #4]
10007616:	6866      	ldr	r6, [r4, #4]
10007618:	68e4      	ldr	r4, [r4, #12]
1000761a:	33dc      	adds	r3, #220	@ 0xdc
1000761c:	602e      	str	r6, [r5, #0]
1000761e:	601c      	str	r4, [r3, #0]
10007620:	1853      	adds	r3, r2, r1
10007622:	00db      	lsls	r3, r3, #3
10007624:	4c18      	ldr	r4, [pc, #96]	@ (10007688 <pio_sm_init+0xa0>)
10007626:	18c2      	adds	r2, r0, r3
10007628:	1912      	adds	r2, r2, r4
1000762a:	2480      	movs	r4, #128	@ 0x80
1000762c:	0624      	lsls	r4, r4, #24
1000762e:	6014      	str	r4, [r2, #0]
10007630:	6014      	str	r4, [r2, #0]
10007632:	4a16      	ldr	r2, [pc, #88]	@ (1000768c <pio_sm_init+0xa4>)
10007634:	1d0c      	adds	r4, r1, #4
10007636:	408a      	lsls	r2, r1
10007638:	6082      	str	r2, [r0, #8]
1000763a:	2201      	movs	r2, #1
1000763c:	0015      	movs	r5, r2
1000763e:	40a5      	lsls	r5, r4
10007640:	2480      	movs	r4, #128	@ 0x80
10007642:	3108      	adds	r1, #8
10007644:	408a      	lsls	r2, r1
10007646:	01a4      	lsls	r4, r4, #6
10007648:	1904      	adds	r4, r0, r4
1000764a:	6025      	str	r5, [r4, #0]
1000764c:	4661      	mov	r1, ip
1000764e:	6022      	str	r2, [r4, #0]
10007650:	221f      	movs	r2, #31
10007652:	18c0      	adds	r0, r0, r3
10007654:	400a      	ands	r2, r1
10007656:	30d8      	adds	r0, #216	@ 0xd8
10007658:	6002      	str	r2, [r0, #0]
1000765a:	2000      	movs	r0, #0
1000765c:	bc40      	pop	{r6}
1000765e:	46b0      	mov	r8, r6
10007660:	bd70      	pop	{r4, r5, r6, pc}
10007662:	004a      	lsls	r2, r1, #1
10007664:	1853      	adds	r3, r2, r1
10007666:	00db      	lsls	r3, r3, #3
10007668:	18c3      	adds	r3, r0, r3
1000766a:	001d      	movs	r5, r3
1000766c:	2680      	movs	r6, #128	@ 0x80
1000766e:	35c8      	adds	r5, #200	@ 0xc8
10007670:	0276      	lsls	r6, r6, #9
10007672:	602e      	str	r6, [r5, #0]
10007674:	26c0      	movs	r6, #192	@ 0xc0
10007676:	0336      	lsls	r6, r6, #12
10007678:	60ae      	str	r6, [r5, #8]
1000767a:	26f8      	movs	r6, #248	@ 0xf8
1000767c:	3504      	adds	r5, #4
1000767e:	0276      	lsls	r6, r6, #9
10007680:	33dc      	adds	r3, #220	@ 0xdc
10007682:	602e      	str	r6, [r5, #0]
10007684:	601c      	str	r4, [r3, #0]
10007686:	e7cb      	b.n	10007620 <pio_sm_init+0x38>
10007688:	000010d0 	.word	0x000010d0
1000768c:	01010101 	.word	0x01010101

10007690 <dma_claim_unused_channel>:
10007690:	b500      	push	{lr}
10007692:	4b05      	ldr	r3, [pc, #20]	@ (100076a8 <dma_claim_unused_channel+0x18>)
10007694:	b083      	sub	sp, #12
10007696:	0001      	movs	r1, r0
10007698:	9300      	str	r3, [sp, #0]
1000769a:	2200      	movs	r2, #0
1000769c:	230b      	movs	r3, #11
1000769e:	4803      	ldr	r0, [pc, #12]	@ (100076ac <dma_claim_unused_channel+0x1c>)
100076a0:	f7f9 f960 	bl	10000964 <hw_claim_unused_from_range>
100076a4:	b003      	add	sp, #12
100076a6:	bd00      	pop	{pc}
100076a8:	100094f0 	.word	0x100094f0
100076ac:	20012dba 	.word	0x20012dba

100076b0 <_malloc_r>:
100076b0:	b5f0      	push	{r4, r5, r6, r7, lr}
100076b2:	464e      	mov	r6, r9
100076b4:	46de      	mov	lr, fp
100076b6:	4657      	mov	r7, sl
100076b8:	4645      	mov	r5, r8
100076ba:	000c      	movs	r4, r1
100076bc:	b5e0      	push	{r5, r6, r7, lr}
100076be:	340b      	adds	r4, #11
100076c0:	4681      	mov	r9, r0
100076c2:	b085      	sub	sp, #20
100076c4:	2c16      	cmp	r4, #22
100076c6:	d821      	bhi.n	1000770c <_malloc_r+0x5c>
100076c8:	2910      	cmp	r1, #16
100076ca:	d900      	bls.n	100076ce <_malloc_r+0x1e>
100076cc:	e0d0      	b.n	10007870 <_malloc_r+0x1c0>
100076ce:	f000 faa1 	bl	10007c14 <__malloc_lock>
100076d2:	2410      	movs	r4, #16
100076d4:	2318      	movs	r3, #24
100076d6:	2102      	movs	r1, #2
100076d8:	4dc9      	ldr	r5, [pc, #804]	@ (10007a00 <_malloc_r+0x350>)
100076da:	18eb      	adds	r3, r5, r3
100076dc:	001a      	movs	r2, r3
100076de:	685f      	ldr	r7, [r3, #4]
100076e0:	3a08      	subs	r2, #8
100076e2:	4297      	cmp	r7, r2
100076e4:	d100      	bne.n	100076e8 <_malloc_r+0x38>
100076e6:	e172      	b.n	100079ce <_malloc_r+0x31e>
100076e8:	2203      	movs	r2, #3
100076ea:	687b      	ldr	r3, [r7, #4]
100076ec:	68b9      	ldr	r1, [r7, #8]
100076ee:	4393      	bics	r3, r2
100076f0:	68fa      	ldr	r2, [r7, #12]
100076f2:	60ca      	str	r2, [r1, #12]
100076f4:	6091      	str	r1, [r2, #8]
100076f6:	2101      	movs	r1, #1
100076f8:	18fb      	adds	r3, r7, r3
100076fa:	685a      	ldr	r2, [r3, #4]
100076fc:	4648      	mov	r0, r9
100076fe:	430a      	orrs	r2, r1
10007700:	605a      	str	r2, [r3, #4]
10007702:	f000 fa8f 	bl	10007c24 <__malloc_unlock>
10007706:	0038      	movs	r0, r7
10007708:	3008      	adds	r0, #8
1000770a:	e0b5      	b.n	10007878 <_malloc_r+0x1c8>
1000770c:	2307      	movs	r3, #7
1000770e:	439c      	bics	r4, r3
10007710:	d500      	bpl.n	10007714 <_malloc_r+0x64>
10007712:	e0ad      	b.n	10007870 <_malloc_r+0x1c0>
10007714:	42a1      	cmp	r1, r4
10007716:	d900      	bls.n	1000771a <_malloc_r+0x6a>
10007718:	e0aa      	b.n	10007870 <_malloc_r+0x1c0>
1000771a:	f000 fa7b 	bl	10007c14 <__malloc_lock>
1000771e:	23fc      	movs	r3, #252	@ 0xfc
10007720:	005b      	lsls	r3, r3, #1
10007722:	429c      	cmp	r4, r3
10007724:	d200      	bcs.n	10007728 <_malloc_r+0x78>
10007726:	e1b9      	b.n	10007a9c <_malloc_r+0x3ec>
10007728:	0a61      	lsrs	r1, r4, #9
1000772a:	d100      	bne.n	1000772e <_malloc_r+0x7e>
1000772c:	e0ab      	b.n	10007886 <_malloc_r+0x1d6>
1000772e:	2904      	cmp	r1, #4
10007730:	d900      	bls.n	10007734 <_malloc_r+0x84>
10007732:	e180      	b.n	10007a36 <_malloc_r+0x386>
10007734:	2338      	movs	r3, #56	@ 0x38
10007736:	469c      	mov	ip, r3
10007738:	09a1      	lsrs	r1, r4, #6
1000773a:	448c      	add	ip, r1
1000773c:	46e0      	mov	r8, ip
1000773e:	3139      	adds	r1, #57	@ 0x39
10007740:	00cb      	lsls	r3, r1, #3
10007742:	2208      	movs	r2, #8
10007744:	4252      	negs	r2, r2
10007746:	4694      	mov	ip, r2
10007748:	4dad      	ldr	r5, [pc, #692]	@ (10007a00 <_malloc_r+0x350>)
1000774a:	18eb      	adds	r3, r5, r3
1000774c:	449c      	add	ip, r3
1000774e:	4663      	mov	r3, ip
10007750:	68df      	ldr	r7, [r3, #12]
10007752:	45bc      	cmp	ip, r7
10007754:	d012      	beq.n	1000777c <_malloc_r+0xcc>
10007756:	000b      	movs	r3, r1
10007758:	2603      	movs	r6, #3
1000775a:	4661      	mov	r1, ip
1000775c:	469c      	mov	ip, r3
1000775e:	e007      	b.n	10007770 <_malloc_r+0xc0>
10007760:	68f8      	ldr	r0, [r7, #12]
10007762:	2a00      	cmp	r2, #0
10007764:	db00      	blt.n	10007768 <_malloc_r+0xb8>
10007766:	e12c      	b.n	100079c2 <_malloc_r+0x312>
10007768:	4281      	cmp	r1, r0
1000776a:	d100      	bne.n	1000776e <_malloc_r+0xbe>
1000776c:	e12d      	b.n	100079ca <_malloc_r+0x31a>
1000776e:	0007      	movs	r7, r0
10007770:	687b      	ldr	r3, [r7, #4]
10007772:	43b3      	bics	r3, r6
10007774:	1b1a      	subs	r2, r3, r4
10007776:	2a0f      	cmp	r2, #15
10007778:	ddf2      	ble.n	10007760 <_malloc_r+0xb0>
1000777a:	4641      	mov	r1, r8
1000777c:	002a      	movs	r2, r5
1000777e:	692f      	ldr	r7, [r5, #16]
10007780:	3208      	adds	r2, #8
10007782:	4297      	cmp	r7, r2
10007784:	d100      	bne.n	10007788 <_malloc_r+0xd8>
10007786:	e10b      	b.n	100079a0 <_malloc_r+0x2f0>
10007788:	2003      	movs	r0, #3
1000778a:	687b      	ldr	r3, [r7, #4]
1000778c:	4383      	bics	r3, r0
1000778e:	1b18      	subs	r0, r3, r4
10007790:	280f      	cmp	r0, #15
10007792:	dd00      	ble.n	10007796 <_malloc_r+0xe6>
10007794:	e186      	b.n	10007aa4 <_malloc_r+0x3f4>
10007796:	612a      	str	r2, [r5, #16]
10007798:	616a      	str	r2, [r5, #20]
1000779a:	2800      	cmp	r0, #0
1000779c:	daab      	bge.n	100076f6 <_malloc_r+0x46>
1000779e:	686a      	ldr	r2, [r5, #4]
100077a0:	4694      	mov	ip, r2
100077a2:	2280      	movs	r2, #128	@ 0x80
100077a4:	0092      	lsls	r2, r2, #2
100077a6:	4293      	cmp	r3, r2
100077a8:	d300      	bcc.n	100077ac <_malloc_r+0xfc>
100077aa:	e116      	b.n	100079da <_malloc_r+0x32a>
100077ac:	08da      	lsrs	r2, r3, #3
100077ae:	0958      	lsrs	r0, r3, #5
100077b0:	2301      	movs	r3, #1
100077b2:	4083      	lsls	r3, r0
100077b4:	4660      	mov	r0, ip
100077b6:	4318      	orrs	r0, r3
100077b8:	4684      	mov	ip, r0
100077ba:	00d3      	lsls	r3, r2, #3
100077bc:	195b      	adds	r3, r3, r5
100077be:	689a      	ldr	r2, [r3, #8]
100077c0:	6068      	str	r0, [r5, #4]
100077c2:	60fb      	str	r3, [r7, #12]
100077c4:	60ba      	str	r2, [r7, #8]
100077c6:	609f      	str	r7, [r3, #8]
100077c8:	60d7      	str	r7, [r2, #12]
100077ca:	2001      	movs	r0, #1
100077cc:	108b      	asrs	r3, r1, #2
100077ce:	4098      	lsls	r0, r3
100077d0:	4560      	cmp	r0, ip
100077d2:	d85f      	bhi.n	10007894 <_malloc_r+0x1e4>
100077d4:	4663      	mov	r3, ip
100077d6:	4203      	tst	r3, r0
100077d8:	d10a      	bne.n	100077f0 <_malloc_r+0x140>
100077da:	2303      	movs	r3, #3
100077dc:	4399      	bics	r1, r3
100077de:	4663      	mov	r3, ip
100077e0:	0040      	lsls	r0, r0, #1
100077e2:	3104      	adds	r1, #4
100077e4:	4203      	tst	r3, r0
100077e6:	d103      	bne.n	100077f0 <_malloc_r+0x140>
100077e8:	0040      	lsls	r0, r0, #1
100077ea:	3104      	adds	r1, #4
100077ec:	4203      	tst	r3, r0
100077ee:	d0fb      	beq.n	100077e8 <_malloc_r+0x138>
100077f0:	2303      	movs	r3, #3
100077f2:	46a8      	mov	r8, r5
100077f4:	469c      	mov	ip, r3
100077f6:	4683      	mov	fp, r0
100077f8:	000d      	movs	r5, r1
100077fa:	00e8      	lsls	r0, r5, #3
100077fc:	4440      	add	r0, r8
100077fe:	0006      	movs	r6, r0
10007800:	46aa      	mov	sl, r5
10007802:	68f3      	ldr	r3, [r6, #12]
10007804:	e00b      	b.n	1000781e <_malloc_r+0x16e>
10007806:	4661      	mov	r1, ip
10007808:	685a      	ldr	r2, [r3, #4]
1000780a:	438a      	bics	r2, r1
1000780c:	1b17      	subs	r7, r2, r4
1000780e:	0019      	movs	r1, r3
10007810:	68db      	ldr	r3, [r3, #12]
10007812:	2f0f      	cmp	r7, #15
10007814:	dd00      	ble.n	10007818 <_malloc_r+0x168>
10007816:	e11b      	b.n	10007a50 <_malloc_r+0x3a0>
10007818:	2f00      	cmp	r7, #0
1000781a:	db00      	blt.n	1000781e <_malloc_r+0x16e>
1000781c:	e12f      	b.n	10007a7e <_malloc_r+0x3ce>
1000781e:	429e      	cmp	r6, r3
10007820:	d1f1      	bne.n	10007806 <_malloc_r+0x156>
10007822:	4653      	mov	r3, sl
10007824:	3301      	adds	r3, #1
10007826:	469a      	mov	sl, r3
10007828:	3608      	adds	r6, #8
1000782a:	079b      	lsls	r3, r3, #30
1000782c:	d1e9      	bne.n	10007802 <_malloc_r+0x152>
1000782e:	2203      	movs	r2, #3
10007830:	e005      	b.n	1000783e <_malloc_r+0x18e>
10007832:	6803      	ldr	r3, [r0, #0]
10007834:	3808      	subs	r0, #8
10007836:	3d01      	subs	r5, #1
10007838:	4283      	cmp	r3, r0
1000783a:	d000      	beq.n	1000783e <_malloc_r+0x18e>
1000783c:	e1e2      	b.n	10007c04 <_malloc_r+0x554>
1000783e:	422a      	tst	r2, r5
10007840:	d1f7      	bne.n	10007832 <_malloc_r+0x182>
10007842:	4642      	mov	r2, r8
10007844:	4659      	mov	r1, fp
10007846:	6853      	ldr	r3, [r2, #4]
10007848:	438b      	bics	r3, r1
1000784a:	6053      	str	r3, [r2, #4]
1000784c:	465a      	mov	r2, fp
1000784e:	0052      	lsls	r2, r2, #1
10007850:	4693      	mov	fp, r2
10007852:	429a      	cmp	r2, r3
10007854:	d81d      	bhi.n	10007892 <_malloc_r+0x1e2>
10007856:	2a00      	cmp	r2, #0
10007858:	d106      	bne.n	10007868 <_malloc_r+0x1b8>
1000785a:	e01a      	b.n	10007892 <_malloc_r+0x1e2>
1000785c:	4652      	mov	r2, sl
1000785e:	3204      	adds	r2, #4
10007860:	4692      	mov	sl, r2
10007862:	465a      	mov	r2, fp
10007864:	0052      	lsls	r2, r2, #1
10007866:	4693      	mov	fp, r2
10007868:	4213      	tst	r3, r2
1000786a:	d0f7      	beq.n	1000785c <_malloc_r+0x1ac>
1000786c:	4655      	mov	r5, sl
1000786e:	e7c4      	b.n	100077fa <_malloc_r+0x14a>
10007870:	230c      	movs	r3, #12
10007872:	464a      	mov	r2, r9
10007874:	6013      	str	r3, [r2, #0]
10007876:	2000      	movs	r0, #0
10007878:	b005      	add	sp, #20
1000787a:	bcf0      	pop	{r4, r5, r6, r7}
1000787c:	46bb      	mov	fp, r7
1000787e:	46b2      	mov	sl, r6
10007880:	46a9      	mov	r9, r5
10007882:	46a0      	mov	r8, r4
10007884:	bdf0      	pop	{r4, r5, r6, r7, pc}
10007886:	2380      	movs	r3, #128	@ 0x80
10007888:	223f      	movs	r2, #63	@ 0x3f
1000788a:	2140      	movs	r1, #64	@ 0x40
1000788c:	4690      	mov	r8, r2
1000788e:	009b      	lsls	r3, r3, #2
10007890:	e757      	b.n	10007742 <_malloc_r+0x92>
10007892:	4645      	mov	r5, r8
10007894:	2203      	movs	r2, #3
10007896:	68af      	ldr	r7, [r5, #8]
10007898:	687b      	ldr	r3, [r7, #4]
1000789a:	4393      	bics	r3, r2
1000789c:	469a      	mov	sl, r3
1000789e:	42a3      	cmp	r3, r4
100078a0:	d302      	bcc.n	100078a8 <_malloc_r+0x1f8>
100078a2:	1b1b      	subs	r3, r3, r4
100078a4:	2b0f      	cmp	r3, #15
100078a6:	dc7e      	bgt.n	100079a6 <_malloc_r+0x2f6>
100078a8:	4b56      	ldr	r3, [pc, #344]	@ (10007a04 <_malloc_r+0x354>)
100078aa:	2008      	movs	r0, #8
100078ac:	681b      	ldr	r3, [r3, #0]
100078ae:	3310      	adds	r3, #16
100078b0:	191e      	adds	r6, r3, r4
100078b2:	f000 fead 	bl	10008610 <sysconf>
100078b6:	4b54      	ldr	r3, [pc, #336]	@ (10007a08 <_malloc_r+0x358>)
100078b8:	4683      	mov	fp, r0
100078ba:	9301      	str	r3, [sp, #4]
100078bc:	681b      	ldr	r3, [r3, #0]
100078be:	3301      	adds	r3, #1
100078c0:	d004      	beq.n	100078cc <_malloc_r+0x21c>
100078c2:	1e73      	subs	r3, r6, #1
100078c4:	181b      	adds	r3, r3, r0
100078c6:	4242      	negs	r2, r0
100078c8:	4013      	ands	r3, r2
100078ca:	001e      	movs	r6, r3
100078cc:	0031      	movs	r1, r6
100078ce:	4648      	mov	r0, r9
100078d0:	f000 fe6a 	bl	100085a8 <_sbrk_r>
100078d4:	4680      	mov	r8, r0
100078d6:	1c43      	adds	r3, r0, #1
100078d8:	d100      	bne.n	100078dc <_malloc_r+0x22c>
100078da:	e0fd      	b.n	10007ad8 <_malloc_r+0x428>
100078dc:	4653      	mov	r3, sl
100078de:	18fb      	adds	r3, r7, r3
100078e0:	4283      	cmp	r3, r0
100078e2:	d900      	bls.n	100078e6 <_malloc_r+0x236>
100078e4:	e0f6      	b.n	10007ad4 <_malloc_r+0x424>
100078e6:	4a49      	ldr	r2, [pc, #292]	@ (10007a0c <_malloc_r+0x35c>)
100078e8:	6811      	ldr	r1, [r2, #0]
100078ea:	9202      	str	r2, [sp, #8]
100078ec:	1989      	adds	r1, r1, r6
100078ee:	6011      	str	r1, [r2, #0]
100078f0:	465a      	mov	r2, fp
100078f2:	3a01      	subs	r2, #1
100078f4:	4283      	cmp	r3, r0
100078f6:	d100      	bne.n	100078fa <_malloc_r+0x24a>
100078f8:	e139      	b.n	10007b6e <_malloc_r+0x4be>
100078fa:	9801      	ldr	r0, [sp, #4]
100078fc:	6800      	ldr	r0, [r0, #0]
100078fe:	3001      	adds	r0, #1
10007900:	d100      	bne.n	10007904 <_malloc_r+0x254>
10007902:	e13f      	b.n	10007b84 <_malloc_r+0x4d4>
10007904:	4640      	mov	r0, r8
10007906:	1ac3      	subs	r3, r0, r3
10007908:	185b      	adds	r3, r3, r1
1000790a:	9902      	ldr	r1, [sp, #8]
1000790c:	600b      	str	r3, [r1, #0]
1000790e:	4641      	mov	r1, r8
10007910:	2307      	movs	r3, #7
10007912:	0008      	movs	r0, r1
10007914:	4018      	ands	r0, r3
10007916:	9001      	str	r0, [sp, #4]
10007918:	4219      	tst	r1, r3
1000791a:	d100      	bne.n	1000791e <_malloc_r+0x26e>
1000791c:	e0f9      	b.n	10007b12 <_malloc_r+0x462>
1000791e:	46c4      	mov	ip, r8
10007920:	0031      	movs	r1, r6
10007922:	3301      	adds	r3, #1
10007924:	1a1b      	subs	r3, r3, r0
10007926:	449c      	add	ip, r3
10007928:	4461      	add	r1, ip
1000792a:	9103      	str	r1, [sp, #12]
1000792c:	445b      	add	r3, fp
1000792e:	4011      	ands	r1, r2
10007930:	1a5b      	subs	r3, r3, r1
10007932:	401a      	ands	r2, r3
10007934:	0011      	movs	r1, r2
10007936:	4648      	mov	r0, r9
10007938:	46e0      	mov	r8, ip
1000793a:	0016      	movs	r6, r2
1000793c:	f000 fe34 	bl	100085a8 <_sbrk_r>
10007940:	1c43      	adds	r3, r0, #1
10007942:	d100      	bne.n	10007946 <_malloc_r+0x296>
10007944:	e13a      	b.n	10007bbc <_malloc_r+0x50c>
10007946:	9b02      	ldr	r3, [sp, #8]
10007948:	6819      	ldr	r1, [r3, #0]
1000794a:	1989      	adds	r1, r1, r6
1000794c:	6019      	str	r1, [r3, #0]
1000794e:	4643      	mov	r3, r8
10007950:	1ac2      	subs	r2, r0, r3
10007952:	2001      	movs	r0, #1
10007954:	1992      	adds	r2, r2, r6
10007956:	4302      	orrs	r2, r0
10007958:	60ab      	str	r3, [r5, #8]
1000795a:	605a      	str	r2, [r3, #4]
1000795c:	42af      	cmp	r7, r5
1000795e:	d013      	beq.n	10007988 <_malloc_r+0x2d8>
10007960:	4653      	mov	r3, sl
10007962:	2b0f      	cmp	r3, #15
10007964:	d800      	bhi.n	10007968 <_malloc_r+0x2b8>
10007966:	e111      	b.n	10007b8c <_malloc_r+0x4dc>
10007968:	2207      	movs	r2, #7
1000796a:	3b0c      	subs	r3, #12
1000796c:	4393      	bics	r3, r2
1000796e:	687a      	ldr	r2, [r7, #4]
10007970:	4002      	ands	r2, r0
10007972:	2005      	movs	r0, #5
10007974:	431a      	orrs	r2, r3
10007976:	607a      	str	r2, [r7, #4]
10007978:	18fa      	adds	r2, r7, r3
1000797a:	6050      	str	r0, [r2, #4]
1000797c:	6090      	str	r0, [r2, #8]
1000797e:	2b0f      	cmp	r3, #15
10007980:	d900      	bls.n	10007984 <_malloc_r+0x2d4>
10007982:	e121      	b.n	10007bc8 <_malloc_r+0x518>
10007984:	4643      	mov	r3, r8
10007986:	685a      	ldr	r2, [r3, #4]
10007988:	4b21      	ldr	r3, [pc, #132]	@ (10007a10 <_malloc_r+0x360>)
1000798a:	6818      	ldr	r0, [r3, #0]
1000798c:	4288      	cmp	r0, r1
1000798e:	d200      	bcs.n	10007992 <_malloc_r+0x2e2>
10007990:	6019      	str	r1, [r3, #0]
10007992:	4b20      	ldr	r3, [pc, #128]	@ (10007a14 <_malloc_r+0x364>)
10007994:	6818      	ldr	r0, [r3, #0]
10007996:	4288      	cmp	r0, r1
10007998:	d200      	bcs.n	1000799c <_malloc_r+0x2ec>
1000799a:	6019      	str	r1, [r3, #0]
1000799c:	4647      	mov	r7, r8
1000799e:	e09d      	b.n	10007adc <_malloc_r+0x42c>
100079a0:	686b      	ldr	r3, [r5, #4]
100079a2:	469c      	mov	ip, r3
100079a4:	e711      	b.n	100077ca <_malloc_r+0x11a>
100079a6:	2201      	movs	r2, #1
100079a8:	0021      	movs	r1, r4
100079aa:	4313      	orrs	r3, r2
100079ac:	4311      	orrs	r1, r2
100079ae:	193c      	adds	r4, r7, r4
100079b0:	6079      	str	r1, [r7, #4]
100079b2:	4648      	mov	r0, r9
100079b4:	60ac      	str	r4, [r5, #8]
100079b6:	6063      	str	r3, [r4, #4]
100079b8:	f000 f934 	bl	10007c24 <__malloc_unlock>
100079bc:	0038      	movs	r0, r7
100079be:	3008      	adds	r0, #8
100079c0:	e75a      	b.n	10007878 <_malloc_r+0x1c8>
100079c2:	68ba      	ldr	r2, [r7, #8]
100079c4:	60d0      	str	r0, [r2, #12]
100079c6:	6082      	str	r2, [r0, #8]
100079c8:	e695      	b.n	100076f6 <_malloc_r+0x46>
100079ca:	4661      	mov	r1, ip
100079cc:	e6d6      	b.n	1000777c <_malloc_r+0xcc>
100079ce:	68df      	ldr	r7, [r3, #12]
100079d0:	3102      	adds	r1, #2
100079d2:	42bb      	cmp	r3, r7
100079d4:	d100      	bne.n	100079d8 <_malloc_r+0x328>
100079d6:	e6d1      	b.n	1000777c <_malloc_r+0xcc>
100079d8:	e686      	b.n	100076e8 <_malloc_r+0x38>
100079da:	0a5a      	lsrs	r2, r3, #9
100079dc:	2a04      	cmp	r2, #4
100079de:	d973      	bls.n	10007ac8 <_malloc_r+0x418>
100079e0:	2a14      	cmp	r2, #20
100079e2:	d900      	bls.n	100079e6 <_malloc_r+0x336>
100079e4:	e0a7      	b.n	10007b36 <_malloc_r+0x486>
100079e6:	0010      	movs	r0, r2
100079e8:	325c      	adds	r2, #92	@ 0x5c
100079ea:	305b      	adds	r0, #91	@ 0x5b
100079ec:	00d2      	lsls	r2, r2, #3
100079ee:	18aa      	adds	r2, r5, r2
100079f0:	3a08      	subs	r2, #8
100079f2:	0016      	movs	r6, r2
100079f4:	6892      	ldr	r2, [r2, #8]
100079f6:	4688      	mov	r8, r1
100079f8:	4296      	cmp	r6, r2
100079fa:	d110      	bne.n	10007a1e <_malloc_r+0x36e>
100079fc:	e081      	b.n	10007b02 <_malloc_r+0x452>
100079fe:	46c0      	nop			@ (mov r8, r8)
10007a00:	200011b8 	.word	0x200011b8
10007a04:	20012488 	.word	0x20012488
10007a08:	200011b0 	.word	0x200011b0
10007a0c:	20012458 	.word	0x20012458
10007a10:	20012480 	.word	0x20012480
10007a14:	20012484 	.word	0x20012484
10007a18:	6892      	ldr	r2, [r2, #8]
10007a1a:	4296      	cmp	r6, r2
10007a1c:	d004      	beq.n	10007a28 <_malloc_r+0x378>
10007a1e:	2103      	movs	r1, #3
10007a20:	6850      	ldr	r0, [r2, #4]
10007a22:	4388      	bics	r0, r1
10007a24:	4298      	cmp	r0, r3
10007a26:	d8f7      	bhi.n	10007a18 <_malloc_r+0x368>
10007a28:	4641      	mov	r1, r8
10007a2a:	68d6      	ldr	r6, [r2, #12]
10007a2c:	60fe      	str	r6, [r7, #12]
10007a2e:	60ba      	str	r2, [r7, #8]
10007a30:	60b7      	str	r7, [r6, #8]
10007a32:	60d7      	str	r7, [r2, #12]
10007a34:	e6c9      	b.n	100077ca <_malloc_r+0x11a>
10007a36:	2914      	cmp	r1, #20
10007a38:	d95c      	bls.n	10007af4 <_malloc_r+0x444>
10007a3a:	2954      	cmp	r1, #84	@ 0x54
10007a3c:	d900      	bls.n	10007a40 <_malloc_r+0x390>
10007a3e:	e082      	b.n	10007b46 <_malloc_r+0x496>
10007a40:	236e      	movs	r3, #110	@ 0x6e
10007a42:	469c      	mov	ip, r3
10007a44:	0b21      	lsrs	r1, r4, #12
10007a46:	448c      	add	ip, r1
10007a48:	316f      	adds	r1, #111	@ 0x6f
10007a4a:	46e0      	mov	r8, ip
10007a4c:	00cb      	lsls	r3, r1, #3
10007a4e:	e678      	b.n	10007742 <_malloc_r+0x92>
10007a50:	2001      	movs	r0, #1
10007a52:	000e      	movs	r6, r1
10007a54:	4645      	mov	r5, r8
10007a56:	1909      	adds	r1, r1, r4
10007a58:	4304      	orrs	r4, r0
10007a5a:	6074      	str	r4, [r6, #4]
10007a5c:	68b4      	ldr	r4, [r6, #8]
10007a5e:	3508      	adds	r5, #8
10007a60:	60e3      	str	r3, [r4, #12]
10007a62:	4338      	orrs	r0, r7
10007a64:	609c      	str	r4, [r3, #8]
10007a66:	60a9      	str	r1, [r5, #8]
10007a68:	60e9      	str	r1, [r5, #12]
10007a6a:	6048      	str	r0, [r1, #4]
10007a6c:	60cd      	str	r5, [r1, #12]
10007a6e:	4648      	mov	r0, r9
10007a70:	608d      	str	r5, [r1, #8]
10007a72:	50b7      	str	r7, [r6, r2]
10007a74:	f000 f8d6 	bl	10007c24 <__malloc_unlock>
10007a78:	0030      	movs	r0, r6
10007a7a:	3008      	adds	r0, #8
10007a7c:	e6fc      	b.n	10007878 <_malloc_r+0x1c8>
10007a7e:	2001      	movs	r0, #1
10007a80:	000c      	movs	r4, r1
10007a82:	188a      	adds	r2, r1, r2
10007a84:	6851      	ldr	r1, [r2, #4]
10007a86:	3408      	adds	r4, #8
10007a88:	4301      	orrs	r1, r0
10007a8a:	6051      	str	r1, [r2, #4]
10007a8c:	6822      	ldr	r2, [r4, #0]
10007a8e:	4648      	mov	r0, r9
10007a90:	60d3      	str	r3, [r2, #12]
10007a92:	609a      	str	r2, [r3, #8]
10007a94:	f000 f8c6 	bl	10007c24 <__malloc_unlock>
10007a98:	0020      	movs	r0, r4
10007a9a:	e6ed      	b.n	10007878 <_malloc_r+0x1c8>
10007a9c:	0023      	movs	r3, r4
10007a9e:	08e1      	lsrs	r1, r4, #3
10007aa0:	3308      	adds	r3, #8
10007aa2:	e619      	b.n	100076d8 <_malloc_r+0x28>
10007aa4:	2601      	movs	r6, #1
10007aa6:	1939      	adds	r1, r7, r4
10007aa8:	4334      	orrs	r4, r6
10007aaa:	607c      	str	r4, [r7, #4]
10007aac:	6129      	str	r1, [r5, #16]
10007aae:	6169      	str	r1, [r5, #20]
10007ab0:	60ca      	str	r2, [r1, #12]
10007ab2:	608a      	str	r2, [r1, #8]
10007ab4:	0032      	movs	r2, r6
10007ab6:	4302      	orrs	r2, r0
10007ab8:	604a      	str	r2, [r1, #4]
10007aba:	50f8      	str	r0, [r7, r3]
10007abc:	4648      	mov	r0, r9
10007abe:	f000 f8b1 	bl	10007c24 <__malloc_unlock>
10007ac2:	0038      	movs	r0, r7
10007ac4:	3008      	adds	r0, #8
10007ac6:	e6d7      	b.n	10007878 <_malloc_r+0x1c8>
10007ac8:	099a      	lsrs	r2, r3, #6
10007aca:	0010      	movs	r0, r2
10007acc:	3239      	adds	r2, #57	@ 0x39
10007ace:	3038      	adds	r0, #56	@ 0x38
10007ad0:	00d2      	lsls	r2, r2, #3
10007ad2:	e78c      	b.n	100079ee <_malloc_r+0x33e>
10007ad4:	42af      	cmp	r7, r5
10007ad6:	d042      	beq.n	10007b5e <_malloc_r+0x4ae>
10007ad8:	68af      	ldr	r7, [r5, #8]
10007ada:	687a      	ldr	r2, [r7, #4]
10007adc:	2303      	movs	r3, #3
10007ade:	439a      	bics	r2, r3
10007ae0:	1b13      	subs	r3, r2, r4
10007ae2:	42a2      	cmp	r2, r4
10007ae4:	d302      	bcc.n	10007aec <_malloc_r+0x43c>
10007ae6:	2b0f      	cmp	r3, #15
10007ae8:	dd00      	ble.n	10007aec <_malloc_r+0x43c>
10007aea:	e75c      	b.n	100079a6 <_malloc_r+0x2f6>
10007aec:	4648      	mov	r0, r9
10007aee:	f000 f899 	bl	10007c24 <__malloc_unlock>
10007af2:	e6c0      	b.n	10007876 <_malloc_r+0x1c6>
10007af4:	235b      	movs	r3, #91	@ 0x5b
10007af6:	469c      	mov	ip, r3
10007af8:	448c      	add	ip, r1
10007afa:	315c      	adds	r1, #92	@ 0x5c
10007afc:	46e0      	mov	r8, ip
10007afe:	00cb      	lsls	r3, r1, #3
10007b00:	e61f      	b.n	10007742 <_malloc_r+0x92>
10007b02:	2301      	movs	r3, #1
10007b04:	1080      	asrs	r0, r0, #2
10007b06:	4083      	lsls	r3, r0
10007b08:	4660      	mov	r0, ip
10007b0a:	4318      	orrs	r0, r3
10007b0c:	4684      	mov	ip, r0
10007b0e:	6068      	str	r0, [r5, #4]
10007b10:	e78c      	b.n	10007a2c <_malloc_r+0x37c>
10007b12:	0033      	movs	r3, r6
10007b14:	4659      	mov	r1, fp
10007b16:	4443      	add	r3, r8
10007b18:	9301      	str	r3, [sp, #4]
10007b1a:	4013      	ands	r3, r2
10007b1c:	1acb      	subs	r3, r1, r3
10007b1e:	401a      	ands	r2, r3
10007b20:	0011      	movs	r1, r2
10007b22:	4648      	mov	r0, r9
10007b24:	0016      	movs	r6, r2
10007b26:	f000 fd3f 	bl	100085a8 <_sbrk_r>
10007b2a:	1c43      	adds	r3, r0, #1
10007b2c:	d000      	beq.n	10007b30 <_malloc_r+0x480>
10007b2e:	e70a      	b.n	10007946 <_malloc_r+0x296>
10007b30:	2600      	movs	r6, #0
10007b32:	9801      	ldr	r0, [sp, #4]
10007b34:	e707      	b.n	10007946 <_malloc_r+0x296>
10007b36:	2a54      	cmp	r2, #84	@ 0x54
10007b38:	d82b      	bhi.n	10007b92 <_malloc_r+0x4e2>
10007b3a:	0b1a      	lsrs	r2, r3, #12
10007b3c:	0010      	movs	r0, r2
10007b3e:	326f      	adds	r2, #111	@ 0x6f
10007b40:	306e      	adds	r0, #110	@ 0x6e
10007b42:	00d2      	lsls	r2, r2, #3
10007b44:	e753      	b.n	100079ee <_malloc_r+0x33e>
10007b46:	23aa      	movs	r3, #170	@ 0xaa
10007b48:	005b      	lsls	r3, r3, #1
10007b4a:	4299      	cmp	r1, r3
10007b4c:	d82b      	bhi.n	10007ba6 <_malloc_r+0x4f6>
10007b4e:	3bdd      	subs	r3, #221	@ 0xdd
10007b50:	469c      	mov	ip, r3
10007b52:	0be1      	lsrs	r1, r4, #15
10007b54:	448c      	add	ip, r1
10007b56:	3178      	adds	r1, #120	@ 0x78
10007b58:	46e0      	mov	r8, ip
10007b5a:	00cb      	lsls	r3, r1, #3
10007b5c:	e5f1      	b.n	10007742 <_malloc_r+0x92>
10007b5e:	4a2b      	ldr	r2, [pc, #172]	@ (10007c0c <_malloc_r+0x55c>)
10007b60:	6811      	ldr	r1, [r2, #0]
10007b62:	9202      	str	r2, [sp, #8]
10007b64:	1989      	adds	r1, r1, r6
10007b66:	6011      	str	r1, [r2, #0]
10007b68:	465a      	mov	r2, fp
10007b6a:	3a01      	subs	r2, #1
10007b6c:	e6c5      	b.n	100078fa <_malloc_r+0x24a>
10007b6e:	4210      	tst	r0, r2
10007b70:	d000      	beq.n	10007b74 <_malloc_r+0x4c4>
10007b72:	e6c2      	b.n	100078fa <_malloc_r+0x24a>
10007b74:	4652      	mov	r2, sl
10007b76:	2301      	movs	r3, #1
10007b78:	68a8      	ldr	r0, [r5, #8]
10007b7a:	1992      	adds	r2, r2, r6
10007b7c:	431a      	orrs	r2, r3
10007b7e:	4680      	mov	r8, r0
10007b80:	6042      	str	r2, [r0, #4]
10007b82:	e701      	b.n	10007988 <_malloc_r+0x2d8>
10007b84:	4641      	mov	r1, r8
10007b86:	9b01      	ldr	r3, [sp, #4]
10007b88:	6019      	str	r1, [r3, #0]
10007b8a:	e6c0      	b.n	1000790e <_malloc_r+0x25e>
10007b8c:	4643      	mov	r3, r8
10007b8e:	6058      	str	r0, [r3, #4]
10007b90:	e7ac      	b.n	10007aec <_malloc_r+0x43c>
10007b92:	20aa      	movs	r0, #170	@ 0xaa
10007b94:	0040      	lsls	r0, r0, #1
10007b96:	4282      	cmp	r2, r0
10007b98:	d821      	bhi.n	10007bde <_malloc_r+0x52e>
10007b9a:	0bda      	lsrs	r2, r3, #15
10007b9c:	0010      	movs	r0, r2
10007b9e:	3278      	adds	r2, #120	@ 0x78
10007ba0:	3077      	adds	r0, #119	@ 0x77
10007ba2:	00d2      	lsls	r2, r2, #3
10007ba4:	e723      	b.n	100079ee <_malloc_r+0x33e>
10007ba6:	4b1a      	ldr	r3, [pc, #104]	@ (10007c10 <_malloc_r+0x560>)
10007ba8:	4299      	cmp	r1, r3
10007baa:	d821      	bhi.n	10007bf0 <_malloc_r+0x540>
10007bac:	237c      	movs	r3, #124	@ 0x7c
10007bae:	469c      	mov	ip, r3
10007bb0:	0ca1      	lsrs	r1, r4, #18
10007bb2:	448c      	add	ip, r1
10007bb4:	317d      	adds	r1, #125	@ 0x7d
10007bb6:	46e0      	mov	r8, ip
10007bb8:	00cb      	lsls	r3, r1, #3
10007bba:	e5c2      	b.n	10007742 <_malloc_r+0x92>
10007bbc:	9801      	ldr	r0, [sp, #4]
10007bbe:	9b03      	ldr	r3, [sp, #12]
10007bc0:	3808      	subs	r0, #8
10007bc2:	2600      	movs	r6, #0
10007bc4:	1818      	adds	r0, r3, r0
10007bc6:	e6be      	b.n	10007946 <_malloc_r+0x296>
10007bc8:	0039      	movs	r1, r7
10007bca:	4648      	mov	r0, r9
10007bcc:	3108      	adds	r1, #8
10007bce:	f000 fdb5 	bl	1000873c <_free_r>
10007bd2:	9b02      	ldr	r3, [sp, #8]
10007bd4:	6819      	ldr	r1, [r3, #0]
10007bd6:	68ab      	ldr	r3, [r5, #8]
10007bd8:	4698      	mov	r8, r3
10007bda:	685a      	ldr	r2, [r3, #4]
10007bdc:	e6d4      	b.n	10007988 <_malloc_r+0x2d8>
10007bde:	480c      	ldr	r0, [pc, #48]	@ (10007c10 <_malloc_r+0x560>)
10007be0:	4282      	cmp	r2, r0
10007be2:	d80b      	bhi.n	10007bfc <_malloc_r+0x54c>
10007be4:	0c9a      	lsrs	r2, r3, #18
10007be6:	0010      	movs	r0, r2
10007be8:	327d      	adds	r2, #125	@ 0x7d
10007bea:	307c      	adds	r0, #124	@ 0x7c
10007bec:	00d2      	lsls	r2, r2, #3
10007bee:	e6fe      	b.n	100079ee <_malloc_r+0x33e>
10007bf0:	23fe      	movs	r3, #254	@ 0xfe
10007bf2:	227e      	movs	r2, #126	@ 0x7e
10007bf4:	217f      	movs	r1, #127	@ 0x7f
10007bf6:	4690      	mov	r8, r2
10007bf8:	009b      	lsls	r3, r3, #2
10007bfa:	e5a2      	b.n	10007742 <_malloc_r+0x92>
10007bfc:	22fe      	movs	r2, #254	@ 0xfe
10007bfe:	207e      	movs	r0, #126	@ 0x7e
10007c00:	0092      	lsls	r2, r2, #2
10007c02:	e6f4      	b.n	100079ee <_malloc_r+0x33e>
10007c04:	4643      	mov	r3, r8
10007c06:	685b      	ldr	r3, [r3, #4]
10007c08:	e620      	b.n	1000784c <_malloc_r+0x19c>
10007c0a:	46c0      	nop			@ (mov r8, r8)
10007c0c:	20012458 	.word	0x20012458
10007c10:	00000554 	.word	0x00000554

10007c14 <__malloc_lock>:
10007c14:	b510      	push	{r4, lr}
10007c16:	4802      	ldr	r0, [pc, #8]	@ (10007c20 <__malloc_lock+0xc>)
10007c18:	f000 fcf6 	bl	10008608 <__retarget_lock_acquire_recursive>
10007c1c:	bd10      	pop	{r4, pc}
10007c1e:	46c0      	nop			@ (mov r8, r8)
10007c20:	20012450 	.word	0x20012450

10007c24 <__malloc_unlock>:
10007c24:	b510      	push	{r4, lr}
10007c26:	4802      	ldr	r0, [pc, #8]	@ (10007c30 <__malloc_unlock+0xc>)
10007c28:	f000 fcf0 	bl	1000860c <__retarget_lock_release_recursive>
10007c2c:	bd10      	pop	{r4, pc}
10007c2e:	46c0      	nop			@ (mov r8, r8)
10007c30:	20012450 	.word	0x20012450

10007c34 <_realloc_r>:
10007c34:	b5f0      	push	{r4, r5, r6, r7, lr}
10007c36:	4645      	mov	r5, r8
10007c38:	464e      	mov	r6, r9
10007c3a:	46de      	mov	lr, fp
10007c3c:	4657      	mov	r7, sl
10007c3e:	b5e0      	push	{r5, r6, r7, lr}
10007c40:	4680      	mov	r8, r0
10007c42:	000d      	movs	r5, r1
10007c44:	4691      	mov	r9, r2
10007c46:	b083      	sub	sp, #12
10007c48:	2900      	cmp	r1, #0
10007c4a:	d100      	bne.n	10007c4e <_realloc_r+0x1a>
10007c4c:	e0a3      	b.n	10007d96 <_realloc_r+0x162>
10007c4e:	464c      	mov	r4, r9
10007c50:	340b      	adds	r4, #11
10007c52:	f7ff ffdf 	bl	10007c14 <__malloc_lock>
10007c56:	2c16      	cmp	r4, #22
10007c58:	d86c      	bhi.n	10007d34 <_realloc_r+0x100>
10007c5a:	2410      	movs	r4, #16
10007c5c:	45a1      	cmp	r9, r4
10007c5e:	d86c      	bhi.n	10007d3a <_realloc_r+0x106>
10007c60:	002f      	movs	r7, r5
10007c62:	3f08      	subs	r7, #8
10007c64:	6879      	ldr	r1, [r7, #4]
10007c66:	2303      	movs	r3, #3
10007c68:	000e      	movs	r6, r1
10007c6a:	46bb      	mov	fp, r7
10007c6c:	469a      	mov	sl, r3
10007c6e:	439e      	bics	r6, r3
10007c70:	42a6      	cmp	r6, r4
10007c72:	da6d      	bge.n	10007d50 <_realloc_r+0x11c>
10007c74:	19b8      	adds	r0, r7, r6
10007c76:	4ab8      	ldr	r2, [pc, #736]	@ (10007f58 <_realloc_r+0x324>)
10007c78:	6843      	ldr	r3, [r0, #4]
10007c7a:	9201      	str	r2, [sp, #4]
10007c7c:	9300      	str	r3, [sp, #0]
10007c7e:	6893      	ldr	r3, [r2, #8]
10007c80:	9a00      	ldr	r2, [sp, #0]
10007c82:	4283      	cmp	r3, r0
10007c84:	d100      	bne.n	10007c88 <_realloc_r+0x54>
10007c86:	e099      	b.n	10007dbc <_realloc_r+0x188>
10007c88:	2301      	movs	r3, #1
10007c8a:	439a      	bics	r2, r3
10007c8c:	4694      	mov	ip, r2
10007c8e:	4484      	add	ip, r0
10007c90:	4662      	mov	r2, ip
10007c92:	6852      	ldr	r2, [r2, #4]
10007c94:	421a      	tst	r2, r3
10007c96:	d000      	beq.n	10007c9a <_realloc_r+0x66>
10007c98:	e072      	b.n	10007d80 <_realloc_r+0x14c>
10007c9a:	4653      	mov	r3, sl
10007c9c:	9a00      	ldr	r2, [sp, #0]
10007c9e:	439a      	bics	r2, r3
10007ca0:	18b3      	adds	r3, r6, r2
10007ca2:	469c      	mov	ip, r3
10007ca4:	429c      	cmp	r4, r3
10007ca6:	dd4e      	ble.n	10007d46 <_realloc_r+0x112>
10007ca8:	2301      	movs	r3, #1
10007caa:	420b      	tst	r3, r1
10007cac:	d110      	bne.n	10007cd0 <_realloc_r+0x9c>
10007cae:	6839      	ldr	r1, [r7, #0]
10007cb0:	1a7b      	subs	r3, r7, r1
10007cb2:	6859      	ldr	r1, [r3, #4]
10007cb4:	9300      	str	r3, [sp, #0]
10007cb6:	4653      	mov	r3, sl
10007cb8:	4399      	bics	r1, r3
10007cba:	1852      	adds	r2, r2, r1
10007cbc:	1993      	adds	r3, r2, r6
10007cbe:	469a      	mov	sl, r3
10007cc0:	429c      	cmp	r4, r3
10007cc2:	dc00      	bgt.n	10007cc6 <_realloc_r+0x92>
10007cc4:	e0c0      	b.n	10007e48 <_realloc_r+0x214>
10007cc6:	1873      	adds	r3, r6, r1
10007cc8:	469a      	mov	sl, r3
10007cca:	429c      	cmp	r4, r3
10007ccc:	dc00      	bgt.n	10007cd0 <_realloc_r+0x9c>
10007cce:	e0bf      	b.n	10007e50 <_realloc_r+0x21c>
10007cd0:	4649      	mov	r1, r9
10007cd2:	4640      	mov	r0, r8
10007cd4:	f7ff fcec 	bl	100076b0 <_malloc_r>
10007cd8:	4681      	mov	r9, r0
10007cda:	2800      	cmp	r0, #0
10007cdc:	d100      	bne.n	10007ce0 <_realloc_r+0xac>
10007cde:	e10c      	b.n	10007efa <_realloc_r+0x2c6>
10007ce0:	4659      	mov	r1, fp
10007ce2:	2201      	movs	r2, #1
10007ce4:	684b      	ldr	r3, [r1, #4]
10007ce6:	4393      	bics	r3, r2
10007ce8:	0002      	movs	r2, r0
10007cea:	18cb      	adds	r3, r1, r3
10007cec:	3a08      	subs	r2, #8
10007cee:	4293      	cmp	r3, r2
10007cf0:	d100      	bne.n	10007cf4 <_realloc_r+0xc0>
10007cf2:	e0d2      	b.n	10007e9a <_realloc_r+0x266>
10007cf4:	3e04      	subs	r6, #4
10007cf6:	2e24      	cmp	r6, #36	@ 0x24
10007cf8:	d900      	bls.n	10007cfc <_realloc_r+0xc8>
10007cfa:	e0d3      	b.n	10007ea4 <_realloc_r+0x270>
10007cfc:	0003      	movs	r3, r0
10007cfe:	002a      	movs	r2, r5
10007d00:	2e13      	cmp	r6, #19
10007d02:	d909      	bls.n	10007d18 <_realloc_r+0xe4>
10007d04:	682b      	ldr	r3, [r5, #0]
10007d06:	6003      	str	r3, [r0, #0]
10007d08:	686b      	ldr	r3, [r5, #4]
10007d0a:	6043      	str	r3, [r0, #4]
10007d0c:	2e1b      	cmp	r6, #27
10007d0e:	d900      	bls.n	10007d12 <_realloc_r+0xde>
10007d10:	e0cd      	b.n	10007eae <_realloc_r+0x27a>
10007d12:	0003      	movs	r3, r0
10007d14:	3208      	adds	r2, #8
10007d16:	3308      	adds	r3, #8
10007d18:	6811      	ldr	r1, [r2, #0]
10007d1a:	6019      	str	r1, [r3, #0]
10007d1c:	6851      	ldr	r1, [r2, #4]
10007d1e:	6059      	str	r1, [r3, #4]
10007d20:	6892      	ldr	r2, [r2, #8]
10007d22:	609a      	str	r2, [r3, #8]
10007d24:	4640      	mov	r0, r8
10007d26:	0029      	movs	r1, r5
10007d28:	f000 fd08 	bl	1000873c <_free_r>
10007d2c:	4640      	mov	r0, r8
10007d2e:	f7ff ff79 	bl	10007c24 <__malloc_unlock>
10007d32:	e01d      	b.n	10007d70 <_realloc_r+0x13c>
10007d34:	2307      	movs	r3, #7
10007d36:	439c      	bics	r4, r3
10007d38:	d590      	bpl.n	10007c5c <_realloc_r+0x28>
10007d3a:	230c      	movs	r3, #12
10007d3c:	4642      	mov	r2, r8
10007d3e:	6013      	str	r3, [r2, #0]
10007d40:	2300      	movs	r3, #0
10007d42:	4699      	mov	r9, r3
10007d44:	e014      	b.n	10007d70 <_realloc_r+0x13c>
10007d46:	4666      	mov	r6, ip
10007d48:	68c3      	ldr	r3, [r0, #12]
10007d4a:	6882      	ldr	r2, [r0, #8]
10007d4c:	60d3      	str	r3, [r2, #12]
10007d4e:	609a      	str	r2, [r3, #8]
10007d50:	2201      	movs	r2, #1
10007d52:	687b      	ldr	r3, [r7, #4]
10007d54:	1b31      	subs	r1, r6, r4
10007d56:	4013      	ands	r3, r2
10007d58:	19b8      	adds	r0, r7, r6
10007d5a:	290f      	cmp	r1, #15
10007d5c:	d820      	bhi.n	10007da0 <_realloc_r+0x16c>
10007d5e:	4333      	orrs	r3, r6
10007d60:	607b      	str	r3, [r7, #4]
10007d62:	6843      	ldr	r3, [r0, #4]
10007d64:	4313      	orrs	r3, r2
10007d66:	6043      	str	r3, [r0, #4]
10007d68:	4640      	mov	r0, r8
10007d6a:	f7ff ff5b 	bl	10007c24 <__malloc_unlock>
10007d6e:	46a9      	mov	r9, r5
10007d70:	4648      	mov	r0, r9
10007d72:	b003      	add	sp, #12
10007d74:	bcf0      	pop	{r4, r5, r6, r7}
10007d76:	46bb      	mov	fp, r7
10007d78:	46b2      	mov	sl, r6
10007d7a:	46a9      	mov	r9, r5
10007d7c:	46a0      	mov	r8, r4
10007d7e:	bdf0      	pop	{r4, r5, r6, r7, pc}
10007d80:	2301      	movs	r3, #1
10007d82:	420b      	tst	r3, r1
10007d84:	d1a4      	bne.n	10007cd0 <_realloc_r+0x9c>
10007d86:	465b      	mov	r3, fp
10007d88:	681a      	ldr	r2, [r3, #0]
10007d8a:	1a9b      	subs	r3, r3, r2
10007d8c:	6859      	ldr	r1, [r3, #4]
10007d8e:	9300      	str	r3, [sp, #0]
10007d90:	4653      	mov	r3, sl
10007d92:	4399      	bics	r1, r3
10007d94:	e797      	b.n	10007cc6 <_realloc_r+0x92>
10007d96:	0011      	movs	r1, r2
10007d98:	f7ff fc8a 	bl	100076b0 <_malloc_r>
10007d9c:	4681      	mov	r9, r0
10007d9e:	e7e7      	b.n	10007d70 <_realloc_r+0x13c>
10007da0:	193e      	adds	r6, r7, r4
10007da2:	4323      	orrs	r3, r4
10007da4:	4311      	orrs	r1, r2
10007da6:	607b      	str	r3, [r7, #4]
10007da8:	6071      	str	r1, [r6, #4]
10007daa:	0031      	movs	r1, r6
10007dac:	6843      	ldr	r3, [r0, #4]
10007dae:	3108      	adds	r1, #8
10007db0:	4313      	orrs	r3, r2
10007db2:	6043      	str	r3, [r0, #4]
10007db4:	4640      	mov	r0, r8
10007db6:	f000 fcc1 	bl	1000873c <_free_r>
10007dba:	e7d5      	b.n	10007d68 <_realloc_r+0x134>
10007dbc:	4653      	mov	r3, sl
10007dbe:	0020      	movs	r0, r4
10007dc0:	439a      	bics	r2, r3
10007dc2:	1993      	adds	r3, r2, r6
10007dc4:	3010      	adds	r0, #16
10007dc6:	469c      	mov	ip, r3
10007dc8:	4283      	cmp	r3, r0
10007dca:	da7a      	bge.n	10007ec2 <_realloc_r+0x28e>
10007dcc:	07c9      	lsls	r1, r1, #31
10007dce:	d500      	bpl.n	10007dd2 <_realloc_r+0x19e>
10007dd0:	e77e      	b.n	10007cd0 <_realloc_r+0x9c>
10007dd2:	6839      	ldr	r1, [r7, #0]
10007dd4:	1a7b      	subs	r3, r7, r1
10007dd6:	6859      	ldr	r1, [r3, #4]
10007dd8:	9300      	str	r3, [sp, #0]
10007dda:	4653      	mov	r3, sl
10007ddc:	4399      	bics	r1, r3
10007dde:	1852      	adds	r2, r2, r1
10007de0:	1993      	adds	r3, r2, r6
10007de2:	469a      	mov	sl, r3
10007de4:	4298      	cmp	r0, r3
10007de6:	dd00      	ble.n	10007dea <_realloc_r+0x1b6>
10007de8:	e76d      	b.n	10007cc6 <_realloc_r+0x92>
10007dea:	9900      	ldr	r1, [sp, #0]
10007dec:	68cb      	ldr	r3, [r1, #12]
10007dee:	688a      	ldr	r2, [r1, #8]
10007df0:	60d3      	str	r3, [r2, #12]
10007df2:	609a      	str	r2, [r3, #8]
10007df4:	000b      	movs	r3, r1
10007df6:	1f32      	subs	r2, r6, #4
10007df8:	3308      	adds	r3, #8
10007dfa:	4699      	mov	r9, r3
10007dfc:	2a24      	cmp	r2, #36	@ 0x24
10007dfe:	d900      	bls.n	10007e02 <_realloc_r+0x1ce>
10007e00:	e090      	b.n	10007f24 <_realloc_r+0x2f0>
10007e02:	2a13      	cmp	r2, #19
10007e04:	d909      	bls.n	10007e1a <_realloc_r+0x1e6>
10007e06:	682b      	ldr	r3, [r5, #0]
10007e08:	608b      	str	r3, [r1, #8]
10007e0a:	686b      	ldr	r3, [r5, #4]
10007e0c:	60cb      	str	r3, [r1, #12]
10007e0e:	2a1b      	cmp	r2, #27
10007e10:	d900      	bls.n	10007e14 <_realloc_r+0x1e0>
10007e12:	e08c      	b.n	10007f2e <_realloc_r+0x2fa>
10007e14:	3110      	adds	r1, #16
10007e16:	000b      	movs	r3, r1
10007e18:	3508      	adds	r5, #8
10007e1a:	682a      	ldr	r2, [r5, #0]
10007e1c:	601a      	str	r2, [r3, #0]
10007e1e:	686a      	ldr	r2, [r5, #4]
10007e20:	605a      	str	r2, [r3, #4]
10007e22:	68aa      	ldr	r2, [r5, #8]
10007e24:	609a      	str	r2, [r3, #8]
10007e26:	9800      	ldr	r0, [sp, #0]
10007e28:	9b01      	ldr	r3, [sp, #4]
10007e2a:	1901      	adds	r1, r0, r4
10007e2c:	6099      	str	r1, [r3, #8]
10007e2e:	4653      	mov	r3, sl
10007e30:	2201      	movs	r2, #1
10007e32:	1b1b      	subs	r3, r3, r4
10007e34:	4313      	orrs	r3, r2
10007e36:	604b      	str	r3, [r1, #4]
10007e38:	6843      	ldr	r3, [r0, #4]
10007e3a:	4013      	ands	r3, r2
10007e3c:	4323      	orrs	r3, r4
10007e3e:	6043      	str	r3, [r0, #4]
10007e40:	4640      	mov	r0, r8
10007e42:	f7ff feef 	bl	10007c24 <__malloc_unlock>
10007e46:	e793      	b.n	10007d70 <_realloc_r+0x13c>
10007e48:	68c3      	ldr	r3, [r0, #12]
10007e4a:	6882      	ldr	r2, [r0, #8]
10007e4c:	60d3      	str	r3, [r2, #12]
10007e4e:	609a      	str	r2, [r3, #8]
10007e50:	9900      	ldr	r1, [sp, #0]
10007e52:	000f      	movs	r7, r1
10007e54:	688a      	ldr	r2, [r1, #8]
10007e56:	68cb      	ldr	r3, [r1, #12]
10007e58:	3708      	adds	r7, #8
10007e5a:	60d3      	str	r3, [r2, #12]
10007e5c:	609a      	str	r2, [r3, #8]
10007e5e:	1f32      	subs	r2, r6, #4
10007e60:	2a24      	cmp	r2, #36	@ 0x24
10007e62:	d815      	bhi.n	10007e90 <_realloc_r+0x25c>
10007e64:	003b      	movs	r3, r7
10007e66:	2a13      	cmp	r2, #19
10007e68:	d908      	bls.n	10007e7c <_realloc_r+0x248>
10007e6a:	682b      	ldr	r3, [r5, #0]
10007e6c:	608b      	str	r3, [r1, #8]
10007e6e:	686b      	ldr	r3, [r5, #4]
10007e70:	60cb      	str	r3, [r1, #12]
10007e72:	2a1b      	cmp	r2, #27
10007e74:	d836      	bhi.n	10007ee4 <_realloc_r+0x2b0>
10007e76:	3110      	adds	r1, #16
10007e78:	000b      	movs	r3, r1
10007e7a:	3508      	adds	r5, #8
10007e7c:	682a      	ldr	r2, [r5, #0]
10007e7e:	601a      	str	r2, [r3, #0]
10007e80:	686a      	ldr	r2, [r5, #4]
10007e82:	605a      	str	r2, [r3, #4]
10007e84:	68aa      	ldr	r2, [r5, #8]
10007e86:	609a      	str	r2, [r3, #8]
10007e88:	003d      	movs	r5, r7
10007e8a:	4656      	mov	r6, sl
10007e8c:	9f00      	ldr	r7, [sp, #0]
10007e8e:	e75f      	b.n	10007d50 <_realloc_r+0x11c>
10007e90:	0029      	movs	r1, r5
10007e92:	0038      	movs	r0, r7
10007e94:	f001 f88c 	bl	10008fb0 <__memmove_veneer>
10007e98:	e7f6      	b.n	10007e88 <_realloc_r+0x254>
10007e9a:	2203      	movs	r2, #3
10007e9c:	685b      	ldr	r3, [r3, #4]
10007e9e:	4393      	bics	r3, r2
10007ea0:	18f6      	adds	r6, r6, r3
10007ea2:	e755      	b.n	10007d50 <_realloc_r+0x11c>
10007ea4:	0032      	movs	r2, r6
10007ea6:	0029      	movs	r1, r5
10007ea8:	f001 f882 	bl	10008fb0 <__memmove_veneer>
10007eac:	e73a      	b.n	10007d24 <_realloc_r+0xf0>
10007eae:	68ab      	ldr	r3, [r5, #8]
10007eb0:	6083      	str	r3, [r0, #8]
10007eb2:	68eb      	ldr	r3, [r5, #12]
10007eb4:	60c3      	str	r3, [r0, #12]
10007eb6:	2e24      	cmp	r6, #36	@ 0x24
10007eb8:	d023      	beq.n	10007f02 <_realloc_r+0x2ce>
10007eba:	0003      	movs	r3, r0
10007ebc:	3210      	adds	r2, #16
10007ebe:	3310      	adds	r3, #16
10007ec0:	e72a      	b.n	10007d18 <_realloc_r+0xe4>
10007ec2:	9b01      	ldr	r3, [sp, #4]
10007ec4:	1939      	adds	r1, r7, r4
10007ec6:	6099      	str	r1, [r3, #8]
10007ec8:	4663      	mov	r3, ip
10007eca:	2201      	movs	r2, #1
10007ecc:	1b1b      	subs	r3, r3, r4
10007ece:	4313      	orrs	r3, r2
10007ed0:	604b      	str	r3, [r1, #4]
10007ed2:	687b      	ldr	r3, [r7, #4]
10007ed4:	4640      	mov	r0, r8
10007ed6:	4013      	ands	r3, r2
10007ed8:	4323      	orrs	r3, r4
10007eda:	607b      	str	r3, [r7, #4]
10007edc:	f7ff fea2 	bl	10007c24 <__malloc_unlock>
10007ee0:	46a9      	mov	r9, r5
10007ee2:	e745      	b.n	10007d70 <_realloc_r+0x13c>
10007ee4:	68ab      	ldr	r3, [r5, #8]
10007ee6:	9900      	ldr	r1, [sp, #0]
10007ee8:	610b      	str	r3, [r1, #16]
10007eea:	68eb      	ldr	r3, [r5, #12]
10007eec:	614b      	str	r3, [r1, #20]
10007eee:	2a24      	cmp	r2, #36	@ 0x24
10007ef0:	d00f      	beq.n	10007f12 <_realloc_r+0x2de>
10007ef2:	000b      	movs	r3, r1
10007ef4:	3510      	adds	r5, #16
10007ef6:	3318      	adds	r3, #24
10007ef8:	e7c0      	b.n	10007e7c <_realloc_r+0x248>
10007efa:	4640      	mov	r0, r8
10007efc:	f7ff fe92 	bl	10007c24 <__malloc_unlock>
10007f00:	e71e      	b.n	10007d40 <_realloc_r+0x10c>
10007f02:	692b      	ldr	r3, [r5, #16]
10007f04:	3218      	adds	r2, #24
10007f06:	6103      	str	r3, [r0, #16]
10007f08:	0003      	movs	r3, r0
10007f0a:	6969      	ldr	r1, [r5, #20]
10007f0c:	3318      	adds	r3, #24
10007f0e:	6141      	str	r1, [r0, #20]
10007f10:	e702      	b.n	10007d18 <_realloc_r+0xe4>
10007f12:	692b      	ldr	r3, [r5, #16]
10007f14:	9900      	ldr	r1, [sp, #0]
10007f16:	618b      	str	r3, [r1, #24]
10007f18:	000b      	movs	r3, r1
10007f1a:	696a      	ldr	r2, [r5, #20]
10007f1c:	3320      	adds	r3, #32
10007f1e:	61ca      	str	r2, [r1, #28]
10007f20:	3518      	adds	r5, #24
10007f22:	e7ab      	b.n	10007e7c <_realloc_r+0x248>
10007f24:	0029      	movs	r1, r5
10007f26:	0018      	movs	r0, r3
10007f28:	f001 f842 	bl	10008fb0 <__memmove_veneer>
10007f2c:	e77b      	b.n	10007e26 <_realloc_r+0x1f2>
10007f2e:	68ab      	ldr	r3, [r5, #8]
10007f30:	9900      	ldr	r1, [sp, #0]
10007f32:	610b      	str	r3, [r1, #16]
10007f34:	68eb      	ldr	r3, [r5, #12]
10007f36:	614b      	str	r3, [r1, #20]
10007f38:	2a24      	cmp	r2, #36	@ 0x24
10007f3a:	d003      	beq.n	10007f44 <_realloc_r+0x310>
10007f3c:	000b      	movs	r3, r1
10007f3e:	3510      	adds	r5, #16
10007f40:	3318      	adds	r3, #24
10007f42:	e76a      	b.n	10007e1a <_realloc_r+0x1e6>
10007f44:	692b      	ldr	r3, [r5, #16]
10007f46:	9900      	ldr	r1, [sp, #0]
10007f48:	618b      	str	r3, [r1, #24]
10007f4a:	000b      	movs	r3, r1
10007f4c:	696a      	ldr	r2, [r5, #20]
10007f4e:	3320      	adds	r3, #32
10007f50:	61ca      	str	r2, [r1, #28]
10007f52:	3518      	adds	r5, #24
10007f54:	e761      	b.n	10007e1a <_realloc_r+0x1e6>
10007f56:	46c0      	nop			@ (mov r8, r8)
10007f58:	200011b8 	.word	0x200011b8

10007f5c <__sflush_r>:
10007f5c:	b5f0      	push	{r4, r5, r6, r7, lr}
10007f5e:	46c6      	mov	lr, r8
10007f60:	b500      	push	{lr}
10007f62:	220c      	movs	r2, #12
10007f64:	5e8b      	ldrsh	r3, [r1, r2]
10007f66:	4680      	mov	r8, r0
10007f68:	000c      	movs	r4, r1
10007f6a:	071a      	lsls	r2, r3, #28
10007f6c:	d454      	bmi.n	10008018 <__sflush_r+0xbc>
10007f6e:	2180      	movs	r1, #128	@ 0x80
10007f70:	6862      	ldr	r2, [r4, #4]
10007f72:	0109      	lsls	r1, r1, #4
10007f74:	4319      	orrs	r1, r3
10007f76:	81a1      	strh	r1, [r4, #12]
10007f78:	2a00      	cmp	r2, #0
10007f7a:	dc00      	bgt.n	10007f7e <__sflush_r+0x22>
10007f7c:	e06d      	b.n	1000805a <__sflush_r+0xfe>
10007f7e:	6aa5      	ldr	r5, [r4, #40]	@ 0x28
10007f80:	2d00      	cmp	r5, #0
10007f82:	d045      	beq.n	10008010 <__sflush_r+0xb4>
10007f84:	4642      	mov	r2, r8
10007f86:	4640      	mov	r0, r8
10007f88:	6816      	ldr	r6, [r2, #0]
10007f8a:	2200      	movs	r2, #0
10007f8c:	6002      	str	r2, [r0, #0]
10007f8e:	04db      	lsls	r3, r3, #19
10007f90:	d468      	bmi.n	10008064 <__sflush_r+0x108>
10007f92:	2200      	movs	r2, #0
10007f94:	2301      	movs	r3, #1
10007f96:	69e1      	ldr	r1, [r4, #28]
10007f98:	47a8      	blx	r5
10007f9a:	0002      	movs	r2, r0
10007f9c:	1c43      	adds	r3, r0, #1
10007f9e:	d100      	bne.n	10007fa2 <__sflush_r+0x46>
10007fa0:	e06d      	b.n	1000807e <__sflush_r+0x122>
10007fa2:	230c      	movs	r3, #12
10007fa4:	5ee1      	ldrsh	r1, [r4, r3]
10007fa6:	6aa5      	ldr	r5, [r4, #40]	@ 0x28
10007fa8:	0749      	lsls	r1, r1, #29
10007faa:	d506      	bpl.n	10007fba <__sflush_r+0x5e>
10007fac:	6863      	ldr	r3, [r4, #4]
10007fae:	1ad2      	subs	r2, r2, r3
10007fb0:	6b23      	ldr	r3, [r4, #48]	@ 0x30
10007fb2:	2b00      	cmp	r3, #0
10007fb4:	d001      	beq.n	10007fba <__sflush_r+0x5e>
10007fb6:	6be3      	ldr	r3, [r4, #60]	@ 0x3c
10007fb8:	1ad2      	subs	r2, r2, r3
10007fba:	2300      	movs	r3, #0
10007fbc:	69e1      	ldr	r1, [r4, #28]
10007fbe:	4640      	mov	r0, r8
10007fc0:	47a8      	blx	r5
10007fc2:	230c      	movs	r3, #12
10007fc4:	5ee1      	ldrsh	r1, [r4, r3]
10007fc6:	1c43      	adds	r3, r0, #1
10007fc8:	d14e      	bne.n	10008068 <__sflush_r+0x10c>
10007fca:	4643      	mov	r3, r8
10007fcc:	681a      	ldr	r2, [r3, #0]
10007fce:	2a1d      	cmp	r2, #29
10007fd0:	d861      	bhi.n	10008096 <__sflush_r+0x13a>
10007fd2:	4b32      	ldr	r3, [pc, #200]	@ (1000809c <__sflush_r+0x140>)
10007fd4:	40d3      	lsrs	r3, r2
10007fd6:	07db      	lsls	r3, r3, #31
10007fd8:	d55d      	bpl.n	10008096 <__sflush_r+0x13a>
10007fda:	4b31      	ldr	r3, [pc, #196]	@ (100080a0 <__sflush_r+0x144>)
10007fdc:	400b      	ands	r3, r1
10007fde:	81a3      	strh	r3, [r4, #12]
10007fe0:	2300      	movs	r3, #0
10007fe2:	6063      	str	r3, [r4, #4]
10007fe4:	6923      	ldr	r3, [r4, #16]
10007fe6:	6023      	str	r3, [r4, #0]
10007fe8:	04c9      	lsls	r1, r1, #19
10007fea:	d503      	bpl.n	10007ff4 <__sflush_r+0x98>
10007fec:	4643      	mov	r3, r8
10007fee:	681b      	ldr	r3, [r3, #0]
10007ff0:	2b00      	cmp	r3, #0
10007ff2:	d042      	beq.n	1000807a <__sflush_r+0x11e>
10007ff4:	4643      	mov	r3, r8
10007ff6:	6b21      	ldr	r1, [r4, #48]	@ 0x30
10007ff8:	601e      	str	r6, [r3, #0]
10007ffa:	2900      	cmp	r1, #0
10007ffc:	d008      	beq.n	10008010 <__sflush_r+0xb4>
10007ffe:	0023      	movs	r3, r4
10008000:	3340      	adds	r3, #64	@ 0x40
10008002:	4299      	cmp	r1, r3
10008004:	d002      	beq.n	1000800c <__sflush_r+0xb0>
10008006:	4640      	mov	r0, r8
10008008:	f000 fb98 	bl	1000873c <_free_r>
1000800c:	2300      	movs	r3, #0
1000800e:	6323      	str	r3, [r4, #48]	@ 0x30
10008010:	2000      	movs	r0, #0
10008012:	bc80      	pop	{r7}
10008014:	46b8      	mov	r8, r7
10008016:	bdf0      	pop	{r4, r5, r6, r7, pc}
10008018:	690e      	ldr	r6, [r1, #16]
1000801a:	2e00      	cmp	r6, #0
1000801c:	d0f8      	beq.n	10008010 <__sflush_r+0xb4>
1000801e:	680d      	ldr	r5, [r1, #0]
10008020:	2200      	movs	r2, #0
10008022:	1bad      	subs	r5, r5, r6
10008024:	600e      	str	r6, [r1, #0]
10008026:	079b      	lsls	r3, r3, #30
10008028:	d100      	bne.n	1000802c <__sflush_r+0xd0>
1000802a:	694a      	ldr	r2, [r1, #20]
1000802c:	60a2      	str	r2, [r4, #8]
1000802e:	2d00      	cmp	r5, #0
10008030:	dc04      	bgt.n	1000803c <__sflush_r+0xe0>
10008032:	e7ed      	b.n	10008010 <__sflush_r+0xb4>
10008034:	1836      	adds	r6, r6, r0
10008036:	1a2d      	subs	r5, r5, r0
10008038:	2d00      	cmp	r5, #0
1000803a:	dde9      	ble.n	10008010 <__sflush_r+0xb4>
1000803c:	002b      	movs	r3, r5
1000803e:	0032      	movs	r2, r6
10008040:	4640      	mov	r0, r8
10008042:	69e1      	ldr	r1, [r4, #28]
10008044:	6a67      	ldr	r7, [r4, #36]	@ 0x24
10008046:	47b8      	blx	r7
10008048:	2800      	cmp	r0, #0
1000804a:	dcf3      	bgt.n	10008034 <__sflush_r+0xd8>
1000804c:	2240      	movs	r2, #64	@ 0x40
1000804e:	89a3      	ldrh	r3, [r4, #12]
10008050:	4313      	orrs	r3, r2
10008052:	2001      	movs	r0, #1
10008054:	81a3      	strh	r3, [r4, #12]
10008056:	4240      	negs	r0, r0
10008058:	e7db      	b.n	10008012 <__sflush_r+0xb6>
1000805a:	6be2      	ldr	r2, [r4, #60]	@ 0x3c
1000805c:	2a00      	cmp	r2, #0
1000805e:	dd00      	ble.n	10008062 <__sflush_r+0x106>
10008060:	e78d      	b.n	10007f7e <__sflush_r+0x22>
10008062:	e7d5      	b.n	10008010 <__sflush_r+0xb4>
10008064:	6d22      	ldr	r2, [r4, #80]	@ 0x50
10008066:	e79f      	b.n	10007fa8 <__sflush_r+0x4c>
10008068:	4b0d      	ldr	r3, [pc, #52]	@ (100080a0 <__sflush_r+0x144>)
1000806a:	400b      	ands	r3, r1
1000806c:	81a3      	strh	r3, [r4, #12]
1000806e:	2300      	movs	r3, #0
10008070:	6063      	str	r3, [r4, #4]
10008072:	6923      	ldr	r3, [r4, #16]
10008074:	6023      	str	r3, [r4, #0]
10008076:	04c9      	lsls	r1, r1, #19
10008078:	d5bc      	bpl.n	10007ff4 <__sflush_r+0x98>
1000807a:	6520      	str	r0, [r4, #80]	@ 0x50
1000807c:	e7ba      	b.n	10007ff4 <__sflush_r+0x98>
1000807e:	4643      	mov	r3, r8
10008080:	681b      	ldr	r3, [r3, #0]
10008082:	2b00      	cmp	r3, #0
10008084:	d100      	bne.n	10008088 <__sflush_r+0x12c>
10008086:	e78c      	b.n	10007fa2 <__sflush_r+0x46>
10008088:	2b1d      	cmp	r3, #29
1000808a:	d001      	beq.n	10008090 <__sflush_r+0x134>
1000808c:	2b16      	cmp	r3, #22
1000808e:	d1dd      	bne.n	1000804c <__sflush_r+0xf0>
10008090:	4643      	mov	r3, r8
10008092:	601e      	str	r6, [r3, #0]
10008094:	e7bc      	b.n	10008010 <__sflush_r+0xb4>
10008096:	2340      	movs	r3, #64	@ 0x40
10008098:	430b      	orrs	r3, r1
1000809a:	e7da      	b.n	10008052 <__sflush_r+0xf6>
1000809c:	20400001 	.word	0x20400001
100080a0:	fffff7ff 	.word	0xfffff7ff

100080a4 <_fflush_r>:
100080a4:	b570      	push	{r4, r5, r6, lr}
100080a6:	0005      	movs	r5, r0
100080a8:	000c      	movs	r4, r1
100080aa:	2800      	cmp	r0, #0
100080ac:	d002      	beq.n	100080b4 <_fflush_r+0x10>
100080ae:	6b43      	ldr	r3, [r0, #52]	@ 0x34
100080b0:	2b00      	cmp	r3, #0
100080b2:	d027      	beq.n	10008104 <_fflush_r+0x60>
100080b4:	220c      	movs	r2, #12
100080b6:	5ea3      	ldrsh	r3, [r4, r2]
100080b8:	2b00      	cmp	r3, #0
100080ba:	d011      	beq.n	100080e0 <_fflush_r+0x3c>
100080bc:	6e62      	ldr	r2, [r4, #100]	@ 0x64
100080be:	07d2      	lsls	r2, r2, #31
100080c0:	d401      	bmi.n	100080c6 <_fflush_r+0x22>
100080c2:	059b      	lsls	r3, r3, #22
100080c4:	d50e      	bpl.n	100080e4 <_fflush_r+0x40>
100080c6:	0028      	movs	r0, r5
100080c8:	0021      	movs	r1, r4
100080ca:	f7ff ff47 	bl	10007f5c <__sflush_r>
100080ce:	6e63      	ldr	r3, [r4, #100]	@ 0x64
100080d0:	0005      	movs	r5, r0
100080d2:	07db      	lsls	r3, r3, #31
100080d4:	d402      	bmi.n	100080dc <_fflush_r+0x38>
100080d6:	89a3      	ldrh	r3, [r4, #12]
100080d8:	059b      	lsls	r3, r3, #22
100080da:	d50f      	bpl.n	100080fc <_fflush_r+0x58>
100080dc:	0028      	movs	r0, r5
100080de:	bd70      	pop	{r4, r5, r6, pc}
100080e0:	2500      	movs	r5, #0
100080e2:	e7fb      	b.n	100080dc <_fflush_r+0x38>
100080e4:	6da0      	ldr	r0, [r4, #88]	@ 0x58
100080e6:	f000 fa8f 	bl	10008608 <__retarget_lock_acquire_recursive>
100080ea:	0028      	movs	r0, r5
100080ec:	0021      	movs	r1, r4
100080ee:	f7ff ff35 	bl	10007f5c <__sflush_r>
100080f2:	6e63      	ldr	r3, [r4, #100]	@ 0x64
100080f4:	0005      	movs	r5, r0
100080f6:	07db      	lsls	r3, r3, #31
100080f8:	d4f0      	bmi.n	100080dc <_fflush_r+0x38>
100080fa:	e7ec      	b.n	100080d6 <_fflush_r+0x32>
100080fc:	6da0      	ldr	r0, [r4, #88]	@ 0x58
100080fe:	f000 fa85 	bl	1000860c <__retarget_lock_release_recursive>
10008102:	e7eb      	b.n	100080dc <_fflush_r+0x38>
10008104:	f000 f8f4 	bl	100082f0 <__sinit>
10008108:	e7d4      	b.n	100080b4 <_fflush_r+0x10>
1000810a:	46c0      	nop			@ (mov r8, r8)

1000810c <fflush>:
1000810c:	b570      	push	{r4, r5, r6, lr}
1000810e:	1e04      	subs	r4, r0, #0
10008110:	d02a      	beq.n	10008168 <fflush+0x5c>
10008112:	4b19      	ldr	r3, [pc, #100]	@ (10008178 <fflush+0x6c>)
10008114:	681d      	ldr	r5, [r3, #0]
10008116:	2d00      	cmp	r5, #0
10008118:	d002      	beq.n	10008120 <fflush+0x14>
1000811a:	6b6b      	ldr	r3, [r5, #52]	@ 0x34
1000811c:	2b00      	cmp	r3, #0
1000811e:	d017      	beq.n	10008150 <fflush+0x44>
10008120:	220c      	movs	r2, #12
10008122:	5ea3      	ldrsh	r3, [r4, r2]
10008124:	2b00      	cmp	r3, #0
10008126:	d011      	beq.n	1000814c <fflush+0x40>
10008128:	6e62      	ldr	r2, [r4, #100]	@ 0x64
1000812a:	07d2      	lsls	r2, r2, #31
1000812c:	d401      	bmi.n	10008132 <fflush+0x26>
1000812e:	059b      	lsls	r3, r3, #22
10008130:	d512      	bpl.n	10008158 <fflush+0x4c>
10008132:	0028      	movs	r0, r5
10008134:	0021      	movs	r1, r4
10008136:	f7ff ff11 	bl	10007f5c <__sflush_r>
1000813a:	6e63      	ldr	r3, [r4, #100]	@ 0x64
1000813c:	0005      	movs	r5, r0
1000813e:	07db      	lsls	r3, r3, #31
10008140:	d402      	bmi.n	10008148 <fflush+0x3c>
10008142:	89a3      	ldrh	r3, [r4, #12]
10008144:	059b      	lsls	r3, r3, #22
10008146:	d50b      	bpl.n	10008160 <fflush+0x54>
10008148:	0028      	movs	r0, r5
1000814a:	bd70      	pop	{r4, r5, r6, pc}
1000814c:	2500      	movs	r5, #0
1000814e:	e7fb      	b.n	10008148 <fflush+0x3c>
10008150:	0028      	movs	r0, r5
10008152:	f000 f8cd 	bl	100082f0 <__sinit>
10008156:	e7e3      	b.n	10008120 <fflush+0x14>
10008158:	6da0      	ldr	r0, [r4, #88]	@ 0x58
1000815a:	f000 fa55 	bl	10008608 <__retarget_lock_acquire_recursive>
1000815e:	e7e8      	b.n	10008132 <fflush+0x26>
10008160:	6da0      	ldr	r0, [r4, #88]	@ 0x58
10008162:	f000 fa53 	bl	1000860c <__retarget_lock_release_recursive>
10008166:	e7ef      	b.n	10008148 <fflush+0x3c>
10008168:	4a04      	ldr	r2, [pc, #16]	@ (1000817c <fflush+0x70>)
1000816a:	4905      	ldr	r1, [pc, #20]	@ (10008180 <fflush+0x74>)
1000816c:	4805      	ldr	r0, [pc, #20]	@ (10008184 <fflush+0x78>)
1000816e:	f000 f8eb 	bl	10008348 <_fwalk_sglue>
10008172:	0005      	movs	r5, r0
10008174:	e7e8      	b.n	10008148 <fflush+0x3c>
10008176:	46c0      	nop			@ (mov r8, r8)
10008178:	200015cc 	.word	0x200015cc
1000817c:	200015c0 	.word	0x200015c0
10008180:	100080a5 	.word	0x100080a5
10008184:	200015d0 	.word	0x200015d0

10008188 <stdio_exit_handler>:
10008188:	b510      	push	{r4, lr}
1000818a:	4a03      	ldr	r2, [pc, #12]	@ (10008198 <stdio_exit_handler+0x10>)
1000818c:	4903      	ldr	r1, [pc, #12]	@ (1000819c <stdio_exit_handler+0x14>)
1000818e:	4804      	ldr	r0, [pc, #16]	@ (100081a0 <stdio_exit_handler+0x18>)
10008190:	f000 f8da 	bl	10008348 <_fwalk_sglue>
10008194:	bd10      	pop	{r4, pc}
10008196:	46c0      	nop			@ (mov r8, r8)
10008198:	200015c0 	.word	0x200015c0
1000819c:	10008911 	.word	0x10008911
100081a0:	200015d0 	.word	0x200015d0

100081a4 <cleanup_stdio>:
100081a4:	6841      	ldr	r1, [r0, #4]
100081a6:	4b0b      	ldr	r3, [pc, #44]	@ (100081d4 <cleanup_stdio+0x30>)
100081a8:	b510      	push	{r4, lr}
100081aa:	0004      	movs	r4, r0
100081ac:	4299      	cmp	r1, r3
100081ae:	d001      	beq.n	100081b4 <cleanup_stdio+0x10>
100081b0:	f000 fbae 	bl	10008910 <_fclose_r>
100081b4:	68a1      	ldr	r1, [r4, #8]
100081b6:	4b08      	ldr	r3, [pc, #32]	@ (100081d8 <cleanup_stdio+0x34>)
100081b8:	4299      	cmp	r1, r3
100081ba:	d002      	beq.n	100081c2 <cleanup_stdio+0x1e>
100081bc:	0020      	movs	r0, r4
100081be:	f000 fba7 	bl	10008910 <_fclose_r>
100081c2:	68e1      	ldr	r1, [r4, #12]
100081c4:	4b05      	ldr	r3, [pc, #20]	@ (100081dc <cleanup_stdio+0x38>)
100081c6:	4299      	cmp	r1, r3
100081c8:	d002      	beq.n	100081d0 <cleanup_stdio+0x2c>
100081ca:	0020      	movs	r0, r4
100081cc:	f000 fba0 	bl	10008910 <_fclose_r>
100081d0:	bd10      	pop	{r4, pc}
100081d2:	46c0      	nop			@ (mov r8, r8)
100081d4:	2001248c 	.word	0x2001248c
100081d8:	200124f4 	.word	0x200124f4
100081dc:	2001255c 	.word	0x2001255c

100081e0 <global_stdio_init.part.0>:
100081e0:	b5f0      	push	{r4, r5, r6, r7, lr}
100081e2:	4c3a      	ldr	r4, [pc, #232]	@ (100082cc <global_stdio_init.part.0+0xec>)
100081e4:	4b3a      	ldr	r3, [pc, #232]	@ (100082d0 <global_stdio_init.part.0+0xf0>)
100081e6:	4a3b      	ldr	r2, [pc, #236]	@ (100082d4 <global_stdio_init.part.0+0xf4>)
100081e8:	0020      	movs	r0, r4
100081ea:	b083      	sub	sp, #12
100081ec:	2500      	movs	r5, #0
100081ee:	601a      	str	r2, [r3, #0]
100081f0:	2304      	movs	r3, #4
100081f2:	2208      	movs	r2, #8
100081f4:	2100      	movs	r1, #0
100081f6:	305c      	adds	r0, #92	@ 0x5c
100081f8:	60e3      	str	r3, [r4, #12]
100081fa:	6025      	str	r5, [r4, #0]
100081fc:	6065      	str	r5, [r4, #4]
100081fe:	60a5      	str	r5, [r4, #8]
10008200:	6665      	str	r5, [r4, #100]	@ 0x64
10008202:	6125      	str	r5, [r4, #16]
10008204:	6165      	str	r5, [r4, #20]
10008206:	61a5      	str	r5, [r4, #24]
10008208:	f7fb f83e 	bl	10003288 <__wrap_memset>
1000820c:	0020      	movs	r0, r4
1000820e:	4f32      	ldr	r7, [pc, #200]	@ (100082d8 <global_stdio_init.part.0+0xf8>)
10008210:	4e32      	ldr	r6, [pc, #200]	@ (100082dc <global_stdio_init.part.0+0xfc>)
10008212:	4b33      	ldr	r3, [pc, #204]	@ (100082e0 <global_stdio_init.part.0+0x100>)
10008214:	4933      	ldr	r1, [pc, #204]	@ (100082e4 <global_stdio_init.part.0+0x104>)
10008216:	3058      	adds	r0, #88	@ 0x58
10008218:	9300      	str	r3, [sp, #0]
1000821a:	6223      	str	r3, [r4, #32]
1000821c:	9101      	str	r1, [sp, #4]
1000821e:	6261      	str	r1, [r4, #36]	@ 0x24
10008220:	61e4      	str	r4, [r4, #28]
10008222:	62a7      	str	r7, [r4, #40]	@ 0x28
10008224:	62e6      	str	r6, [r4, #44]	@ 0x2c
10008226:	f000 f9eb 	bl	10008600 <__retarget_lock_init_recursive>
1000822a:	23cc      	movs	r3, #204	@ 0xcc
1000822c:	50e5      	str	r5, [r4, r3]
1000822e:	4b2e      	ldr	r3, [pc, #184]	@ (100082e8 <global_stdio_init.part.0+0x108>)
10008230:	0020      	movs	r0, r4
10008232:	6763      	str	r3, [r4, #116]	@ 0x74
10008234:	2380      	movs	r3, #128	@ 0x80
10008236:	2208      	movs	r2, #8
10008238:	2100      	movs	r1, #0
1000823a:	30c4      	adds	r0, #196	@ 0xc4
1000823c:	50e5      	str	r5, [r4, r3]
1000823e:	66a5      	str	r5, [r4, #104]	@ 0x68
10008240:	66e5      	str	r5, [r4, #108]	@ 0x6c
10008242:	6725      	str	r5, [r4, #112]	@ 0x70
10008244:	67a5      	str	r5, [r4, #120]	@ 0x78
10008246:	67e5      	str	r5, [r4, #124]	@ 0x7c
10008248:	f7fb f81e 	bl	10003288 <__wrap_memset>
1000824c:	0022      	movs	r2, r4
1000824e:	2384      	movs	r3, #132	@ 0x84
10008250:	0020      	movs	r0, r4
10008252:	3268      	adds	r2, #104	@ 0x68
10008254:	50e2      	str	r2, [r4, r3]
10008256:	9a00      	ldr	r2, [sp, #0]
10008258:	9901      	ldr	r1, [sp, #4]
1000825a:	3304      	adds	r3, #4
1000825c:	50e2      	str	r2, [r4, r3]
1000825e:	3304      	adds	r3, #4
10008260:	50e1      	str	r1, [r4, r3]
10008262:	3304      	adds	r3, #4
10008264:	50e7      	str	r7, [r4, r3]
10008266:	30c0      	adds	r0, #192	@ 0xc0
10008268:	3304      	adds	r3, #4
1000826a:	50e6      	str	r6, [r4, r3]
1000826c:	f000 f9c8 	bl	10008600 <__retarget_lock_init_recursive>
10008270:	23d0      	movs	r3, #208	@ 0xd0
10008272:	0020      	movs	r0, r4
10008274:	50e5      	str	r5, [r4, r3]
10008276:	3304      	adds	r3, #4
10008278:	50e5      	str	r5, [r4, r3]
1000827a:	3304      	adds	r3, #4
1000827c:	50e5      	str	r5, [r4, r3]
1000827e:	4a1b      	ldr	r2, [pc, #108]	@ (100082ec <global_stdio_init.part.0+0x10c>)
10008280:	335c      	adds	r3, #92	@ 0x5c
10008282:	50e5      	str	r5, [r4, r3]
10008284:	3b58      	subs	r3, #88	@ 0x58
10008286:	50e2      	str	r2, [r4, r3]
10008288:	3304      	adds	r3, #4
1000828a:	50e5      	str	r5, [r4, r3]
1000828c:	302d      	adds	r0, #45	@ 0x2d
1000828e:	3304      	adds	r3, #4
10008290:	50e5      	str	r5, [r4, r3]
10008292:	2208      	movs	r2, #8
10008294:	3304      	adds	r3, #4
10008296:	2100      	movs	r1, #0
10008298:	30ff      	adds	r0, #255	@ 0xff
1000829a:	50e5      	str	r5, [r4, r3]
1000829c:	f7fa fff4 	bl	10003288 <__wrap_memset>
100082a0:	0020      	movs	r0, r4
100082a2:	23ec      	movs	r3, #236	@ 0xec
100082a4:	30d0      	adds	r0, #208	@ 0xd0
100082a6:	50e0      	str	r0, [r4, r3]
100082a8:	0020      	movs	r0, r4
100082aa:	9a00      	ldr	r2, [sp, #0]
100082ac:	9901      	ldr	r1, [sp, #4]
100082ae:	3304      	adds	r3, #4
100082b0:	50e2      	str	r2, [r4, r3]
100082b2:	3304      	adds	r3, #4
100082b4:	50e1      	str	r1, [r4, r3]
100082b6:	3029      	adds	r0, #41	@ 0x29
100082b8:	3304      	adds	r3, #4
100082ba:	50e7      	str	r7, [r4, r3]
100082bc:	30ff      	adds	r0, #255	@ 0xff
100082be:	3304      	adds	r3, #4
100082c0:	50e6      	str	r6, [r4, r3]
100082c2:	f000 f99d 	bl	10008600 <__retarget_lock_init_recursive>
100082c6:	b003      	add	sp, #12
100082c8:	bdf0      	pop	{r4, r5, r6, r7, pc}
100082ca:	46c0      	nop			@ (mov r8, r8)
100082cc:	2001248c 	.word	0x2001248c
100082d0:	200125c4 	.word	0x200125c4
100082d4:	10008189 	.word	0x10008189
100082d8:	100084fd 	.word	0x100084fd
100082dc:	10008529 	.word	0x10008529
100082e0:	10008495 	.word	0x10008495
100082e4:	100084bd 	.word	0x100084bd
100082e8:	00010009 	.word	0x00010009
100082ec:	00020012 	.word	0x00020012

100082f0 <__sinit>:
100082f0:	b570      	push	{r4, r5, r6, lr}
100082f2:	0005      	movs	r5, r0
100082f4:	4c09      	ldr	r4, [pc, #36]	@ (1000831c <__sinit+0x2c>)
100082f6:	0020      	movs	r0, r4
100082f8:	f000 f986 	bl	10008608 <__retarget_lock_acquire_recursive>
100082fc:	6b6b      	ldr	r3, [r5, #52]	@ 0x34
100082fe:	2b00      	cmp	r3, #0
10008300:	d105      	bne.n	1000830e <__sinit+0x1e>
10008302:	4b07      	ldr	r3, [pc, #28]	@ (10008320 <__sinit+0x30>)
10008304:	636b      	str	r3, [r5, #52]	@ 0x34
10008306:	4b07      	ldr	r3, [pc, #28]	@ (10008324 <__sinit+0x34>)
10008308:	681b      	ldr	r3, [r3, #0]
1000830a:	2b00      	cmp	r3, #0
1000830c:	d003      	beq.n	10008316 <__sinit+0x26>
1000830e:	0020      	movs	r0, r4
10008310:	f000 f97c 	bl	1000860c <__retarget_lock_release_recursive>
10008314:	bd70      	pop	{r4, r5, r6, pc}
10008316:	f7ff ff63 	bl	100081e0 <global_stdio_init.part.0>
1000831a:	e7f8      	b.n	1000830e <__sinit+0x1e>
1000831c:	20012454 	.word	0x20012454
10008320:	100081a5 	.word	0x100081a5
10008324:	200125c4 	.word	0x200125c4

10008328 <__sfp_lock_acquire>:
10008328:	b510      	push	{r4, lr}
1000832a:	4802      	ldr	r0, [pc, #8]	@ (10008334 <__sfp_lock_acquire+0xc>)
1000832c:	f000 f96c 	bl	10008608 <__retarget_lock_acquire_recursive>
10008330:	bd10      	pop	{r4, pc}
10008332:	46c0      	nop			@ (mov r8, r8)
10008334:	20012454 	.word	0x20012454

10008338 <__sfp_lock_release>:
10008338:	b510      	push	{r4, lr}
1000833a:	4802      	ldr	r0, [pc, #8]	@ (10008344 <__sfp_lock_release+0xc>)
1000833c:	f000 f966 	bl	1000860c <__retarget_lock_release_recursive>
10008340:	bd10      	pop	{r4, pc}
10008342:	46c0      	nop			@ (mov r8, r8)
10008344:	20012454 	.word	0x20012454

10008348 <_fwalk_sglue>:
10008348:	b5f8      	push	{r3, r4, r5, r6, r7, lr}
1000834a:	4647      	mov	r7, r8
1000834c:	46ce      	mov	lr, r9
1000834e:	4688      	mov	r8, r1
10008350:	b580      	push	{r7, lr}
10008352:	4681      	mov	r9, r0
10008354:	0017      	movs	r7, r2
10008356:	2600      	movs	r6, #0
10008358:	687d      	ldr	r5, [r7, #4]
1000835a:	3d01      	subs	r5, #1
1000835c:	d40e      	bmi.n	1000837c <_fwalk_sglue+0x34>
1000835e:	68bc      	ldr	r4, [r7, #8]
10008360:	89a3      	ldrh	r3, [r4, #12]
10008362:	2b01      	cmp	r3, #1
10008364:	d907      	bls.n	10008376 <_fwalk_sglue+0x2e>
10008366:	220e      	movs	r2, #14
10008368:	5ea3      	ldrsh	r3, [r4, r2]
1000836a:	3301      	adds	r3, #1
1000836c:	d003      	beq.n	10008376 <_fwalk_sglue+0x2e>
1000836e:	0021      	movs	r1, r4
10008370:	4648      	mov	r0, r9
10008372:	47c0      	blx	r8
10008374:	4306      	orrs	r6, r0
10008376:	3468      	adds	r4, #104	@ 0x68
10008378:	3d01      	subs	r5, #1
1000837a:	d2f1      	bcs.n	10008360 <_fwalk_sglue+0x18>
1000837c:	683f      	ldr	r7, [r7, #0]
1000837e:	2f00      	cmp	r7, #0
10008380:	d1ea      	bne.n	10008358 <_fwalk_sglue+0x10>
10008382:	0030      	movs	r0, r6
10008384:	bcc0      	pop	{r6, r7}
10008386:	46b9      	mov	r9, r7
10008388:	46b0      	mov	r8, r6
1000838a:	bdf8      	pop	{r3, r4, r5, r6, r7, pc}

1000838c <_fwrite_r>:
1000838c:	b5f0      	push	{r4, r5, r6, r7, lr}
1000838e:	46c6      	mov	lr, r8
10008390:	b500      	push	{lr}
10008392:	001d      	movs	r5, r3
10008394:	b086      	sub	sp, #24
10008396:	4698      	mov	r8, r3
10008398:	ab01      	add	r3, sp, #4
1000839a:	9303      	str	r3, [sp, #12]
1000839c:	2301      	movs	r3, #1
1000839e:	4355      	muls	r5, r2
100083a0:	0006      	movs	r6, r0
100083a2:	0017      	movs	r7, r2
100083a4:	9c0c      	ldr	r4, [sp, #48]	@ 0x30
100083a6:	9101      	str	r1, [sp, #4]
100083a8:	9502      	str	r5, [sp, #8]
100083aa:	9505      	str	r5, [sp, #20]
100083ac:	9304      	str	r3, [sp, #16]
100083ae:	2800      	cmp	r0, #0
100083b0:	d002      	beq.n	100083b8 <_fwrite_r+0x2c>
100083b2:	6b43      	ldr	r3, [r0, #52]	@ 0x34
100083b4:	2b00      	cmp	r3, #0
100083b6:	d052      	beq.n	1000845e <_fwrite_r+0xd2>
100083b8:	210c      	movs	r1, #12
100083ba:	5e63      	ldrsh	r3, [r4, r1]
100083bc:	2101      	movs	r1, #1
100083be:	6e62      	ldr	r2, [r4, #100]	@ 0x64
100083c0:	4211      	tst	r1, r2
100083c2:	d015      	beq.n	100083f0 <_fwrite_r+0x64>
100083c4:	0498      	lsls	r0, r3, #18
100083c6:	d432      	bmi.n	1000842e <_fwrite_r+0xa2>
100083c8:	2180      	movs	r1, #128	@ 0x80
100083ca:	0189      	lsls	r1, r1, #6
100083cc:	430b      	orrs	r3, r1
100083ce:	81a3      	strh	r3, [r4, #12]
100083d0:	4b27      	ldr	r3, [pc, #156]	@ (10008470 <_fwrite_r+0xe4>)
100083d2:	401a      	ands	r2, r3
100083d4:	6662      	str	r2, [r4, #100]	@ 0x64
100083d6:	2301      	movs	r3, #1
100083d8:	0491      	lsls	r1, r2, #18
100083da:	d510      	bpl.n	100083fe <_fwrite_r+0x72>
100083dc:	4213      	tst	r3, r2
100083de:	d102      	bne.n	100083e6 <_fwrite_r+0x5a>
100083e0:	89a3      	ldrh	r3, [r4, #12]
100083e2:	059b      	lsls	r3, r3, #22
100083e4:	d530      	bpl.n	10008448 <_fwrite_r+0xbc>
100083e6:	2000      	movs	r0, #0
100083e8:	b006      	add	sp, #24
100083ea:	bc80      	pop	{r7}
100083ec:	46b8      	mov	r8, r7
100083ee:	bdf0      	pop	{r4, r5, r6, r7, pc}
100083f0:	0598      	lsls	r0, r3, #22
100083f2:	d520      	bpl.n	10008436 <_fwrite_r+0xaa>
100083f4:	0498      	lsls	r0, r3, #18
100083f6:	d5e7      	bpl.n	100083c8 <_fwrite_r+0x3c>
100083f8:	1352      	asrs	r2, r2, #13
100083fa:	4211      	tst	r1, r2
100083fc:	d1f0      	bne.n	100083e0 <_fwrite_r+0x54>
100083fe:	aa03      	add	r2, sp, #12
10008400:	0021      	movs	r1, r4
10008402:	0030      	movs	r0, r6
10008404:	f000 faee 	bl	100089e4 <__sfvwrite_r>
10008408:	2201      	movs	r2, #1
1000840a:	6e63      	ldr	r3, [r4, #100]	@ 0x64
1000840c:	4013      	ands	r3, r2
1000840e:	2800      	cmp	r0, #0
10008410:	d01e      	beq.n	10008450 <_fwrite_r+0xc4>
10008412:	2b00      	cmp	r3, #0
10008414:	d105      	bne.n	10008422 <_fwrite_r+0x96>
10008416:	89a3      	ldrh	r3, [r4, #12]
10008418:	059b      	lsls	r3, r3, #22
1000841a:	d402      	bmi.n	10008422 <_fwrite_r+0x96>
1000841c:	6da0      	ldr	r0, [r4, #88]	@ 0x58
1000841e:	f000 f8f5 	bl	1000860c <__retarget_lock_release_recursive>
10008422:	9805      	ldr	r0, [sp, #20]
10008424:	0039      	movs	r1, r7
10008426:	1a28      	subs	r0, r5, r0
10008428:	f7fa f89e 	bl	10002568 <__wrap___aeabi_uidiv>
1000842c:	e7dc      	b.n	100083e8 <_fwrite_r+0x5c>
1000842e:	1352      	asrs	r2, r2, #13
10008430:	4211      	tst	r1, r2
10008432:	d1d8      	bne.n	100083e6 <_fwrite_r+0x5a>
10008434:	e7e3      	b.n	100083fe <_fwrite_r+0x72>
10008436:	6da0      	ldr	r0, [r4, #88]	@ 0x58
10008438:	f000 f8e6 	bl	10008608 <__retarget_lock_acquire_recursive>
1000843c:	220c      	movs	r2, #12
1000843e:	5ea3      	ldrsh	r3, [r4, r2]
10008440:	6e62      	ldr	r2, [r4, #100]	@ 0x64
10008442:	0499      	lsls	r1, r3, #18
10008444:	d4c7      	bmi.n	100083d6 <_fwrite_r+0x4a>
10008446:	e7bf      	b.n	100083c8 <_fwrite_r+0x3c>
10008448:	6da0      	ldr	r0, [r4, #88]	@ 0x58
1000844a:	f000 f8df 	bl	1000860c <__retarget_lock_release_recursive>
1000844e:	e7ca      	b.n	100083e6 <_fwrite_r+0x5a>
10008450:	2b00      	cmp	r3, #0
10008452:	d102      	bne.n	1000845a <_fwrite_r+0xce>
10008454:	89a3      	ldrh	r3, [r4, #12]
10008456:	059b      	lsls	r3, r3, #22
10008458:	d504      	bpl.n	10008464 <_fwrite_r+0xd8>
1000845a:	4640      	mov	r0, r8
1000845c:	e7c4      	b.n	100083e8 <_fwrite_r+0x5c>
1000845e:	f7ff ff47 	bl	100082f0 <__sinit>
10008462:	e7a9      	b.n	100083b8 <_fwrite_r+0x2c>
10008464:	6da0      	ldr	r0, [r4, #88]	@ 0x58
10008466:	f000 f8d1 	bl	1000860c <__retarget_lock_release_recursive>
1000846a:	4640      	mov	r0, r8
1000846c:	e7bc      	b.n	100083e8 <_fwrite_r+0x5c>
1000846e:	46c0      	nop			@ (mov r8, r8)
10008470:	ffffdfff 	.word	0xffffdfff

10008474 <fwrite>:
10008474:	4684      	mov	ip, r0
10008476:	b500      	push	{lr}
10008478:	4805      	ldr	r0, [pc, #20]	@ (10008490 <fwrite+0x1c>)
1000847a:	b083      	sub	sp, #12
1000847c:	6800      	ldr	r0, [r0, #0]
1000847e:	9300      	str	r3, [sp, #0]
10008480:	0013      	movs	r3, r2
10008482:	000a      	movs	r2, r1
10008484:	4661      	mov	r1, ip
10008486:	f7ff ff81 	bl	1000838c <_fwrite_r>
1000848a:	b003      	add	sp, #12
1000848c:	bd00      	pop	{pc}
1000848e:	46c0      	nop			@ (mov r8, r8)
10008490:	200015cc 	.word	0x200015cc

10008494 <__sread>:
10008494:	b570      	push	{r4, r5, r6, lr}
10008496:	000c      	movs	r4, r1
10008498:	250e      	movs	r5, #14
1000849a:	5f49      	ldrsh	r1, [r1, r5]
1000849c:	f000 f870 	bl	10008580 <_read_r>
100084a0:	2800      	cmp	r0, #0
100084a2:	db03      	blt.n	100084ac <__sread+0x18>
100084a4:	6d23      	ldr	r3, [r4, #80]	@ 0x50
100084a6:	181b      	adds	r3, r3, r0
100084a8:	6523      	str	r3, [r4, #80]	@ 0x50
100084aa:	bd70      	pop	{r4, r5, r6, pc}
100084ac:	89a3      	ldrh	r3, [r4, #12]
100084ae:	4a02      	ldr	r2, [pc, #8]	@ (100084b8 <__sread+0x24>)
100084b0:	4013      	ands	r3, r2
100084b2:	81a3      	strh	r3, [r4, #12]
100084b4:	e7f9      	b.n	100084aa <__sread+0x16>
100084b6:	46c0      	nop			@ (mov r8, r8)
100084b8:	ffffefff 	.word	0xffffefff

100084bc <__swrite>:
100084bc:	b5f8      	push	{r3, r4, r5, r6, r7, lr}
100084be:	0016      	movs	r6, r2
100084c0:	001f      	movs	r7, r3
100084c2:	220c      	movs	r2, #12
100084c4:	5e8b      	ldrsh	r3, [r1, r2]
100084c6:	0005      	movs	r5, r0
100084c8:	000c      	movs	r4, r1
100084ca:	05da      	lsls	r2, r3, #23
100084cc:	d40a      	bmi.n	100084e4 <__swrite+0x28>
100084ce:	4a0a      	ldr	r2, [pc, #40]	@ (100084f8 <__swrite+0x3c>)
100084d0:	0028      	movs	r0, r5
100084d2:	4013      	ands	r3, r2
100084d4:	81a3      	strh	r3, [r4, #12]
100084d6:	0032      	movs	r2, r6
100084d8:	230e      	movs	r3, #14
100084da:	5ee1      	ldrsh	r1, [r4, r3]
100084dc:	003b      	movs	r3, r7
100084de:	f000 f875 	bl	100085cc <_write_r>
100084e2:	bdf8      	pop	{r3, r4, r5, r6, r7, pc}
100084e4:	2200      	movs	r2, #0
100084e6:	230e      	movs	r3, #14
100084e8:	5ec9      	ldrsh	r1, [r1, r3]
100084ea:	2302      	movs	r3, #2
100084ec:	f000 f834 	bl	10008558 <_lseek_r>
100084f0:	220c      	movs	r2, #12
100084f2:	5ea3      	ldrsh	r3, [r4, r2]
100084f4:	e7eb      	b.n	100084ce <__swrite+0x12>
100084f6:	46c0      	nop			@ (mov r8, r8)
100084f8:	ffffefff 	.word	0xffffefff

100084fc <__sseek>:
100084fc:	b570      	push	{r4, r5, r6, lr}
100084fe:	000c      	movs	r4, r1
10008500:	250e      	movs	r5, #14
10008502:	5f49      	ldrsh	r1, [r1, r5]
10008504:	f000 f828 	bl	10008558 <_lseek_r>
10008508:	220c      	movs	r2, #12
1000850a:	5ea3      	ldrsh	r3, [r4, r2]
1000850c:	1c42      	adds	r2, r0, #1
1000850e:	d005      	beq.n	1000851c <__sseek+0x20>
10008510:	2280      	movs	r2, #128	@ 0x80
10008512:	0152      	lsls	r2, r2, #5
10008514:	4313      	orrs	r3, r2
10008516:	6520      	str	r0, [r4, #80]	@ 0x50
10008518:	81a3      	strh	r3, [r4, #12]
1000851a:	bd70      	pop	{r4, r5, r6, pc}
1000851c:	4a01      	ldr	r2, [pc, #4]	@ (10008524 <__sseek+0x28>)
1000851e:	4013      	ands	r3, r2
10008520:	e7fa      	b.n	10008518 <__sseek+0x1c>
10008522:	46c0      	nop			@ (mov r8, r8)
10008524:	ffffefff 	.word	0xffffefff

10008528 <__sclose>:
10008528:	b510      	push	{r4, lr}
1000852a:	230e      	movs	r3, #14
1000852c:	5ec9      	ldrsh	r1, [r1, r3]
1000852e:	f000 f801 	bl	10008534 <_close_r>
10008532:	bd10      	pop	{r4, pc}

10008534 <_close_r>:
10008534:	2300      	movs	r3, #0
10008536:	b570      	push	{r4, r5, r6, lr}
10008538:	4c06      	ldr	r4, [pc, #24]	@ (10008554 <_close_r+0x20>)
1000853a:	0005      	movs	r5, r0
1000853c:	0008      	movs	r0, r1
1000853e:	6023      	str	r3, [r4, #0]
10008540:	f7fc faac 	bl	10004a9c <_close>
10008544:	1c43      	adds	r3, r0, #1
10008546:	d000      	beq.n	1000854a <_close_r+0x16>
10008548:	bd70      	pop	{r4, r5, r6, pc}
1000854a:	6823      	ldr	r3, [r4, #0]
1000854c:	2b00      	cmp	r3, #0
1000854e:	d0fb      	beq.n	10008548 <_close_r+0x14>
10008550:	602b      	str	r3, [r5, #0]
10008552:	e7f9      	b.n	10008548 <_close_r+0x14>
10008554:	20012948 	.word	0x20012948

10008558 <_lseek_r>:
10008558:	b570      	push	{r4, r5, r6, lr}
1000855a:	0005      	movs	r5, r0
1000855c:	0008      	movs	r0, r1
1000855e:	0011      	movs	r1, r2
10008560:	2200      	movs	r2, #0
10008562:	4c06      	ldr	r4, [pc, #24]	@ (1000857c <_lseek_r+0x24>)
10008564:	6022      	str	r2, [r4, #0]
10008566:	001a      	movs	r2, r3
10008568:	f7fc fa9c 	bl	10004aa4 <_lseek>
1000856c:	1c43      	adds	r3, r0, #1
1000856e:	d000      	beq.n	10008572 <_lseek_r+0x1a>
10008570:	bd70      	pop	{r4, r5, r6, pc}
10008572:	6823      	ldr	r3, [r4, #0]
10008574:	2b00      	cmp	r3, #0
10008576:	d0fb      	beq.n	10008570 <_lseek_r+0x18>
10008578:	602b      	str	r3, [r5, #0]
1000857a:	e7f9      	b.n	10008570 <_lseek_r+0x18>
1000857c:	20012948 	.word	0x20012948

10008580 <_read_r>:
10008580:	b570      	push	{r4, r5, r6, lr}
10008582:	0005      	movs	r5, r0
10008584:	0008      	movs	r0, r1
10008586:	0011      	movs	r1, r2
10008588:	2200      	movs	r2, #0
1000858a:	4c06      	ldr	r4, [pc, #24]	@ (100085a4 <_read_r+0x24>)
1000858c:	6022      	str	r2, [r4, #0]
1000858e:	001a      	movs	r2, r3
10008590:	f7fc fa64 	bl	10004a5c <_read>
10008594:	1c43      	adds	r3, r0, #1
10008596:	d000      	beq.n	1000859a <_read_r+0x1a>
10008598:	bd70      	pop	{r4, r5, r6, pc}
1000859a:	6823      	ldr	r3, [r4, #0]
1000859c:	2b00      	cmp	r3, #0
1000859e:	d0fb      	beq.n	10008598 <_read_r+0x18>
100085a0:	602b      	str	r3, [r5, #0]
100085a2:	e7f9      	b.n	10008598 <_read_r+0x18>
100085a4:	20012948 	.word	0x20012948

100085a8 <_sbrk_r>:
100085a8:	2300      	movs	r3, #0
100085aa:	b570      	push	{r4, r5, r6, lr}
100085ac:	4c06      	ldr	r4, [pc, #24]	@ (100085c8 <_sbrk_r+0x20>)
100085ae:	0005      	movs	r5, r0
100085b0:	0008      	movs	r0, r1
100085b2:	6023      	str	r3, [r4, #0]
100085b4:	f7fc fa38 	bl	10004a28 <_sbrk>
100085b8:	1c43      	adds	r3, r0, #1
100085ba:	d000      	beq.n	100085be <_sbrk_r+0x16>
100085bc:	bd70      	pop	{r4, r5, r6, pc}
100085be:	6823      	ldr	r3, [r4, #0]
100085c0:	2b00      	cmp	r3, #0
100085c2:	d0fb      	beq.n	100085bc <_sbrk_r+0x14>
100085c4:	602b      	str	r3, [r5, #0]
100085c6:	e7f9      	b.n	100085bc <_sbrk_r+0x14>
100085c8:	20012948 	.word	0x20012948

100085cc <_write_r>:
100085cc:	b570      	push	{r4, r5, r6, lr}
100085ce:	0005      	movs	r5, r0
100085d0:	0008      	movs	r0, r1
100085d2:	0011      	movs	r1, r2
100085d4:	2200      	movs	r2, #0
100085d6:	4c06      	ldr	r4, [pc, #24]	@ (100085f0 <_write_r+0x24>)
100085d8:	6022      	str	r2, [r4, #0]
100085da:	001a      	movs	r2, r3
100085dc:	f7fc fa4e 	bl	10004a7c <_write>
100085e0:	1c43      	adds	r3, r0, #1
100085e2:	d000      	beq.n	100085e6 <_write_r+0x1a>
100085e4:	bd70      	pop	{r4, r5, r6, pc}
100085e6:	6823      	ldr	r3, [r4, #0]
100085e8:	2b00      	cmp	r3, #0
100085ea:	d0fb      	beq.n	100085e4 <_write_r+0x18>
100085ec:	602b      	str	r3, [r5, #0]
100085ee:	e7f9      	b.n	100085e4 <_write_r+0x18>
100085f0:	20012948 	.word	0x20012948

100085f4 <__errno>:
100085f4:	4b01      	ldr	r3, [pc, #4]	@ (100085fc <__errno+0x8>)
100085f6:	6818      	ldr	r0, [r3, #0]
100085f8:	4770      	bx	lr
100085fa:	46c0      	nop			@ (mov r8, r8)
100085fc:	200015cc 	.word	0x200015cc

10008600 <__retarget_lock_init_recursive>:
10008600:	4770      	bx	lr
10008602:	46c0      	nop			@ (mov r8, r8)

10008604 <__retarget_lock_close_recursive>:
10008604:	4770      	bx	lr
10008606:	46c0      	nop			@ (mov r8, r8)

10008608 <__retarget_lock_acquire_recursive>:
10008608:	4770      	bx	lr
1000860a:	46c0      	nop			@ (mov r8, r8)

1000860c <__retarget_lock_release_recursive>:
1000860c:	4770      	bx	lr
1000860e:	46c0      	nop			@ (mov r8, r8)

10008610 <sysconf>:
10008610:	2380      	movs	r3, #128	@ 0x80
10008612:	b510      	push	{r4, lr}
10008614:	015b      	lsls	r3, r3, #5
10008616:	2808      	cmp	r0, #8
10008618:	d101      	bne.n	1000861e <sysconf+0xe>
1000861a:	0018      	movs	r0, r3
1000861c:	bd10      	pop	{r4, pc}
1000861e:	f7ff ffe9 	bl	100085f4 <__errno>
10008622:	2316      	movs	r3, #22
10008624:	6003      	str	r3, [r0, #0]
10008626:	3b17      	subs	r3, #23
10008628:	e7f7      	b.n	1000861a <sysconf+0xa>
1000862a:	46c0      	nop			@ (mov r8, r8)

1000862c <strlen>:
1000862c:	0003      	movs	r3, r0
1000862e:	4684      	mov	ip, r0
10008630:	079b      	lsls	r3, r3, #30
10008632:	d00b      	beq.n	1000864c <strlen+0x20>
10008634:	0003      	movs	r3, r0
10008636:	2103      	movs	r1, #3
10008638:	e002      	b.n	10008640 <strlen+0x14>
1000863a:	3301      	adds	r3, #1
1000863c:	420b      	tst	r3, r1
1000863e:	d006      	beq.n	1000864e <strlen+0x22>
10008640:	781a      	ldrb	r2, [r3, #0]
10008642:	2a00      	cmp	r2, #0
10008644:	d1f9      	bne.n	1000863a <strlen+0xe>
10008646:	4662      	mov	r2, ip
10008648:	1a98      	subs	r0, r3, r2
1000864a:	4770      	bx	lr
1000864c:	0003      	movs	r3, r0
1000864e:	6819      	ldr	r1, [r3, #0]
10008650:	4a0c      	ldr	r2, [pc, #48]	@ (10008684 <strlen+0x58>)
10008652:	480d      	ldr	r0, [pc, #52]	@ (10008688 <strlen+0x5c>)
10008654:	188a      	adds	r2, r1, r2
10008656:	438a      	bics	r2, r1
10008658:	4202      	tst	r2, r0
1000865a:	d10f      	bne.n	1000867c <strlen+0x50>
1000865c:	6859      	ldr	r1, [r3, #4]
1000865e:	4a09      	ldr	r2, [pc, #36]	@ (10008684 <strlen+0x58>)
10008660:	3304      	adds	r3, #4
10008662:	188a      	adds	r2, r1, r2
10008664:	438a      	bics	r2, r1
10008666:	4202      	tst	r2, r0
10008668:	d108      	bne.n	1000867c <strlen+0x50>
1000866a:	6859      	ldr	r1, [r3, #4]
1000866c:	4a05      	ldr	r2, [pc, #20]	@ (10008684 <strlen+0x58>)
1000866e:	3304      	adds	r3, #4
10008670:	188a      	adds	r2, r1, r2
10008672:	438a      	bics	r2, r1
10008674:	4202      	tst	r2, r0
10008676:	d0f1      	beq.n	1000865c <strlen+0x30>
10008678:	e000      	b.n	1000867c <strlen+0x50>
1000867a:	3301      	adds	r3, #1
1000867c:	781a      	ldrb	r2, [r3, #0]
1000867e:	2a00      	cmp	r2, #0
10008680:	d1fb      	bne.n	1000867a <strlen+0x4e>
10008682:	e7e0      	b.n	10008646 <strlen+0x1a>
10008684:	fefefeff 	.word	0xfefefeff
10008688:	80808080 	.word	0x80808080

1000868c <_malloc_trim_r>:
1000868c:	b5f0      	push	{r4, r5, r6, r7, lr}
1000868e:	46c6      	mov	lr, r8
10008690:	0005      	movs	r5, r0
10008692:	b500      	push	{lr}
10008694:	4680      	mov	r8, r0
10008696:	2008      	movs	r0, #8
10008698:	000c      	movs	r4, r1
1000869a:	f7ff ffb9 	bl	10008610 <sysconf>
1000869e:	0006      	movs	r6, r0
100086a0:	0028      	movs	r0, r5
100086a2:	f7ff fab7 	bl	10007c14 <__malloc_lock>
100086a6:	4f22      	ldr	r7, [pc, #136]	@ (10008730 <_malloc_trim_r+0xa4>)
100086a8:	0031      	movs	r1, r6
100086aa:	68bb      	ldr	r3, [r7, #8]
100086ac:	685d      	ldr	r5, [r3, #4]
100086ae:	2303      	movs	r3, #3
100086b0:	439d      	bics	r5, r3
100086b2:	0028      	movs	r0, r5
100086b4:	3811      	subs	r0, #17
100086b6:	1b00      	subs	r0, r0, r4
100086b8:	1980      	adds	r0, r0, r6
100086ba:	f7f9 ff55 	bl	10002568 <__wrap___aeabi_uidiv>
100086be:	1e44      	subs	r4, r0, #1
100086c0:	4374      	muls	r4, r6
100086c2:	42a6      	cmp	r6, r4
100086c4:	dc07      	bgt.n	100086d6 <_malloc_trim_r+0x4a>
100086c6:	2100      	movs	r1, #0
100086c8:	4640      	mov	r0, r8
100086ca:	f7ff ff6d 	bl	100085a8 <_sbrk_r>
100086ce:	68bb      	ldr	r3, [r7, #8]
100086d0:	195b      	adds	r3, r3, r5
100086d2:	4298      	cmp	r0, r3
100086d4:	d006      	beq.n	100086e4 <_malloc_trim_r+0x58>
100086d6:	4640      	mov	r0, r8
100086d8:	f7ff faa4 	bl	10007c24 <__malloc_unlock>
100086dc:	2000      	movs	r0, #0
100086de:	bc80      	pop	{r7}
100086e0:	46b8      	mov	r8, r7
100086e2:	bdf0      	pop	{r4, r5, r6, r7, pc}
100086e4:	4640      	mov	r0, r8
100086e6:	4261      	negs	r1, r4
100086e8:	f7ff ff5e 	bl	100085a8 <_sbrk_r>
100086ec:	3001      	adds	r0, #1
100086ee:	d00d      	beq.n	1000870c <_malloc_trim_r+0x80>
100086f0:	2201      	movs	r2, #1
100086f2:	1b2d      	subs	r5, r5, r4
100086f4:	68bb      	ldr	r3, [r7, #8]
100086f6:	4315      	orrs	r5, r2
100086f8:	4a0e      	ldr	r2, [pc, #56]	@ (10008734 <_malloc_trim_r+0xa8>)
100086fa:	605d      	str	r5, [r3, #4]
100086fc:	6813      	ldr	r3, [r2, #0]
100086fe:	4640      	mov	r0, r8
10008700:	1b1b      	subs	r3, r3, r4
10008702:	6013      	str	r3, [r2, #0]
10008704:	f7ff fa8e 	bl	10007c24 <__malloc_unlock>
10008708:	2001      	movs	r0, #1
1000870a:	e7e8      	b.n	100086de <_malloc_trim_r+0x52>
1000870c:	2100      	movs	r1, #0
1000870e:	4640      	mov	r0, r8
10008710:	f7ff ff4a 	bl	100085a8 <_sbrk_r>
10008714:	68ba      	ldr	r2, [r7, #8]
10008716:	1a83      	subs	r3, r0, r2
10008718:	2b0f      	cmp	r3, #15
1000871a:	dddc      	ble.n	100086d6 <_malloc_trim_r+0x4a>
1000871c:	4c06      	ldr	r4, [pc, #24]	@ (10008738 <_malloc_trim_r+0xac>)
1000871e:	4905      	ldr	r1, [pc, #20]	@ (10008734 <_malloc_trim_r+0xa8>)
10008720:	6824      	ldr	r4, [r4, #0]
10008722:	1b00      	subs	r0, r0, r4
10008724:	6008      	str	r0, [r1, #0]
10008726:	2101      	movs	r1, #1
10008728:	430b      	orrs	r3, r1
1000872a:	6053      	str	r3, [r2, #4]
1000872c:	e7d3      	b.n	100086d6 <_malloc_trim_r+0x4a>
1000872e:	46c0      	nop			@ (mov r8, r8)
10008730:	200011b8 	.word	0x200011b8
10008734:	20012458 	.word	0x20012458
10008738:	200011b0 	.word	0x200011b0

1000873c <_free_r>:
1000873c:	b5f0      	push	{r4, r5, r6, r7, lr}
1000873e:	46c6      	mov	lr, r8
10008740:	000c      	movs	r4, r1
10008742:	4680      	mov	r8, r0
10008744:	b500      	push	{lr}
10008746:	2900      	cmp	r1, #0
10008748:	d040      	beq.n	100087cc <_free_r+0x90>
1000874a:	f7ff fa63 	bl	10007c14 <__malloc_lock>
1000874e:	0021      	movs	r1, r4
10008750:	3908      	subs	r1, #8
10008752:	684e      	ldr	r6, [r1, #4]
10008754:	2501      	movs	r5, #1
10008756:	0033      	movs	r3, r6
10008758:	2003      	movs	r0, #3
1000875a:	43ab      	bics	r3, r5
1000875c:	18ca      	adds	r2, r1, r3
1000875e:	4694      	mov	ip, r2
10008760:	6852      	ldr	r2, [r2, #4]
10008762:	4382      	bics	r2, r0
10008764:	0028      	movs	r0, r5
10008766:	4030      	ands	r0, r6
10008768:	0007      	movs	r7, r0
1000876a:	4864      	ldr	r0, [pc, #400]	@ (100088fc <_free_r+0x1c0>)
1000876c:	6884      	ldr	r4, [r0, #8]
1000876e:	4564      	cmp	r4, ip
10008770:	d100      	bne.n	10008774 <_free_r+0x38>
10008772:	e071      	b.n	10008858 <_free_r+0x11c>
10008774:	4664      	mov	r4, ip
10008776:	6062      	str	r2, [r4, #4]
10008778:	18a4      	adds	r4, r4, r2
1000877a:	6864      	ldr	r4, [r4, #4]
1000877c:	402c      	ands	r4, r5
1000877e:	2f00      	cmp	r7, #0
10008780:	d127      	bne.n	100087d2 <_free_r+0x96>
10008782:	680e      	ldr	r6, [r1, #0]
10008784:	4f5e      	ldr	r7, [pc, #376]	@ (10008900 <_free_r+0x1c4>)
10008786:	1b89      	subs	r1, r1, r6
10008788:	199b      	adds	r3, r3, r6
1000878a:	688e      	ldr	r6, [r1, #8]
1000878c:	42be      	cmp	r6, r7
1000878e:	d056      	beq.n	1000883e <_free_r+0x102>
10008790:	68cf      	ldr	r7, [r1, #12]
10008792:	60f7      	str	r7, [r6, #12]
10008794:	60be      	str	r6, [r7, #8]
10008796:	2c00      	cmp	r4, #0
10008798:	d01d      	beq.n	100087d6 <_free_r+0x9a>
1000879a:	4662      	mov	r2, ip
1000879c:	431d      	orrs	r5, r3
1000879e:	604d      	str	r5, [r1, #4]
100087a0:	6013      	str	r3, [r2, #0]
100087a2:	2280      	movs	r2, #128	@ 0x80
100087a4:	0092      	lsls	r2, r2, #2
100087a6:	4293      	cmp	r3, r2
100087a8:	d22d      	bcs.n	10008806 <_free_r+0xca>
100087aa:	08da      	lsrs	r2, r3, #3
100087ac:	095c      	lsrs	r4, r3, #5
100087ae:	2301      	movs	r3, #1
100087b0:	40a3      	lsls	r3, r4
100087b2:	6844      	ldr	r4, [r0, #4]
100087b4:	4323      	orrs	r3, r4
100087b6:	6043      	str	r3, [r0, #4]
100087b8:	00d3      	lsls	r3, r2, #3
100087ba:	181b      	adds	r3, r3, r0
100087bc:	689a      	ldr	r2, [r3, #8]
100087be:	60cb      	str	r3, [r1, #12]
100087c0:	608a      	str	r2, [r1, #8]
100087c2:	6099      	str	r1, [r3, #8]
100087c4:	60d1      	str	r1, [r2, #12]
100087c6:	4640      	mov	r0, r8
100087c8:	f7ff fa2c 	bl	10007c24 <__malloc_unlock>
100087cc:	bc80      	pop	{r7}
100087ce:	46b8      	mov	r8, r7
100087d0:	bdf0      	pop	{r4, r5, r6, r7, pc}
100087d2:	2c00      	cmp	r4, #0
100087d4:	d10f      	bne.n	100087f6 <_free_r+0xba>
100087d6:	189b      	adds	r3, r3, r2
100087d8:	4662      	mov	r2, ip
100087da:	2401      	movs	r4, #1
100087dc:	6892      	ldr	r2, [r2, #8]
100087de:	4d48      	ldr	r5, [pc, #288]	@ (10008900 <_free_r+0x1c4>)
100087e0:	431c      	orrs	r4, r3
100087e2:	18ce      	adds	r6, r1, r3
100087e4:	42aa      	cmp	r2, r5
100087e6:	d059      	beq.n	1000889c <_free_r+0x160>
100087e8:	4665      	mov	r5, ip
100087ea:	68ed      	ldr	r5, [r5, #12]
100087ec:	60d5      	str	r5, [r2, #12]
100087ee:	60aa      	str	r2, [r5, #8]
100087f0:	604c      	str	r4, [r1, #4]
100087f2:	6033      	str	r3, [r6, #0]
100087f4:	e7d5      	b.n	100087a2 <_free_r+0x66>
100087f6:	4662      	mov	r2, ip
100087f8:	4335      	orrs	r5, r6
100087fa:	604d      	str	r5, [r1, #4]
100087fc:	6013      	str	r3, [r2, #0]
100087fe:	2280      	movs	r2, #128	@ 0x80
10008800:	0092      	lsls	r2, r2, #2
10008802:	4293      	cmp	r3, r2
10008804:	d3d1      	bcc.n	100087aa <_free_r+0x6e>
10008806:	0a5a      	lsrs	r2, r3, #9
10008808:	2a04      	cmp	r2, #4
1000880a:	d83d      	bhi.n	10008888 <_free_r+0x14c>
1000880c:	099a      	lsrs	r2, r3, #6
1000880e:	0014      	movs	r4, r2
10008810:	3239      	adds	r2, #57	@ 0x39
10008812:	3438      	adds	r4, #56	@ 0x38
10008814:	00d6      	lsls	r6, r2, #3
10008816:	1986      	adds	r6, r0, r6
10008818:	6832      	ldr	r2, [r6, #0]
1000881a:	3e08      	subs	r6, #8
1000881c:	2503      	movs	r5, #3
1000881e:	4296      	cmp	r6, r2
10008820:	d103      	bne.n	1000882a <_free_r+0xee>
10008822:	e04c      	b.n	100088be <_free_r+0x182>
10008824:	6892      	ldr	r2, [r2, #8]
10008826:	4296      	cmp	r6, r2
10008828:	d003      	beq.n	10008832 <_free_r+0xf6>
1000882a:	6850      	ldr	r0, [r2, #4]
1000882c:	43a8      	bics	r0, r5
1000882e:	4298      	cmp	r0, r3
10008830:	d8f8      	bhi.n	10008824 <_free_r+0xe8>
10008832:	68d6      	ldr	r6, [r2, #12]
10008834:	60ce      	str	r6, [r1, #12]
10008836:	608a      	str	r2, [r1, #8]
10008838:	60b1      	str	r1, [r6, #8]
1000883a:	60d1      	str	r1, [r2, #12]
1000883c:	e7c3      	b.n	100087c6 <_free_r+0x8a>
1000883e:	2c00      	cmp	r4, #0
10008840:	d133      	bne.n	100088aa <_free_r+0x16e>
10008842:	18d2      	adds	r2, r2, r3
10008844:	4660      	mov	r0, ip
10008846:	4663      	mov	r3, ip
10008848:	6880      	ldr	r0, [r0, #8]
1000884a:	68db      	ldr	r3, [r3, #12]
1000884c:	4315      	orrs	r5, r2
1000884e:	60c3      	str	r3, [r0, #12]
10008850:	6098      	str	r0, [r3, #8]
10008852:	604d      	str	r5, [r1, #4]
10008854:	508a      	str	r2, [r1, r2]
10008856:	e7b6      	b.n	100087c6 <_free_r+0x8a>
10008858:	189a      	adds	r2, r3, r2
1000885a:	2f00      	cmp	r7, #0
1000885c:	d106      	bne.n	1000886c <_free_r+0x130>
1000885e:	680b      	ldr	r3, [r1, #0]
10008860:	1ac9      	subs	r1, r1, r3
10008862:	688c      	ldr	r4, [r1, #8]
10008864:	18d2      	adds	r2, r2, r3
10008866:	68cb      	ldr	r3, [r1, #12]
10008868:	60e3      	str	r3, [r4, #12]
1000886a:	609c      	str	r4, [r3, #8]
1000886c:	2301      	movs	r3, #1
1000886e:	4313      	orrs	r3, r2
10008870:	604b      	str	r3, [r1, #4]
10008872:	4b24      	ldr	r3, [pc, #144]	@ (10008904 <_free_r+0x1c8>)
10008874:	6081      	str	r1, [r0, #8]
10008876:	681b      	ldr	r3, [r3, #0]
10008878:	4293      	cmp	r3, r2
1000887a:	d8a4      	bhi.n	100087c6 <_free_r+0x8a>
1000887c:	4b22      	ldr	r3, [pc, #136]	@ (10008908 <_free_r+0x1cc>)
1000887e:	4640      	mov	r0, r8
10008880:	6819      	ldr	r1, [r3, #0]
10008882:	f7ff ff03 	bl	1000868c <_malloc_trim_r>
10008886:	e79e      	b.n	100087c6 <_free_r+0x8a>
10008888:	2a14      	cmp	r2, #20
1000888a:	d913      	bls.n	100088b4 <_free_r+0x178>
1000888c:	2a54      	cmp	r2, #84	@ 0x54
1000888e:	d81d      	bhi.n	100088cc <_free_r+0x190>
10008890:	0b1a      	lsrs	r2, r3, #12
10008892:	0014      	movs	r4, r2
10008894:	326f      	adds	r2, #111	@ 0x6f
10008896:	346e      	adds	r4, #110	@ 0x6e
10008898:	00d6      	lsls	r6, r2, #3
1000889a:	e7bc      	b.n	10008816 <_free_r+0xda>
1000889c:	60d1      	str	r1, [r2, #12]
1000889e:	6091      	str	r1, [r2, #8]
100088a0:	60ca      	str	r2, [r1, #12]
100088a2:	608a      	str	r2, [r1, #8]
100088a4:	604c      	str	r4, [r1, #4]
100088a6:	6033      	str	r3, [r6, #0]
100088a8:	e78d      	b.n	100087c6 <_free_r+0x8a>
100088aa:	4662      	mov	r2, ip
100088ac:	431d      	orrs	r5, r3
100088ae:	604d      	str	r5, [r1, #4]
100088b0:	6013      	str	r3, [r2, #0]
100088b2:	e788      	b.n	100087c6 <_free_r+0x8a>
100088b4:	0014      	movs	r4, r2
100088b6:	325c      	adds	r2, #92	@ 0x5c
100088b8:	345b      	adds	r4, #91	@ 0x5b
100088ba:	00d6      	lsls	r6, r2, #3
100088bc:	e7ab      	b.n	10008816 <_free_r+0xda>
100088be:	2301      	movs	r3, #1
100088c0:	10a4      	asrs	r4, r4, #2
100088c2:	40a3      	lsls	r3, r4
100088c4:	6844      	ldr	r4, [r0, #4]
100088c6:	4323      	orrs	r3, r4
100088c8:	6043      	str	r3, [r0, #4]
100088ca:	e7b3      	b.n	10008834 <_free_r+0xf8>
100088cc:	24aa      	movs	r4, #170	@ 0xaa
100088ce:	0064      	lsls	r4, r4, #1
100088d0:	42a2      	cmp	r2, r4
100088d2:	d805      	bhi.n	100088e0 <_free_r+0x1a4>
100088d4:	0bda      	lsrs	r2, r3, #15
100088d6:	0014      	movs	r4, r2
100088d8:	3278      	adds	r2, #120	@ 0x78
100088da:	3477      	adds	r4, #119	@ 0x77
100088dc:	00d6      	lsls	r6, r2, #3
100088de:	e79a      	b.n	10008816 <_free_r+0xda>
100088e0:	4c0a      	ldr	r4, [pc, #40]	@ (1000890c <_free_r+0x1d0>)
100088e2:	42a2      	cmp	r2, r4
100088e4:	d805      	bhi.n	100088f2 <_free_r+0x1b6>
100088e6:	0c9a      	lsrs	r2, r3, #18
100088e8:	0014      	movs	r4, r2
100088ea:	327d      	adds	r2, #125	@ 0x7d
100088ec:	347c      	adds	r4, #124	@ 0x7c
100088ee:	00d6      	lsls	r6, r2, #3
100088f0:	e791      	b.n	10008816 <_free_r+0xda>
100088f2:	26fe      	movs	r6, #254	@ 0xfe
100088f4:	247e      	movs	r4, #126	@ 0x7e
100088f6:	00b6      	lsls	r6, r6, #2
100088f8:	e78d      	b.n	10008816 <_free_r+0xda>
100088fa:	46c0      	nop			@ (mov r8, r8)
100088fc:	200011b8 	.word	0x200011b8
10008900:	200011c0 	.word	0x200011c0
10008904:	200011b4 	.word	0x200011b4
10008908:	20012488 	.word	0x20012488
1000890c:	00000554 	.word	0x00000554

10008910 <_fclose_r>:
10008910:	b570      	push	{r4, r5, r6, lr}
10008912:	0005      	movs	r5, r0
10008914:	1e0c      	subs	r4, r1, #0
10008916:	d042      	beq.n	1000899e <_fclose_r+0x8e>
10008918:	2800      	cmp	r0, #0
1000891a:	d002      	beq.n	10008922 <_fclose_r+0x12>
1000891c:	6b43      	ldr	r3, [r0, #52]	@ 0x34
1000891e:	2b00      	cmp	r3, #0
10008920:	d049      	beq.n	100089b6 <_fclose_r+0xa6>
10008922:	f7ff fd01 	bl	10008328 <__sfp_lock_acquire>
10008926:	2101      	movs	r1, #1
10008928:	220c      	movs	r2, #12
1000892a:	5ea3      	ldrsh	r3, [r4, r2]
1000892c:	6e62      	ldr	r2, [r4, #100]	@ 0x64
1000892e:	420a      	tst	r2, r1
10008930:	d131      	bne.n	10008996 <_fclose_r+0x86>
10008932:	059b      	lsls	r3, r3, #22
10008934:	d542      	bpl.n	100089bc <_fclose_r+0xac>
10008936:	0021      	movs	r1, r4
10008938:	0028      	movs	r0, r5
1000893a:	f7ff fb0f 	bl	10007f5c <__sflush_r>
1000893e:	6ae3      	ldr	r3, [r4, #44]	@ 0x2c
10008940:	0006      	movs	r6, r0
10008942:	2b00      	cmp	r3, #0
10008944:	d004      	beq.n	10008950 <_fclose_r+0x40>
10008946:	0028      	movs	r0, r5
10008948:	69e1      	ldr	r1, [r4, #28]
1000894a:	4798      	blx	r3
1000894c:	2800      	cmp	r0, #0
1000894e:	db28      	blt.n	100089a2 <_fclose_r+0x92>
10008950:	89a3      	ldrh	r3, [r4, #12]
10008952:	061b      	lsls	r3, r3, #24
10008954:	d42a      	bmi.n	100089ac <_fclose_r+0x9c>
10008956:	6b21      	ldr	r1, [r4, #48]	@ 0x30
10008958:	2900      	cmp	r1, #0
1000895a:	d008      	beq.n	1000896e <_fclose_r+0x5e>
1000895c:	0023      	movs	r3, r4
1000895e:	3340      	adds	r3, #64	@ 0x40
10008960:	4299      	cmp	r1, r3
10008962:	d002      	beq.n	1000896a <_fclose_r+0x5a>
10008964:	0028      	movs	r0, r5
10008966:	f7ff fee9 	bl	1000873c <_free_r>
1000896a:	2300      	movs	r3, #0
1000896c:	6323      	str	r3, [r4, #48]	@ 0x30
1000896e:	6c61      	ldr	r1, [r4, #68]	@ 0x44
10008970:	2900      	cmp	r1, #0
10008972:	d004      	beq.n	1000897e <_fclose_r+0x6e>
10008974:	0028      	movs	r0, r5
10008976:	f7ff fee1 	bl	1000873c <_free_r>
1000897a:	2300      	movs	r3, #0
1000897c:	6463      	str	r3, [r4, #68]	@ 0x44
1000897e:	2300      	movs	r3, #0
10008980:	81a3      	strh	r3, [r4, #12]
10008982:	6e63      	ldr	r3, [r4, #100]	@ 0x64
10008984:	07db      	lsls	r3, r3, #31
10008986:	d528      	bpl.n	100089da <_fclose_r+0xca>
10008988:	6da0      	ldr	r0, [r4, #88]	@ 0x58
1000898a:	f7ff fe3b 	bl	10008604 <__retarget_lock_close_recursive>
1000898e:	f7ff fcd3 	bl	10008338 <__sfp_lock_release>
10008992:	0030      	movs	r0, r6
10008994:	bd70      	pop	{r4, r5, r6, pc}
10008996:	2b00      	cmp	r3, #0
10008998:	d1cd      	bne.n	10008936 <_fclose_r+0x26>
1000899a:	f7ff fccd 	bl	10008338 <__sfp_lock_release>
1000899e:	2600      	movs	r6, #0
100089a0:	e7f7      	b.n	10008992 <_fclose_r+0x82>
100089a2:	2601      	movs	r6, #1
100089a4:	89a3      	ldrh	r3, [r4, #12]
100089a6:	4276      	negs	r6, r6
100089a8:	061b      	lsls	r3, r3, #24
100089aa:	d5d4      	bpl.n	10008956 <_fclose_r+0x46>
100089ac:	0028      	movs	r0, r5
100089ae:	6921      	ldr	r1, [r4, #16]
100089b0:	f7ff fec4 	bl	1000873c <_free_r>
100089b4:	e7cf      	b.n	10008956 <_fclose_r+0x46>
100089b6:	f7ff fc9b 	bl	100082f0 <__sinit>
100089ba:	e7b2      	b.n	10008922 <_fclose_r+0x12>
100089bc:	6da0      	ldr	r0, [r4, #88]	@ 0x58
100089be:	f7ff fe23 	bl	10008608 <__retarget_lock_acquire_recursive>
100089c2:	220c      	movs	r2, #12
100089c4:	5ea3      	ldrsh	r3, [r4, r2]
100089c6:	2b00      	cmp	r3, #0
100089c8:	d1b5      	bne.n	10008936 <_fclose_r+0x26>
100089ca:	2201      	movs	r2, #1
100089cc:	6e63      	ldr	r3, [r4, #100]	@ 0x64
100089ce:	4213      	tst	r3, r2
100089d0:	d1e3      	bne.n	1000899a <_fclose_r+0x8a>
100089d2:	6da0      	ldr	r0, [r4, #88]	@ 0x58
100089d4:	f7ff fe1a 	bl	1000860c <__retarget_lock_release_recursive>
100089d8:	e7df      	b.n	1000899a <_fclose_r+0x8a>
100089da:	6da0      	ldr	r0, [r4, #88]	@ 0x58
100089dc:	f7ff fe16 	bl	1000860c <__retarget_lock_release_recursive>
100089e0:	e7d2      	b.n	10008988 <_fclose_r+0x78>
100089e2:	46c0      	nop			@ (mov r8, r8)

100089e4 <__sfvwrite_r>:
100089e4:	b5f0      	push	{r4, r5, r6, r7, lr}
100089e6:	4645      	mov	r5, r8
100089e8:	46de      	mov	lr, fp
100089ea:	4657      	mov	r7, sl
100089ec:	464e      	mov	r6, r9
100089ee:	b5e0      	push	{r5, r6, r7, lr}
100089f0:	6893      	ldr	r3, [r2, #8]
100089f2:	b083      	sub	sp, #12
100089f4:	000c      	movs	r4, r1
100089f6:	4690      	mov	r8, r2
100089f8:	9000      	str	r0, [sp, #0]
100089fa:	2b00      	cmp	r3, #0
100089fc:	d02a      	beq.n	10008a54 <__sfvwrite_r+0x70>
100089fe:	230c      	movs	r3, #12
10008a00:	5eca      	ldrsh	r2, [r1, r3]
10008a02:	0713      	lsls	r3, r2, #28
10008a04:	d52e      	bpl.n	10008a64 <__sfvwrite_r+0x80>
10008a06:	690b      	ldr	r3, [r1, #16]
10008a08:	2b00      	cmp	r3, #0
10008a0a:	d02b      	beq.n	10008a64 <__sfvwrite_r+0x80>
10008a0c:	4643      	mov	r3, r8
10008a0e:	681e      	ldr	r6, [r3, #0]
10008a10:	0793      	lsls	r3, r2, #30
10008a12:	d534      	bpl.n	10008a7e <__sfvwrite_r+0x9a>
10008a14:	4bb0      	ldr	r3, [pc, #704]	@ (10008cd8 <__sfvwrite_r+0x2f4>)
10008a16:	2700      	movs	r7, #0
10008a18:	2500      	movs	r5, #0
10008a1a:	4699      	mov	r9, r3
10008a1c:	2d00      	cmp	r5, #0
10008a1e:	d015      	beq.n	10008a4c <__sfvwrite_r+0x68>
10008a20:	002b      	movs	r3, r5
10008a22:	454d      	cmp	r5, r9
10008a24:	d900      	bls.n	10008a28 <__sfvwrite_r+0x44>
10008a26:	4bac      	ldr	r3, [pc, #688]	@ (10008cd8 <__sfvwrite_r+0x2f4>)
10008a28:	6a62      	ldr	r2, [r4, #36]	@ 0x24
10008a2a:	69e1      	ldr	r1, [r4, #28]
10008a2c:	4692      	mov	sl, r2
10008a2e:	9800      	ldr	r0, [sp, #0]
10008a30:	003a      	movs	r2, r7
10008a32:	47d0      	blx	sl
10008a34:	2800      	cmp	r0, #0
10008a36:	dc00      	bgt.n	10008a3a <__sfvwrite_r+0x56>
10008a38:	e0b5      	b.n	10008ba6 <__sfvwrite_r+0x1c2>
10008a3a:	4643      	mov	r3, r8
10008a3c:	4642      	mov	r2, r8
10008a3e:	689b      	ldr	r3, [r3, #8]
10008a40:	1a1b      	subs	r3, r3, r0
10008a42:	6093      	str	r3, [r2, #8]
10008a44:	d006      	beq.n	10008a54 <__sfvwrite_r+0x70>
10008a46:	183f      	adds	r7, r7, r0
10008a48:	1a2d      	subs	r5, r5, r0
10008a4a:	d1e9      	bne.n	10008a20 <__sfvwrite_r+0x3c>
10008a4c:	6837      	ldr	r7, [r6, #0]
10008a4e:	6875      	ldr	r5, [r6, #4]
10008a50:	3608      	adds	r6, #8
10008a52:	e7e3      	b.n	10008a1c <__sfvwrite_r+0x38>
10008a54:	2000      	movs	r0, #0
10008a56:	b003      	add	sp, #12
10008a58:	bcf0      	pop	{r4, r5, r6, r7}
10008a5a:	46bb      	mov	fp, r7
10008a5c:	46b2      	mov	sl, r6
10008a5e:	46a9      	mov	r9, r5
10008a60:	46a0      	mov	r8, r4
10008a62:	bdf0      	pop	{r4, r5, r6, r7, pc}
10008a64:	0021      	movs	r1, r4
10008a66:	9800      	ldr	r0, [sp, #0]
10008a68:	f000 f93c 	bl	10008ce4 <__swsetup_r>
10008a6c:	2800      	cmp	r0, #0
10008a6e:	d000      	beq.n	10008a72 <__sfvwrite_r+0x8e>
10008a70:	e09e      	b.n	10008bb0 <__sfvwrite_r+0x1cc>
10008a72:	230c      	movs	r3, #12
10008a74:	5ee2      	ldrsh	r2, [r4, r3]
10008a76:	4643      	mov	r3, r8
10008a78:	681e      	ldr	r6, [r3, #0]
10008a7a:	0793      	lsls	r3, r2, #30
10008a7c:	d4ca      	bmi.n	10008a14 <__sfvwrite_r+0x30>
10008a7e:	07d3      	lsls	r3, r2, #31
10008a80:	d500      	bpl.n	10008a84 <__sfvwrite_r+0xa0>
10008a82:	e098      	b.n	10008bb6 <__sfvwrite_r+0x1d2>
10008a84:	2180      	movs	r1, #128	@ 0x80
10008a86:	2300      	movs	r3, #0
10008a88:	0089      	lsls	r1, r1, #2
10008a8a:	2500      	movs	r5, #0
10008a8c:	468b      	mov	fp, r1
10008a8e:	4699      	mov	r9, r3
10008a90:	6823      	ldr	r3, [r4, #0]
10008a92:	2d00      	cmp	r5, #0
10008a94:	d04f      	beq.n	10008b36 <__sfvwrite_r+0x152>
10008a96:	4659      	mov	r1, fp
10008a98:	0018      	movs	r0, r3
10008a9a:	68a7      	ldr	r7, [r4, #8]
10008a9c:	420a      	tst	r2, r1
10008a9e:	d055      	beq.n	10008b4c <__sfvwrite_r+0x168>
10008aa0:	46ba      	mov	sl, r7
10008aa2:	42af      	cmp	r7, r5
10008aa4:	d900      	bls.n	10008aa8 <__sfvwrite_r+0xc4>
10008aa6:	e0de      	b.n	10008c66 <__sfvwrite_r+0x282>
10008aa8:	2190      	movs	r1, #144	@ 0x90
10008aaa:	00c9      	lsls	r1, r1, #3
10008aac:	420a      	tst	r2, r1
10008aae:	d02e      	beq.n	10008b0e <__sfvwrite_r+0x12a>
10008ab0:	6960      	ldr	r0, [r4, #20]
10008ab2:	6921      	ldr	r1, [r4, #16]
10008ab4:	1a5f      	subs	r7, r3, r1
10008ab6:	0043      	lsls	r3, r0, #1
10008ab8:	181b      	adds	r3, r3, r0
10008aba:	0fd8      	lsrs	r0, r3, #31
10008abc:	18c3      	adds	r3, r0, r3
10008abe:	105b      	asrs	r3, r3, #1
10008ac0:	469a      	mov	sl, r3
10008ac2:	1c7b      	adds	r3, r7, #1
10008ac4:	195b      	adds	r3, r3, r5
10008ac6:	4650      	mov	r0, sl
10008ac8:	9701      	str	r7, [sp, #4]
10008aca:	4553      	cmp	r3, sl
10008acc:	d901      	bls.n	10008ad2 <__sfvwrite_r+0xee>
10008ace:	469a      	mov	sl, r3
10008ad0:	0018      	movs	r0, r3
10008ad2:	0552      	lsls	r2, r2, #21
10008ad4:	d400      	bmi.n	10008ad8 <__sfvwrite_r+0xf4>
10008ad6:	e0e4      	b.n	10008ca2 <__sfvwrite_r+0x2be>
10008ad8:	0001      	movs	r1, r0
10008ada:	9800      	ldr	r0, [sp, #0]
10008adc:	f7fe fde8 	bl	100076b0 <_malloc_r>
10008ae0:	1e07      	subs	r7, r0, #0
10008ae2:	d100      	bne.n	10008ae6 <__sfvwrite_r+0x102>
10008ae4:	e0f2      	b.n	10008ccc <__sfvwrite_r+0x2e8>
10008ae6:	9a01      	ldr	r2, [sp, #4]
10008ae8:	6921      	ldr	r1, [r4, #16]
10008aea:	f7fa fbd3 	bl	10003294 <__wrap___aeabi_memcpy>
10008aee:	89a3      	ldrh	r3, [r4, #12]
10008af0:	4a7a      	ldr	r2, [pc, #488]	@ (10008cdc <__sfvwrite_r+0x2f8>)
10008af2:	4013      	ands	r3, r2
10008af4:	2280      	movs	r2, #128	@ 0x80
10008af6:	4313      	orrs	r3, r2
10008af8:	81a3      	strh	r3, [r4, #12]
10008afa:	4652      	mov	r2, sl
10008afc:	9b01      	ldr	r3, [sp, #4]
10008afe:	6127      	str	r7, [r4, #16]
10008b00:	18f8      	adds	r0, r7, r3
10008b02:	46aa      	mov	sl, r5
10008b04:	002f      	movs	r7, r5
10008b06:	1ad3      	subs	r3, r2, r3
10008b08:	6020      	str	r0, [r4, #0]
10008b0a:	6162      	str	r2, [r4, #20]
10008b0c:	60a3      	str	r3, [r4, #8]
10008b0e:	4652      	mov	r2, sl
10008b10:	4649      	mov	r1, r9
10008b12:	f000 fa4d 	bl	10008fb0 <__memmove_veneer>
10008b16:	4642      	mov	r2, r8
10008b18:	4641      	mov	r1, r8
10008b1a:	68a3      	ldr	r3, [r4, #8]
10008b1c:	1bdb      	subs	r3, r3, r7
10008b1e:	60a3      	str	r3, [r4, #8]
10008b20:	6892      	ldr	r2, [r2, #8]
10008b22:	6823      	ldr	r3, [r4, #0]
10008b24:	1b52      	subs	r2, r2, r5
10008b26:	4453      	add	r3, sl
10008b28:	6023      	str	r3, [r4, #0]
10008b2a:	608a      	str	r2, [r1, #8]
10008b2c:	2a00      	cmp	r2, #0
10008b2e:	d100      	bne.n	10008b32 <__sfvwrite_r+0x14e>
10008b30:	e790      	b.n	10008a54 <__sfvwrite_r+0x70>
10008b32:	210c      	movs	r1, #12
10008b34:	5e62      	ldrsh	r2, [r4, r1]
10008b36:	6831      	ldr	r1, [r6, #0]
10008b38:	6875      	ldr	r5, [r6, #4]
10008b3a:	4689      	mov	r9, r1
10008b3c:	3608      	adds	r6, #8
10008b3e:	2d00      	cmp	r5, #0
10008b40:	d0f9      	beq.n	10008b36 <__sfvwrite_r+0x152>
10008b42:	4659      	mov	r1, fp
10008b44:	0018      	movs	r0, r3
10008b46:	68a7      	ldr	r7, [r4, #8]
10008b48:	420a      	tst	r2, r1
10008b4a:	d1a9      	bne.n	10008aa0 <__sfvwrite_r+0xbc>
10008b4c:	6922      	ldr	r2, [r4, #16]
10008b4e:	429a      	cmp	r2, r3
10008b50:	d372      	bcc.n	10008c38 <__sfvwrite_r+0x254>
10008b52:	6962      	ldr	r2, [r4, #20]
10008b54:	4692      	mov	sl, r2
10008b56:	42aa      	cmp	r2, r5
10008b58:	d86e      	bhi.n	10008c38 <__sfvwrite_r+0x254>
10008b5a:	2380      	movs	r3, #128	@ 0x80
10008b5c:	0028      	movs	r0, r5
10008b5e:	061b      	lsls	r3, r3, #24
10008b60:	429d      	cmp	r5, r3
10008b62:	d300      	bcc.n	10008b66 <__sfvwrite_r+0x182>
10008b64:	485e      	ldr	r0, [pc, #376]	@ (10008ce0 <__sfvwrite_r+0x2fc>)
10008b66:	4651      	mov	r1, sl
10008b68:	f7f9 fcd6 	bl	10002518 <__wrap___aeabi_idiv>
10008b6c:	4653      	mov	r3, sl
10008b6e:	464a      	mov	r2, r9
10008b70:	4343      	muls	r3, r0
10008b72:	69e1      	ldr	r1, [r4, #28]
10008b74:	6a67      	ldr	r7, [r4, #36]	@ 0x24
10008b76:	9800      	ldr	r0, [sp, #0]
10008b78:	47b8      	blx	r7
10008b7a:	2800      	cmp	r0, #0
10008b7c:	dd13      	ble.n	10008ba6 <__sfvwrite_r+0x1c2>
10008b7e:	0007      	movs	r7, r0
10008b80:	4643      	mov	r3, r8
10008b82:	4642      	mov	r2, r8
10008b84:	689b      	ldr	r3, [r3, #8]
10008b86:	1bed      	subs	r5, r5, r7
10008b88:	1bdb      	subs	r3, r3, r7
10008b8a:	6093      	str	r3, [r2, #8]
10008b8c:	d100      	bne.n	10008b90 <__sfvwrite_r+0x1ac>
10008b8e:	e761      	b.n	10008a54 <__sfvwrite_r+0x70>
10008b90:	230c      	movs	r3, #12
10008b92:	5ee2      	ldrsh	r2, [r4, r3]
10008b94:	44b9      	add	r9, r7
10008b96:	6823      	ldr	r3, [r4, #0]
10008b98:	e77b      	b.n	10008a92 <__sfvwrite_r+0xae>
10008b9a:	0021      	movs	r1, r4
10008b9c:	9800      	ldr	r0, [sp, #0]
10008b9e:	f7ff fa81 	bl	100080a4 <_fflush_r>
10008ba2:	2800      	cmp	r0, #0
10008ba4:	d02b      	beq.n	10008bfe <__sfvwrite_r+0x21a>
10008ba6:	220c      	movs	r2, #12
10008ba8:	5ea3      	ldrsh	r3, [r4, r2]
10008baa:	2240      	movs	r2, #64	@ 0x40
10008bac:	4313      	orrs	r3, r2
10008bae:	81a3      	strh	r3, [r4, #12]
10008bb0:	2001      	movs	r0, #1
10008bb2:	4240      	negs	r0, r0
10008bb4:	e74f      	b.n	10008a56 <__sfvwrite_r+0x72>
10008bb6:	2300      	movs	r3, #0
10008bb8:	2700      	movs	r7, #0
10008bba:	46b1      	mov	r9, r6
10008bbc:	2000      	movs	r0, #0
10008bbe:	469a      	mov	sl, r3
10008bc0:	001e      	movs	r6, r3
10008bc2:	2f00      	cmp	r7, #0
10008bc4:	d025      	beq.n	10008c12 <__sfvwrite_r+0x22e>
10008bc6:	2800      	cmp	r0, #0
10008bc8:	d02b      	beq.n	10008c22 <__sfvwrite_r+0x23e>
10008bca:	0033      	movs	r3, r6
10008bcc:	46bb      	mov	fp, r7
10008bce:	429f      	cmp	r7, r3
10008bd0:	d900      	bls.n	10008bd4 <__sfvwrite_r+0x1f0>
10008bd2:	469b      	mov	fp, r3
10008bd4:	6820      	ldr	r0, [r4, #0]
10008bd6:	6922      	ldr	r2, [r4, #16]
10008bd8:	6963      	ldr	r3, [r4, #20]
10008bda:	4290      	cmp	r0, r2
10008bdc:	d903      	bls.n	10008be6 <__sfvwrite_r+0x202>
10008bde:	68a5      	ldr	r5, [r4, #8]
10008be0:	195d      	adds	r5, r3, r5
10008be2:	45ab      	cmp	fp, r5
10008be4:	dc4f      	bgt.n	10008c86 <__sfvwrite_r+0x2a2>
10008be6:	455b      	cmp	r3, fp
10008be8:	dc40      	bgt.n	10008c6c <__sfvwrite_r+0x288>
10008bea:	6a65      	ldr	r5, [r4, #36]	@ 0x24
10008bec:	4652      	mov	r2, sl
10008bee:	69e1      	ldr	r1, [r4, #28]
10008bf0:	9800      	ldr	r0, [sp, #0]
10008bf2:	47a8      	blx	r5
10008bf4:	1e05      	subs	r5, r0, #0
10008bf6:	ddd6      	ble.n	10008ba6 <__sfvwrite_r+0x1c2>
10008bf8:	2001      	movs	r0, #1
10008bfa:	1b76      	subs	r6, r6, r5
10008bfc:	d0cd      	beq.n	10008b9a <__sfvwrite_r+0x1b6>
10008bfe:	4643      	mov	r3, r8
10008c00:	4642      	mov	r2, r8
10008c02:	689b      	ldr	r3, [r3, #8]
10008c04:	1b5b      	subs	r3, r3, r5
10008c06:	6093      	str	r3, [r2, #8]
10008c08:	d100      	bne.n	10008c0c <__sfvwrite_r+0x228>
10008c0a:	e723      	b.n	10008a54 <__sfvwrite_r+0x70>
10008c0c:	44aa      	add	sl, r5
10008c0e:	1b7f      	subs	r7, r7, r5
10008c10:	d1d9      	bne.n	10008bc6 <__sfvwrite_r+0x1e2>
10008c12:	464b      	mov	r3, r9
10008c14:	2208      	movs	r2, #8
10008c16:	685f      	ldr	r7, [r3, #4]
10008c18:	4491      	add	r9, r2
10008c1a:	2f00      	cmp	r7, #0
10008c1c:	d0f9      	beq.n	10008c12 <__sfvwrite_r+0x22e>
10008c1e:	681b      	ldr	r3, [r3, #0]
10008c20:	469a      	mov	sl, r3
10008c22:	003a      	movs	r2, r7
10008c24:	210a      	movs	r1, #10
10008c26:	4650      	mov	r0, sl
10008c28:	f000 f9a2 	bl	10008f70 <__memchr_veneer>
10008c2c:	2800      	cmp	r0, #0
10008c2e:	d04a      	beq.n	10008cc6 <__sfvwrite_r+0x2e2>
10008c30:	4653      	mov	r3, sl
10008c32:	3001      	adds	r0, #1
10008c34:	1ac6      	subs	r6, r0, r3
10008c36:	e7c8      	b.n	10008bca <__sfvwrite_r+0x1e6>
10008c38:	42af      	cmp	r7, r5
10008c3a:	d900      	bls.n	10008c3e <__sfvwrite_r+0x25a>
10008c3c:	002f      	movs	r7, r5
10008c3e:	003a      	movs	r2, r7
10008c40:	0018      	movs	r0, r3
10008c42:	4649      	mov	r1, r9
10008c44:	f000 f9b4 	bl	10008fb0 <__memmove_veneer>
10008c48:	68a2      	ldr	r2, [r4, #8]
10008c4a:	6823      	ldr	r3, [r4, #0]
10008c4c:	1bd2      	subs	r2, r2, r7
10008c4e:	19db      	adds	r3, r3, r7
10008c50:	60a2      	str	r2, [r4, #8]
10008c52:	6023      	str	r3, [r4, #0]
10008c54:	2a00      	cmp	r2, #0
10008c56:	d193      	bne.n	10008b80 <__sfvwrite_r+0x19c>
10008c58:	0021      	movs	r1, r4
10008c5a:	9800      	ldr	r0, [sp, #0]
10008c5c:	f7ff fa22 	bl	100080a4 <_fflush_r>
10008c60:	2800      	cmp	r0, #0
10008c62:	d08d      	beq.n	10008b80 <__sfvwrite_r+0x19c>
10008c64:	e79f      	b.n	10008ba6 <__sfvwrite_r+0x1c2>
10008c66:	002f      	movs	r7, r5
10008c68:	46aa      	mov	sl, r5
10008c6a:	e750      	b.n	10008b0e <__sfvwrite_r+0x12a>
10008c6c:	465a      	mov	r2, fp
10008c6e:	4651      	mov	r1, sl
10008c70:	f000 f99e 	bl	10008fb0 <__memmove_veneer>
10008c74:	465a      	mov	r2, fp
10008c76:	68a3      	ldr	r3, [r4, #8]
10008c78:	465d      	mov	r5, fp
10008c7a:	1a9b      	subs	r3, r3, r2
10008c7c:	60a3      	str	r3, [r4, #8]
10008c7e:	6823      	ldr	r3, [r4, #0]
10008c80:	445b      	add	r3, fp
10008c82:	6023      	str	r3, [r4, #0]
10008c84:	e7b8      	b.n	10008bf8 <__sfvwrite_r+0x214>
10008c86:	4651      	mov	r1, sl
10008c88:	002a      	movs	r2, r5
10008c8a:	f000 f991 	bl	10008fb0 <__memmove_veneer>
10008c8e:	6823      	ldr	r3, [r4, #0]
10008c90:	0021      	movs	r1, r4
10008c92:	195b      	adds	r3, r3, r5
10008c94:	9800      	ldr	r0, [sp, #0]
10008c96:	6023      	str	r3, [r4, #0]
10008c98:	f7ff fa04 	bl	100080a4 <_fflush_r>
10008c9c:	2800      	cmp	r0, #0
10008c9e:	d0ab      	beq.n	10008bf8 <__sfvwrite_r+0x214>
10008ca0:	e781      	b.n	10008ba6 <__sfvwrite_r+0x1c2>
10008ca2:	0002      	movs	r2, r0
10008ca4:	9800      	ldr	r0, [sp, #0]
10008ca6:	f7fe ffc5 	bl	10007c34 <_realloc_r>
10008caa:	1e07      	subs	r7, r0, #0
10008cac:	d000      	beq.n	10008cb0 <__sfvwrite_r+0x2cc>
10008cae:	e724      	b.n	10008afa <__sfvwrite_r+0x116>
10008cb0:	9d00      	ldr	r5, [sp, #0]
10008cb2:	6921      	ldr	r1, [r4, #16]
10008cb4:	0028      	movs	r0, r5
10008cb6:	f7ff fd41 	bl	1000873c <_free_r>
10008cba:	2280      	movs	r2, #128	@ 0x80
10008cbc:	89a3      	ldrh	r3, [r4, #12]
10008cbe:	4393      	bics	r3, r2
10008cc0:	3a74      	subs	r2, #116	@ 0x74
10008cc2:	602a      	str	r2, [r5, #0]
10008cc4:	e771      	b.n	10008baa <__sfvwrite_r+0x1c6>
10008cc6:	1c7b      	adds	r3, r7, #1
10008cc8:	001e      	movs	r6, r3
10008cca:	e77f      	b.n	10008bcc <__sfvwrite_r+0x1e8>
10008ccc:	230c      	movs	r3, #12
10008cce:	9a00      	ldr	r2, [sp, #0]
10008cd0:	6013      	str	r3, [r2, #0]
10008cd2:	220c      	movs	r2, #12
10008cd4:	5ea3      	ldrsh	r3, [r4, r2]
10008cd6:	e768      	b.n	10008baa <__sfvwrite_r+0x1c6>
10008cd8:	7ffffc00 	.word	0x7ffffc00
10008cdc:	fffffb7f 	.word	0xfffffb7f
10008ce0:	7fffffff 	.word	0x7fffffff

10008ce4 <__swsetup_r>:
10008ce4:	4b33      	ldr	r3, [pc, #204]	@ (10008db4 <__swsetup_r+0xd0>)
10008ce6:	b570      	push	{r4, r5, r6, lr}
10008ce8:	0005      	movs	r5, r0
10008cea:	6818      	ldr	r0, [r3, #0]
10008cec:	000c      	movs	r4, r1
10008cee:	2800      	cmp	r0, #0
10008cf0:	d002      	beq.n	10008cf8 <__swsetup_r+0x14>
10008cf2:	6b43      	ldr	r3, [r0, #52]	@ 0x34
10008cf4:	2b00      	cmp	r3, #0
10008cf6:	d051      	beq.n	10008d9c <__swsetup_r+0xb8>
10008cf8:	220c      	movs	r2, #12
10008cfa:	5ea3      	ldrsh	r3, [r4, r2]
10008cfc:	071a      	lsls	r2, r3, #28
10008cfe:	d50f      	bpl.n	10008d20 <__swsetup_r+0x3c>
10008d00:	6922      	ldr	r2, [r4, #16]
10008d02:	2a00      	cmp	r2, #0
10008d04:	d016      	beq.n	10008d34 <__swsetup_r+0x50>
10008d06:	210c      	movs	r1, #12
10008d08:	5e63      	ldrsh	r3, [r4, r1]
10008d0a:	07d9      	lsls	r1, r3, #31
10008d0c:	d523      	bpl.n	10008d56 <__swsetup_r+0x72>
10008d0e:	2100      	movs	r1, #0
10008d10:	60a1      	str	r1, [r4, #8]
10008d12:	6961      	ldr	r1, [r4, #20]
10008d14:	2000      	movs	r0, #0
10008d16:	4249      	negs	r1, r1
10008d18:	61a1      	str	r1, [r4, #24]
10008d1a:	2a00      	cmp	r2, #0
10008d1c:	d023      	beq.n	10008d66 <__swsetup_r+0x82>
10008d1e:	bd70      	pop	{r4, r5, r6, pc}
10008d20:	06da      	lsls	r2, r3, #27
10008d22:	d53e      	bpl.n	10008da2 <__swsetup_r+0xbe>
10008d24:	075a      	lsls	r2, r3, #29
10008d26:	d424      	bmi.n	10008d72 <__swsetup_r+0x8e>
10008d28:	6922      	ldr	r2, [r4, #16]
10008d2a:	2108      	movs	r1, #8
10008d2c:	430b      	orrs	r3, r1
10008d2e:	81a3      	strh	r3, [r4, #12]
10008d30:	2a00      	cmp	r2, #0
10008d32:	d1e8      	bne.n	10008d06 <__swsetup_r+0x22>
10008d34:	20a0      	movs	r0, #160	@ 0xa0
10008d36:	2180      	movs	r1, #128	@ 0x80
10008d38:	89a3      	ldrh	r3, [r4, #12]
10008d3a:	0080      	lsls	r0, r0, #2
10008d3c:	0089      	lsls	r1, r1, #2
10008d3e:	4003      	ands	r3, r0
10008d40:	428b      	cmp	r3, r1
10008d42:	d0e0      	beq.n	10008d06 <__swsetup_r+0x22>
10008d44:	0021      	movs	r1, r4
10008d46:	0028      	movs	r0, r5
10008d48:	f000 f836 	bl	10008db8 <__smakebuf_r>
10008d4c:	210c      	movs	r1, #12
10008d4e:	5e63      	ldrsh	r3, [r4, r1]
10008d50:	6922      	ldr	r2, [r4, #16]
10008d52:	07d9      	lsls	r1, r3, #31
10008d54:	d4db      	bmi.n	10008d0e <__swsetup_r+0x2a>
10008d56:	2100      	movs	r1, #0
10008d58:	0798      	lsls	r0, r3, #30
10008d5a:	d400      	bmi.n	10008d5e <__swsetup_r+0x7a>
10008d5c:	6961      	ldr	r1, [r4, #20]
10008d5e:	2000      	movs	r0, #0
10008d60:	60a1      	str	r1, [r4, #8]
10008d62:	2a00      	cmp	r2, #0
10008d64:	d1db      	bne.n	10008d1e <__swsetup_r+0x3a>
10008d66:	061a      	lsls	r2, r3, #24
10008d68:	d5d9      	bpl.n	10008d1e <__swsetup_r+0x3a>
10008d6a:	2240      	movs	r2, #64	@ 0x40
10008d6c:	4313      	orrs	r3, r2
10008d6e:	81a3      	strh	r3, [r4, #12]
10008d70:	e01c      	b.n	10008dac <__swsetup_r+0xc8>
10008d72:	6b21      	ldr	r1, [r4, #48]	@ 0x30
10008d74:	2900      	cmp	r1, #0
10008d76:	d00a      	beq.n	10008d8e <__swsetup_r+0xaa>
10008d78:	0022      	movs	r2, r4
10008d7a:	3240      	adds	r2, #64	@ 0x40
10008d7c:	4291      	cmp	r1, r2
10008d7e:	d004      	beq.n	10008d8a <__swsetup_r+0xa6>
10008d80:	0028      	movs	r0, r5
10008d82:	f7ff fcdb 	bl	1000873c <_free_r>
10008d86:	220c      	movs	r2, #12
10008d88:	5ea3      	ldrsh	r3, [r4, r2]
10008d8a:	2200      	movs	r2, #0
10008d8c:	6322      	str	r2, [r4, #48]	@ 0x30
10008d8e:	2224      	movs	r2, #36	@ 0x24
10008d90:	4393      	bics	r3, r2
10008d92:	2200      	movs	r2, #0
10008d94:	6062      	str	r2, [r4, #4]
10008d96:	6922      	ldr	r2, [r4, #16]
10008d98:	6022      	str	r2, [r4, #0]
10008d9a:	e7c6      	b.n	10008d2a <__swsetup_r+0x46>
10008d9c:	f7ff faa8 	bl	100082f0 <__sinit>
10008da0:	e7aa      	b.n	10008cf8 <__swsetup_r+0x14>
10008da2:	2209      	movs	r2, #9
10008da4:	602a      	str	r2, [r5, #0]
10008da6:	2240      	movs	r2, #64	@ 0x40
10008da8:	4313      	orrs	r3, r2
10008daa:	81a3      	strh	r3, [r4, #12]
10008dac:	2001      	movs	r0, #1
10008dae:	4240      	negs	r0, r0
10008db0:	e7b5      	b.n	10008d1e <__swsetup_r+0x3a>
10008db2:	46c0      	nop			@ (mov r8, r8)
10008db4:	200015cc 	.word	0x200015cc

10008db8 <__smakebuf_r>:
10008db8:	b570      	push	{r4, r5, r6, lr}
10008dba:	230c      	movs	r3, #12
10008dbc:	5eca      	ldrsh	r2, [r1, r3]
10008dbe:	0005      	movs	r5, r0
10008dc0:	000c      	movs	r4, r1
10008dc2:	b096      	sub	sp, #88	@ 0x58
10008dc4:	0793      	lsls	r3, r2, #30
10008dc6:	d507      	bpl.n	10008dd8 <__smakebuf_r+0x20>
10008dc8:	0023      	movs	r3, r4
10008dca:	3343      	adds	r3, #67	@ 0x43
10008dcc:	6023      	str	r3, [r4, #0]
10008dce:	6123      	str	r3, [r4, #16]
10008dd0:	2301      	movs	r3, #1
10008dd2:	6163      	str	r3, [r4, #20]
10008dd4:	b016      	add	sp, #88	@ 0x58
10008dd6:	bd70      	pop	{r4, r5, r6, pc}
10008dd8:	230e      	movs	r3, #14
10008dda:	5ec9      	ldrsh	r1, [r1, r3]
10008ddc:	2900      	cmp	r1, #0
10008dde:	db31      	blt.n	10008e44 <__smakebuf_r+0x8c>
10008de0:	466a      	mov	r2, sp
10008de2:	f000 f855 	bl	10008e90 <_fstat_r>
10008de6:	2800      	cmp	r0, #0
10008de8:	db2a      	blt.n	10008e40 <__smakebuf_r+0x88>
10008dea:	2180      	movs	r1, #128	@ 0x80
10008dec:	0028      	movs	r0, r5
10008dee:	00c9      	lsls	r1, r1, #3
10008df0:	9e01      	ldr	r6, [sp, #4]
10008df2:	f7fe fc5d 	bl	100076b0 <_malloc_r>
10008df6:	220c      	movs	r2, #12
10008df8:	5ea3      	ldrsh	r3, [r4, r2]
10008dfa:	2800      	cmp	r0, #0
10008dfc:	d03d      	beq.n	10008e7a <__smakebuf_r+0xc2>
10008dfe:	2280      	movs	r2, #128	@ 0x80
10008e00:	4313      	orrs	r3, r2
10008e02:	2280      	movs	r2, #128	@ 0x80
10008e04:	00d2      	lsls	r2, r2, #3
10008e06:	6162      	str	r2, [r4, #20]
10008e08:	22f0      	movs	r2, #240	@ 0xf0
10008e0a:	0031      	movs	r1, r6
10008e0c:	0212      	lsls	r2, r2, #8
10008e0e:	4011      	ands	r1, r2
10008e10:	000a      	movs	r2, r1
10008e12:	2180      	movs	r1, #128	@ 0x80
10008e14:	81a3      	strh	r3, [r4, #12]
10008e16:	6020      	str	r0, [r4, #0]
10008e18:	6120      	str	r0, [r4, #16]
10008e1a:	0189      	lsls	r1, r1, #6
10008e1c:	428a      	cmp	r2, r1
10008e1e:	d134      	bne.n	10008e8a <__smakebuf_r+0xd2>
10008e20:	230e      	movs	r3, #14
10008e22:	5ee1      	ldrsh	r1, [r4, r3]
10008e24:	0028      	movs	r0, r5
10008e26:	f000 f847 	bl	10008eb8 <_isatty_r>
10008e2a:	220c      	movs	r2, #12
10008e2c:	5ea3      	ldrsh	r3, [r4, r2]
10008e2e:	2800      	cmp	r0, #0
10008e30:	d02b      	beq.n	10008e8a <__smakebuf_r+0xd2>
10008e32:	2203      	movs	r2, #3
10008e34:	4393      	bics	r3, r2
10008e36:	2201      	movs	r2, #1
10008e38:	4313      	orrs	r3, r2
10008e3a:	2280      	movs	r2, #128	@ 0x80
10008e3c:	0112      	lsls	r2, r2, #4
10008e3e:	e019      	b.n	10008e74 <__smakebuf_r+0xbc>
10008e40:	230c      	movs	r3, #12
10008e42:	5ee2      	ldrsh	r2, [r4, r3]
10008e44:	2380      	movs	r3, #128	@ 0x80
10008e46:	4013      	ands	r3, r2
10008e48:	425a      	negs	r2, r3
10008e4a:	4153      	adcs	r3, r2
10008e4c:	22f0      	movs	r2, #240	@ 0xf0
10008e4e:	425b      	negs	r3, r3
10008e50:	0092      	lsls	r2, r2, #2
10008e52:	4013      	ands	r3, r2
10008e54:	3340      	adds	r3, #64	@ 0x40
10008e56:	0019      	movs	r1, r3
10008e58:	0028      	movs	r0, r5
10008e5a:	001e      	movs	r6, r3
10008e5c:	f7fe fc28 	bl	100076b0 <_malloc_r>
10008e60:	220c      	movs	r2, #12
10008e62:	5ea3      	ldrsh	r3, [r4, r2]
10008e64:	2800      	cmp	r0, #0
10008e66:	d008      	beq.n	10008e7a <__smakebuf_r+0xc2>
10008e68:	2280      	movs	r2, #128	@ 0x80
10008e6a:	4313      	orrs	r3, r2
10008e6c:	2200      	movs	r2, #0
10008e6e:	6020      	str	r0, [r4, #0]
10008e70:	6120      	str	r0, [r4, #16]
10008e72:	6166      	str	r6, [r4, #20]
10008e74:	4313      	orrs	r3, r2
10008e76:	81a3      	strh	r3, [r4, #12]
10008e78:	e7ac      	b.n	10008dd4 <__smakebuf_r+0x1c>
10008e7a:	059a      	lsls	r2, r3, #22
10008e7c:	d4aa      	bmi.n	10008dd4 <__smakebuf_r+0x1c>
10008e7e:	2203      	movs	r2, #3
10008e80:	4393      	bics	r3, r2
10008e82:	2202      	movs	r2, #2
10008e84:	4313      	orrs	r3, r2
10008e86:	81a3      	strh	r3, [r4, #12]
10008e88:	e79e      	b.n	10008dc8 <__smakebuf_r+0x10>
10008e8a:	2280      	movs	r2, #128	@ 0x80
10008e8c:	0112      	lsls	r2, r2, #4
10008e8e:	e7f1      	b.n	10008e74 <__smakebuf_r+0xbc>

10008e90 <_fstat_r>:
10008e90:	2300      	movs	r3, #0
10008e92:	b570      	push	{r4, r5, r6, lr}
10008e94:	4c07      	ldr	r4, [pc, #28]	@ (10008eb4 <_fstat_r+0x24>)
10008e96:	0005      	movs	r5, r0
10008e98:	0008      	movs	r0, r1
10008e9a:	0011      	movs	r1, r2
10008e9c:	6023      	str	r3, [r4, #0]
10008e9e:	f7fb fe05 	bl	10004aac <_fstat>
10008ea2:	1c43      	adds	r3, r0, #1
10008ea4:	d000      	beq.n	10008ea8 <_fstat_r+0x18>
10008ea6:	bd70      	pop	{r4, r5, r6, pc}
10008ea8:	6823      	ldr	r3, [r4, #0]
10008eaa:	2b00      	cmp	r3, #0
10008eac:	d0fb      	beq.n	10008ea6 <_fstat_r+0x16>
10008eae:	602b      	str	r3, [r5, #0]
10008eb0:	e7f9      	b.n	10008ea6 <_fstat_r+0x16>
10008eb2:	46c0      	nop			@ (mov r8, r8)
10008eb4:	20012948 	.word	0x20012948

10008eb8 <_isatty_r>:
10008eb8:	2300      	movs	r3, #0
10008eba:	b570      	push	{r4, r5, r6, lr}
10008ebc:	4c06      	ldr	r4, [pc, #24]	@ (10008ed8 <_isatty_r+0x20>)
10008ebe:	0005      	movs	r5, r0
10008ec0:	0008      	movs	r0, r1
10008ec2:	6023      	str	r3, [r4, #0]
10008ec4:	f7fb fdf6 	bl	10004ab4 <_isatty>
10008ec8:	1c43      	adds	r3, r0, #1
10008eca:	d000      	beq.n	10008ece <_isatty_r+0x16>
10008ecc:	bd70      	pop	{r4, r5, r6, pc}
10008ece:	6823      	ldr	r3, [r4, #0]
10008ed0:	2b00      	cmp	r3, #0
10008ed2:	d0fb      	beq.n	10008ecc <_isatty_r+0x14>
10008ed4:	602b      	str	r3, [r5, #0]
10008ed6:	e7f9      	b.n	10008ecc <_isatty_r+0x14>
10008ed8:	20012948 	.word	0x20012948
10008edc:	00000000 	.word	0x00000000

10008ee0 <__mutex_try_enter_veneer>:
10008ee0:	b401      	push	{r0}
10008ee2:	4802      	ldr	r0, [pc, #8]	@ (10008eec <__mutex_try_enter_veneer+0xc>)
10008ee4:	4684      	mov	ip, r0
10008ee6:	bc01      	pop	{r0}
10008ee8:	4760      	bx	ip
10008eea:	bf00      	nop
10008eec:	200000c1 	.word	0x200000c1

10008ef0 <__mutex_try_enter_block_until_veneer>:
10008ef0:	b401      	push	{r0}
10008ef2:	4802      	ldr	r0, [pc, #8]	@ (10008efc <__mutex_try_enter_block_until_veneer+0xc>)
10008ef4:	4684      	mov	ip, r0
10008ef6:	bc01      	pop	{r0}
10008ef8:	4760      	bx	ip
10008efa:	bf00      	nop
10008efc:	20000165 	.word	0x20000165

10008f00 <__e15_is_bulkin_ep_veneer>:
10008f00:	b401      	push	{r0}
10008f02:	4802      	ldr	r0, [pc, #8]	@ (10008f0c <__e15_is_bulkin_ep_veneer+0xc>)
10008f04:	4684      	mov	ip, r0
10008f06:	bc01      	pop	{r0}
10008f08:	4760      	bx	ip
10008f0a:	bf00      	nop
10008f0c:	20000b89 	.word	0x20000b89

10008f10 <__mutex_exit_veneer>:
10008f10:	b401      	push	{r0}
10008f12:	4802      	ldr	r0, [pc, #8]	@ (10008f1c <__mutex_exit_veneer+0xc>)
10008f14:	4684      	mov	ip, r0
10008f16:	bc01      	pop	{r0}
10008f18:	4760      	bx	ip
10008f1a:	bf00      	nop
10008f1c:	200001d5 	.word	0x200001d5

10008f20 <__flash_do_cmd_cs_veneer>:
10008f20:	b401      	push	{r0}
10008f22:	4802      	ldr	r0, [pc, #8]	@ (10008f2c <__flash_do_cmd_cs_veneer+0xc>)
10008f24:	4684      	mov	ip, r0
10008f26:	bc01      	pop	{r0}
10008f28:	4760      	bx	ip
10008f2a:	bf00      	nop
10008f2c:	20000289 	.word	0x20000289

10008f30 <__hw_endpoint_start_next_buffer_veneer>:
10008f30:	b401      	push	{r0}
10008f32:	4802      	ldr	r0, [pc, #8]	@ (10008f3c <__hw_endpoint_start_next_buffer_veneer+0xc>)
10008f34:	4684      	mov	ip, r0
10008f36:	bc01      	pop	{r0}
10008f38:	4760      	bx	ip
10008f3a:	bf00      	nop
10008f3c:	20000c3d 	.word	0x20000c3d

10008f40 <____aeabi_idiv0_veneer>:
10008f40:	b401      	push	{r0}
10008f42:	4802      	ldr	r0, [pc, #8]	@ (10008f4c <____aeabi_idiv0_veneer+0xc>)
10008f44:	4684      	mov	ip, r0
10008f46:	bc01      	pop	{r0}
10008f48:	4760      	bx	ip
10008f4a:	bf00      	nop
10008f4c:	20000eb9 	.word	0x20000eb9

10008f50 <____aeabi_ldiv0_veneer>:
10008f50:	b401      	push	{r0}
10008f52:	4802      	ldr	r0, [pc, #8]	@ (10008f5c <____aeabi_ldiv0_veneer+0xc>)
10008f54:	4684      	mov	ip, r0
10008f56:	bc01      	pop	{r0}
10008f58:	4760      	bx	ip
10008f5a:	bf00      	nop
10008f5c:	20000eb9 	.word	0x20000eb9

10008f60 <__e15_is_critical_frame_period_veneer>:
10008f60:	b401      	push	{r0}
10008f62:	4802      	ldr	r0, [pc, #8]	@ (10008f6c <__e15_is_critical_frame_period_veneer+0xc>)
10008f64:	4684      	mov	ip, r0
10008f66:	bc01      	pop	{r0}
10008f68:	4760      	bx	ip
10008f6a:	bf00      	nop
10008f6c:	20000bb1 	.word	0x20000bb1

10008f70 <__memchr_veneer>:
10008f70:	b401      	push	{r0}
10008f72:	4802      	ldr	r0, [pc, #8]	@ (10008f7c <__memchr_veneer+0xc>)
10008f74:	4684      	mov	ip, r0
10008f76:	bc01      	pop	{r0}
10008f78:	4760      	bx	ip
10008f7a:	bf00      	nop
10008f7c:	20000fc1 	.word	0x20000fc1

10008f80 <__reset_non_control_endpoints_veneer>:
10008f80:	b401      	push	{r0}
10008f82:	4802      	ldr	r0, [pc, #8]	@ (10008f8c <__reset_non_control_endpoints_veneer+0xc>)
10008f84:	4684      	mov	ip, r0
10008f86:	bc01      	pop	{r0}
10008f88:	4760      	bx	ip
10008f8a:	bf00      	nop
10008f8c:	200003d1 	.word	0x200003d1

10008f90 <__mutex_enter_timeout_ms_veneer>:
10008f90:	b401      	push	{r0}
10008f92:	4802      	ldr	r0, [pc, #8]	@ (10008f9c <__mutex_enter_timeout_ms_veneer+0xc>)
10008f94:	4684      	mov	ip, r0
10008f96:	bc01      	pop	{r0}
10008f98:	4760      	bx	ip
10008f9a:	bf00      	nop
10008f9c:	20000199 	.word	0x20000199

10008fa0 <___hw_endpoint_buffer_control_update32_veneer>:
10008fa0:	b401      	push	{r0}
10008fa2:	4802      	ldr	r0, [pc, #8]	@ (10008fac <___hw_endpoint_buffer_control_update32_veneer+0xc>)
10008fa4:	4684      	mov	ip, r0
10008fa6:	bc01      	pop	{r0}
10008fa8:	4760      	bx	ip
10008faa:	bf00      	nop
10008fac:	20000bed 	.word	0x20000bed

10008fb0 <__memmove_veneer>:
10008fb0:	b401      	push	{r0}
10008fb2:	4802      	ldr	r0, [pc, #8]	@ (10008fbc <__memmove_veneer+0xc>)
10008fb4:	4684      	mov	ip, r0
10008fb6:	bc01      	pop	{r0}
10008fb8:	4760      	bx	ip
10008fba:	bf00      	nop
10008fbc:	20000ebd 	.word	0x20000ebd

10008fc0 <__pre_init_runtime_init_early_resets>:
10008fc0:	100022f9                                ."..

10008fc4 <__pre_init_runtime_init_usb_power_down>:
10008fc4:	10002325 10002509 10003279 10002bad     %#...%..y2...+..
10008fd4:	100031e5                                .1..

10008fd8 <__pre_init_runtime_init_clocks>:
10008fd8:	10002431                                1$..

10008fdc <__pre_init_runtime_init_post_clock_resets>:
10008fdc:	10002341                                A#..

10008fe0 <__pre_init_runtime_init_rp2040_gpio_ie_disable>:
10008fe0:	10002361                                a#..

10008fe4 <__pre_init_runtime_init_spin_locks_reset>:
10008fe4:	10002375                                u#..

10008fe8 <__pre_init_runtime_init_mutex>:
10008fe8:	10000fc1                                ....

10008fec <__pre_init_runtime_init_install_ram_vector_table>:
10008fec:	1000237d                                }#..

10008ff0 <__pre_init_runtime_init_default_alarm_pool>:
10008ff0:	10001381                                ....

10008ff4 <__pre_init_first_per_core_initializer>:
10008ff4:	100022c1                                ."..

10008ff8 <__pre_init_runtime_init_per_core_irq_priorities>:
10008ff8:	10000a41                                A...

10008ffc <__init_array_start>:
10008ffc:	1000564d 	.word	0x1000564d

Disassembly of section .data:

200000c0 <mutex_try_enter>:
200000c0:	0003      	movs	r3, r0
200000c2:	6800      	ldr	r0, [r0, #0]
200000c4:	f3ef 8c10 	mrs	ip, PRIMASK
200000c8:	b672      	cpsid	i
200000ca:	6802      	ldr	r2, [r0, #0]
200000cc:	2a00      	cmp	r2, #0
200000ce:	d0fc      	beq.n	200000ca <mutex_try_enter+0xa>
200000d0:	f3bf 8f5f 	dmb	sy
200000d4:	2204      	movs	r2, #4
200000d6:	569a      	ldrsb	r2, [r3, r2]
200000d8:	2a00      	cmp	r2, #0
200000da:	db0b      	blt.n	200000f4 <mutex_try_enter+0x34>
200000dc:	2900      	cmp	r1, #0
200000de:	d000      	beq.n	200000e2 <mutex_try_enter+0x22>
200000e0:	600a      	str	r2, [r1, #0]
200000e2:	2000      	movs	r0, #0
200000e4:	681b      	ldr	r3, [r3, #0]
200000e6:	f3bf 8f5f 	dmb	sy
200000ea:	2200      	movs	r2, #0
200000ec:	601a      	str	r2, [r3, #0]
200000ee:	f38c 8810 	msr	PRIMASK, ip
200000f2:	4770      	bx	lr
200000f4:	22d0      	movs	r2, #208	@ 0xd0
200000f6:	0612      	lsls	r2, r2, #24
200000f8:	6812      	ldr	r2, [r2, #0]
200000fa:	2001      	movs	r0, #1
200000fc:	711a      	strb	r2, [r3, #4]
200000fe:	e7f1      	b.n	200000e4 <mutex_try_enter+0x24>

20000100 <mutex_enter_block_until>:
20000100:	b5f0      	push	{r4, r5, r6, r7, lr}
20000102:	001f      	movs	r7, r3
20000104:	23d0      	movs	r3, #208	@ 0xd0
20000106:	46c6      	mov	lr, r8
20000108:	061b      	lsls	r3, r3, #24
2000010a:	681b      	ldr	r3, [r3, #0]
2000010c:	0004      	movs	r4, r0
2000010e:	0016      	movs	r6, r2
20000110:	4698      	mov	r8, r3
20000112:	2500      	movs	r5, #0
20000114:	b500      	push	{lr}
20000116:	e00a      	b.n	2000012e <mutex_enter_block_until+0x2e>
20000118:	f3bf 8f5f 	dmb	sy
2000011c:	6015      	str	r5, [r2, #0]
2000011e:	f381 8810 	msr	PRIMASK, r1
20000122:	0030      	movs	r0, r6
20000124:	0039      	movs	r1, r7
20000126:	f000 ffa3 	bl	20001070 <__best_effort_wfe_or_timeout_veneer>
2000012a:	2800      	cmp	r0, #0
2000012c:	d118      	bne.n	20000160 <mutex_enter_block_until+0x60>
2000012e:	6822      	ldr	r2, [r4, #0]
20000130:	f3ef 8110 	mrs	r1, PRIMASK
20000134:	b672      	cpsid	i
20000136:	6813      	ldr	r3, [r2, #0]
20000138:	2b00      	cmp	r3, #0
2000013a:	d0fc      	beq.n	20000136 <mutex_enter_block_until+0x36>
2000013c:	f3bf 8f5f 	dmb	sy
20000140:	7923      	ldrb	r3, [r4, #4]
20000142:	6822      	ldr	r2, [r4, #0]
20000144:	2b7f      	cmp	r3, #127	@ 0x7f
20000146:	d9e7      	bls.n	20000118 <mutex_enter_block_until+0x18>
20000148:	4643      	mov	r3, r8
2000014a:	7123      	strb	r3, [r4, #4]
2000014c:	f3bf 8f5f 	dmb	sy
20000150:	2300      	movs	r3, #0
20000152:	6013      	str	r3, [r2, #0]
20000154:	f381 8810 	msr	PRIMASK, r1
20000158:	2001      	movs	r0, #1
2000015a:	bc80      	pop	{r7}
2000015c:	46b8      	mov	r8, r7
2000015e:	bdf0      	pop	{r4, r5, r6, r7, pc}
20000160:	2000      	movs	r0, #0
20000162:	e7fa      	b.n	2000015a <mutex_enter_block_until+0x5a>

20000164 <mutex_try_enter_block_until>:
20000164:	b570      	push	{r4, r5, r6, lr}
20000166:	b082      	sub	sp, #8
20000168:	a901      	add	r1, sp, #4
2000016a:	0006      	movs	r6, r0
2000016c:	0014      	movs	r4, r2
2000016e:	001d      	movs	r5, r3
20000170:	f7ff ffa6 	bl	200000c0 <mutex_try_enter>
20000174:	2800      	cmp	r0, #0
20000176:	d107      	bne.n	20000188 <mutex_try_enter_block_until+0x24>
20000178:	22d0      	movs	r2, #208	@ 0xd0
2000017a:	0612      	lsls	r2, r2, #24
2000017c:	9b01      	ldr	r3, [sp, #4]
2000017e:	7812      	ldrb	r2, [r2, #0]
20000180:	b25b      	sxtb	r3, r3
20000182:	b252      	sxtb	r2, r2
20000184:	4293      	cmp	r3, r2
20000186:	d101      	bne.n	2000018c <mutex_try_enter_block_until+0x28>
20000188:	b002      	add	sp, #8
2000018a:	bd70      	pop	{r4, r5, r6, pc}
2000018c:	0022      	movs	r2, r4
2000018e:	002b      	movs	r3, r5
20000190:	0030      	movs	r0, r6
20000192:	f7ff ffb5 	bl	20000100 <mutex_enter_block_until>
20000196:	e7f7      	b.n	20000188 <mutex_try_enter_block_until+0x24>

20000198 <mutex_enter_timeout_ms>:
20000198:	b5f8      	push	{r3, r4, r5, r6, r7, lr}
2000019a:	000e      	movs	r6, r1
2000019c:	0007      	movs	r7, r0
2000019e:	f000 ff4f 	bl	20001040 <__time_us_64_veneer>
200001a2:	22fa      	movs	r2, #250	@ 0xfa
200001a4:	0004      	movs	r4, r0
200001a6:	000d      	movs	r5, r1
200001a8:	2300      	movs	r3, #0
200001aa:	0092      	lsls	r2, r2, #2
200001ac:	0030      	movs	r0, r6
200001ae:	2100      	movs	r1, #0
200001b0:	f000 ff6e 	bl	20001090 <____wrap___aeabi_lmul_veneer>
200001b4:	0022      	movs	r2, r4
200001b6:	002b      	movs	r3, r5
200001b8:	1812      	adds	r2, r2, r0
200001ba:	414b      	adcs	r3, r1
200001bc:	2b00      	cmp	r3, #0
200001be:	da02      	bge.n	200001c6 <mutex_enter_timeout_ms+0x2e>
200001c0:	2201      	movs	r2, #1
200001c2:	4b03      	ldr	r3, [pc, #12]	@ (200001d0 <mutex_enter_timeout_ms+0x38>)
200001c4:	4252      	negs	r2, r2
200001c6:	0038      	movs	r0, r7
200001c8:	f7ff ff9a 	bl	20000100 <mutex_enter_block_until>
200001cc:	bdf8      	pop	{r3, r4, r5, r6, r7, pc}
200001ce:	46c0      	nop			@ (mov r8, r8)
200001d0:	7fffffff 	.word	0x7fffffff

200001d4 <mutex_exit>:
200001d4:	6802      	ldr	r2, [r0, #0]
200001d6:	f3ef 8110 	mrs	r1, PRIMASK
200001da:	b672      	cpsid	i
200001dc:	6813      	ldr	r3, [r2, #0]
200001de:	2b00      	cmp	r3, #0
200001e0:	d0fc      	beq.n	200001dc <mutex_exit+0x8>
200001e2:	f3bf 8f5f 	dmb	sy
200001e6:	23ff      	movs	r3, #255	@ 0xff
200001e8:	7103      	strb	r3, [r0, #4]
200001ea:	6803      	ldr	r3, [r0, #0]
200001ec:	f3bf 8f5f 	dmb	sy
200001f0:	2200      	movs	r2, #0
200001f2:	601a      	str	r2, [r3, #0]
200001f4:	f381 8810 	msr	PRIMASK, r1
200001f8:	bf40      	sev
200001fa:	4770      	bx	lr

200001fc <flash_init_boot2_copyout>:
200001fc:	4b08      	ldr	r3, [pc, #32]	@ (20000220 <flash_init_boot2_copyout+0x24>)
200001fe:	469c      	mov	ip, r3
20000200:	781b      	ldrb	r3, [r3, #0]
20000202:	2b00      	cmp	r3, #0
20000204:	d10b      	bne.n	2000021e <flash_init_boot2_copyout+0x22>
20000206:	2380      	movs	r3, #128	@ 0x80
20000208:	4806      	ldr	r0, [pc, #24]	@ (20000224 <flash_init_boot2_copyout+0x28>)
2000020a:	4907      	ldr	r1, [pc, #28]	@ (20000228 <flash_init_boot2_copyout+0x2c>)
2000020c:	055b      	lsls	r3, r3, #21
2000020e:	681a      	ldr	r2, [r3, #0]
20000210:	50c2      	str	r2, [r0, r3]
20000212:	3304      	adds	r3, #4
20000214:	428b      	cmp	r3, r1
20000216:	d1fa      	bne.n	2000020e <flash_init_boot2_copyout+0x12>
20000218:	2301      	movs	r3, #1
2000021a:	4662      	mov	r2, ip
2000021c:	7013      	strb	r3, [r2, #0]
2000021e:	4770      	bx	lr
20000220:	20012dbf 	.word	0x20012dbf
20000224:	100127d4 	.word	0x100127d4
20000228:	10000100 	.word	0x10000100

2000022c <flash_enable_xip_via_boot2>:
2000022c:	b510      	push	{r4, lr}
2000022e:	4b01      	ldr	r3, [pc, #4]	@ (20000234 <flash_enable_xip_via_boot2+0x8>)
20000230:	4798      	blx	r3
20000232:	bd10      	pop	{r4, pc}
20000234:	200127d5 	.word	0x200127d5

20000238 <flash_save_hardware_state>:
20000238:	4b08      	ldr	r3, [pc, #32]	@ (2000025c <flash_save_hardware_state+0x24>)
2000023a:	685a      	ldr	r2, [r3, #4]
2000023c:	6042      	str	r2, [r0, #4]
2000023e:	689a      	ldr	r2, [r3, #8]
20000240:	6082      	str	r2, [r0, #8]
20000242:	68da      	ldr	r2, [r3, #12]
20000244:	60c2      	str	r2, [r0, #12]
20000246:	691a      	ldr	r2, [r3, #16]
20000248:	6102      	str	r2, [r0, #16]
2000024a:	695a      	ldr	r2, [r3, #20]
2000024c:	6142      	str	r2, [r0, #20]
2000024e:	699b      	ldr	r3, [r3, #24]
20000250:	6183      	str	r3, [r0, #24]
20000252:	23a0      	movs	r3, #160	@ 0xa0
20000254:	055b      	lsls	r3, r3, #21
20000256:	681b      	ldr	r3, [r3, #0]
20000258:	6003      	str	r3, [r0, #0]
2000025a:	4770      	bx	lr
2000025c:	40020000 	.word	0x40020000

20000260 <flash_restore_hardware_state>:
20000260:	6842      	ldr	r2, [r0, #4]
20000262:	4b08      	ldr	r3, [pc, #32]	@ (20000284 <flash_restore_hardware_state+0x24>)
20000264:	605a      	str	r2, [r3, #4]
20000266:	6882      	ldr	r2, [r0, #8]
20000268:	609a      	str	r2, [r3, #8]
2000026a:	68c2      	ldr	r2, [r0, #12]
2000026c:	60da      	str	r2, [r3, #12]
2000026e:	6902      	ldr	r2, [r0, #16]
20000270:	611a      	str	r2, [r3, #16]
20000272:	6942      	ldr	r2, [r0, #20]
20000274:	615a      	str	r2, [r3, #20]
20000276:	6982      	ldr	r2, [r0, #24]
20000278:	619a      	str	r2, [r3, #24]
2000027a:	23a0      	movs	r3, #160	@ 0xa0
2000027c:	6802      	ldr	r2, [r0, #0]
2000027e:	055b      	lsls	r3, r3, #21
20000280:	601a      	str	r2, [r3, #0]
20000282:	4770      	bx	lr
20000284:	40020000 	.word	0x40020000

20000288 <flash_do_cmd_cs>:
20000288:	b5f0      	push	{r4, r5, r6, r7, lr}
2000028a:	46d6      	mov	lr, sl
2000028c:	464f      	mov	r7, r9
2000028e:	4646      	mov	r6, r8
20000290:	2300      	movs	r3, #0
20000292:	b5c0      	push	{r6, r7, lr}
20000294:	2718      	movs	r7, #24
20000296:	b088      	sub	sp, #32
20000298:	001e      	movs	r6, r3
2000029a:	4681      	mov	r9, r0
2000029c:	000d      	movs	r5, r1
2000029e:	8a98      	ldrh	r0, [r3, #20]
200002a0:	4946      	ldr	r1, [pc, #280]	@ (200003bc <flash_do_cmd_cs+0x134>)
200002a2:	883b      	ldrh	r3, [r7, #0]
200002a4:	0014      	movs	r4, r2
200002a6:	4798      	blx	r3
200002a8:	883b      	ldrh	r3, [r7, #0]
200002aa:	4680      	mov	r8, r0
200002ac:	4944      	ldr	r1, [pc, #272]	@ (200003c0 <flash_do_cmd_cs+0x138>)
200002ae:	8ab0      	ldrh	r0, [r6, #20]
200002b0:	4798      	blx	r3
200002b2:	2300      	movs	r3, #0
200002b4:	4943      	ldr	r1, [pc, #268]	@ (200003c4 <flash_do_cmd_cs+0x13c>)
200002b6:	0006      	movs	r6, r0
200002b8:	8a98      	ldrh	r0, [r3, #20]
200002ba:	883b      	ldrh	r3, [r7, #0]
200002bc:	4798      	blx	r3
200002be:	4682      	mov	sl, r0
200002c0:	f7ff ff9c 	bl	200001fc <flash_init_boot2_copyout>
200002c4:	a801      	add	r0, sp, #4
200002c6:	f7ff ffb7 	bl	20000238 <flash_save_hardware_state>
200002ca:	47c0      	blx	r8
200002cc:	47b0      	blx	r6
200002ce:	4b3e      	ldr	r3, [pc, #248]	@ (200003c8 <flash_do_cmd_cs+0x140>)
200002d0:	0021      	movs	r1, r4
200002d2:	681a      	ldr	r2, [r3, #0]
200002d4:	2380      	movs	r3, #128	@ 0x80
200002d6:	009b      	lsls	r3, r3, #2
200002d8:	4053      	eors	r3, r2
200002da:	22c0      	movs	r2, #192	@ 0xc0
200002dc:	0092      	lsls	r2, r2, #2
200002de:	4013      	ands	r3, r2
200002e0:	4a3a      	ldr	r2, [pc, #232]	@ (200003cc <flash_do_cmd_cs+0x144>)
200002e2:	6013      	str	r3, [r2, #0]
200002e4:	2c00      	cmp	r4, #0
200002e6:	d01c      	beq.n	20000322 <flash_do_cmd_cs+0x9a>
200002e8:	2308      	movs	r3, #8
200002ea:	20c0      	movs	r0, #192	@ 0xc0
200002ec:	469c      	mov	ip, r3
200002ee:	0540      	lsls	r0, r0, #21
200002f0:	3f16      	subs	r7, #22
200002f2:	4662      	mov	r2, ip
200002f4:	6a83      	ldr	r3, [r0, #40]	@ 0x28
200002f6:	401a      	ands	r2, r3
200002f8:	421f      	tst	r7, r3
200002fa:	d039      	beq.n	20000370 <flash_do_cmd_cs+0xe8>
200002fc:	1a63      	subs	r3, r4, r1
200002fe:	2900      	cmp	r1, #0
20000300:	d12b      	bne.n	2000035a <flash_do_cmd_cs+0xd2>
20000302:	2a00      	cmp	r2, #0
20000304:	d10b      	bne.n	2000031e <flash_do_cmd_cs+0x96>
20000306:	2c00      	cmp	r4, #0
20000308:	d00b      	beq.n	20000322 <flash_do_cmd_cs+0x9a>
2000030a:	23c0      	movs	r3, #192	@ 0xc0
2000030c:	2208      	movs	r2, #8
2000030e:	2602      	movs	r6, #2
20000310:	055b      	lsls	r3, r3, #21
20000312:	6a9b      	ldr	r3, [r3, #40]	@ 0x28
20000314:	401a      	ands	r2, r3
20000316:	421e      	tst	r6, r3
20000318:	d042      	beq.n	200003a0 <flash_do_cmd_cs+0x118>
2000031a:	2a00      	cmp	r2, #0
2000031c:	d0f5      	beq.n	2000030a <flash_do_cmd_cs+0x82>
2000031e:	2c00      	cmp	r4, #0
20000320:	d130      	bne.n	20000384 <flash_do_cmd_cs+0xfc>
20000322:	4b29      	ldr	r3, [pc, #164]	@ (200003c8 <flash_do_cmd_cs+0x140>)
20000324:	681a      	ldr	r2, [r3, #0]
20000326:	23c0      	movs	r3, #192	@ 0xc0
20000328:	009b      	lsls	r3, r3, #2
2000032a:	4393      	bics	r3, r2
2000032c:	4a27      	ldr	r2, [pc, #156]	@ (200003cc <flash_do_cmd_cs+0x144>)
2000032e:	6013      	str	r3, [r2, #0]
20000330:	47d0      	blx	sl
20000332:	f7ff ff7b 	bl	2000022c <flash_enable_xip_via_boot2>
20000336:	a801      	add	r0, sp, #4
20000338:	f7ff ff92 	bl	20000260 <flash_restore_hardware_state>
2000033c:	b008      	add	sp, #32
2000033e:	bce0      	pop	{r5, r6, r7}
20000340:	46ba      	mov	sl, r7
20000342:	46b1      	mov	r9, r6
20000344:	46a8      	mov	r8, r5
20000346:	bdf0      	pop	{r4, r5, r6, r7, pc}
20000348:	2c00      	cmp	r4, #0
2000034a:	d12b      	bne.n	200003a4 <flash_do_cmd_cs+0x11c>
2000034c:	22c0      	movs	r2, #192	@ 0xc0
2000034e:	0552      	lsls	r2, r2, #21
20000350:	6a96      	ldr	r6, [r2, #40]	@ 0x28
20000352:	2208      	movs	r2, #8
20000354:	4032      	ands	r2, r6
20000356:	07b6      	lsls	r6, r6, #30
20000358:	d52b      	bpl.n	200003b2 <flash_do_cmd_cs+0x12a>
2000035a:	2b0d      	cmp	r3, #13
2000035c:	d919      	bls.n	20000392 <flash_do_cmd_cs+0x10a>
2000035e:	2a00      	cmp	r2, #0
20000360:	d1f2      	bne.n	20000348 <flash_do_cmd_cs+0xc0>
20000362:	22c0      	movs	r2, #192	@ 0xc0
20000364:	0552      	lsls	r2, r2, #21
20000366:	6a96      	ldr	r6, [r2, #40]	@ 0x28
20000368:	2208      	movs	r2, #8
2000036a:	4032      	ands	r2, r6
2000036c:	07b6      	lsls	r6, r6, #30
2000036e:	d4f4      	bmi.n	2000035a <flash_do_cmd_cs+0xd2>
20000370:	2a00      	cmp	r2, #0
20000372:	d104      	bne.n	2000037e <flash_do_cmd_cs+0xf6>
20000374:	000b      	movs	r3, r1
20000376:	4323      	orrs	r3, r4
20000378:	2b00      	cmp	r3, #0
2000037a:	d1ba      	bne.n	200002f2 <flash_do_cmd_cs+0x6a>
2000037c:	e7d1      	b.n	20000322 <flash_do_cmd_cs+0x9a>
2000037e:	000b      	movs	r3, r1
20000380:	2c00      	cmp	r4, #0
20000382:	d0f9      	beq.n	20000378 <flash_do_cmd_cs+0xf0>
20000384:	6e03      	ldr	r3, [r0, #96]	@ 0x60
20000386:	3c01      	subs	r4, #1
20000388:	702b      	strb	r3, [r5, #0]
2000038a:	0023      	movs	r3, r4
2000038c:	3501      	adds	r5, #1
2000038e:	430b      	orrs	r3, r1
20000390:	e7f2      	b.n	20000378 <flash_do_cmd_cs+0xf0>
20000392:	464b      	mov	r3, r9
20000394:	781b      	ldrb	r3, [r3, #0]
20000396:	3901      	subs	r1, #1
20000398:	6603      	str	r3, [r0, #96]	@ 0x60
2000039a:	2301      	movs	r3, #1
2000039c:	4499      	add	r9, r3
2000039e:	e7e7      	b.n	20000370 <flash_do_cmd_cs+0xe8>
200003a0:	2100      	movs	r1, #0
200003a2:	e7e5      	b.n	20000370 <flash_do_cmd_cs+0xe8>
200003a4:	23c0      	movs	r3, #192	@ 0xc0
200003a6:	055b      	lsls	r3, r3, #21
200003a8:	6e1b      	ldr	r3, [r3, #96]	@ 0x60
200003aa:	3c01      	subs	r4, #1
200003ac:	702b      	strb	r3, [r5, #0]
200003ae:	3501      	adds	r5, #1
200003b0:	e79f      	b.n	200002f2 <flash_do_cmd_cs+0x6a>
200003b2:	000b      	movs	r3, r1
200003b4:	42a2      	cmp	r2, r4
200003b6:	d1df      	bne.n	20000378 <flash_do_cmd_cs+0xf0>
200003b8:	e7dc      	b.n	20000374 <flash_do_cmd_cs+0xec>
200003ba:	46c0      	nop			@ (mov r8, r8)
200003bc:	00004649 	.word	0x00004649
200003c0:	00005845 	.word	0x00005845
200003c4:	00004346 	.word	0x00004346
200003c8:	4001800c 	.word	0x4001800c
200003cc:	4001900c 	.word	0x4001900c

200003d0 <reset_non_control_endpoints>:
200003d0:	2200      	movs	r2, #0
200003d2:	4b15      	ldr	r3, [pc, #84]	@ (20000428 <reset_non_control_endpoints+0x58>)
200003d4:	b510      	push	{r4, lr}
200003d6:	609a      	str	r2, [r3, #8]
200003d8:	60da      	str	r2, [r3, #12]
200003da:	611a      	str	r2, [r3, #16]
200003dc:	615a      	str	r2, [r3, #20]
200003de:	619a      	str	r2, [r3, #24]
200003e0:	61da      	str	r2, [r3, #28]
200003e2:	621a      	str	r2, [r3, #32]
200003e4:	625a      	str	r2, [r3, #36]	@ 0x24
200003e6:	629a      	str	r2, [r3, #40]	@ 0x28
200003e8:	62da      	str	r2, [r3, #44]	@ 0x2c
200003ea:	631a      	str	r2, [r3, #48]	@ 0x30
200003ec:	635a      	str	r2, [r3, #52]	@ 0x34
200003ee:	639a      	str	r2, [r3, #56]	@ 0x38
200003f0:	63da      	str	r2, [r3, #60]	@ 0x3c
200003f2:	641a      	str	r2, [r3, #64]	@ 0x40
200003f4:	645a      	str	r2, [r3, #68]	@ 0x44
200003f6:	649a      	str	r2, [r3, #72]	@ 0x48
200003f8:	64da      	str	r2, [r3, #76]	@ 0x4c
200003fa:	651a      	str	r2, [r3, #80]	@ 0x50
200003fc:	655a      	str	r2, [r3, #84]	@ 0x54
200003fe:	659a      	str	r2, [r3, #88]	@ 0x58
20000400:	65da      	str	r2, [r3, #92]	@ 0x5c
20000402:	661a      	str	r2, [r3, #96]	@ 0x60
20000404:	665a      	str	r2, [r3, #100]	@ 0x64
20000406:	669a      	str	r2, [r3, #104]	@ 0x68
20000408:	66da      	str	r2, [r3, #108]	@ 0x6c
2000040a:	671a      	str	r2, [r3, #112]	@ 0x70
2000040c:	675a      	str	r2, [r3, #116]	@ 0x74
2000040e:	679a      	str	r2, [r3, #120]	@ 0x78
20000410:	67da      	str	r2, [r3, #124]	@ 0x7c
20000412:	32f0      	adds	r2, #240	@ 0xf0
20000414:	0092      	lsls	r2, r2, #2
20000416:	2100      	movs	r1, #0
20000418:	4804      	ldr	r0, [pc, #16]	@ (2000042c <reset_non_control_endpoints+0x5c>)
2000041a:	f000 fe31 	bl	20001080 <____wrap_memset_veneer>
2000041e:	4b04      	ldr	r3, [pc, #16]	@ (20000430 <reset_non_control_endpoints+0x60>)
20000420:	4a04      	ldr	r2, [pc, #16]	@ (20000434 <reset_non_control_endpoints+0x64>)
20000422:	601a      	str	r2, [r3, #0]
20000424:	bd10      	pop	{r4, pc}
20000426:	46c0      	nop			@ (mov r8, r8)
20000428:	50100000 	.word	0x50100000
2000042c:	200129a0 	.word	0x200129a0
20000430:	20012d68 	.word	0x20012d68
20000434:	50100180 	.word	0x50100180

20000438 <hw_handle_buff_status>:
20000438:	b5f0      	push	{r4, r5, r6, r7, lr}
2000043a:	4647      	mov	r7, r8
2000043c:	46ce      	mov	lr, r9
2000043e:	b580      	push	{r7, lr}
20000440:	4b1c      	ldr	r3, [pc, #112]	@ (200004b4 <hw_handle_buff_status+0x7c>)
20000442:	2400      	movs	r4, #0
20000444:	6d9f      	ldr	r7, [r3, #88]	@ 0x58
20000446:	2601      	movs	r6, #1
20000448:	b085      	sub	sp, #20
2000044a:	2f00      	cmp	r7, #0
2000044c:	d01b      	beq.n	20000486 <hw_handle_buff_status+0x4e>
2000044e:	4b1a      	ldr	r3, [pc, #104]	@ (200004b8 <hw_handle_buff_status+0x80>)
20000450:	4698      	mov	r8, r3
20000452:	4b1a      	ldr	r3, [pc, #104]	@ (200004bc <hw_handle_buff_status+0x84>)
20000454:	4699      	mov	r9, r3
20000456:	e004      	b.n	20000462 <hw_handle_buff_status+0x2a>
20000458:	3401      	adds	r4, #1
2000045a:	b2e4      	uxtb	r4, r4
2000045c:	0076      	lsls	r6, r6, #1
2000045e:	2c20      	cmp	r4, #32
20000460:	d011      	beq.n	20000486 <hw_handle_buff_status+0x4e>
20000462:	423e      	tst	r6, r7
20000464:	d0f8      	beq.n	20000458 <hw_handle_buff_status+0x20>
20000466:	4643      	mov	r3, r8
20000468:	659e      	str	r6, [r3, #88]	@ 0x58
2000046a:	2301      	movs	r3, #1
2000046c:	0865      	lsrs	r5, r4, #1
2000046e:	006d      	lsls	r5, r5, #1
20000470:	43a3      	bics	r3, r4
20000472:	18ed      	adds	r5, r5, r3
20000474:	016d      	lsls	r5, r5, #5
20000476:	444d      	add	r5, r9
20000478:	0028      	movs	r0, r5
2000047a:	f000 fc13 	bl	20000ca4 <hw_endpoint_xfer_continue>
2000047e:	2800      	cmp	r0, #0
20000480:	d106      	bne.n	20000490 <hw_handle_buff_status+0x58>
20000482:	43b7      	bics	r7, r6
20000484:	d1e8      	bne.n	20000458 <hw_handle_buff_status+0x20>
20000486:	b005      	add	sp, #20
20000488:	bcc0      	pop	{r6, r7}
2000048a:	46b9      	mov	r9, r7
2000048c:	46b0      	mov	r8, r6
2000048e:	bdf0      	pop	{r4, r5, r6, r7, pc}
20000490:	8aeb      	ldrh	r3, [r5, #22]
20000492:	21e0      	movs	r1, #224	@ 0xe0
20000494:	9303      	str	r3, [sp, #12]
20000496:	2300      	movs	r3, #0
20000498:	a801      	add	r0, sp, #4
2000049a:	78aa      	ldrb	r2, [r5, #2]
2000049c:	00c9      	lsls	r1, r1, #3
2000049e:	8001      	strh	r1, [r0, #0]
200004a0:	2101      	movs	r1, #1
200004a2:	7102      	strb	r2, [r0, #4]
200004a4:	7143      	strb	r3, [r0, #5]
200004a6:	f000 fc1d 	bl	20000ce4 <dcd_event_handler>
200004aa:	0028      	movs	r0, r5
200004ac:	f000 fb98 	bl	20000be0 <hw_endpoint_reset_transfer>
200004b0:	e7e7      	b.n	20000482 <hw_handle_buff_status+0x4a>
200004b2:	46c0      	nop			@ (mov r8, r8)
200004b4:	50110000 	.word	0x50110000
200004b8:	50113000 	.word	0x50113000
200004bc:	20012960 	.word	0x20012960

200004c0 <dcd_rp2040_irq>:
200004c0:	2398      	movs	r3, #152	@ 0x98
200004c2:	4ac6      	ldr	r2, [pc, #792]	@ (200007dc <dcd_rp2040_irq+0x31c>)
200004c4:	b5f0      	push	{r4, r5, r6, r7, lr}
200004c6:	58d5      	ldr	r5, [r2, r3]
200004c8:	2380      	movs	r3, #128	@ 0x80
200004ca:	002e      	movs	r6, r5
200004cc:	029b      	lsls	r3, r3, #10
200004ce:	2410      	movs	r4, #16
200004d0:	b085      	sub	sp, #20
200004d2:	401e      	ands	r6, r3
200004d4:	421d      	tst	r5, r3
200004d6:	d074      	beq.n	200005c2 <dcd_rp2040_irq+0x102>
200004d8:	4bc1      	ldr	r3, [pc, #772]	@ (200007e0 <dcd_rp2040_irq+0x320>)
200004da:	4cc2      	ldr	r4, [pc, #776]	@ (200007e4 <dcd_rp2040_irq+0x324>)
200004dc:	6a9a      	ldr	r2, [r3, #40]	@ 0x28
200004de:	4bc2      	ldr	r3, [pc, #776]	@ (200007e8 <dcd_rp2040_irq+0x328>)
200004e0:	2600      	movs	r6, #0
200004e2:	601a      	str	r2, [r3, #0]
200004e4:	233b      	movs	r3, #59	@ 0x3b
200004e6:	5ce3      	ldrb	r3, [r4, r3]
200004e8:	2b02      	cmp	r3, #2
200004ea:	d100      	bne.n	200004ee <dcd_rp2040_irq+0x2e>
200004ec:	e14b      	b.n	20000786 <dcd_rp2040_irq+0x2c6>
200004ee:	237b      	movs	r3, #123	@ 0x7b
200004f0:	5ce3      	ldrb	r3, [r4, r3]
200004f2:	2b02      	cmp	r3, #2
200004f4:	d100      	bne.n	200004f8 <dcd_rp2040_irq+0x38>
200004f6:	e0ef      	b.n	200006d8 <dcd_rp2040_irq+0x218>
200004f8:	23bb      	movs	r3, #187	@ 0xbb
200004fa:	5ce3      	ldrb	r3, [r4, r3]
200004fc:	2b02      	cmp	r3, #2
200004fe:	d100      	bne.n	20000502 <dcd_rp2040_irq+0x42>
20000500:	e0f6      	b.n	200006f0 <dcd_rp2040_irq+0x230>
20000502:	23fb      	movs	r3, #251	@ 0xfb
20000504:	5ce3      	ldrb	r3, [r4, r3]
20000506:	2b02      	cmp	r3, #2
20000508:	d100      	bne.n	2000050c <dcd_rp2040_irq+0x4c>
2000050a:	e0fd      	b.n	20000708 <dcd_rp2040_irq+0x248>
2000050c:	233c      	movs	r3, #60	@ 0x3c
2000050e:	33ff      	adds	r3, #255	@ 0xff
20000510:	5ce3      	ldrb	r3, [r4, r3]
20000512:	2b02      	cmp	r3, #2
20000514:	d100      	bne.n	20000518 <dcd_rp2040_irq+0x58>
20000516:	e129      	b.n	2000076c <dcd_rp2040_irq+0x2ac>
20000518:	237c      	movs	r3, #124	@ 0x7c
2000051a:	33ff      	adds	r3, #255	@ 0xff
2000051c:	5ce3      	ldrb	r3, [r4, r3]
2000051e:	2b02      	cmp	r3, #2
20000520:	d100      	bne.n	20000524 <dcd_rp2040_irq+0x64>
20000522:	e10a      	b.n	2000073a <dcd_rp2040_irq+0x27a>
20000524:	23bc      	movs	r3, #188	@ 0xbc
20000526:	33ff      	adds	r3, #255	@ 0xff
20000528:	5ce3      	ldrb	r3, [r4, r3]
2000052a:	2b02      	cmp	r3, #2
2000052c:	d100      	bne.n	20000530 <dcd_rp2040_irq+0x70>
2000052e:	e13b      	b.n	200007a8 <dcd_rp2040_irq+0x2e8>
20000530:	23fc      	movs	r3, #252	@ 0xfc
20000532:	33ff      	adds	r3, #255	@ 0xff
20000534:	5ce3      	ldrb	r3, [r4, r3]
20000536:	2b02      	cmp	r3, #2
20000538:	d100      	bne.n	2000053c <dcd_rp2040_irq+0x7c>
2000053a:	e0f1      	b.n	20000720 <dcd_rp2040_irq+0x260>
2000053c:	4bab      	ldr	r3, [pc, #684]	@ (200007ec <dcd_rp2040_irq+0x32c>)
2000053e:	5ce3      	ldrb	r3, [r4, r3]
20000540:	2b02      	cmp	r3, #2
20000542:	d100      	bne.n	20000546 <dcd_rp2040_irq+0x86>
20000544:	e170      	b.n	20000828 <dcd_rp2040_irq+0x368>
20000546:	4baa      	ldr	r3, [pc, #680]	@ (200007f0 <dcd_rp2040_irq+0x330>)
20000548:	5ce3      	ldrb	r3, [r4, r3]
2000054a:	2b02      	cmp	r3, #2
2000054c:	d100      	bne.n	20000550 <dcd_rp2040_irq+0x90>
2000054e:	e101      	b.n	20000754 <dcd_rp2040_irq+0x294>
20000550:	4ba8      	ldr	r3, [pc, #672]	@ (200007f4 <dcd_rp2040_irq+0x334>)
20000552:	5ce3      	ldrb	r3, [r4, r3]
20000554:	2b02      	cmp	r3, #2
20000556:	d100      	bne.n	2000055a <dcd_rp2040_irq+0x9a>
20000558:	e171      	b.n	2000083e <dcd_rp2040_irq+0x37e>
2000055a:	4ba7      	ldr	r3, [pc, #668]	@ (200007f8 <dcd_rp2040_irq+0x338>)
2000055c:	5ce3      	ldrb	r3, [r4, r3]
2000055e:	2b02      	cmp	r3, #2
20000560:	d100      	bne.n	20000564 <dcd_rp2040_irq+0xa4>
20000562:	e12e      	b.n	200007c2 <dcd_rp2040_irq+0x302>
20000564:	4ba5      	ldr	r3, [pc, #660]	@ (200007fc <dcd_rp2040_irq+0x33c>)
20000566:	5ce3      	ldrb	r3, [r4, r3]
20000568:	2b02      	cmp	r3, #2
2000056a:	d100      	bne.n	2000056e <dcd_rp2040_irq+0xae>
2000056c:	e19c      	b.n	200008a8 <dcd_rp2040_irq+0x3e8>
2000056e:	4ba4      	ldr	r3, [pc, #656]	@ (20000800 <dcd_rp2040_irq+0x340>)
20000570:	5ce3      	ldrb	r3, [r4, r3]
20000572:	2b02      	cmp	r3, #2
20000574:	d100      	bne.n	20000578 <dcd_rp2040_irq+0xb8>
20000576:	e16d      	b.n	20000854 <dcd_rp2040_irq+0x394>
20000578:	4ba2      	ldr	r3, [pc, #648]	@ (20000804 <dcd_rp2040_irq+0x344>)
2000057a:	5ce3      	ldrb	r3, [r4, r3]
2000057c:	2b02      	cmp	r3, #2
2000057e:	d100      	bne.n	20000582 <dcd_rp2040_irq+0xc2>
20000580:	e19d      	b.n	200008be <dcd_rp2040_irq+0x3fe>
20000582:	4ba1      	ldr	r3, [pc, #644]	@ (20000808 <dcd_rp2040_irq+0x348>)
20000584:	5ce3      	ldrb	r3, [r4, r3]
20000586:	2b02      	cmp	r3, #2
20000588:	d100      	bne.n	2000058c <dcd_rp2040_irq+0xcc>
2000058a:	e17b      	b.n	20000884 <dcd_rp2040_irq+0x3c4>
2000058c:	2e00      	cmp	r6, #0
2000058e:	d108      	bne.n	200005a2 <dcd_rp2040_irq+0xe2>
20000590:	4b9e      	ldr	r3, [pc, #632]	@ (2000080c <dcd_rp2040_irq+0x34c>)
20000592:	781b      	ldrb	r3, [r3, #0]
20000594:	2b00      	cmp	r3, #0
20000596:	d104      	bne.n	200005a2 <dcd_rp2040_irq+0xe2>
20000598:	2180      	movs	r1, #128	@ 0x80
2000059a:	4a9d      	ldr	r2, [pc, #628]	@ (20000810 <dcd_rp2040_irq+0x350>)
2000059c:	3390      	adds	r3, #144	@ 0x90
2000059e:	0289      	lsls	r1, r1, #10
200005a0:	50d1      	str	r1, [r2, r3]
200005a2:	22c0      	movs	r2, #192	@ 0xc0
200005a4:	4669      	mov	r1, sp
200005a6:	4b8d      	ldr	r3, [pc, #564]	@ (200007dc <dcd_rp2040_irq+0x31c>)
200005a8:	0092      	lsls	r2, r2, #2
200005aa:	6c9b      	ldr	r3, [r3, #72]	@ 0x48
200005ac:	2680      	movs	r6, #128	@ 0x80
200005ae:	055b      	lsls	r3, r3, #21
200005b0:	808a      	strh	r2, [r1, #4]
200005b2:	0d5b      	lsrs	r3, r3, #21
200005b4:	2101      	movs	r1, #1
200005b6:	a801      	add	r0, sp, #4
200005b8:	9302      	str	r3, [sp, #8]
200005ba:	f000 fb93 	bl	20000ce4 <dcd_event_handler>
200005be:	4c95      	ldr	r4, [pc, #596]	@ (20000814 <dcd_rp2040_irq+0x354>)
200005c0:	02b6      	lsls	r6, r6, #10
200005c2:	06eb      	lsls	r3, r5, #27
200005c4:	d500      	bpl.n	200005c8 <dcd_rp2040_irq+0x108>
200005c6:	e07b      	b.n	200006c0 <dcd_rp2040_irq+0x200>
200005c8:	2380      	movs	r3, #128	@ 0x80
200005ca:	025b      	lsls	r3, r3, #9
200005cc:	421d      	tst	r5, r3
200005ce:	d02f      	beq.n	20000630 <dcd_rp2040_irq+0x170>
200005d0:	2402      	movs	r4, #2
200005d2:	4f84      	ldr	r7, [pc, #528]	@ (200007e4 <dcd_rp2040_irq+0x324>)
200005d4:	431e      	orrs	r6, r3
200005d6:	7ebb      	ldrb	r3, [r7, #26]
200005d8:	2b00      	cmp	r3, #0
200005da:	d014      	beq.n	20000606 <dcd_rp2040_irq+0x146>
200005dc:	f000 fd60 	bl	200010a0 <__rp2040_chip_version_veneer>
200005e0:	2801      	cmp	r0, #1
200005e2:	d900      	bls.n	200005e6 <dcd_rp2040_irq+0x126>
200005e4:	e070      	b.n	200006c8 <dcd_rp2040_irq+0x208>
200005e6:	22c0      	movs	r2, #192	@ 0xc0
200005e8:	2100      	movs	r1, #0
200005ea:	0038      	movs	r0, r7
200005ec:	0192      	lsls	r2, r2, #6
200005ee:	f000 fafd 	bl	20000bec <_hw_endpoint_buffer_control_update32>
200005f2:	0038      	movs	r0, r7
200005f4:	f000 faf4 	bl	20000be0 <hw_endpoint_reset_transfer>
200005f8:	f000 fd52 	bl	200010a0 <__rp2040_chip_version_veneer>
200005fc:	2801      	cmp	r0, #1
200005fe:	d902      	bls.n	20000606 <dcd_rp2040_irq+0x146>
20000600:	4b83      	ldr	r3, [pc, #524]	@ (20000810 <dcd_rp2040_irq+0x350>)
20000602:	665c      	str	r4, [r3, #100]	@ 0x64
20000604:	661c      	str	r4, [r3, #96]	@ 0x60
20000606:	2301      	movs	r3, #1
20000608:	70fb      	strb	r3, [r7, #3]
2000060a:	3720      	adds	r7, #32
2000060c:	2c01      	cmp	r4, #1
2000060e:	d120      	bne.n	20000652 <dcd_rp2040_irq+0x192>
20000610:	23c0      	movs	r3, #192	@ 0xc0
20000612:	466a      	mov	r2, sp
20000614:	00db      	lsls	r3, r3, #3
20000616:	8093      	strh	r3, [r2, #4]
20000618:	4a7f      	ldr	r2, [pc, #508]	@ (20000818 <dcd_rp2040_irq+0x358>)
2000061a:	ab02      	add	r3, sp, #8
2000061c:	ca03      	ldmia	r2!, {r0, r1}
2000061e:	c303      	stmia	r3!, {r0, r1}
20000620:	2101      	movs	r1, #1
20000622:	a801      	add	r0, sp, #4
20000624:	f000 fb5e 	bl	20000ce4 <dcd_event_handler>
20000628:	2280      	movs	r2, #128	@ 0x80
2000062a:	4b79      	ldr	r3, [pc, #484]	@ (20000810 <dcd_rp2040_irq+0x350>)
2000062c:	0292      	lsls	r2, r2, #10
2000062e:	651a      	str	r2, [r3, #80]	@ 0x50
20000630:	2380      	movs	r3, #128	@ 0x80
20000632:	015b      	lsls	r3, r3, #5
20000634:	421d      	tst	r5, r3
20000636:	d10e      	bne.n	20000656 <dcd_rp2040_irq+0x196>
20000638:	2380      	movs	r3, #128	@ 0x80
2000063a:	01db      	lsls	r3, r3, #7
2000063c:	421d      	tst	r5, r3
2000063e:	d121      	bne.n	20000684 <dcd_rp2040_irq+0x1c4>
20000640:	2380      	movs	r3, #128	@ 0x80
20000642:	021b      	lsls	r3, r3, #8
20000644:	421d      	tst	r5, r3
20000646:	d12d      	bne.n	200006a4 <dcd_rp2040_irq+0x1e4>
20000648:	42ae      	cmp	r6, r5
2000064a:	d000      	beq.n	2000064e <dcd_rp2040_irq+0x18e>
2000064c:	e1be      	b.n	200009cc <dcd_rp2040_irq+0x50c>
2000064e:	b005      	add	sp, #20
20000650:	bdf0      	pop	{r4, r5, r6, r7, pc}
20000652:	2401      	movs	r4, #1
20000654:	e7bf      	b.n	200005d6 <dcd_rp2040_irq+0x116>
20000656:	2400      	movs	r4, #0
20000658:	431e      	orrs	r6, r3
2000065a:	4b60      	ldr	r3, [pc, #384]	@ (200007dc <dcd_rp2040_irq+0x31c>)
2000065c:	601c      	str	r4, [r3, #0]
2000065e:	f7ff feb7 	bl	200003d0 <reset_non_control_endpoints>
20000662:	2380      	movs	r3, #128	@ 0x80
20000664:	466a      	mov	r2, sp
20000666:	005b      	lsls	r3, r3, #1
20000668:	8093      	strh	r3, [r2, #4]
2000066a:	7214      	strb	r4, [r2, #8]
2000066c:	2101      	movs	r1, #1
2000066e:	a801      	add	r0, sp, #4
20000670:	f000 fb38 	bl	20000ce4 <dcd_event_handler>
20000674:	2280      	movs	r2, #128	@ 0x80
20000676:	4b66      	ldr	r3, [pc, #408]	@ (20000810 <dcd_rp2040_irq+0x350>)
20000678:	0312      	lsls	r2, r2, #12
2000067a:	651a      	str	r2, [r3, #80]	@ 0x50
2000067c:	2380      	movs	r3, #128	@ 0x80
2000067e:	01db      	lsls	r3, r3, #7
20000680:	421d      	tst	r5, r3
20000682:	d0dd      	beq.n	20000640 <dcd_rp2040_irq+0x180>
20000684:	431e      	orrs	r6, r3
20000686:	2380      	movs	r3, #128	@ 0x80
20000688:	466a      	mov	r2, sp
2000068a:	00db      	lsls	r3, r3, #3
2000068c:	8093      	strh	r3, [r2, #4]
2000068e:	2101      	movs	r1, #1
20000690:	a801      	add	r0, sp, #4
20000692:	f000 fb27 	bl	20000ce4 <dcd_event_handler>
20000696:	2210      	movs	r2, #16
20000698:	4b5d      	ldr	r3, [pc, #372]	@ (20000810 <dcd_rp2040_irq+0x350>)
2000069a:	651a      	str	r2, [r3, #80]	@ 0x50
2000069c:	2380      	movs	r3, #128	@ 0x80
2000069e:	021b      	lsls	r3, r3, #8
200006a0:	421d      	tst	r5, r3
200006a2:	d0d1      	beq.n	20000648 <dcd_rp2040_irq+0x188>
200006a4:	431e      	orrs	r6, r3
200006a6:	23a0      	movs	r3, #160	@ 0xa0
200006a8:	466a      	mov	r2, sp
200006aa:	00db      	lsls	r3, r3, #3
200006ac:	8093      	strh	r3, [r2, #4]
200006ae:	2101      	movs	r1, #1
200006b0:	a801      	add	r0, sp, #4
200006b2:	f000 fb17 	bl	20000ce4 <dcd_event_handler>
200006b6:	2280      	movs	r2, #128	@ 0x80
200006b8:	4b55      	ldr	r3, [pc, #340]	@ (20000810 <dcd_rp2040_irq+0x350>)
200006ba:	0112      	lsls	r2, r2, #4
200006bc:	651a      	str	r2, [r3, #80]	@ 0x50
200006be:	e7c3      	b.n	20000648 <dcd_rp2040_irq+0x188>
200006c0:	f7ff feba 	bl	20000438 <hw_handle_buff_status>
200006c4:	0026      	movs	r6, r4
200006c6:	e77f      	b.n	200005c8 <dcd_rp2040_irq+0x108>
200006c8:	4b54      	ldr	r3, [pc, #336]	@ (2000081c <dcd_rp2040_irq+0x35c>)
200006ca:	4a44      	ldr	r2, [pc, #272]	@ (200007dc <dcd_rp2040_irq+0x31c>)
200006cc:	661c      	str	r4, [r3, #96]	@ 0x60
200006ce:	6e53      	ldr	r3, [r2, #100]	@ 0x64
200006d0:	4023      	ands	r3, r4
200006d2:	42a3      	cmp	r3, r4
200006d4:	d1fb      	bne.n	200006ce <dcd_rp2040_irq+0x20e>
200006d6:	e786      	b.n	200005e6 <dcd_rp2040_irq+0x126>
200006d8:	3378      	adds	r3, #120	@ 0x78
200006da:	5ce7      	ldrb	r7, [r4, r3]
200006dc:	2f00      	cmp	r7, #0
200006de:	d100      	bne.n	200006e2 <dcd_rp2040_irq+0x222>
200006e0:	e70a      	b.n	200004f8 <dcd_rp2040_irq+0x38>
200006e2:	3302      	adds	r3, #2
200006e4:	5ce2      	ldrb	r2, [r4, r3]
200006e6:	2a00      	cmp	r2, #0
200006e8:	d000      	beq.n	200006ec <dcd_rp2040_irq+0x22c>
200006ea:	e10d      	b.n	20000908 <dcd_rp2040_irq+0x448>
200006ec:	003e      	movs	r6, r7
200006ee:	e703      	b.n	200004f8 <dcd_rp2040_irq+0x38>
200006f0:	33b8      	adds	r3, #184	@ 0xb8
200006f2:	5ce7      	ldrb	r7, [r4, r3]
200006f4:	2f00      	cmp	r7, #0
200006f6:	d100      	bne.n	200006fa <dcd_rp2040_irq+0x23a>
200006f8:	e703      	b.n	20000502 <dcd_rp2040_irq+0x42>
200006fa:	3302      	adds	r3, #2
200006fc:	5ce2      	ldrb	r2, [r4, r3]
200006fe:	2a00      	cmp	r2, #0
20000700:	d000      	beq.n	20000704 <dcd_rp2040_irq+0x244>
20000702:	e0f9      	b.n	200008f8 <dcd_rp2040_irq+0x438>
20000704:	003e      	movs	r6, r7
20000706:	e6fc      	b.n	20000502 <dcd_rp2040_irq+0x42>
20000708:	33f8      	adds	r3, #248	@ 0xf8
2000070a:	5ce7      	ldrb	r7, [r4, r3]
2000070c:	2f00      	cmp	r7, #0
2000070e:	d100      	bne.n	20000712 <dcd_rp2040_irq+0x252>
20000710:	e6fc      	b.n	2000050c <dcd_rp2040_irq+0x4c>
20000712:	3302      	adds	r3, #2
20000714:	5ce2      	ldrb	r2, [r4, r3]
20000716:	2a00      	cmp	r2, #0
20000718:	d000      	beq.n	2000071c <dcd_rp2040_irq+0x25c>
2000071a:	e141      	b.n	200009a0 <dcd_rp2040_irq+0x4e0>
2000071c:	003e      	movs	r6, r7
2000071e:	e6f5      	b.n	2000050c <dcd_rp2040_irq+0x4c>
20000720:	33f9      	adds	r3, #249	@ 0xf9
20000722:	33ff      	adds	r3, #255	@ 0xff
20000724:	5ce7      	ldrb	r7, [r4, r3]
20000726:	2f00      	cmp	r7, #0
20000728:	d100      	bne.n	2000072c <dcd_rp2040_irq+0x26c>
2000072a:	e707      	b.n	2000053c <dcd_rp2040_irq+0x7c>
2000072c:	3302      	adds	r3, #2
2000072e:	5ce2      	ldrb	r2, [r4, r3]
20000730:	2a00      	cmp	r2, #0
20000732:	d000      	beq.n	20000736 <dcd_rp2040_irq+0x276>
20000734:	e12b      	b.n	2000098e <dcd_rp2040_irq+0x4ce>
20000736:	003e      	movs	r6, r7
20000738:	e700      	b.n	2000053c <dcd_rp2040_irq+0x7c>
2000073a:	3379      	adds	r3, #121	@ 0x79
2000073c:	33ff      	adds	r3, #255	@ 0xff
2000073e:	5ce7      	ldrb	r7, [r4, r3]
20000740:	2f00      	cmp	r7, #0
20000742:	d100      	bne.n	20000746 <dcd_rp2040_irq+0x286>
20000744:	e6ee      	b.n	20000524 <dcd_rp2040_irq+0x64>
20000746:	3302      	adds	r3, #2
20000748:	5ce2      	ldrb	r2, [r4, r3]
2000074a:	2a00      	cmp	r2, #0
2000074c:	d000      	beq.n	20000750 <dcd_rp2040_irq+0x290>
2000074e:	e115      	b.n	2000097c <dcd_rp2040_irq+0x4bc>
20000750:	003e      	movs	r6, r7
20000752:	e6e7      	b.n	20000524 <dcd_rp2040_irq+0x64>
20000754:	4b32      	ldr	r3, [pc, #200]	@ (20000820 <dcd_rp2040_irq+0x360>)
20000756:	5ce7      	ldrb	r7, [r4, r3]
20000758:	2f00      	cmp	r7, #0
2000075a:	d100      	bne.n	2000075e <dcd_rp2040_irq+0x29e>
2000075c:	e6f8      	b.n	20000550 <dcd_rp2040_irq+0x90>
2000075e:	3302      	adds	r3, #2
20000760:	5ce2      	ldrb	r2, [r4, r3]
20000762:	2a00      	cmp	r2, #0
20000764:	d000      	beq.n	20000768 <dcd_rp2040_irq+0x2a8>
20000766:	e101      	b.n	2000096c <dcd_rp2040_irq+0x4ac>
20000768:	003e      	movs	r6, r7
2000076a:	e6f1      	b.n	20000550 <dcd_rp2040_irq+0x90>
2000076c:	3339      	adds	r3, #57	@ 0x39
2000076e:	33ff      	adds	r3, #255	@ 0xff
20000770:	5ce7      	ldrb	r7, [r4, r3]
20000772:	2f00      	cmp	r7, #0
20000774:	d100      	bne.n	20000778 <dcd_rp2040_irq+0x2b8>
20000776:	e6cf      	b.n	20000518 <dcd_rp2040_irq+0x58>
20000778:	3302      	adds	r3, #2
2000077a:	5ce2      	ldrb	r2, [r4, r3]
2000077c:	2a00      	cmp	r2, #0
2000077e:	d000      	beq.n	20000782 <dcd_rp2040_irq+0x2c2>
20000780:	e0eb      	b.n	2000095a <dcd_rp2040_irq+0x49a>
20000782:	003e      	movs	r6, r7
20000784:	e6c8      	b.n	20000518 <dcd_rp2040_irq+0x58>
20000786:	3338      	adds	r3, #56	@ 0x38
20000788:	5ce6      	ldrb	r6, [r4, r3]
2000078a:	2e00      	cmp	r6, #0
2000078c:	d100      	bne.n	20000790 <dcd_rp2040_irq+0x2d0>
2000078e:	e6ae      	b.n	200004ee <dcd_rp2040_irq+0x2e>
20000790:	3302      	adds	r3, #2
20000792:	5ce2      	ldrb	r2, [r4, r3]
20000794:	2a00      	cmp	r2, #0
20000796:	d100      	bne.n	2000079a <dcd_rp2040_irq+0x2da>
20000798:	e6a9      	b.n	200004ee <dcd_rp2040_irq+0x2e>
2000079a:	0020      	movs	r0, r4
2000079c:	2200      	movs	r2, #0
2000079e:	3020      	adds	r0, #32
200007a0:	54e2      	strb	r2, [r4, r3]
200007a2:	f000 fa4b 	bl	20000c3c <hw_endpoint_start_next_buffer>
200007a6:	e6a2      	b.n	200004ee <dcd_rp2040_irq+0x2e>
200007a8:	33b9      	adds	r3, #185	@ 0xb9
200007aa:	33ff      	adds	r3, #255	@ 0xff
200007ac:	5ce7      	ldrb	r7, [r4, r3]
200007ae:	2f00      	cmp	r7, #0
200007b0:	d100      	bne.n	200007b4 <dcd_rp2040_irq+0x2f4>
200007b2:	e6bd      	b.n	20000530 <dcd_rp2040_irq+0x70>
200007b4:	3302      	adds	r3, #2
200007b6:	5ce2      	ldrb	r2, [r4, r3]
200007b8:	2a00      	cmp	r2, #0
200007ba:	d000      	beq.n	200007be <dcd_rp2040_irq+0x2fe>
200007bc:	e0c4      	b.n	20000948 <dcd_rp2040_irq+0x488>
200007be:	003e      	movs	r6, r7
200007c0:	e6b6      	b.n	20000530 <dcd_rp2040_irq+0x70>
200007c2:	4b18      	ldr	r3, [pc, #96]	@ (20000824 <dcd_rp2040_irq+0x364>)
200007c4:	5ce7      	ldrb	r7, [r4, r3]
200007c6:	2f00      	cmp	r7, #0
200007c8:	d100      	bne.n	200007cc <dcd_rp2040_irq+0x30c>
200007ca:	e6cb      	b.n	20000564 <dcd_rp2040_irq+0xa4>
200007cc:	3302      	adds	r3, #2
200007ce:	5ce2      	ldrb	r2, [r4, r3]
200007d0:	2a00      	cmp	r2, #0
200007d2:	d000      	beq.n	200007d6 <dcd_rp2040_irq+0x316>
200007d4:	e0b0      	b.n	20000938 <dcd_rp2040_irq+0x478>
200007d6:	003e      	movs	r6, r7
200007d8:	e6c4      	b.n	20000564 <dcd_rp2040_irq+0xa4>
200007da:	46c0      	nop			@ (mov r8, r8)
200007dc:	50110000 	.word	0x50110000
200007e0:	40054000 	.word	0x40054000
200007e4:	20012960 	.word	0x20012960
200007e8:	20012944 	.word	0x20012944
200007ec:	0000023b 	.word	0x0000023b
200007f0:	0000027b 	.word	0x0000027b
200007f4:	000002bb 	.word	0x000002bb
200007f8:	000002fb 	.word	0x000002fb
200007fc:	0000033b 	.word	0x0000033b
20000800:	0000037b 	.word	0x0000037b
20000804:	000003bb 	.word	0x000003bb
20000808:	000003fb 	.word	0x000003fb
2000080c:	20012dbd 	.word	0x20012dbd
20000810:	50113000 	.word	0x50113000
20000814:	00020010 	.word	0x00020010
20000818:	50100000 	.word	0x50100000
2000081c:	50112000 	.word	0x50112000
20000820:	0000027a 	.word	0x0000027a
20000824:	000002fa 	.word	0x000002fa
20000828:	4b6b      	ldr	r3, [pc, #428]	@ (200009d8 <dcd_rp2040_irq+0x518>)
2000082a:	5ce7      	ldrb	r7, [r4, r3]
2000082c:	2f00      	cmp	r7, #0
2000082e:	d100      	bne.n	20000832 <dcd_rp2040_irq+0x372>
20000830:	e689      	b.n	20000546 <dcd_rp2040_irq+0x86>
20000832:	3302      	adds	r3, #2
20000834:	5ce2      	ldrb	r2, [r4, r3]
20000836:	2a00      	cmp	r2, #0
20000838:	d176      	bne.n	20000928 <dcd_rp2040_irq+0x468>
2000083a:	003e      	movs	r6, r7
2000083c:	e683      	b.n	20000546 <dcd_rp2040_irq+0x86>
2000083e:	4b67      	ldr	r3, [pc, #412]	@ (200009dc <dcd_rp2040_irq+0x51c>)
20000840:	5ce7      	ldrb	r7, [r4, r3]
20000842:	2f00      	cmp	r7, #0
20000844:	d100      	bne.n	20000848 <dcd_rp2040_irq+0x388>
20000846:	e688      	b.n	2000055a <dcd_rp2040_irq+0x9a>
20000848:	3302      	adds	r3, #2
2000084a:	5ce2      	ldrb	r2, [r4, r3]
2000084c:	2a00      	cmp	r2, #0
2000084e:	d163      	bne.n	20000918 <dcd_rp2040_irq+0x458>
20000850:	003e      	movs	r6, r7
20000852:	e682      	b.n	2000055a <dcd_rp2040_irq+0x9a>
20000854:	4b62      	ldr	r3, [pc, #392]	@ (200009e0 <dcd_rp2040_irq+0x520>)
20000856:	5ce7      	ldrb	r7, [r4, r3]
20000858:	2f00      	cmp	r7, #0
2000085a:	d100      	bne.n	2000085e <dcd_rp2040_irq+0x39e>
2000085c:	e68c      	b.n	20000578 <dcd_rp2040_irq+0xb8>
2000085e:	3302      	adds	r3, #2
20000860:	5ce2      	ldrb	r2, [r4, r3]
20000862:	2a00      	cmp	r2, #0
20000864:	d000      	beq.n	20000868 <dcd_rp2040_irq+0x3a8>
20000866:	e0a3      	b.n	200009b0 <dcd_rp2040_irq+0x4f0>
20000868:	4b5e      	ldr	r3, [pc, #376]	@ (200009e4 <dcd_rp2040_irq+0x524>)
2000086a:	5ce3      	ldrb	r3, [r4, r3]
2000086c:	2b02      	cmp	r3, #2
2000086e:	d130      	bne.n	200008d2 <dcd_rp2040_irq+0x412>
20000870:	4b5d      	ldr	r3, [pc, #372]	@ (200009e8 <dcd_rp2040_irq+0x528>)
20000872:	5ce3      	ldrb	r3, [r4, r3]
20000874:	2b00      	cmp	r3, #0
20000876:	d127      	bne.n	200008c8 <dcd_rp2040_irq+0x408>
20000878:	4b5c      	ldr	r3, [pc, #368]	@ (200009ec <dcd_rp2040_irq+0x52c>)
2000087a:	5ce3      	ldrb	r3, [r4, r3]
2000087c:	2b02      	cmp	r3, #2
2000087e:	d000      	beq.n	20000882 <dcd_rp2040_irq+0x3c2>
20000880:	e68f      	b.n	200005a2 <dcd_rp2040_irq+0xe2>
20000882:	003e      	movs	r6, r7
20000884:	4b5a      	ldr	r3, [pc, #360]	@ (200009f0 <dcd_rp2040_irq+0x530>)
20000886:	5ce3      	ldrb	r3, [r4, r3]
20000888:	2b00      	cmp	r3, #0
2000088a:	d100      	bne.n	2000088e <dcd_rp2040_irq+0x3ce>
2000088c:	e67e      	b.n	2000058c <dcd_rp2040_irq+0xcc>
2000088e:	23ff      	movs	r3, #255	@ 0xff
20000890:	009b      	lsls	r3, r3, #2
20000892:	5ce2      	ldrb	r2, [r4, r3]
20000894:	2a00      	cmp	r2, #0
20000896:	d100      	bne.n	2000089a <dcd_rp2040_irq+0x3da>
20000898:	e683      	b.n	200005a2 <dcd_rp2040_irq+0xe2>
2000089a:	2200      	movs	r2, #0
2000089c:	54e2      	strb	r2, [r4, r3]
2000089e:	3b1c      	subs	r3, #28
200008a0:	18e0      	adds	r0, r4, r3
200008a2:	f000 f9cb 	bl	20000c3c <hw_endpoint_start_next_buffer>
200008a6:	e67c      	b.n	200005a2 <dcd_rp2040_irq+0xe2>
200008a8:	4b52      	ldr	r3, [pc, #328]	@ (200009f4 <dcd_rp2040_irq+0x534>)
200008aa:	5ce7      	ldrb	r7, [r4, r3]
200008ac:	2f00      	cmp	r7, #0
200008ae:	d100      	bne.n	200008b2 <dcd_rp2040_irq+0x3f2>
200008b0:	e65d      	b.n	2000056e <dcd_rp2040_irq+0xae>
200008b2:	3302      	adds	r3, #2
200008b4:	5ce2      	ldrb	r2, [r4, r3]
200008b6:	2a00      	cmp	r2, #0
200008b8:	d116      	bne.n	200008e8 <dcd_rp2040_irq+0x428>
200008ba:	003e      	movs	r6, r7
200008bc:	e657      	b.n	2000056e <dcd_rp2040_irq+0xae>
200008be:	4b4a      	ldr	r3, [pc, #296]	@ (200009e8 <dcd_rp2040_irq+0x528>)
200008c0:	5ce3      	ldrb	r3, [r4, r3]
200008c2:	2b00      	cmp	r3, #0
200008c4:	d100      	bne.n	200008c8 <dcd_rp2040_irq+0x408>
200008c6:	e65c      	b.n	20000582 <dcd_rp2040_irq+0xc2>
200008c8:	23ef      	movs	r3, #239	@ 0xef
200008ca:	009b      	lsls	r3, r3, #2
200008cc:	5ce2      	ldrb	r2, [r4, r3]
200008ce:	2a00      	cmp	r2, #0
200008d0:	d175      	bne.n	200009be <dcd_rp2040_irq+0x4fe>
200008d2:	4b46      	ldr	r3, [pc, #280]	@ (200009ec <dcd_rp2040_irq+0x52c>)
200008d4:	5ce3      	ldrb	r3, [r4, r3]
200008d6:	2b02      	cmp	r3, #2
200008d8:	d000      	beq.n	200008dc <dcd_rp2040_irq+0x41c>
200008da:	e662      	b.n	200005a2 <dcd_rp2040_irq+0xe2>
200008dc:	4b44      	ldr	r3, [pc, #272]	@ (200009f0 <dcd_rp2040_irq+0x530>)
200008de:	5ce3      	ldrb	r3, [r4, r3]
200008e0:	2b00      	cmp	r3, #0
200008e2:	d100      	bne.n	200008e6 <dcd_rp2040_irq+0x426>
200008e4:	e65d      	b.n	200005a2 <dcd_rp2040_irq+0xe2>
200008e6:	e7d2      	b.n	2000088e <dcd_rp2040_irq+0x3ce>
200008e8:	2200      	movs	r2, #0
200008ea:	54e2      	strb	r2, [r4, r3]
200008ec:	3b1c      	subs	r3, #28
200008ee:	18e0      	adds	r0, r4, r3
200008f0:	f000 f9a4 	bl	20000c3c <hw_endpoint_start_next_buffer>
200008f4:	003e      	movs	r6, r7
200008f6:	e63a      	b.n	2000056e <dcd_rp2040_irq+0xae>
200008f8:	0020      	movs	r0, r4
200008fa:	2200      	movs	r2, #0
200008fc:	30a0      	adds	r0, #160	@ 0xa0
200008fe:	54e2      	strb	r2, [r4, r3]
20000900:	003e      	movs	r6, r7
20000902:	f000 f99b 	bl	20000c3c <hw_endpoint_start_next_buffer>
20000906:	e5fc      	b.n	20000502 <dcd_rp2040_irq+0x42>
20000908:	0020      	movs	r0, r4
2000090a:	2200      	movs	r2, #0
2000090c:	3060      	adds	r0, #96	@ 0x60
2000090e:	54e2      	strb	r2, [r4, r3]
20000910:	003e      	movs	r6, r7
20000912:	f000 f993 	bl	20000c3c <hw_endpoint_start_next_buffer>
20000916:	e5ef      	b.n	200004f8 <dcd_rp2040_irq+0x38>
20000918:	2200      	movs	r2, #0
2000091a:	54e2      	strb	r2, [r4, r3]
2000091c:	3b1c      	subs	r3, #28
2000091e:	18e0      	adds	r0, r4, r3
20000920:	f000 f98c 	bl	20000c3c <hw_endpoint_start_next_buffer>
20000924:	003e      	movs	r6, r7
20000926:	e618      	b.n	2000055a <dcd_rp2040_irq+0x9a>
20000928:	2200      	movs	r2, #0
2000092a:	54e2      	strb	r2, [r4, r3]
2000092c:	3b1c      	subs	r3, #28
2000092e:	18e0      	adds	r0, r4, r3
20000930:	f000 f984 	bl	20000c3c <hw_endpoint_start_next_buffer>
20000934:	003e      	movs	r6, r7
20000936:	e606      	b.n	20000546 <dcd_rp2040_irq+0x86>
20000938:	2200      	movs	r2, #0
2000093a:	54e2      	strb	r2, [r4, r3]
2000093c:	3b1c      	subs	r3, #28
2000093e:	18e0      	adds	r0, r4, r3
20000940:	f000 f97c 	bl	20000c3c <hw_endpoint_start_next_buffer>
20000944:	003e      	movs	r6, r7
20000946:	e60d      	b.n	20000564 <dcd_rp2040_irq+0xa4>
20000948:	0020      	movs	r0, r4
2000094a:	2200      	movs	r2, #0
2000094c:	30a1      	adds	r0, #161	@ 0xa1
2000094e:	30ff      	adds	r0, #255	@ 0xff
20000950:	54e2      	strb	r2, [r4, r3]
20000952:	003e      	movs	r6, r7
20000954:	f000 f972 	bl	20000c3c <hw_endpoint_start_next_buffer>
20000958:	e5ea      	b.n	20000530 <dcd_rp2040_irq+0x70>
2000095a:	0020      	movs	r0, r4
2000095c:	2200      	movs	r2, #0
2000095e:	3021      	adds	r0, #33	@ 0x21
20000960:	30ff      	adds	r0, #255	@ 0xff
20000962:	54e2      	strb	r2, [r4, r3]
20000964:	003e      	movs	r6, r7
20000966:	f000 f969 	bl	20000c3c <hw_endpoint_start_next_buffer>
2000096a:	e5d5      	b.n	20000518 <dcd_rp2040_irq+0x58>
2000096c:	2200      	movs	r2, #0
2000096e:	54e2      	strb	r2, [r4, r3]
20000970:	3b1c      	subs	r3, #28
20000972:	18e0      	adds	r0, r4, r3
20000974:	f000 f962 	bl	20000c3c <hw_endpoint_start_next_buffer>
20000978:	003e      	movs	r6, r7
2000097a:	e5e9      	b.n	20000550 <dcd_rp2040_irq+0x90>
2000097c:	0020      	movs	r0, r4
2000097e:	2200      	movs	r2, #0
20000980:	3061      	adds	r0, #97	@ 0x61
20000982:	30ff      	adds	r0, #255	@ 0xff
20000984:	54e2      	strb	r2, [r4, r3]
20000986:	003e      	movs	r6, r7
20000988:	f000 f958 	bl	20000c3c <hw_endpoint_start_next_buffer>
2000098c:	e5ca      	b.n	20000524 <dcd_rp2040_irq+0x64>
2000098e:	0020      	movs	r0, r4
20000990:	2200      	movs	r2, #0
20000992:	30e1      	adds	r0, #225	@ 0xe1
20000994:	30ff      	adds	r0, #255	@ 0xff
20000996:	54e2      	strb	r2, [r4, r3]
20000998:	003e      	movs	r6, r7
2000099a:	f000 f94f 	bl	20000c3c <hw_endpoint_start_next_buffer>
2000099e:	e5cd      	b.n	2000053c <dcd_rp2040_irq+0x7c>
200009a0:	0020      	movs	r0, r4
200009a2:	2200      	movs	r2, #0
200009a4:	30e0      	adds	r0, #224	@ 0xe0
200009a6:	54e2      	strb	r2, [r4, r3]
200009a8:	003e      	movs	r6, r7
200009aa:	f000 f947 	bl	20000c3c <hw_endpoint_start_next_buffer>
200009ae:	e5ad      	b.n	2000050c <dcd_rp2040_irq+0x4c>
200009b0:	2200      	movs	r2, #0
200009b2:	54e2      	strb	r2, [r4, r3]
200009b4:	3b1c      	subs	r3, #28
200009b6:	18e0      	adds	r0, r4, r3
200009b8:	f000 f940 	bl	20000c3c <hw_endpoint_start_next_buffer>
200009bc:	e754      	b.n	20000868 <dcd_rp2040_irq+0x3a8>
200009be:	2200      	movs	r2, #0
200009c0:	54e2      	strb	r2, [r4, r3]
200009c2:	3b1c      	subs	r3, #28
200009c4:	18e0      	adds	r0, r4, r3
200009c6:	f000 f939 	bl	20000c3c <hw_endpoint_start_next_buffer>
200009ca:	e782      	b.n	200008d2 <dcd_rp2040_irq+0x412>
200009cc:	0031      	movs	r1, r6
200009ce:	480a      	ldr	r0, [pc, #40]	@ (200009f8 <dcd_rp2040_irq+0x538>)
200009d0:	4069      	eors	r1, r5
200009d2:	f000 fb2d 	bl	20001030 <__panic_veneer>
200009d6:	46c0      	nop			@ (mov r8, r8)
200009d8:	0000023a 	.word	0x0000023a
200009dc:	000002ba 	.word	0x000002ba
200009e0:	0000037a 	.word	0x0000037a
200009e4:	000003bb 	.word	0x000003bb
200009e8:	000003ba 	.word	0x000003ba
200009ec:	000003fb 	.word	0x000003fb
200009f0:	000003fa 	.word	0x000003fa
200009f4:	0000033a 	.word	0x0000033a
200009f8:	10009470 	.word	0x10009470

200009fc <prepare_ep_buffer>:
200009fc:	b5f0      	push	{r4, r5, r6, r7, lr}
200009fe:	468c      	mov	ip, r1
20000a00:	8a83      	ldrh	r3, [r0, #20]
20000a02:	8b01      	ldrh	r1, [r0, #24]
20000a04:	0002      	movs	r2, r0
20000a06:	b083      	sub	sp, #12
20000a08:	1c0e      	adds	r6, r1, #0
20000a0a:	4299      	cmp	r1, r3
20000a0c:	d900      	bls.n	20000a10 <prepare_ep_buffer+0x14>
20000a0e:	1c1e      	adds	r6, r3, #0
20000a10:	b2b6      	uxth	r6, r6
20000a12:	1b9b      	subs	r3, r3, r6
20000a14:	b29c      	uxth	r4, r3
20000a16:	78d3      	ldrb	r3, [r2, #3]
20000a18:	2180      	movs	r1, #128	@ 0x80
20000a1a:	0018      	movs	r0, r3
20000a1c:	1e45      	subs	r5, r0, #1
20000a1e:	41a8      	sbcs	r0, r5
20000a20:	00c9      	lsls	r1, r1, #3
20000a22:	4331      	orrs	r1, r6
20000a24:	0340      	lsls	r0, r0, #13
20000a26:	4308      	orrs	r0, r1
20000a28:	2101      	movs	r1, #1
20000a2a:	404b      	eors	r3, r1
20000a2c:	70d3      	strb	r3, [r2, #3]
20000a2e:	7853      	ldrb	r3, [r2, #1]
20000a30:	8294      	strh	r4, [r2, #20]
20000a32:	2b00      	cmp	r3, #0
20000a34:	d132      	bne.n	20000a9c <prepare_ep_buffer+0xa0>
20000a36:	6911      	ldr	r1, [r2, #16]
20000a38:	2e00      	cmp	r6, #0
20000a3a:	d02a      	beq.n	20000a92 <prepare_ep_buffer+0x96>
20000a3c:	4663      	mov	r3, ip
20000a3e:	68d4      	ldr	r4, [r2, #12]
20000a40:	019b      	lsls	r3, r3, #6
20000a42:	18e4      	adds	r4, r4, r3
20000a44:	1e73      	subs	r3, r6, #1
20000a46:	9301      	str	r3, [sp, #4]
20000a48:	2b06      	cmp	r3, #6
20000a4a:	d932      	bls.n	20000ab2 <prepare_ep_buffer+0xb6>
20000a4c:	0023      	movs	r3, r4
20000a4e:	430b      	orrs	r3, r1
20000a50:	079b      	lsls	r3, r3, #30
20000a52:	d12e      	bne.n	20000ab2 <prepare_ep_buffer+0xb6>
20000a54:	1a63      	subs	r3, r4, r1
20000a56:	3b01      	subs	r3, #1
20000a58:	2b02      	cmp	r3, #2
20000a5a:	d92a      	bls.n	20000ab2 <prepare_ep_buffer+0xb6>
20000a5c:	2300      	movs	r3, #0
20000a5e:	08b7      	lsrs	r7, r6, #2
20000a60:	00bf      	lsls	r7, r7, #2
20000a62:	58cd      	ldr	r5, [r1, r3]
20000a64:	50e5      	str	r5, [r4, r3]
20000a66:	3304      	adds	r3, #4
20000a68:	42bb      	cmp	r3, r7
20000a6a:	d1fa      	bne.n	20000a62 <prepare_ep_buffer+0x66>
20000a6c:	429e      	cmp	r6, r3
20000a6e:	d00e      	beq.n	20000a8e <prepare_ep_buffer+0x92>
20000a70:	9d01      	ldr	r5, [sp, #4]
20000a72:	18e4      	adds	r4, r4, r3
20000a74:	1aef      	subs	r7, r5, r3
20000a76:	18cd      	adds	r5, r1, r3
20000a78:	5cc9      	ldrb	r1, [r1, r3]
20000a7a:	7021      	strb	r1, [r4, #0]
20000a7c:	9901      	ldr	r1, [sp, #4]
20000a7e:	4299      	cmp	r1, r3
20000a80:	d005      	beq.n	20000a8e <prepare_ep_buffer+0x92>
20000a82:	786b      	ldrb	r3, [r5, #1]
20000a84:	7063      	strb	r3, [r4, #1]
20000a86:	2f01      	cmp	r7, #1
20000a88:	d001      	beq.n	20000a8e <prepare_ep_buffer+0x92>
20000a8a:	78ab      	ldrb	r3, [r5, #2]
20000a8c:	70a3      	strb	r3, [r4, #2]
20000a8e:	6911      	ldr	r1, [r2, #16]
20000a90:	8a94      	ldrh	r4, [r2, #20]
20000a92:	2380      	movs	r3, #128	@ 0x80
20000a94:	1989      	adds	r1, r1, r6
20000a96:	021b      	lsls	r3, r3, #8
20000a98:	6111      	str	r1, [r2, #16]
20000a9a:	4318      	orrs	r0, r3
20000a9c:	2c00      	cmp	r4, #0
20000a9e:	d102      	bne.n	20000aa6 <prepare_ep_buffer+0xaa>
20000aa0:	2380      	movs	r3, #128	@ 0x80
20000aa2:	01db      	lsls	r3, r3, #7
20000aa4:	4318      	orrs	r0, r3
20000aa6:	4663      	mov	r3, ip
20000aa8:	2b00      	cmp	r3, #0
20000aaa:	d000      	beq.n	20000aae <prepare_ep_buffer+0xb2>
20000aac:	0400      	lsls	r0, r0, #16
20000aae:	b003      	add	sp, #12
20000ab0:	bdf0      	pop	{r4, r5, r6, r7, pc}
20000ab2:	2300      	movs	r3, #0
20000ab4:	5ccd      	ldrb	r5, [r1, r3]
20000ab6:	54e5      	strb	r5, [r4, r3]
20000ab8:	3301      	adds	r3, #1
20000aba:	429e      	cmp	r6, r3
20000abc:	d1fa      	bne.n	20000ab4 <prepare_ep_buffer+0xb8>
20000abe:	e7e6      	b.n	20000a8e <prepare_ep_buffer+0x92>

20000ac0 <sync_ep_buffer>:
20000ac0:	6883      	ldr	r3, [r0, #8]
20000ac2:	b5f0      	push	{r4, r5, r6, r7, lr}
20000ac4:	681a      	ldr	r2, [r3, #0]
20000ac6:	2900      	cmp	r1, #0
20000ac8:	d000      	beq.n	20000acc <sync_ep_buffer+0xc>
20000aca:	0c12      	lsrs	r2, r2, #16
20000acc:	7843      	ldrb	r3, [r0, #1]
20000ace:	0592      	lsls	r2, r2, #22
20000ad0:	0d95      	lsrs	r5, r2, #22
20000ad2:	2b00      	cmp	r3, #0
20000ad4:	d109      	bne.n	20000aea <sync_ep_buffer+0x2a>
20000ad6:	8ac3      	ldrh	r3, [r0, #22]
20000ad8:	18eb      	adds	r3, r5, r3
20000ada:	82c3      	strh	r3, [r0, #22]
20000adc:	8b03      	ldrh	r3, [r0, #24]
20000ade:	42ab      	cmp	r3, r5
20000ae0:	d901      	bls.n	20000ae6 <sync_ep_buffer+0x26>
20000ae2:	2300      	movs	r3, #0
20000ae4:	8283      	strh	r3, [r0, #20]
20000ae6:	0028      	movs	r0, r5
20000ae8:	bdf0      	pop	{r4, r5, r6, r7, pc}
20000aea:	6904      	ldr	r4, [r0, #16]
20000aec:	2d00      	cmp	r5, #0
20000aee:	d028      	beq.n	20000b42 <sync_ep_buffer+0x82>
20000af0:	68c3      	ldr	r3, [r0, #12]
20000af2:	0189      	lsls	r1, r1, #6
20000af4:	1e6f      	subs	r7, r5, #1
20000af6:	46bc      	mov	ip, r7
20000af8:	185e      	adds	r6, r3, r1
20000afa:	2f06      	cmp	r7, #6
20000afc:	d927      	bls.n	20000b4e <sync_ep_buffer+0x8e>
20000afe:	3101      	adds	r1, #1
20000b00:	185b      	adds	r3, r3, r1
20000b02:	1ae3      	subs	r3, r4, r3
20000b04:	2b02      	cmp	r3, #2
20000b06:	d922      	bls.n	20000b4e <sync_ep_buffer+0x8e>
20000b08:	0023      	movs	r3, r4
20000b0a:	4333      	orrs	r3, r6
20000b0c:	079b      	lsls	r3, r3, #30
20000b0e:	d11e      	bne.n	20000b4e <sync_ep_buffer+0x8e>
20000b10:	2300      	movs	r3, #0
20000b12:	0e12      	lsrs	r2, r2, #24
20000b14:	0092      	lsls	r2, r2, #2
20000b16:	58f1      	ldr	r1, [r6, r3]
20000b18:	50e1      	str	r1, [r4, r3]
20000b1a:	3304      	adds	r3, #4
20000b1c:	429a      	cmp	r2, r3
20000b1e:	d1fa      	bne.n	20000b16 <sync_ep_buffer+0x56>
20000b20:	4295      	cmp	r5, r2
20000b22:	d00d      	beq.n	20000b40 <sync_ep_buffer+0x80>
20000b24:	4663      	mov	r3, ip
20000b26:	1a9f      	subs	r7, r3, r2
20000b28:	18a3      	adds	r3, r4, r2
20000b2a:	5cb4      	ldrb	r4, [r6, r2]
20000b2c:	18b1      	adds	r1, r6, r2
20000b2e:	701c      	strb	r4, [r3, #0]
20000b30:	4594      	cmp	ip, r2
20000b32:	d005      	beq.n	20000b40 <sync_ep_buffer+0x80>
20000b34:	784a      	ldrb	r2, [r1, #1]
20000b36:	705a      	strb	r2, [r3, #1]
20000b38:	2f01      	cmp	r7, #1
20000b3a:	d001      	beq.n	20000b40 <sync_ep_buffer+0x80>
20000b3c:	788a      	ldrb	r2, [r1, #2]
20000b3e:	709a      	strb	r2, [r3, #2]
20000b40:	6904      	ldr	r4, [r0, #16]
20000b42:	8ac3      	ldrh	r3, [r0, #22]
20000b44:	1964      	adds	r4, r4, r5
20000b46:	18eb      	adds	r3, r5, r3
20000b48:	82c3      	strh	r3, [r0, #22]
20000b4a:	6104      	str	r4, [r0, #16]
20000b4c:	e7c6      	b.n	20000adc <sync_ep_buffer+0x1c>
20000b4e:	2200      	movs	r2, #0
20000b50:	5cb3      	ldrb	r3, [r6, r2]
20000b52:	54a3      	strb	r3, [r4, r2]
20000b54:	3201      	adds	r2, #1
20000b56:	4295      	cmp	r5, r2
20000b58:	d1fa      	bne.n	20000b50 <sync_ep_buffer+0x90>
20000b5a:	6904      	ldr	r4, [r0, #16]
20000b5c:	e7f1      	b.n	20000b42 <sync_ep_buffer+0x82>
20000b5e:	46c0      	nop			@ (mov r8, r8)

20000b60 <_hw_endpoint_xfer_sync>:
20000b60:	b510      	push	{r4, lr}
20000b62:	0004      	movs	r4, r0
20000b64:	6883      	ldr	r3, [r0, #8]
20000b66:	2100      	movs	r1, #0
20000b68:	681b      	ldr	r3, [r3, #0]
20000b6a:	f7ff ffa9 	bl	20000ac0 <sync_ep_buffer>
20000b6e:	6863      	ldr	r3, [r4, #4]
20000b70:	681b      	ldr	r3, [r3, #0]
20000b72:	005b      	lsls	r3, r3, #1
20000b74:	d502      	bpl.n	20000b7c <_hw_endpoint_xfer_sync+0x1c>
20000b76:	8b23      	ldrh	r3, [r4, #24]
20000b78:	4283      	cmp	r3, r0
20000b7a:	d000      	beq.n	20000b7e <_hw_endpoint_xfer_sync+0x1e>
20000b7c:	bd10      	pop	{r4, pc}
20000b7e:	2101      	movs	r1, #1
20000b80:	0020      	movs	r0, r4
20000b82:	f7ff ff9d 	bl	20000ac0 <sync_ep_buffer>
20000b86:	e7f9      	b.n	20000b7c <_hw_endpoint_xfer_sync+0x1c>

20000b88 <e15_is_bulkin_ep>:
20000b88:	4b08      	ldr	r3, [pc, #32]	@ (20000bac <e15_is_bulkin_ep+0x24>)
20000b8a:	6c1a      	ldr	r2, [r3, #64]	@ 0x40
20000b8c:	2300      	movs	r3, #0
20000b8e:	0792      	lsls	r2, r2, #30
20000b90:	d403      	bmi.n	20000b9a <e15_is_bulkin_ep+0x12>
20000b92:	7882      	ldrb	r2, [r0, #2]
20000b94:	09d2      	lsrs	r2, r2, #7
20000b96:	2a01      	cmp	r2, #1
20000b98:	d001      	beq.n	20000b9e <e15_is_bulkin_ep+0x16>
20000b9a:	0018      	movs	r0, r3
20000b9c:	4770      	bx	lr
20000b9e:	7ec3      	ldrb	r3, [r0, #27]
20000ba0:	3b02      	subs	r3, #2
20000ba2:	425a      	negs	r2, r3
20000ba4:	4153      	adcs	r3, r2
20000ba6:	b2db      	uxtb	r3, r3
20000ba8:	e7f7      	b.n	20000b9a <e15_is_bulkin_ep+0x12>
20000baa:	46c0      	nop			@ (mov r8, r8)
20000bac:	50110000 	.word	0x50110000

20000bb0 <e15_is_critical_frame_period>:
20000bb0:	b510      	push	{r4, lr}
20000bb2:	f7ff ffe9 	bl	20000b88 <e15_is_bulkin_ep>
20000bb6:	2800      	cmp	r0, #0
20000bb8:	d00a      	beq.n	20000bd0 <e15_is_critical_frame_period+0x20>
20000bba:	4b06      	ldr	r3, [pc, #24]	@ (20000bd4 <e15_is_critical_frame_period+0x24>)
20000bbc:	4a06      	ldr	r2, [pc, #24]	@ (20000bd8 <e15_is_critical_frame_period+0x28>)
20000bbe:	6a9b      	ldr	r3, [r3, #40]	@ 0x28
20000bc0:	4906      	ldr	r1, [pc, #24]	@ (20000bdc <e15_is_critical_frame_period+0x2c>)
20000bc2:	6812      	ldr	r2, [r2, #0]
20000bc4:	185b      	adds	r3, r3, r1
20000bc6:	1a9b      	subs	r3, r3, r2
20000bc8:	2000      	movs	r0, #0
20000bca:	22c6      	movs	r2, #198	@ 0xc6
20000bcc:	429a      	cmp	r2, r3
20000bce:	4140      	adcs	r0, r0
20000bd0:	bd10      	pop	{r4, pc}
20000bd2:	46c0      	nop			@ (mov r8, r8)
20000bd4:	40054000 	.word	0x40054000
20000bd8:	20012944 	.word	0x20012944
20000bdc:	fffffce0 	.word	0xfffffce0

20000be0 <hw_endpoint_reset_transfer>:
20000be0:	2300      	movs	r3, #0
20000be2:	7683      	strb	r3, [r0, #26]
20000be4:	6143      	str	r3, [r0, #20]
20000be6:	6103      	str	r3, [r0, #16]
20000be8:	4770      	bx	lr
20000bea:	46c0      	nop			@ (mov r8, r8)

20000bec <_hw_endpoint_buffer_control_update32>:
20000bec:	b510      	push	{r4, lr}
20000bee:	6883      	ldr	r3, [r0, #8]
20000bf0:	2900      	cmp	r1, #0
20000bf2:	d001      	beq.n	20000bf8 <_hw_endpoint_buffer_control_update32+0xc>
20000bf4:	681c      	ldr	r4, [r3, #0]
20000bf6:	4021      	ands	r1, r4
20000bf8:	2a00      	cmp	r2, #0
20000bfa:	d012      	beq.n	20000c22 <_hw_endpoint_buffer_control_update32+0x36>
20000bfc:	2480      	movs	r4, #128	@ 0x80
20000bfe:	00e4      	lsls	r4, r4, #3
20000c00:	4311      	orrs	r1, r2
20000c02:	4222      	tst	r2, r4
20000c04:	d00d      	beq.n	20000c22 <_hw_endpoint_buffer_control_update32+0x36>
20000c06:	681a      	ldr	r2, [r3, #0]
20000c08:	4222      	tst	r2, r4
20000c0a:	d10c      	bne.n	20000c26 <_hw_endpoint_buffer_control_update32+0x3a>
20000c0c:	4a08      	ldr	r2, [pc, #32]	@ (20000c30 <_hw_endpoint_buffer_control_update32+0x44>)
20000c0e:	400a      	ands	r2, r1
20000c10:	601a      	str	r2, [r3, #0]
20000c12:	4a08      	ldr	r2, [pc, #32]	@ (20000c34 <_hw_endpoint_buffer_control_update32+0x48>)
20000c14:	6c12      	ldr	r2, [r2, #64]	@ 0x40
20000c16:	0792      	lsls	r2, r2, #30
20000c18:	d403      	bmi.n	20000c22 <_hw_endpoint_buffer_control_update32+0x36>
20000c1a:	230c      	movs	r3, #12
20000c1c:	3b03      	subs	r3, #3
20000c1e:	d2fd      	bcs.n	20000c1c <_hw_endpoint_buffer_control_update32+0x30>
20000c20:	6883      	ldr	r3, [r0, #8]
20000c22:	6019      	str	r1, [r3, #0]
20000c24:	bd10      	pop	{r4, pc}
20000c26:	7881      	ldrb	r1, [r0, #2]
20000c28:	4803      	ldr	r0, [pc, #12]	@ (20000c38 <_hw_endpoint_buffer_control_update32+0x4c>)
20000c2a:	f000 fa01 	bl	20001030 <__panic_veneer>
20000c2e:	46c0      	nop			@ (mov r8, r8)
20000c30:	fffffbff 	.word	0xfffffbff
20000c34:	50110000 	.word	0x50110000
20000c38:	10009484 	.word	0x10009484

20000c3c <hw_endpoint_start_next_buffer>:
20000c3c:	6843      	ldr	r3, [r0, #4]
20000c3e:	b570      	push	{r4, r5, r6, lr}
20000c40:	2100      	movs	r1, #0
20000c42:	2580      	movs	r5, #128	@ 0x80
20000c44:	0004      	movs	r4, r0
20000c46:	681e      	ldr	r6, [r3, #0]
20000c48:	f7ff fed8 	bl	200009fc <prepare_ep_buffer>
20000c4c:	4b12      	ldr	r3, [pc, #72]	@ (20000c98 <hw_endpoint_start_next_buffer+0x5c>)
20000c4e:	016d      	lsls	r5, r5, #5
20000c50:	6c1a      	ldr	r2, [r3, #64]	@ 0x40
20000c52:	4305      	orrs	r5, r0
20000c54:	78a3      	ldrb	r3, [r4, #2]
20000c56:	0792      	lsls	r2, r2, #30
20000c58:	d50e      	bpl.n	20000c78 <hw_endpoint_start_next_buffer+0x3c>
20000c5a:	065b      	lsls	r3, r3, #25
20000c5c:	d00e      	beq.n	20000c7c <hw_endpoint_start_next_buffer+0x40>
20000c5e:	4b0f      	ldr	r3, [pc, #60]	@ (20000c9c <hw_endpoint_start_next_buffer+0x60>)
20000c60:	401e      	ands	r6, r3
20000c62:	2380      	movs	r3, #128	@ 0x80
20000c64:	059b      	lsls	r3, r3, #22
20000c66:	4333      	orrs	r3, r6
20000c68:	6862      	ldr	r2, [r4, #4]
20000c6a:	2100      	movs	r1, #0
20000c6c:	6013      	str	r3, [r2, #0]
20000c6e:	0020      	movs	r0, r4
20000c70:	002a      	movs	r2, r5
20000c72:	f7ff ffbb 	bl	20000bec <_hw_endpoint_buffer_control_update32>
20000c76:	bd70      	pop	{r4, r5, r6, pc}
20000c78:	09db      	lsrs	r3, r3, #7
20000c7a:	d0f0      	beq.n	20000c5e <hw_endpoint_start_next_buffer+0x22>
20000c7c:	8aa3      	ldrh	r3, [r4, #20]
20000c7e:	2b00      	cmp	r3, #0
20000c80:	d0ed      	beq.n	20000c5e <hw_endpoint_start_next_buffer+0x22>
20000c82:	2101      	movs	r1, #1
20000c84:	0020      	movs	r0, r4
20000c86:	f7ff feb9 	bl	200009fc <prepare_ep_buffer>
20000c8a:	23a0      	movs	r3, #160	@ 0xa0
20000c8c:	4a04      	ldr	r2, [pc, #16]	@ (20000ca0 <hw_endpoint_start_next_buffer+0x64>)
20000c8e:	05db      	lsls	r3, r3, #23
20000c90:	4032      	ands	r2, r6
20000c92:	4305      	orrs	r5, r0
20000c94:	4313      	orrs	r3, r2
20000c96:	e7e7      	b.n	20000c68 <hw_endpoint_start_next_buffer+0x2c>
20000c98:	50110000 	.word	0x50110000
20000c9c:	afffffff 	.word	0xafffffff
20000ca0:	dfffffff 	.word	0xdfffffff

20000ca4 <hw_endpoint_xfer_continue>:
20000ca4:	b570      	push	{r4, r5, r6, lr}
20000ca6:	7e85      	ldrb	r5, [r0, #26]
20000ca8:	0004      	movs	r4, r0
20000caa:	2d00      	cmp	r5, #0
20000cac:	d014      	beq.n	20000cd8 <hw_endpoint_xfer_continue+0x34>
20000cae:	f7ff ff57 	bl	20000b60 <_hw_endpoint_xfer_sync>
20000cb2:	8aa3      	ldrh	r3, [r4, #20]
20000cb4:	2b00      	cmp	r3, #0
20000cb6:	d101      	bne.n	20000cbc <hw_endpoint_xfer_continue+0x18>
20000cb8:	0028      	movs	r0, r5
20000cba:	bd70      	pop	{r4, r5, r6, pc}
20000cbc:	0020      	movs	r0, r4
20000cbe:	f7ff ff77 	bl	20000bb0 <e15_is_critical_frame_period>
20000cc2:	2800      	cmp	r0, #0
20000cc4:	d003      	beq.n	20000cce <hw_endpoint_xfer_continue+0x2a>
20000cc6:	2301      	movs	r3, #1
20000cc8:	2500      	movs	r5, #0
20000cca:	7723      	strb	r3, [r4, #28]
20000ccc:	e7f4      	b.n	20000cb8 <hw_endpoint_xfer_continue+0x14>
20000cce:	0020      	movs	r0, r4
20000cd0:	f7ff ffb4 	bl	20000c3c <hw_endpoint_start_next_buffer>
20000cd4:	2500      	movs	r5, #0
20000cd6:	e7ef      	b.n	20000cb8 <hw_endpoint_xfer_continue+0x14>
20000cd8:	7881      	ldrb	r1, [r0, #2]
20000cda:	4801      	ldr	r0, [pc, #4]	@ (20000ce0 <hw_endpoint_xfer_continue+0x3c>)
20000cdc:	f000 f9a8 	bl	20001030 <__panic_veneer>
20000ce0:	100094a4 	.word	0x100094a4

20000ce4 <dcd_event_handler>:
20000ce4:	b5f0      	push	{r4, r5, r6, r7, lr}
20000ce6:	4647      	mov	r7, r8
20000ce8:	46ce      	mov	lr, r9
20000cea:	b580      	push	{r7, lr}
20000cec:	7843      	ldrb	r3, [r0, #1]
20000cee:	0005      	movs	r5, r0
20000cf0:	000f      	movs	r7, r1
20000cf2:	b085      	sub	sp, #20
20000cf4:	2b06      	cmp	r3, #6
20000cf6:	d807      	bhi.n	20000d08 <dcd_event_handler+0x24>
20000cf8:	4a68      	ldr	r2, [pc, #416]	@ (20000e9c <dcd_event_handler+0x1b8>)
20000cfa:	009b      	lsls	r3, r3, #2
20000cfc:	58d3      	ldr	r3, [r2, r3]
20000cfe:	469f      	mov	pc, r3
20000d00:	4a67      	ldr	r2, [pc, #412]	@ (20000ea0 <dcd_event_handler+0x1bc>)
20000d02:	7813      	ldrb	r3, [r2, #0]
20000d04:	3301      	adds	r3, #1
20000d06:	7013      	strb	r3, [r2, #0]
20000d08:	4b66      	ldr	r3, [pc, #408]	@ (20000ea4 <dcd_event_handler+0x1c0>)
20000d0a:	681c      	ldr	r4, [r3, #0]
20000d0c:	6962      	ldr	r2, [r4, #20]
20000d0e:	f3ef 8110 	mrs	r1, PRIMASK
20000d12:	b672      	cpsid	i
20000d14:	6813      	ldr	r3, [r2, #0]
20000d16:	2b00      	cmp	r3, #0
20000d18:	d0fc      	beq.n	20000d14 <dcd_event_handler+0x30>
20000d1a:	f3bf 8f5f 	dmb	sy
20000d1e:	61a1      	str	r1, [r4, #24]
20000d20:	0020      	movs	r0, r4
20000d22:	0029      	movs	r1, r5
20000d24:	f000 f994 	bl	20001050 <__tu_fifo_write_veneer>
20000d28:	6962      	ldr	r2, [r4, #20]
20000d2a:	69a3      	ldr	r3, [r4, #24]
20000d2c:	f3bf 8f5f 	dmb	sy
20000d30:	2100      	movs	r1, #0
20000d32:	6011      	str	r1, [r2, #0]
20000d34:	f383 8810 	msr	PRIMASK, r3
20000d38:	2800      	cmp	r0, #0
20000d3a:	d104      	bne.n	20000d46 <dcd_event_handler+0x62>
20000d3c:	b005      	add	sp, #20
20000d3e:	bcc0      	pop	{r6, r7}
20000d40:	46b9      	mov	r9, r7
20000d42:	46b0      	mov	r8, r6
20000d44:	bdf0      	pop	{r4, r5, r6, r7, pc}
20000d46:	003a      	movs	r2, r7
20000d48:	7869      	ldrb	r1, [r5, #1]
20000d4a:	7828      	ldrb	r0, [r5, #0]
20000d4c:	f000 f988 	bl	20001060 <__tud_event_hook_cb_veneer>
20000d50:	e7f4      	b.n	20000d3c <dcd_event_handler+0x58>
20000d52:	2101      	movs	r1, #1
20000d54:	4b54      	ldr	r3, [pc, #336]	@ (20000ea8 <dcd_event_handler+0x1c4>)
20000d56:	781a      	ldrb	r2, [r3, #0]
20000d58:	438a      	bics	r2, r1
20000d5a:	701a      	strb	r2, [r3, #0]
20000d5c:	781a      	ldrb	r2, [r3, #0]
20000d5e:	3101      	adds	r1, #1
20000d60:	438a      	bics	r2, r1
20000d62:	701a      	strb	r2, [r3, #0]
20000d64:	2200      	movs	r2, #0
20000d66:	705a      	strb	r2, [r3, #1]
20000d68:	781a      	ldrb	r2, [r3, #0]
20000d6a:	3102      	adds	r1, #2
20000d6c:	438a      	bics	r2, r1
20000d6e:	701a      	strb	r2, [r3, #0]
20000d70:	e7ca      	b.n	20000d08 <dcd_event_handler+0x24>
20000d72:	4b4e      	ldr	r3, [pc, #312]	@ (20000eac <dcd_event_handler+0x1c8>)
20000d74:	2400      	movs	r4, #0
20000d76:	001e      	movs	r6, r3
20000d78:	781a      	ldrb	r2, [r3, #0]
20000d7a:	4b4d      	ldr	r3, [pc, #308]	@ (20000eb0 <dcd_event_handler+0x1cc>)
20000d7c:	4698      	mov	r8, r3
20000d7e:	4b4d      	ldr	r3, [pc, #308]	@ (20000eb4 <dcd_event_handler+0x1d0>)
20000d80:	4699      	mov	r9, r3
20000d82:	e010      	b.n	20000da6 <dcd_event_handler+0xc2>
20000d84:	464b      	mov	r3, r9
20000d86:	681b      	ldr	r3, [r3, #0]
20000d88:	0161      	lsls	r1, r4, #5
20000d8a:	185b      	adds	r3, r3, r1
20000d8c:	2b00      	cmp	r3, #0
20000d8e:	d006      	beq.n	20000d9e <dcd_event_handler+0xba>
20000d90:	69db      	ldr	r3, [r3, #28]
20000d92:	2b00      	cmp	r3, #0
20000d94:	d003      	beq.n	20000d9e <dcd_event_handler+0xba>
20000d96:	6869      	ldr	r1, [r5, #4]
20000d98:	7828      	ldrb	r0, [r5, #0]
20000d9a:	4798      	blx	r3
20000d9c:	7832      	ldrb	r2, [r6, #0]
20000d9e:	3401      	adds	r4, #1
20000da0:	b2e4      	uxtb	r4, r4
20000da2:	4294      	cmp	r4, r2
20000da4:	d817      	bhi.n	20000dd6 <dcd_event_handler+0xf2>
20000da6:	42a2      	cmp	r2, r4
20000da8:	d8ec      	bhi.n	20000d84 <dcd_event_handler+0xa0>
20000daa:	1aa3      	subs	r3, r4, r2
20000dac:	015b      	lsls	r3, r3, #5
20000dae:	4443      	add	r3, r8
20000db0:	e7ee      	b.n	20000d90 <dcd_event_handler+0xac>
20000db2:	4b3d      	ldr	r3, [pc, #244]	@ (20000ea8 <dcd_event_handler+0x1c4>)
20000db4:	781a      	ldrb	r2, [r3, #0]
20000db6:	07d2      	lsls	r2, r2, #31
20000db8:	d5c0      	bpl.n	20000d3c <dcd_event_handler+0x58>
20000dba:	2104      	movs	r1, #4
20000dbc:	781a      	ldrb	r2, [r3, #0]
20000dbe:	430a      	orrs	r2, r1
20000dc0:	701a      	strb	r2, [r3, #0]
20000dc2:	e7a1      	b.n	20000d08 <dcd_event_handler+0x24>
20000dc4:	4b38      	ldr	r3, [pc, #224]	@ (20000ea8 <dcd_event_handler+0x1c4>)
20000dc6:	781a      	ldrb	r2, [r3, #0]
20000dc8:	07d2      	lsls	r2, r2, #31
20000dca:	d5b7      	bpl.n	20000d3c <dcd_event_handler+0x58>
20000dcc:	2104      	movs	r1, #4
20000dce:	781a      	ldrb	r2, [r3, #0]
20000dd0:	438a      	bics	r2, r1
20000dd2:	701a      	strb	r2, [r3, #0]
20000dd4:	e798      	b.n	20000d08 <dcd_event_handler+0x24>
20000dd6:	4a34      	ldr	r2, [pc, #208]	@ (20000ea8 <dcd_event_handler+0x1c4>)
20000dd8:	7813      	ldrb	r3, [r2, #0]
20000dda:	4690      	mov	r8, r2
20000ddc:	0011      	movs	r1, r2
20000dde:	075b      	lsls	r3, r3, #29
20000de0:	d528      	bpl.n	20000e34 <dcd_event_handler+0x150>
20000de2:	7813      	ldrb	r3, [r2, #0]
20000de4:	2204      	movs	r2, #4
20000de6:	ac01      	add	r4, sp, #4
20000de8:	4393      	bics	r3, r2
20000dea:	700b      	strb	r3, [r1, #0]
20000dec:	0020      	movs	r0, r4
20000dee:	2100      	movs	r1, #0
20000df0:	3208      	adds	r2, #8
20000df2:	f000 f945 	bl	20001080 <____wrap_memset_veneer>
20000df6:	782b      	ldrb	r3, [r5, #0]
20000df8:	7023      	strb	r3, [r4, #0]
20000dfa:	2305      	movs	r3, #5
20000dfc:	7063      	strb	r3, [r4, #1]
20000dfe:	4b29      	ldr	r3, [pc, #164]	@ (20000ea4 <dcd_event_handler+0x1c0>)
20000e00:	681b      	ldr	r3, [r3, #0]
20000e02:	0018      	movs	r0, r3
20000e04:	695a      	ldr	r2, [r3, #20]
20000e06:	f3ef 8110 	mrs	r1, PRIMASK
20000e0a:	b672      	cpsid	i
20000e0c:	6813      	ldr	r3, [r2, #0]
20000e0e:	2b00      	cmp	r3, #0
20000e10:	d0fc      	beq.n	20000e0c <dcd_event_handler+0x128>
20000e12:	f3bf 8f5f 	dmb	sy
20000e16:	0006      	movs	r6, r0
20000e18:	6181      	str	r1, [r0, #24]
20000e1a:	0021      	movs	r1, r4
20000e1c:	f000 f918 	bl	20001050 <__tu_fifo_write_veneer>
20000e20:	6972      	ldr	r2, [r6, #20]
20000e22:	69b3      	ldr	r3, [r6, #24]
20000e24:	f3bf 8f5f 	dmb	sy
20000e28:	2100      	movs	r1, #0
20000e2a:	6011      	str	r1, [r2, #0]
20000e2c:	f383 8810 	msr	PRIMASK, r3
20000e30:	2800      	cmp	r0, #0
20000e32:	d12c      	bne.n	20000e8e <dcd_event_handler+0x1aa>
20000e34:	4643      	mov	r3, r8
20000e36:	78db      	ldrb	r3, [r3, #3]
20000e38:	07db      	lsls	r3, r3, #31
20000e3a:	d400      	bmi.n	20000e3e <dcd_event_handler+0x15a>
20000e3c:	e77e      	b.n	20000d3c <dcd_event_handler+0x58>
20000e3e:	782b      	ldrb	r3, [r5, #0]
20000e40:	ac01      	add	r4, sp, #4
20000e42:	7023      	strb	r3, [r4, #0]
20000e44:	2303      	movs	r3, #3
20000e46:	7063      	strb	r3, [r4, #1]
20000e48:	686b      	ldr	r3, [r5, #4]
20000e4a:	6063      	str	r3, [r4, #4]
20000e4c:	4b15      	ldr	r3, [pc, #84]	@ (20000ea4 <dcd_event_handler+0x1c0>)
20000e4e:	681d      	ldr	r5, [r3, #0]
20000e50:	696a      	ldr	r2, [r5, #20]
20000e52:	f3ef 8110 	mrs	r1, PRIMASK
20000e56:	b672      	cpsid	i
20000e58:	6813      	ldr	r3, [r2, #0]
20000e5a:	2b00      	cmp	r3, #0
20000e5c:	d0fc      	beq.n	20000e58 <dcd_event_handler+0x174>
20000e5e:	f3bf 8f5f 	dmb	sy
20000e62:	61a9      	str	r1, [r5, #24]
20000e64:	0028      	movs	r0, r5
20000e66:	0021      	movs	r1, r4
20000e68:	f000 f8f2 	bl	20001050 <__tu_fifo_write_veneer>
20000e6c:	696a      	ldr	r2, [r5, #20]
20000e6e:	69ab      	ldr	r3, [r5, #24]
20000e70:	f3bf 8f5f 	dmb	sy
20000e74:	2100      	movs	r1, #0
20000e76:	6011      	str	r1, [r2, #0]
20000e78:	f383 8810 	msr	PRIMASK, r3
20000e7c:	2800      	cmp	r0, #0
20000e7e:	d100      	bne.n	20000e82 <dcd_event_handler+0x19e>
20000e80:	e75c      	b.n	20000d3c <dcd_event_handler+0x58>
20000e82:	003a      	movs	r2, r7
20000e84:	7861      	ldrb	r1, [r4, #1]
20000e86:	7820      	ldrb	r0, [r4, #0]
20000e88:	f000 f8ea 	bl	20001060 <__tud_event_hook_cb_veneer>
20000e8c:	e756      	b.n	20000d3c <dcd_event_handler+0x58>
20000e8e:	003a      	movs	r2, r7
20000e90:	7861      	ldrb	r1, [r4, #1]
20000e92:	7820      	ldrb	r0, [r4, #0]
20000e94:	f000 f8e4 	bl	20001060 <__tud_event_hook_cb_veneer>
20000e98:	e7cc      	b.n	20000e34 <dcd_event_handler+0x150>
20000e9a:	46c0      	nop			@ (mov r8, r8)
20000e9c:	10009a9c 	.word	0x10009a9c
20000ea0:	20012dbe 	.word	0x20012dbe
20000ea4:	20012708 	.word	0x20012708
20000ea8:	200126b0 	.word	0x200126b0
20000eac:	20012dbc 	.word	0x20012dbc
20000eb0:	10009ab8 	.word	0x10009ab8
20000eb4:	200125c8 	.word	0x200125c8

20000eb8 <__aeabi_idiv0>:
20000eb8:	4770      	bx	lr
20000eba:	46c0      	nop			@ (mov r8, r8)

20000ebc <memmove>:
20000ebc:	b5f0      	push	{r4, r5, r6, r7, lr}
20000ebe:	46c6      	mov	lr, r8
20000ec0:	000d      	movs	r5, r1
20000ec2:	0016      	movs	r6, r2
20000ec4:	b500      	push	{lr}
20000ec6:	4288      	cmp	r0, r1
20000ec8:	d912      	bls.n	20000ef0 <memmove+0x34>
20000eca:	1889      	adds	r1, r1, r2
20000ecc:	4281      	cmp	r1, r0
20000ece:	d90f      	bls.n	20000ef0 <memmove+0x34>
20000ed0:	1884      	adds	r4, r0, r2
20000ed2:	2a03      	cmp	r2, #3
20000ed4:	d856      	bhi.n	20000f84 <memmove+0xc8>
20000ed6:	1e73      	subs	r3, r6, #1
20000ed8:	2e00      	cmp	r6, #0
20000eda:	d006      	beq.n	20000eea <memmove+0x2e>
20000edc:	43da      	mvns	r2, r3
20000ede:	1889      	adds	r1, r1, r2
20000ee0:	18a4      	adds	r4, r4, r2
20000ee2:	5cca      	ldrb	r2, [r1, r3]
20000ee4:	54e2      	strb	r2, [r4, r3]
20000ee6:	3b01      	subs	r3, #1
20000ee8:	d2fb      	bcs.n	20000ee2 <memmove+0x26>
20000eea:	bc80      	pop	{r7}
20000eec:	46b8      	mov	r8, r7
20000eee:	bdf0      	pop	{r4, r5, r6, r7, pc}
20000ef0:	2e03      	cmp	r6, #3
20000ef2:	d80b      	bhi.n	20000f0c <memmove+0x50>
20000ef4:	0004      	movs	r4, r0
20000ef6:	1e71      	subs	r1, r6, #1
20000ef8:	2e00      	cmp	r6, #0
20000efa:	d0f6      	beq.n	20000eea <memmove+0x2e>
20000efc:	2300      	movs	r3, #0
20000efe:	3101      	adds	r1, #1
20000f00:	5cea      	ldrb	r2, [r5, r3]
20000f02:	54e2      	strb	r2, [r4, r3]
20000f04:	3301      	adds	r3, #1
20000f06:	4299      	cmp	r1, r3
20000f08:	d1fa      	bne.n	20000f00 <memmove+0x44>
20000f0a:	e7ee      	b.n	20000eea <memmove+0x2e>
20000f0c:	2403      	movs	r4, #3
20000f0e:	002a      	movs	r2, r5
20000f10:	0021      	movs	r1, r4
20000f12:	4302      	orrs	r2, r0
20000f14:	0003      	movs	r3, r0
20000f16:	4011      	ands	r1, r2
20000f18:	4214      	tst	r4, r2
20000f1a:	d130      	bne.n	20000f7e <memmove+0xc2>
20000f1c:	2e0f      	cmp	r6, #15
20000f1e:	d94b      	bls.n	20000fb8 <memmove+0xfc>
20000f20:	2710      	movs	r7, #16
20000f22:	46bc      	mov	ip, r7
20000f24:	002a      	movs	r2, r5
20000f26:	0934      	lsrs	r4, r6, #4
20000f28:	3c01      	subs	r4, #1
20000f2a:	0124      	lsls	r4, r4, #4
20000f2c:	46a0      	mov	r8, r4
20000f2e:	1904      	adds	r4, r0, r4
20000f30:	44a4      	add	ip, r4
20000f32:	6814      	ldr	r4, [r2, #0]
20000f34:	601c      	str	r4, [r3, #0]
20000f36:	6854      	ldr	r4, [r2, #4]
20000f38:	605c      	str	r4, [r3, #4]
20000f3a:	6894      	ldr	r4, [r2, #8]
20000f3c:	609c      	str	r4, [r3, #8]
20000f3e:	68d4      	ldr	r4, [r2, #12]
20000f40:	3210      	adds	r2, #16
20000f42:	60dc      	str	r4, [r3, #12]
20000f44:	3310      	adds	r3, #16
20000f46:	4563      	cmp	r3, ip
20000f48:	d1f3      	bne.n	20000f32 <memmove+0x76>
20000f4a:	220f      	movs	r2, #15
20000f4c:	001c      	movs	r4, r3
20000f4e:	230c      	movs	r3, #12
20000f50:	3510      	adds	r5, #16
20000f52:	4032      	ands	r2, r6
20000f54:	4033      	ands	r3, r6
20000f56:	4445      	add	r5, r8
20000f58:	0016      	movs	r6, r2
20000f5a:	2b00      	cmp	r3, #0
20000f5c:	d0cb      	beq.n	20000ef6 <memmove+0x3a>
20000f5e:	586b      	ldr	r3, [r5, r1]
20000f60:	5063      	str	r3, [r4, r1]
20000f62:	3104      	adds	r1, #4
20000f64:	1a53      	subs	r3, r2, r1
20000f66:	2b03      	cmp	r3, #3
20000f68:	d8f9      	bhi.n	20000f5e <memmove+0xa2>
20000f6a:	2603      	movs	r6, #3
20000f6c:	4016      	ands	r6, r2
20000f6e:	0892      	lsrs	r2, r2, #2
20000f70:	3a01      	subs	r2, #1
20000f72:	0092      	lsls	r2, r2, #2
20000f74:	3504      	adds	r5, #4
20000f76:	3404      	adds	r4, #4
20000f78:	18ad      	adds	r5, r5, r2
20000f7a:	18a4      	adds	r4, r4, r2
20000f7c:	e7bb      	b.n	20000ef6 <memmove+0x3a>
20000f7e:	0004      	movs	r4, r0
20000f80:	1e71      	subs	r1, r6, #1
20000f82:	e7bb      	b.n	20000efc <memmove+0x40>
20000f84:	0023      	movs	r3, r4
20000f86:	430b      	orrs	r3, r1
20000f88:	079b      	lsls	r3, r3, #30
20000f8a:	d001      	beq.n	20000f90 <memmove+0xd4>
20000f8c:	1e53      	subs	r3, r2, #1
20000f8e:	e7a5      	b.n	20000edc <memmove+0x20>
20000f90:	1f2b      	subs	r3, r5, #4
20000f92:	469c      	mov	ip, r3
20000f94:	0013      	movs	r3, r2
20000f96:	1f05      	subs	r5, r0, #4
20000f98:	4662      	mov	r2, ip
20000f9a:	58d2      	ldr	r2, [r2, r3]
20000f9c:	50ea      	str	r2, [r5, r3]
20000f9e:	3b04      	subs	r3, #4
20000fa0:	2b03      	cmp	r3, #3
20000fa2:	d8f9      	bhi.n	20000f98 <memmove+0xdc>
20000fa4:	2203      	movs	r2, #3
20000fa6:	08b3      	lsrs	r3, r6, #2
20000fa8:	3b01      	subs	r3, #1
20000faa:	009b      	lsls	r3, r3, #2
20000fac:	1ac9      	subs	r1, r1, r3
20000fae:	1ae4      	subs	r4, r4, r3
20000fb0:	4016      	ands	r6, r2
20000fb2:	3904      	subs	r1, #4
20000fb4:	3c04      	subs	r4, #4
20000fb6:	e78e      	b.n	20000ed6 <memmove+0x1a>
20000fb8:	0032      	movs	r2, r6
20000fba:	0004      	movs	r4, r0
20000fbc:	e7cf      	b.n	20000f5e <memmove+0xa2>
20000fbe:	46c0      	nop			@ (mov r8, r8)

20000fc0 <memchr>:
20000fc0:	468c      	mov	ip, r1
20000fc2:	b510      	push	{r4, lr}
20000fc4:	b2c9      	uxtb	r1, r1
20000fc6:	0783      	lsls	r3, r0, #30
20000fc8:	d00c      	beq.n	20000fe4 <memchr+0x24>
20000fca:	2403      	movs	r4, #3
20000fcc:	e006      	b.n	20000fdc <memchr+0x1c>
20000fce:	7803      	ldrb	r3, [r0, #0]
20000fd0:	428b      	cmp	r3, r1
20000fd2:	d006      	beq.n	20000fe2 <memchr+0x22>
20000fd4:	3001      	adds	r0, #1
20000fd6:	3a01      	subs	r2, #1
20000fd8:	4220      	tst	r0, r4
20000fda:	d003      	beq.n	20000fe4 <memchr+0x24>
20000fdc:	2a00      	cmp	r2, #0
20000fde:	d1f6      	bne.n	20000fce <memchr+0xe>
20000fe0:	2000      	movs	r0, #0
20000fe2:	bd10      	pop	{r4, pc}
20000fe4:	2a03      	cmp	r2, #3
20000fe6:	d914      	bls.n	20001012 <memchr+0x52>
20000fe8:	4663      	mov	r3, ip
20000fea:	24ff      	movs	r4, #255	@ 0xff
20000fec:	401c      	ands	r4, r3
20000fee:	0223      	lsls	r3, r4, #8
20000ff0:	191b      	adds	r3, r3, r4
20000ff2:	469c      	mov	ip, r3
20000ff4:	041c      	lsls	r4, r3, #16
20000ff6:	44a4      	add	ip, r4
20000ff8:	4664      	mov	r4, ip
20000ffa:	6803      	ldr	r3, [r0, #0]
20000ffc:	4063      	eors	r3, r4
20000ffe:	4c0a      	ldr	r4, [pc, #40]	@ (20001028 <memchr+0x68>)
20001000:	191c      	adds	r4, r3, r4
20001002:	439c      	bics	r4, r3
20001004:	4b09      	ldr	r3, [pc, #36]	@ (2000102c <memchr+0x6c>)
20001006:	421c      	tst	r4, r3
20001008:	d105      	bne.n	20001016 <memchr+0x56>
2000100a:	3a04      	subs	r2, #4
2000100c:	3004      	adds	r0, #4
2000100e:	2a03      	cmp	r2, #3
20001010:	d8f2      	bhi.n	20000ff8 <memchr+0x38>
20001012:	2a00      	cmp	r2, #0
20001014:	d0e4      	beq.n	20000fe0 <memchr+0x20>
20001016:	1882      	adds	r2, r0, r2
20001018:	7803      	ldrb	r3, [r0, #0]
2000101a:	428b      	cmp	r3, r1
2000101c:	d0e1      	beq.n	20000fe2 <memchr+0x22>
2000101e:	3001      	adds	r0, #1
20001020:	4290      	cmp	r0, r2
20001022:	d1f9      	bne.n	20001018 <memchr+0x58>
20001024:	e7dc      	b.n	20000fe0 <memchr+0x20>
20001026:	46c0      	nop			@ (mov r8, r8)
20001028:	fefefeff 	.word	0xfefefeff
2000102c:	80808080 	.word	0x80808080

20001030 <__panic_veneer>:
20001030:	b401      	push	{r0}
20001032:	4802      	ldr	r0, [pc, #8]	@ (2000103c <__panic_veneer+0xc>)
20001034:	4684      	mov	ip, r0
20001036:	bc01      	pop	{r0}
20001038:	4760      	bx	ip
2000103a:	bf00      	nop
2000103c:	100008b9 	.word	0x100008b9

20001040 <__time_us_64_veneer>:
20001040:	b401      	push	{r0}
20001042:	4802      	ldr	r0, [pc, #8]	@ (2000104c <__time_us_64_veneer+0xc>)
20001044:	4684      	mov	ip, r0
20001046:	bc01      	pop	{r0}
20001048:	4760      	bx	ip
2000104a:	bf00      	nop
2000104c:	100018ad 	.word	0x100018ad

20001050 <__tu_fifo_write_veneer>:
20001050:	b401      	push	{r0}
20001052:	4802      	ldr	r0, [pc, #8]	@ (2000105c <__tu_fifo_write_veneer+0xc>)
20001054:	4684      	mov	ip, r0
20001056:	bc01      	pop	{r0}
20001058:	4760      	bx	ip
2000105a:	bf00      	nop
2000105c:	10007235 	.word	0x10007235

20001060 <__tud_event_hook_cb_veneer>:
20001060:	b401      	push	{r0}
20001062:	4802      	ldr	r0, [pc, #8]	@ (2000106c <__tud_event_hook_cb_veneer+0xc>)
20001064:	4684      	mov	ip, r0
20001066:	bc01      	pop	{r0}
20001068:	4760      	bx	ip
2000106a:	bf00      	nop
2000106c:	10005c89 	.word	0x10005c89

20001070 <__best_effort_wfe_or_timeout_veneer>:
20001070:	b401      	push	{r0}
20001072:	4802      	ldr	r0, [pc, #8]	@ (2000107c <__best_effort_wfe_or_timeout_veneer+0xc>)
20001074:	4684      	mov	ip, r0
20001076:	bc01      	pop	{r0}
20001078:	4760      	bx	ip
2000107a:	bf00      	nop
2000107c:	1000175d 	.word	0x1000175d

20001080 <____wrap_memset_veneer>:
20001080:	b401      	push	{r0}
20001082:	4802      	ldr	r0, [pc, #8]	@ (2000108c <____wrap_memset_veneer+0xc>)
20001084:	4684      	mov	ip, r0
20001086:	bc01      	pop	{r0}
20001088:	4760      	bx	ip
2000108a:	bf00      	nop
2000108c:	10003289 	.word	0x10003289

20001090 <____wrap___aeabi_lmul_veneer>:
20001090:	b401      	push	{r0}
20001092:	4802      	ldr	r0, [pc, #8]	@ (2000109c <____wrap___aeabi_lmul_veneer+0xc>)
20001094:	4684      	mov	ip, r0
20001096:	bc01      	pop	{r0}
20001098:	4760      	bx	ip
2000109a:	bf00      	nop
2000109c:	100031b1 	.word	0x100031b1

200010a0 <__rp2040_chip_version_veneer>:
200010a0:	b401      	push	{r0}
200010a2:	4802      	ldr	r0, [pc, #8]	@ (200010ac <__rp2040_chip_version_veneer+0xc>)
200010a4:	4684      	mov	ip, r0
200010a6:	bc01      	pop	{r0}
200010a8:	4760      	bx	ip
200010aa:	bf00      	nop
200010ac:	100008ad 	.word	0x100008ad

200010b0 <g_dma>:
200010b0:	ffffffff                                ....

200010b4 <striped_spin_lock_num>:
200010b4:	00000010                                ....

200010b8 <irq_handler_chain_slots>:
200010b8:	00000000 	.word	0x00000000
200010bc:	00010000 	.word	0x00010000
	...
200010c8:	00020000 	.word	0x00020000
	...
200010d4:	00030000 	.word	0x00030000
	...
200010e0:	00040000 	.word	0x00040000
	...
200010ec:	00050000 	.word	0x00050000
	...
200010f8:	00ff0000 	.word	0x00ff0000
200010fc:	00000000 	.word	0x00000000

20001100 <irq_handler_chain_first_slot>:
20001100:	b501      	push	{r0, lr}
20001102:	6848      	ldr	r0, [r1, #4]
20001104:	3101      	adds	r1, #1
20001106:	468e      	mov	lr, r1
20001108:	4700      	bx	r0

2000110a <irq_handler_chain_remove_tail>:
2000110a:	4670      	mov	r0, lr
2000110c:	3809      	subs	r0, #9
2000110e:	4901      	ldr	r1, [pc, #4]	@ (20001114 <irq_handler_chain_remove_tail+0xa>)
20001110:	4788      	blx	r1
20001112:	bd01      	pop	{r0, pc}
20001114:	10000ebd 	.word	0x10000ebd

20001118 <last_added.0>:
20001118:	ffffffff 7fffffff                       ........

20001120 <default_alarm_pool>:
	...
20001134:	200120c8 00000000 00000000              . . ........

20001140 <aeabi_bits_funcs>:
20001140:	00003350 	.word	0x00003350
20001144:	0000334c 	.word	0x0000334c
20001148:	00003354 	.word	0x00003354
2000114c:	00003352 	.word	0x00003352

20001150 <aeabi_bits_funcs_end>:
20001150:	0000534d 	.word	0x0000534d
20001154:	0000434d 	.word	0x0000434d
20001158:	00003453 	.word	0x00003453
2000115c:	00003443 	.word	0x00003443

20001160 <stdio_uart>:
20001160:	10004fe5 100050e5 10005031 100050f9     .O...P..1P...P..
20001170:	00000000 00000100                       ........

20001178 <stdio_usb>:
20001178:	1000532d 100052e1 10005255 100051cd     -S...R..UR...Q..
20001188:	00000000 00000100                       ........

20001190 <_usbd_qdef>:
20001190:	2001270c 000c0010 00000000 00000000     .'. ............
	...

200011ac <_usbd_rhport>:
200011ac:	000000ff                                ....

200011b0 <__malloc_sbrk_base>:
200011b0:	ffffffff                                ....

200011b4 <__malloc_trim_threshold>:
200011b4:	00020000                                ....

200011b8 <__malloc_av_>:
	...
200011c0:	200011b8 200011b8 200011c0 200011c0     ... ... ... ... 
200011d0:	200011c8 200011c8 200011d0 200011d0     ... ... ... ... 
200011e0:	200011d8 200011d8 200011e0 200011e0     ... ... ... ... 
200011f0:	200011e8 200011e8 200011f0 200011f0     ... ... ... ... 
20001200:	200011f8 200011f8 20001200 20001200     ... ... ... ... 
20001210:	20001208 20001208 20001210 20001210     ... ... ... ... 
20001220:	20001218 20001218 20001220 20001220     ... ...  ..  .. 
20001230:	20001228 20001228 20001230 20001230     (.. (.. 0.. 0.. 
20001240:	20001238 20001238 20001240 20001240     8.. 8.. @.. @.. 
20001250:	20001248 20001248 20001250 20001250     H.. H.. P.. P.. 
20001260:	20001258 20001258 20001260 20001260     X.. X.. `.. `.. 
20001270:	20001268 20001268 20001270 20001270     h.. h.. p.. p.. 
20001280:	20001278 20001278 20001280 20001280     x.. x.. ... ... 
20001290:	20001288 20001288 20001290 20001290     ... ... ... ... 
200012a0:	20001298 20001298 200012a0 200012a0     ... ... ... ... 
200012b0:	200012a8 200012a8 200012b0 200012b0     ... ... ... ... 
200012c0:	200012b8 200012b8 200012c0 200012c0     ... ... ... ... 
200012d0:	200012c8 200012c8 200012d0 200012d0     ... ... ... ... 
200012e0:	200012d8 200012d8 200012e0 200012e0     ... ... ... ... 
200012f0:	200012e8 200012e8 200012f0 200012f0     ... ... ... ... 
20001300:	200012f8 200012f8 20001300 20001300     ... ... ... ... 
20001310:	20001308 20001308 20001310 20001310     ... ... ... ... 
20001320:	20001318 20001318 20001320 20001320     ... ...  ..  .. 
20001330:	20001328 20001328 20001330 20001330     (.. (.. 0.. 0.. 
20001340:	20001338 20001338 20001340 20001340     8.. 8.. @.. @.. 
20001350:	20001348 20001348 20001350 20001350     H.. H.. P.. P.. 
20001360:	20001358 20001358 20001360 20001360     X.. X.. `.. `.. 
20001370:	20001368 20001368 20001370 20001370     h.. h.. p.. p.. 
20001380:	20001378 20001378 20001380 20001380     x.. x.. ... ... 
20001390:	20001388 20001388 20001390 20001390     ... ... ... ... 
200013a0:	20001398 20001398 200013a0 200013a0     ... ... ... ... 
200013b0:	200013a8 200013a8 200013b0 200013b0     ... ... ... ... 
200013c0:	200013b8 200013b8 200013c0 200013c0     ... ... ... ... 
200013d0:	200013c8 200013c8 200013d0 200013d0     ... ... ... ... 
200013e0:	200013d8 200013d8 200013e0 200013e0     ... ... ... ... 
200013f0:	200013e8 200013e8 200013f0 200013f0     ... ... ... ... 
20001400:	200013f8 200013f8 20001400 20001400     ... ... ... ... 
20001410:	20001408 20001408 20001410 20001410     ... ... ... ... 
20001420:	20001418 20001418 20001420 20001420     ... ...  ..  .. 
20001430:	20001428 20001428 20001430 20001430     (.. (.. 0.. 0.. 
20001440:	20001438 20001438 20001440 20001440     8.. 8.. @.. @.. 
20001450:	20001448 20001448 20001450 20001450     H.. H.. P.. P.. 
20001460:	20001458 20001458 20001460 20001460     X.. X.. `.. `.. 
20001470:	20001468 20001468 20001470 20001470     h.. h.. p.. p.. 
20001480:	20001478 20001478 20001480 20001480     x.. x.. ... ... 
20001490:	20001488 20001488 20001490 20001490     ... ... ... ... 
200014a0:	20001498 20001498 200014a0 200014a0     ... ... ... ... 
200014b0:	200014a8 200014a8 200014b0 200014b0     ... ... ... ... 
200014c0:	200014b8 200014b8 200014c0 200014c0     ... ... ... ... 
200014d0:	200014c8 200014c8 200014d0 200014d0     ... ... ... ... 
200014e0:	200014d8 200014d8 200014e0 200014e0     ... ... ... ... 
200014f0:	200014e8 200014e8 200014f0 200014f0     ... ... ... ... 
20001500:	200014f8 200014f8 20001500 20001500     ... ... ... ... 
20001510:	20001508 20001508 20001510 20001510     ... ... ... ... 
20001520:	20001518 20001518 20001520 20001520     ... ...  ..  .. 
20001530:	20001528 20001528 20001530 20001530     (.. (.. 0.. 0.. 
20001540:	20001538 20001538 20001540 20001540     8.. 8.. @.. @.. 
20001550:	20001548 20001548 20001550 20001550     H.. H.. P.. P.. 
20001560:	20001558 20001558 20001560 20001560     X.. X.. `.. `.. 
20001570:	20001568 20001568 20001570 20001570     h.. h.. p.. p.. 
20001580:	20001578 20001578 20001580 20001580     x.. x.. ... ... 
20001590:	20001588 20001588 20001590 20001590     ... ... ... ... 
200015a0:	20001598 20001598 200015a0 200015a0     ... ... ... ... 
200015b0:	200015a8 200015a8 200015b0 200015b0     ... ... ... ... 

200015c0 <__sglue>:
200015c0:	00000000 00000003 2001248c              .........$. 

200015cc <_impure_ptr>:
200015cc:	200015d0                                ... 

200015d0 <_impure_data>:
200015d0:	00000000 2001248c 200124f4 2001255c     .....$. .$. \%. 
	...
20001668:	00000001 00000000 abcd330e e66d1234     .........3..4.m.
20001678:	0005deec 0000000b 00000000 00000000     ................
	...

200017d0 <print_mutex>:
	...
