:020000041000EA
:1000000000B5324B212058609868022188439860DF
:10001000D860186158612E4B002199600221596106
:100020000121F02299502B49196001219960352056
:1000300000F044F80222904214D00621196600F024
:1000400034F8196E01211966002018661A6600F04E
:100050002CF8196E196E196E052000F02FF8012189
:100060000842F9D1002199601B49196000215960AB
:100070001A491B48016001219960EB211966A021F2
:10008000196600F012F800219960164914480160C1
:100090000121996001BC002800D000471248134993
:1000A000086003C880F30888084703B5996A0420EC
:1000B0000142FBD001200142F8D103BD02B5186610
:1000C0001866FFF7F2FF186E186E02BD00000240BE
:1000D000000000180000070000035F00212200005C
:1000E000F4000018222000A00001001008ED00E03C
:1000F00000000000000000000000000074B24E7A12
:1001000000200420F7010010CB010010CD010010E9
:10011000C9010010C9010010C9010010C901001077
:10012000C9010010C9010010C9010010CF01001061
:10013000C9010010C9010010D1010010D301001045
:10014000C1010010C1010010C1010010C101001067
:10015000C1010010C1010010C1010010C101001057
:10016000C1010010C1010010C1010010C101001047
:10017000C1010010C1010010C1010010C101001037
:10018000C1010010C1010010C1010010C101001027
:10019000C1010010C1010010C1010010C101001017
:1001A000C1010010C1010010C1010010C101001007
:1001B000C1010010C1010010C1010010C1010010F7
:1001C000EFF30580103800BE00BE00BE00BE00BECA
:1001D00000BE00BEF2EB8871C8960010F4960010C5
:1001E0003802001090A31AE700201E49086006C8D4
:1001F00081F3088810471C480068002801D00020BF
:10020000F3E70DA40ECC002902D000F012F8F9E7B4
:100210001649174A002000E001C19142FCD115495E
:100220008847154988471549884700BEFDE701C939
:1002300001C29A42FBD37047F4960010C000002020
:10024000D81600200CAD001000000420000004208F
:100250000CAD00100010042000100420000000006D
:100260007047000008ED00E0000000D0D816002024
:10027000C82D012065480010B10200105D48001033
:10028000084B10B51C680123A021A340064AC905EC
:100290008858034204D08B50044A1368013313601A
:1002A00010BDC046781000200C0400005829012021
:1002B000F0B5DE4657464E464546E0B599B004F0E7
:1002C0003FFCBE4801F050F90E2001F021FE0A204B
:1002D00001F04AF9BA4814AB10AA0FA901F0ACFC1E
:1002E000002803D1B748B64900F0E6F9D026149AA1
:1002F00010990F9801F0C4FB002401253606200058
:1003000000F0B4F92B00A3400134B362082CF6D1FD
:10031000AD4FAE4801210297386006F0CBFFAC4EDE
:10032000AC4930603868019606F0E0FF8022F8237F
:1003300052025B0210921193C023002406001B039B
:10034000102210A914A81293139402F07FFE902398
:100350003200019E1B0331683868169314AB07F016
:1003600047F8280033683A68984003001168012074
:100370000B43136007F08AF8974B39681860974B66
:100380003268CB181B0D161D954FDB009B19C6025A
:100390003E40A027FF05BC46DB0333430832914EA5
:1003A00092001E43891883018F4A634419600392A7
:1003B0005A600122854052429A60DE608B4B0B20CE
:1003C0001D608B4900F08CFA01210B2000F050FADF
:1003D000884B80261800099304F052FC052001F098
:1003E00049FB854B01000A93180080228023D2012B
:1003F0005B0204F0CDFC814B0722210018000B9317
:1004000004F0C6FC7E4BF60199461B68986807F01D
:10041000C1FD7C4B9A467C4B9B467C4B04937C4BAA
:1004200000937C4B0C937C4B0D937C4B98467C4B00
:1004300005937C4B06937C4B07937C4B08937C483D
:1004400004F086FB831C20D07328F8DC612800DCD4
:1004500096E062381128F2D8009B80001B589F4616
:10046000052001F007FB5B461A6880230100DB01D1
:100470000C9804F08DFC4B461B68986807F08AFDC9
:100480006B4804F065FB831CDED1534618683C21A1
:100490000130186001F04EFF0029D0D15B4604986E
:1004A000196804F075FC4B461B68986807F072FDEC
:1004B000C5E700235A460698136004F0E1FB4B465B
:1004C0001B68986807F066FDB9E7099804F0D8FB47
:1004D000052001F0CFFA8023802201005B020A98F8
:1004E000D20104F055FC072200210B9804F050FCC7
:1004F0004B461B68986807F04DFDA0E75B468021DE
:100500001A680D98C90104F043FC0024039D494F6B
:1005100003E001340435B44210D04046296804F0A9
:1005200037FCA3059B0DBB42F3D14B461B6801343E
:10053000986807F02FFD0435B442EED10598BCE76A
:100540005B461B68022215934B461B6804219B687F
:1005500014A8149607F0CEFE4B461B68986807F067
:1005600019FD4B4680221B6804219B680398D20129
:1005700007F0C0FE4B461B68986807F00BFD5EE76E
:1005800031280FD03F28A0D0302800D057E7019A5B
:10059000029B106801228240196807980B689343F8
:1005A0000B608AE7029B1A68019B11681868012397
:1005B00083400B43089813607FE7C046DC050000CA
:1005C00060D80300908E00105029012000002050B8
:1005D0005429012010920010781000200000E0AF94
:1005E000FD7F00FF290400000020002004240050AB
:1005F00081020010C48E0010E88E00101C8F0010C5
:100600008C1500209C2D012058290120808F00107E
:10061000C8910010908F0010B08F0010C08F001094
:10062000C88F0010CC8F0010D08F0010DC8F00100E
:10063000A0860100FF030000094A83009A1810B544
:1006400014684022544080322240064CC000A44628
:1006500063441A60044B9C466044416010BDC04630
:1006600004C0014004D00140004001400123D022D9
:100670008340120693629361094A83009A181168B5
:100680004022514080320A400649C0008C466344F3
:100690001A60054B9C460523604443607047C04682
:1006A00004C0014004D00140004001408023DB052C
:1006B0001868000F7047C0460FB400B5084883B0F3
:1006C00004F0DEFA049B002B07D005A91800019165
:1006D00004F058F8034804F0D3FA012004F06AF853
:1006E000E88F00108C8F0010EFF3108072B6034A71
:1006F0001368002BFCD0BFF35F8F70472C0100D034
:10070000BFF35F8F0022024B1A6080F3108870479E
:100710002C0100D070B5EFF3108C72B60D4D2B6824
:10072000002BFCD0BFF35F8F0724CB08C618C05C3A
:1007300001230C40A3401C000440034207D118438E
:100740003070BFF35F8F2C608CF3108870BD100089
:10075000FFF7B2FF2C0100D0F8B54746CE468846D9
:1007600080B5EFF3108C72B6214D2C68002CFCD0B4
:10077000BFF35F8F9A422CD8D4080727055D06196E
:1007800001241740BC402C421FD007210127894675
:1007900009E0D408055D06194C4639001440A14013
:1007A0000C00294211D001329342F2D20120404282
:1007B000BFF35F8F00220E4B1A608CF31088002865
:1007C0000FDBC0BCB946B046F8BD254310003570FC
:1007D000EEE7BFF35F8F00232B608CF310880120BE
:1007E00040424346002BECD00898FFF765FFC04617
:1007F0002C0100D0044A1078431CDBB2172B00D91F
:10080000102313707047C0467C10002010B5064BB3
:10081000064C82B00100009318221F232000FFF72E
:100820009BFF02B010BDC046F88F0010E4280120E5
:100830000021044B044ABFF35F8F02C39342FAD1F5
:100840007047C046000100D0800100D0054B064A29
:100850001360064A136053609360D3601361536161
:10086000936170478080808000E400E004E400E051
:100870001F2318401E3B8340002905D0C021044A95
:100880004900535013607047802201498B50FAE7AA
:1008900000E100E001228240034B1B6813405A1E16
:1008A0009341D8B27047C04600E100E00123834085
:1008B000014A13607047C04600E200E0064B10306A
:1008C0009B688000C358054A00209B1A47229A4221
:1008D0004041C0B27047C04600ED00E080100020EB
:1008E00010B5EFF3108C72B60F4A1368002BFCD0D2
:1008F000BFF35F8F0D4B10309B6880001B580C4A74
:10090000934201D099420CD1084B9B681950BFF318
:100910005F8FBFF35F8F0022034B1A608CF3108848
:1009200010BD01F0B5FBC046240100D000ED00E091
:10093000C1010010F0B557464E46DE464546E0B5CB
:100940008A4685B00600EFF3108972B663490B68DA
:10095000002BFCD0BFF35F8F0021614B59568C46B2
:10096000002900DAB7E049000D005E4C6544AD0097
:1009700067190291B979103619705B4BB1009B6809
:1009800001915B58191B472935D80121180088436C
:10099000C679964200D875E09B46029B019E984618
:1009A000039507E04D006D18AD006519EB79934292
:1009B0004ED92800062141560029F3DA45465B4608
:1009C00001960295061D494D0396039E043FBF1BE9
:1009D0003F05474E7F0D37436646878086710298F4
:1009E000604480002418E27152464248A58020608D
:1009F000A171A26018E040498B4200D06BE03F4BF0
:100A00003B4963533E4B0235043B65195B1B1B0599
:100A10005B0D0B437B803B4BFA71BB80FF23BB71AB
:100A20005346BB6001233B432F4A019992685350C0
:100A3000BFF35F8FBFF35F8F0022284B1A6089F3EB
:100A4000108805B0F0BCBB46B246A946A046F0BD32
:100A500001964646029686885B467605B346061D95
:100A6000039D03965E463615B346061DB046C34445
:100A70005E4604356519751BE0262D056D0D3602A1
:100A80003543A2E7204BFA719C46030066461B1BC8
:100A90005B415E43360DB446AE1CB046A0444646AC
:100AA000164B6353164B0435043B9B1B1B05104E22
:100AB0005B0D33437B806319C31A043B1B055B0D3D
:100AC0003343BB806346BB715346BB60094B036035
:100AD0003B000B43A8E701F0DBFAC046240100D03D
:100AE000C02D01208010002000ED00E001BD0000BD
:100AF00000E0FFFF01488047C101001000A1FFFF97
:100B0000C810002001BDFFFFAAAA0000F0B5DE4614
:100B100057464E464546E0B583B0EFF3108C72B6AB
:100B2000634A1368002BFCD0BFF35F8F614B624CAC
:100B30009A68030010339D005259A146A2423DD04D
:100B40008A424ED05D4C161B472E37D80127BA4635
:100B500087405B4EB04636683E401F27B346564638
:100B6000384086404746802001963E50BFF35F8F55
:100B7000EFF305808046002835D0834200D094E012
:100B80001000534698438668B14208D17BE07B0051
:100B9000DB199B00E3189E68B14236D01800062787
:100BA000C757002FF3DAB14259D05B46002B27D04C
:100BB000C021434B01984900585018603D4B9B6839
:100BC0005A51BFF35F8FBFF35F8F0022384B1A601B
:100BD0008CF3108803B0F0BCBB46B246A946A046D1
:100BE000F0BD2200EAE71000534698438668B14200
:100BF000D5D1062686570300002E0ADA4A4636E08B
:100C000080232F490198C850D8E706269E57002E0A
:100C100026DB7100881980002718B846BF689F60DE
:100C20004746FF79DF714746BF797FB29F71002F3A
:100C300027DB4746BF887F053F15B846E02780443D
:100C4000E01A40440005400D3F02384398808B195C
:100C50001C499B000878E31898710E70A5E7030003
:100C60004146002914D1FF3181711749818015480F
:100C70000178997115491B1B5B415943090D01709E
:100C800093E71348E2E7062686570300002EC0DAF2
:100C900010491148C91A08394C02640D2043988044
:100CA0000E4849080143D9807FE701F0F1F9C046B9
:100CB000240100D000ED00E0C101001080100020F0
:100CC00000E100E0C02D012001BDFFFFAAAA000045
:100CD00001BD0000D210002000F0FFFF00F8FFFF70
:100CE00070B501240443EFF30581EFF3108C72B665
:100CF000274A1368002BFCD0BFF35F8F254A0500FD
:100D0000254BAD1A6D416B431B0D244D8900AE6818
:100D10005BB27658A64224D006215156994224D07F
:100D20001221515699422AD01E215156994228D05B
:100D30002A215156994226D036215156994224D023
:100D4000422151560524994210D0154A117813704A
:100D50008171BFF35F8F00220D4B1A608CF31088F6
:100D600070BDAA680F4C5450EFE7002461000919C8
:100D700089005218FF2191710B499180E5E7012408
:100D8000F4E70224F2E70324F0E70424EEE7C04688
:100D9000240100D080100020AAAA000000ED00E08D
:100DA000C02D0120C101001001BDFFFF10B5084B8F
:100DB000084C82B001000093002205232000FFF7B9
:100DC000CBFC002801DB1F23181A02B010BDC0465F
:100DD00014900010C42D0120024B9C4661448900F0
:100DE000016070474000003470B5114C114DAC42A9
:100DF0000FD2FF262368002B0CD0FFF7FBFC01006D
:100E00002000FFF7E9FFA680BFF35F8F0834AC42F4
:100E1000F0D370BDFFF7EEFC01002000FFF7DCFF10
:100E20002671BFF35F8F0834AC42E3D3F1E7C046CD
:100E3000D0160020D816002010B50400FFF7DAFC09
:100E400001002000FFF7C8FFFF232371BFF35F8F6E
:100E500010BDC04610B504000120FFF7D7FC034BBE
:100E6000C3189B002360BFF35F8F10BD40000034A8
:100E7000034B9C46614489000160BFF35F8F70475C
:100E8000400000340A4B1968EFF3108072B60A680C
:100E9000002AFCD0BFF35F8F1B68BFF35F8F002277
:100EA0001A6080F3108840BF002000217047C046C0
:100EB000902D0120F0B5DE4657464E464546E0B53A
:100EC00083B0EFF3058203231340B54A99005258CB
:100ED0000091904601229A409346B24B1A60B24B61
:100EE00001935B46B1484363434608229B5E9946A3
:100EF000002B3ADA43469B881BB2002B00DB9DE0B7
:100F000043469B79002B00D0E1E0434608241C5F58
:100F1000002C20DB43465A6963001B19DB00D31801
:100F20009D68DC686B1C00D103E1A04800998446F1
:100F30006144826A0B69AE1A9B1A9E4213D35A46C9
:100F4000036A1A420FD0994800F0C0FB8C4202DCC1
:100F5000C7D18542C5D940BF03B0F0BCBB46B2463D
:100F6000A946A046F0BD0D61EDE7424652695B001F
:100F700092464B44DB009A4453469E68DF6800F07B
:100F8000A5FB8F42B6DC00D1F8E0002F00DAD9E0F3
:100F90005246534654691B69019A934200D1CCE0F2
:100FA000414652460820085E528800042100104342
:100FB000984704000D0023002B4300D1C2E0002D10
:100FC00000DBDFE030003900001BA9415346986088
:100FD000D96000229A5E002A00DA8BE743465D69F9
:100FE00053009C18E4002C19A768E4688C4200DDCB
:100FF00080E702D1874200D97CE746463281083635
:101000000DE08C4200D1C6E01E000023F25E002AF3
:101010000ADB53009C18E4002C19A768E4689B18AD
:10102000DB00EB188C42ECDD53461A804B463380D4
:1010300043469B881BB2002B00DA61E743461A69DE
:10104000EFF3108172B61368002BFCD0BFF35F8FF3
:1010500043469E88012342465B42938036B2136921
:10106000BFF35F8F00221A6081F31088002E00DA30
:1010700046E743465D69083342469C467700BF1900
:10108000FF00EF19BB68604698460823D15E924680
:10109000FC68002907DA0EE0A24246D018000023BF
:1010A000C15E002906DB4B005B18DB00EB18DA6839
:1010B000A242F1DD524606800023FE5E3980002EFA
:1010C000DCDA904643469B79002B00D11DE70023D4
:1010D00042469371434646460821595E08364B1CEA
:1010E00000D138E747468946556902E006004B1CA7
:1010F00018D04B005B18DB00E8180A008C46E95E4C
:1011000043881BB2002BF1DA01235B42DC178360BA
:10111000C4604A4503D031803B8903803A81E1466F
:101120004B1CE6D1B8464C46F2E69A684245B5D922
:10113000C0E7631C00D0F8E605E720002369984764
:10114000002825D1534642461B8813811269EFF3CC
:10115000108372B611680029FCD0BFF35F8F42463E
:10116000514652880A804246494651801269BFF36F
:101170005F8F0021116083F31088BBE6864200D8A0
:1011800003E7B7E6094800F0A1FA001969411DE735
:10119000656824680FE7874200D835E744E7C04612
:1011A000742D01203C700540B50E00100040054034
:1011B00070B52E4C2569002D04D00A212C48FFF76C
:1011C0000BFE70BD2B4E0321300000F075FAE66077
:1011D000FFF710FB284B03229C46D02322701B06EE
:1011E0001B6801216370254B6044A3600F238000BE
:1011F00020610220638063694942A1801980023125
:10120000198647311D83585218315A5275325C394C
:1012100099521832013199521832013199521832CB
:1012200001319952083518329D52023118329952C3
:101230001832013199521832013199521832013164
:1012400099521832013199521832013199520C4B8E
:101250000C49DC6001303562FFF742FB01210320BD
:10126000FFF706FB084B1D60A7E7C046E81000200B
:10127000902D01200040054040000034FFFF100089
:10128000742D0120B50E00103860054000487047ED
:10129000E8100020F8B51F0008AB1B78040016000A
:1012A000002B08D100F01AFA32003B00121A8B41D1
:1012B000002B00DA53E02269EFF3108072B6136856
:1012C000002BFCD0BFF35F8F0223E15E63694A000D
:1012D0005218D2009B18002937DB1A8862802269D5
:1012E000BFF35F8F0025156080F31088069A9E601B
:1012F000DF601A61079A5A615A8801325204520C0F
:10130000101C002A1FD082B258800804104326699E
:10131000EFF3108772B63268002AFCD0BFF35F8FFC
:10132000A2881A80A1802369BFF35F8F00221A6010
:1013300087F310880B4923788C4601329A40E36882
:1013400063441A60F8BD0120DDE72369BFF35F8FB6
:1013500000221A6080F3108801204042F2E700204A
:10136000F0E7C0463C20000070B501000469EFF3CF
:10137000108C72B620680028FCD0BFF35F8F02206B
:101380000D5E4C6968004019C0002418002D37DB41
:10139000208848800869BFF35F8F002606608CF3C1
:1013A0001088E36063880498013320615B0405982A
:1013B0005B0CA26060611A1C002B1FD093B2280442
:1013C000628018430A69EFF3108C72B61368002B21
:1013D000FCD0BFF35F8F8B8823808D800B69BFF3B8
:1013E0005F8F00221A608CF310880B7801329A40CC
:1013F000CB6808498C4663441A6070BD0122DDE762
:101400000B69BFF35F8F00221A608CF310880120F4
:101410004042F2E73C20000010B543890A14934291
:101420001ADD53009B184269DB00D3180469EFF3FF
:10143000108C72B62268002AFCD0BFF35F8F5A88E6
:10144000090494B2090C8A4208D00369BFF35F8F84
:1014500000221A608CF31088002010BD8022120236
:1014600014435C80012302698371BFF35F8F002105
:1014700011608CF31088044902788C469340C2684E
:10148000012062441360E8E73C2000004078704788
:10149000F0B504000D0006267642F717C646361949
:1014A0006F4100B582B08F4214D811D000F016F908
:1014B00032003B00121A8B41002B17DC002B47D067
:1014C0002000290000F048F902B080BCB846F0BD09
:1014D0008642EBD90022002316001F0000F0FEF820
:1014E00032003B00121A8B41002BE7DD00F0F6F8CA
:1014F00032003B00121A8B41002B0ADB00230193C0
:10150000154B3200009315483B00FFF72DFF0028D4
:10151000D6DB00239C46B046114A124E736A9F42A6
:1015200004D8B16A8845CBD99F42C9D11168EFF37D
:10153000108072B60B68002BFCD0BFF35F8F13686E
:10154000BFF35F8F6146196080F3108820BFE5E725
:10155000002AB5D0CAE7C046850E0010E81000206A
:10156000902D01200040054070B5060000F0B6F84F
:10157000FA2204000D00002330000021920001F047
:10158000F5FC8023001969411B06994202D3012012
:1015900002494042FFF77CFF70BDC046FFFFFF7F5E
:1015A000F0B5D6464F464646C0B504000D0082B0A1
:1015B000EFF305830F00002B31D13B4B98461B689E
:1015C000834227D0394B9946DB689A464B465046B2
:1015D0001E7800F07BF80B00514602000436B6007E
:1015E00071582000891A8C4629000026801A9941DA
:1015F0008E4224DC21D020BF2D4A536ABB422AD31D
:10160000926A0120A24213D302B0E0BCBA46B146AE
:10161000A846F0BD43465B688B42D3D1EBE7244933
:1016200000204B6AAB42EFD38A6A0130A242EBD270
:101630005B1B5A1E9341D8B2E6E78445DBD900F024
:101640004DF822002B00121A8B41002B05DA184AA4
:10165000536ABB42D4D20020D6E700230193154B36
:101660002200009348462B00FFF77EFE011EEEDDB0
:1016700043461C605D600E4B5A6ABA4211D39B6AA6
:10168000A3420CD34846FFF7C7FE094A0020536A1D
:10169000BB42B9D3926A0130A242B5D2C8E7BA427E
:1016A000F0D120BFEEE7C046E0100020E810002097
:1016B00000400540850E001010B5024A0248FFF7B1
:1016C00029F810BD30900010E82801200300416A7D
:1016D0000A00986A596A8A42FAD17047034B596ADC
:1016E0000A00986A596A9142FAD170470040054051
:1016F00070B504000D00174A536A1900966A536AC0
:101700008B42FAD13000190024184D41AB4216D853
:1017100013D0104A2B00526A954203D90D494A6AE8
:101720009A42FCD39A4207D10A4A02E0516A99428E
:1017300002D1916AA142F9D370BDA642E9D9054B05
:101740005B6A1C005A1CEFD0012301246442E51798
:101750005B42E3E700400540064A536A9942FCD8E1
:1017600007D1044B02E05A6A914202D19A6A82423E
:10177000F9D3704700400540F8B5040006200D007D
:1017800000F078F9002844D0374B3849E3185A1E46
:1017900093418022120494465B429B0D344A9B0580
:1017A00063441360334A136018000A689043FBD106
:1017B0002D4B314AE31859424B4180215B004900CF
:1017C0000620995200F056F92900C00000F0B2FD41
:1017D0000130C3091ED1402701226262A362266B39
:1017E000F30722D4E36A254B0620E51800232B607B
:1017F000266300F03FF93900800000F09BFD702364
:10180000E26A5A400E3313402B601D4B23630323BF
:10181000A364F8BD1B4A93421ED900231A4A1B4FEA
:101820006262A362266BF307DCD5194B144AE318F6
:101830001A60656AA36A0620AD01ED1800F01AF976
:10184000144900F077FDAD020100280000F072FDA0
:101850000021FFF74DFFC5E74006800E9F011A00EB
:101860003F180300B9E7C0460080FCBF08C0004035
:1018700000E0004000F00040A02D01202C100000EE
:1018800001030000FEFF0000FFFF0000C0FF3F005B
:10189000303000004E0E0000F8B5DE464E4657468A
:1018A0004546E0B58B4605000A991800160000F081
:1018B00041FD0A9B6C001F02324B64199C46A40038
:1018C0006444636881469F4200D967602B1FDBB286
:1018D0009846012B30D9C02380229B01E3181201C6
:1018E0001A60294BAD0059599A4600291BD1730142
:1018F000E026226853401E40802342465B01E318E5
:101900001E60012A30D9802380229B01E318120136
:101910001A6053464A4667605A51F0BCBB46B2460D
:10192000A946A046F8BD586900F004FD0130430007
:101930001B18033BFDD2DAE75B46012BCBD1C0235A
:1019400003229B01E3181A60023AA3681A42FCD0F2
:101950007301E0262268AD0053401E4080230A4AEE
:101960005B019246E3181E605A46216851400322EB
:101970000A401A6001225B469A40A3681A42FCD0D2
:10198000C1E7C04600800040F0280120F0B546467F
:101990004F46D646C0B51F00344B44009C46241821
:1019A000A4006444636888461600FF2B02D8802395
:1019B0005B006360031FDBB29A46012B30D9C02362
:1019C00080229B01E31812011A60294B85005959A6
:1019D000994600291BD17301E026226853401E401E
:1019E000802352465B01E3181E60012A30D9802310
:1019F00080229B01E31812011A6080235B00636060
:101A00004B465F51E0BCBA46B146A846F0BD5869A6
:101A100000F090FC013043001B18033BFDD2DAE7D5
:101A20004346012BCBD1C02303229B01E3181A604C
:101A3000023AA3681A42FCD07301E02622688500AE
:101A400053401E4080230A4A5B019146E3181E6002
:101A500042462168514003220A401A60012342464F
:101A60009340A2681342FCD0C1E7C046008000400A
:101A7000F0280120014B8000C0587047F028012059
:101A8000F0B54746CE4680B55B4B15005A68070057
:101A9000884683B0FF2A02D8802252005A6003226F
:101AA000564B554E1A600123B4682342FCD02022C5
:101AB00031685140C0320A4051490A6032684E4E86
:101AC0005A40032313400B600223B4682342FCD026
:101AD00080224C4B12011A6080235B0073604A4CD9
:101AE00099464A4B3A0063610121434648480095B4
:101AF00000F0BCF941463800694300F01BFC454B3F
:101B000005005A68FF2A01D84A465A608022424B93
:101B100012011A602169002907D0606900F00AFCEF
:101B2000013043001B18033BFDD2E022394B3B48F8
:101B300019680A40026002221968514001320A40C5
:101B4000042102609A681142FCD08021344A0901C4
:101B50001160802252005A60324B2361264B596833
:101B6000FF2900D85A6003220121244B1A60224A1F
:101B700093681942FCD0E0231068034020480360BA
:101B8000126803234A40022113401B4A03609368F2
:101B90001942FCD080211B4B090119608021224B86
:101BA0004900516065615A68FF2A00D85960802257
:101BB0001E4B12011A60A169002907D0606900F06C
:101BC000B9FB013043001B18033BFDD240231649EB
:101BD0000A685A40A0331340154A13608022154BFF
:101BE00012011A6080235B004B60084BA36103B0B5
:101BF000C0BCB946B046F0BD3C8000403CB000409F
:101C00003C9000403CA00040F0280120006CDC0229
:101C1000008002403080004030B0004030900040F2
:101C200030A00040001BB7004880004048B0004092
:101C30004890004048A00040F0B54E464546DE467C
:101C40005746E0B51E00844B05009846A0235B0074
:101C50009B46824BD9469A4643468B4685B00093B5
:101C600002920396009B53450DD901235B429C468B
:101C70007B4AE1449446009B634400934B460F2B00
:101C8000F0D100208FE01F00764B31219C46674445
:101C9000380000F04FFB07263124854264D0741EC3
:101CA000B0462E00250044466C433800210000F069
:101CB00041FB86424CD06B1E0193012D00D1B2E056
:101CC0004346E41A2100380000F034FB864259D024
:101CD000AB1E0193022D00D1B1E04346E41A21006E
:101CE000380000F027FB864264D0EB1E0193032DE1
:101CF00066D04346E41A2100380000F01BFB864200
:101D000069D02B1F0193042D6BD04346E41A2100A8
:101D1000380000F00FFB86426BD0052D6DD03800E7
:101D2000E11F00F007FB864200D171E00623242169
:101D300038009846242400F0FDFA864212D005258A
:101D400044466C433800210000F0F4FA8642B2D1D8
:101D50000029B0D15B462C00CB4647469946029AF3
:101D6000039E18E0350046462100380000F0E2FAF4
:101D7000002994D137005B463C00CB46029A994635
:101D8000039E08E00029A3D15B464746CB4699460F
:101D9000029A039E019C5B463349012059434B46FE
:101DA00019601760346005B0F0BCBB46B246A94666
:101DB000A046F0BD0029E7D0EB1E0193032D98D17A
:101DC0000323092138009846092400F0B3FA86421B
:101DD000C8D0022567E70029D6D02B1F0193042D18
:101DE00093D10423102498463B099E42BAD0032580
:101DF00059E70029C8D0052D91D11921380019249F
:101E000000F098FAB04223D00523042598464AE70B
:101E1000002900D08AE75B464746CB460124994615
:101E2000029A039EB7E73500B74200D01DE75B4634
:101E30000127CB4601249946029A039EABE7022371
:101E400004249846BB089E4200D18BE701252AE76F
:101E50003500052688E7C04650262F0050F80C00B4
:101E600020D1FFFFB0710B00001BB700F8B50400D4
:101E700021481E0017000D0000F05CFA0100380038
:101E800000F058FA069B36041B031E432368002B00
:101E900020DB1A4B1A49E3185A1E93418022920103
:101EA00094465B421B0B174A1B0363441360164A9C
:101EB00013601F000A689743FBD1144B2560E2189A
:101EC0002123A06013602368002BFCDA0823E6605E
:101ED0001360F8BD3F2322681340AB42D9D1A368F9
:101EE0001B051B0D8342D4D1EE22E368D2021340BE
:101EF000B342CED1EDE7C046001BB7000040FDBFA6
:101F000008C0004000E0004000F000400430000045
:101F1000044B00011B68044A5840F023034013603F
:101F20007047C046004006400050064010B580246F
:101F30001C4BE4051C6000281AD001231A4C1843DE
:101F40001A4BDC611A4C44401C6259629862802131
:101F5000144BC9051960174817490860E021C904E6
:101F60001960002A07D18022144B12061A6010BD96
:101F70000E4BD861EBE753019B1A9B009A18802304
:101F800012015B049A4209D213000D490B60074B02
:101F90005A608022094BD2051A60E8E7094B1A0003
:101FA000F3E7C04600B00540D3C007B0008005404D
:101FB0002D3FF84FFCFF01000820014000A0054024
:101FC000642D0120FFFFFF008023024A9B000B438A
:101FD000D362704700800540142310B501001888B3
:101FE00004331B88984710BD162310B501001888CC
:101FF00002331B88984710BDF8B54746CE4680B5DA
:102000000F1E19D01423994604330400002501261D
:1020100098464B461888434621681B88984701C458
:10202000431E9841013540420640AF42F1D1300095
:10203000C0BCB946B046F8BD0126F8E7142370B518
:102040000400188804331B880D00054998470300D5
:102050000020002C01DB0130A04029009847C04639
:1020600055420000AA23064A1B0113608D235B0022
:10207000D3600449044B19605368002BFCDA7047A5
:102080000040024000B0FA00006002407047C046C5
:1020900010B50148FEF710FB5490001070B5074DC5
:1020A000074EB54209D20024013E761BB60808CD82
:1020B000984723000134B342F9D170BD508E00100F
:1020C0008C8E0010054B064A06491A60064A074BDB
:1020D0001A6010000B689843FBD1704700E0004085
:1020E000BFCDFBFE08C00040FE7F3C0000F000407A
:1020F000044BDB6C002B03D18022034BD2021A600D
:102100007047C046000011504C201150044A054B46
:102110001A60054A1368DB018033FBD17047C04663
:10212000FFFFFF0100F0004008C000404022034BC9
:102130009A675A671A67DA667047C04600F001402E
:1021400010B5FEF775FB10BDF8B52749274C284D93
:10215000641AA4082200302C00D9302228009200F2
:1021600000F074FF2F2C3BD830202F21A700EB1953
:102170005B07204A001BDB0F091B052916D9260027
:10218000002B01D0EA51661CC01AE3189B004108DD
:10219000EB18C900C9181A605A6008338B42FAD18B
:1021A000012303421CD098438419A700EA51631C01
:1021B0002F2C15D09B00EA50A31C2E2C10D09B0076
:1021C000EA50E31C2D2C0BD09B00EA50231D2C2C35
:1021D00006D09B00EA50631D2B2C01D09B00EA50D7
:1021E000054B9D60F8BDC04600010010C001001005
:1021F00000000020C101001000ED00E0002310B538
:10220000294C82B0A367FFF72DFF0122274B1A60EC
:10221000636C012BFCD10322254B1A60224A936B7D
:10222000012BFCD1013300930121224A22480433BF
:10223000FFF71CFE052301210093204A2048FFF7E9
:1022400015FE0022022104201E4BFFF79FFB0022F7
:10225000012105201C4BFFF799FB002200210720DC
:102260001A4BFFF793FB002200210820174BFFF7C2
:102270008DFB8023DB000093002200210920134BFB
:10228000FFF70AFB0022104B00210620FFF77EFB20
:102290000420FFF7EFFB0E4900F04CF8010000208E
:1022A000FFF792FE02B010BD008000403CB000403D
:1022B00030B00040002F685900800240008C8647F3
:1022C00000C00240001BB70040597307006CDC02DD
:1022D00040420F0001480421014B18470011002023
:1022E000F91F0010124A936F9B0815D29066D166B1
:1022F000002905D0FFE7FFE7FFE7516F106F704738
:1023000004B580210906C2175140002800D0C843F7
:1023100006F07EFD002104BDF0B5146E556E576FBA
:10232000166FFFF7E3FF1466556657671667F0BD33
:10233000000000D0114A936F9B0813D210665166BB
:10234000002905D0FFE7FFE7FFE7516F106F7047E7
:1023500004B5002801D00020C04306F059FD00213B
:1023600004BDC046F0B5146E556E576F166FFFF77B
:10237000E5FF1466556657671667F0BD000000D08C
:1023800094464A4A926F9208624601D228E0C046BB
:10239000F0B5464E346E756E776F366F00F020F8EC
:1023A0009446424A14665566576716676246F0BD02
:1023B00094463E4A926F9208624601D254E0C0466B
:1023C000F0B53A4E346E756E776F366F00F04CF89C
:1023D0009446364A14665566576716676246F0BDDE
:1023E000002B24DB11D000293EDA00B5C94340425E
:1023F00000D1013100F038F8C943404200D1013129
:10240000DB43524200D1013300BD002AEBD100284A
:1024100001D1002905D00020C90FC90701D1C0434F
:10242000410800B506F004FD0022002300BD00B500
:1024300000290ADBDB43524200D1013300F014F8DB
:10244000C943404200D1013100BDC943404200D1DF
:102450000131DB43524200D1013300F005F8DB4388
:10246000524200D1013300BD002923D1002B18D1E5
:10247000002A0CD0BC460D4F38667A660021002336
:10248000FFE7FFE7FFE77A6F386F6746704700287E
:1024900001D00748010000B506F0CAFC0022002365
:1024A00000BD02000B00002000217047000000D09A
:1024B000FFFFFFFF002B00D0BFE0130C28D1002A44
:1024C000E7D080B4114F39667A66FFE7FFE730B492
:1024D000040C7B6F396F1B0423433B667A66FFE76E
:1024E000FFE7FFE7C04684B27B6F3D6F1B042343C9
:1024F0003B667A66FFE7FFE7C04600232C042D0CFD
:102500007A6F386F00196941B0BC7047000000D085
:10251000F0B594460025140E01D112020835140FAF
:1025200001D112010435940F01D192000235D40F6C
:1025300001D152000135D40B0134254F7C66254C66
:102540003C660E0C93B2FFE7FFE7FFE73C6F664384
:10255000360C7703BE467343DF0B5B04C01AB941E8
:10256000130C7343DB18C91ACE086643360CB64405
:1025700093B273431F0F1B01C01AB941130C73436D
:102580001F0B1B05C01AB941860D8F023E436643DF
:10259000360C092D24DB520A7243801A7703460A4F
:1025A0006643360C16235B1BDE40DF40BF196446D2
:1025B0006643821B7046043506330100D940A840AB
:1025C000C01900D30131A24206D20023F0BD0000A1
:1025D000000000D0FFFFFFFF121B0130F3D3F1E733
:1025E00009277F1BFE406446A2B27243801A00D2C4
:1025F0000139220C7243130C1204821A99410B0008
:102600007046043513370100F940A840801900D303
:102610000131002B02D1A2420AD2F0BD013000D319
:102620000131121BFAD2013BF8D1A24200D2F0BD17
:10263000013000D30131121BF7E7F0B51C0C00D0BC
:1026400080E00CB400251C0A04D11B02160E334393
:10265000120208351C0B04D11B01160F3343120163
:1026600004359C0B04D19B00960F33439200023536
:10267000DC0B02D192185B4101351C0097186441B4
:102680000134464F7C66464C3C660E0CFFE7FFE784
:10269000FFE7C0463C6F6643360C7703BE4697B2F1
:1026A0007743C01B00D20139C01B00D201399FB251
:1026B0007743C91BC91B170C77437E04FF0B801B94
:1026C000B941CE086643360C0C2D33DBB644120BF1
:1026D0001F053A431B0B97B27743C01B00D2013949
:1026E0009FB27743C91B170C77433E043F0C801BF6
:1026F000B941860D8F023E43664329277F1BFE406A
:102700000C3D7746AF40BF1930BCA2B2ABB27243AA
:102710007343801A9941220C7243130C1204801ADD
:10272000994102000B000137001BA941F9D2781E24
:102730000021F0BD0C277F1BFE4077467F0BAF408A
:10274000FF19E0E700245D1C07D0144F7D66396651
:10275000FFE7FFE7FFE7FFE73C6F95B29EB26543F7
:102760006643401BB141150C1E0C6543664336049D
:102770002F0C3E432D04401BB141994204D202006C
:102780000B0020000021F0BD01D19042F7D3801A48
:10279000994101349942F2D3F6E70000000000D0DD
:1027A000FFFFFFFF48404140484018B41B4B5B68A7
:1027B000FC46019308BD04DF3F2A001018B4174BF4
:1027C0001B68FC46019308BD00DF492A00109446AF
:1027D000134A926F920809D2624618B40F4BDB6815
:1027E000FC46019308BD0CDF012D00100C4AF0B52A
:1027F000146E556E576F166F6246FFF7EEFF084A6C
:102800001466556657671667F0BD18B4034B9B688E
:10281000FC46019308BD08DFA52B0010882101208C
:10282000000000D0FFB550404240504059404B405E
:10283000594000E0FFB5154F4C00640D03D0BC4279
:1028400004D10C0314D80020090D09055C00640DA7
:1028500003D0BC4204D11C030AD800221B0D1B0567
:1028600001264B4009D44B4003D58B4200D1824214
:10287000FFBD9942FCD19042FFBD0B43DB180343DF
:102880001343F5D0C9434918FFBD0000FF070000FE
:1028900000B5FFF7CFFF804100BDC04600B5FFF790
:1028A000C1FF01D9002000BD012000BD00B5FFF728
:1028B000B9FF804100BD012040054A00121804D82C
:1028C0005A00121801D800207047012070470000FC
:1028D0000021002805D17047C1174840401AFAD09E
:1028E000C90713B5064B1B6898470CBC441CA24093
:1028F0001005120B0349091B09051943114310BDAB
:102900008C2D01201F04000010B54C00620D8023A7
:10291000D218DB00D21A5B057E2A10DD9E3A13DA4C
:10292000CC170903490819435242D14064000134CD
:102930001532202A05DAD0400843604310BD00203C
:1029400010BD0846604310BDC80FC018013810BD47
:1029500018B4044B5B6AFC46019308BD24DFB12E1A
:102960000010000088210120132370B51D78012D6F
:1029700019D014DD1F48FFF737FB06001E48FFF78C
:1029800033FB1E4C80223100200000F05FFB022D43
:102990002DD01B48FFF720FB1A4B186070BD1A4B57
:1029A000164CA364F5E7184B144C23606360A360D6
:1029B000E36023616361A361E36123626362A362F5
:1029C000E36223636363A363E36323646364A364D5
:1029D000E36423656365A365E36523666366A366B5
:1029E000E36623676367A367E367A364D1E7064BE6
:1029F000A364CEE753440000534600008821012021
:102A00004C3300008C2D01200D2A001007B56046C4
:102A100001880A0A0230DF2AFAD1C9B2820804D337
:102A2000028840880004104300E00068014A5050CA
:102A3000039007BD882101200FB403BC0CBCF0B586
:102A40000124E407634000E0F0B50C0DCF0F661ED3
:102A50003605891B640503D3C943404200D30131C5
:102A6000640D03D0661CF60A07D0E41B00207F002B
:102A7000791C89078912803C24031D0DDF0F6E1E0F
:102A800036059B1B6D0503D3DB43524200D3013354
:102A90006D0D03D06E1CF60A07D0ED1B00227F00DF
:102AA0007B1C9B079B12803D2D032F1B661B58D45C
:102AB000A446202E46DA20371400BC401D00BD403D
:102AC000F24033412A4380185941CB0F05D0C94306
:102AD000C043002264425041514162464D0D28D10D
:102AE0000D0D07D100281FD0241940414941013A5A
:102AF0000D0DF9D0640006D3013000D30131002C54
:102B000001D140084000013A0BD4941CE40A04D1DE
:102B100012051144DB071944F0BDD907204B1943B6
:102B200000E0D9070020F0BD0029DDD1002CDBD169
:102B3000F0BD0132C6074008CD0728434908002EE2
:102B4000E1D0D9E73C2E29DA203E40371400BC40C2
:102B500000D00124F24014431A00BB401C43D31799
:102B6000ACE7AC46202F08DA20360400B4400D0054
:102B7000B540F84039412843A5E73C2F0CDA203F07
:102B800040360400B44000D00124F840044308005B
:102B9000B1400C43C117EAE710001900002494E784
:102BA0000000F07FF0B50C0D661E3605891BE60AA5
:102BB0006405640D02D0651CED0A04D000200121DB
:102BC0000905803C2403A4461C0D671E3F05DB1B42
:102BD000E70A6405640D02D0651CED0A04D00022EA
:102BE00001231B05803C24037740644497B484B2DE
:102BF00096B27443070C7E43150C6F4380B2684352
:102C0000361802D3012000043F183004350C001997
:102C10007D41844688B29AB250430C0C62431F0C2B
:102C20007C438EB27E43921902D301263604A41946
:102C30001604170C3618674101BC81B29AB2514391
:102C4000040C62431B0C5C4380B25843121802D33D
:102C50000120000424181004130C401863412D189F
:102C60005E410020474106BC88B293B258430C0C29
:102C70006343120C544389B251435B1802D30121C0
:102C80000904641819041A0C091862416D18564198
:102C90000020474118BCF902720D1143F0026A0D81
:102CA0001043ED020A0D03D16D1940414941013B2A
:102CB000124E9B1B7600B3420ED26D0007D301303B
:102CC000002671416646354301D1400840001B058E
:102CD000C918E4072144F0BD0BDA013306D10130F5
:102CE00004D101314F0D01D04908F2E7E10700207E
:102CF000F0BD013631050020EBE70000FF030000C6
:102D0000F0B51C0D671E3F05DB1BE70A6405640D6B
:102D100002D0661CF60A04D0002201231B05803C69
:102D20002403D0252D060026F6432E661E096E6666
:102D3000CE0FF619B44649004F0D02D07E1CF60A9C
:102D400003D000200021403F3F033E1BB600B444A7
:102D5000013F7F05C91B49082E6F013676089C028A
:102D6000950D25437543ED137543AD1301356D1076
:102D7000F603761B0CB4CC02450D2C43A2B2B3B2C1
:102D80005A43270C7B43350C6F43A4B26C431B1989
:102D900002D3012424043F191C041D0CA4187D41F6
:102DA00024196D41009A91B2ACB26143170C7C4377
:102DB0002B0C5F4392B25A43A41802D3012212048F
:102DC000BF182204230C52187B41019C6C431B1931
:102DD000520ED9010A434401A01A81B2B2B2514342
:102DE00003145A43360C734387B27743D617D2196C
:102DF00000277E4136049B191704160C7F185E418C
:102E00007316ED18F301002680337541A90F06D122
:102E10006400690AE8055B0A184309D22FE004221E
:102E2000944480337541A90AA8059B0A184326D308
:102E3000404149412404009A019B0D005543641B05
:102E40004343E41A95B286B27543170C7E43030CD4
:102E50005F4392B25A43B61802D301221204BF183C
:102E60003204330C52197B4152429C41002C02D453
:102E70000022013051414008CA071043490802B0FE
:102E80006246D7079210084BD218084B9A4203D2D9
:102E900012058918C919F0BD0020002A01DC39008B
:102EA000F0BD01331905F5E7FD030000FE07000042
:102EB000002200B5203200F004F8080000BD000038
:102EC00000220B150AD410B5944600F031F8141402
:102ED000013400DA0021CB17144C204700200021D8
:102EE00070476244343A0CD40C2A07DA040091404B
:102EF000904052422032D440214310BDD843D943A0
:102F000010BD203207D40C46944052422032114169
:102F1000D040204310BD0800C917203203D45242CC
:102F20002032104110BD1800190010BDE32E001012
:102F30000A0DCC0F531E1B05C91A520503D3C943F2
:102F4000404200D30131520D03D0531CDB0A07D09D
:102F5000121B00206400611C89078912803A120349
:102F6000014BD21A70470000FF0300005143434356
:102F7000C9188C46110C83B24B4310B4040C614346
:102F800092B280B2504362431C041B0C001910BC67
:102F900059411304120CC01851416144704700009C
:102FA000132310B512481C78FFF71EF80100012CFE
:102FB0000AD003DD80220F4800F048F80E48FFF7E2
:102FC0000BF80E4B186010BD0A4C5422200000F084
:102FD0003DF80B4B6365A365E36523666366A366F3
:102FE000E36623676367A367E3672362E361E5E75B
:102FF00053460000882201204C3300008C2D012014
:103000000530001007B5604601880A0A0230DF2A41
:10301000FAD1C9B2820804D3028840880004104360
:1030200000E00068014A5050039007BD882201204B
:1030300001480421014B184710110020F91F00100E
:10304000014B1B681847000010110020014B5B6802
:1030500018470000101100207047C046F8B55746C9
:10306000DE464E464546E0B599460A9B07009A461D
:103070000D9B884693460B9C9B073BD10C9B9C4227
:103080003DD21E1B0B9415000C005E442A004B46DB
:10309000013521002020B847B542F7D1A0460B9C4E
:1030A000002C20D0454636195346321B013C185D92
:1030B00029004B46B847002CF6D12B003500984626
:1030C0000D9B9B070FD55B46EC1A0C9BA3420AD9BC
:1030D000464698462A004B46310020200134B84726
:1030E00001354445F6D32800F0BCBB46B246A9469C
:1030F000A046F8BD16001500002CD3D1E0E716005D
:10310000002CCFD11500EEE7F0B54F464646D64627
:10311000C0B584B098460EAB1B7894469946129B76
:103120000D9C109F119E9A0725D4002E65D1BC429C
:1031300021D201221A409246202C00D1E9E00C9ABB
:10314000551E302202E0202C00D17BE001342A55AC
:10315000A742F8D85246002A0DD0B4420BD20C9A9E
:10316000551E3022202C02D171E0202C2DD00134AC
:103170002A55B442F9D1DA063CD55A052ED4002C92
:1031800028D10F9A102A00D1B6E0022A00D1BCE063
:1031900030220C9C227001244A46002A65D15A072D
:1031A00000D499E02B220C9D2A55013403930C9BEB
:1031B00062460093029643460194FFF74FFF04B026
:1031C000E0BCBA46B146A846F0BD2024DA06EDD5EB
:1031D0005A0503D4A74266D0B44264D00F9A102A8D
:1031E00071D0022A57D0202CE0D0220001343025A3
:1031F0000C9FBD54202CD9D0CEE7012215001D40D4
:10320000AA461A4236D04A46002A4AD10C321A42FD
:1032100047D1BC42A1D2202C91D1202E17D82024F6
:10322000DA06C3D55A051BD4202F01D0202ED5D1C4
:103230001F220F9D102D6FD0022DD8D162250C9F1B
:10324000BD54D0E75246002A79D0202EBDD9202483
:10325000DA06ABD55A0503D4202FE9D0202EE7D0CB
:103260000F9A102AA2D12024A0E72D220C9D2A55C6
:1032700001349BE7BC4200D37DE7202C00D05EE701
:10328000DA06F0D55A05EED4202F62D0202EEAD1EE
:1032900034001F22CDE7202C00D187E72200013423
:1032A000CCE7013EB5E7621E012CC2D10F9A102A6D
:1032B00000D06AE79A063BD558220C9C2270283A27
:1032C0006270022468E79A060ED4202CCBD07822B4
:1032D0000C9D2A55013486E71A0700D466E72022A0
:1032E0000C9D2A55013461E7202CBCD058250C9A3E
:1032F00012191570013476E79A0608D558220C9CED
:10330000227030226270022446E76032F7E77822AA
:10331000F5E7002A83D1B3E7A21E013C9D0603D442
:1033200078250C9FBD5460E758250C9FBD545CE781
:1033300078220C9C2270483A627002242CE7DA064C
:1033400000D433E75A058BD4202F00D044E71F2246
:103350006FE73C001F226CE710B5002800D110BDBC
:1033600001F042FCFBE7C0460B0010B5002802D07C
:1033700049681B68984710BDF0B557464E4645460C
:10338000DE46E0B599B08246894690460893229A77
:10339000239B10001900FFF78EFA002800D0CDE023
:1033A000229823990122D94B5242FFF77FFA002835
:1033B00000D0C3E0229823990122D54B5242FFF757
:1033C00067FA002800D0B9E0229823990022002350
:1033D000FFF75EFA002800D0F1E1229E239F8023B0
:1033E000269ADB001A400D92269A1A4201D1062332
:1033F00024938023269A1B011A403B00934609968A
:10340000334300D0B3E0002A00D0C2E100230024FF
:103410000A930B94002304250993259B0024AB42B7
:1034200000D95C1B0223269A1A400C92269A13425A
:1034300003D06B426B415B421C40099B002B07D0C1
:103440000A9A0B9B30003900FFF7C1F906000F0004
:103450002298239900220023FFF71AFA002803D0AC
:10346000802109067B181F00269AAA4B0096019717
:103470001340089E0493249B039402934246330016
:103480004946504600F0AAF90400002D67D02020DC
:10349000269A4946024013005A4253415B42621C3D
:1034A00018400A92330022004530D047099A6F1E17
:1034B000D317D4185C40D30F9B46002501E0202D84
:1034C00013D008AA94461F23200063440A21013523
:1034D0005E19FEF72FFF3031317020000A21FEF710
:1034E00029FF26000400092EE9D8052306930023AE
:1034F00004930A3303935B46089E029310AB0A9A27
:10350000009349463300504605970195FFF7FCFDAF
:103510000C9A0400002A22D04246851A259AAA4213
:103520001DD9B04657461600220043464946202082
:103530000135B8470134AE42F6D810E0269B42462A
:103540000493259B49460393249B50460293229B58
:10355000239C00930194089B00F040F90400200094
:1035600019B0F0BCBB46B246A946A046F0BD6A4BB6
:1035700078009C46400D6044FFF7AEF9674A684BFF
:10358000FFF743F9674A684BFFF718F9674A3B03AF
:103590001B0B1A4304000D0009981100644B002214
:1035A000FFF703F9634A644BFFF72FF902000B00A2
:1035B00020002900FFF702F9FFF7A6F90990FFF7AD
:1035C0008BF95E4A5E4B04000D00FFF71EF90022E6
:1035D0005C4BFFF7F3F8FFF797F95B4A5B4B290069
:1035E0000C902000FFF711F904000C980D00FFF774
:1035F00073F9574A574BFFF708F902000B002000F8
:103600002900FFF7D2F804000D0002000B000A9415
:103610000B95FFF7FAF804000D000A980B990200C9
:103620000B00FFF7CBF800220E900F914A4B2000C1
:103630002900FFF7CCF80022484BFFF7BFF8020043
:103640000B0020002900FFF7C2F80022444BFFF7CF
:10365000B5F802000B0020002900FFF7B8F80A9A1D
:103660000B9B0D0080210400C9050020FFF79DF889
:1036700002000B0020002900FFF7A0F802000B0059
:103680000E980F99FFF7A3F80022284BFFF796F842
:10369000344B0C9C9C46644423050022FFF7B5F88C
:1036A00004000D0002000B00300039000A940B9555
:1036B000FFF7EEF800285DD123002A00C6250999FE
:1036C00063318D42AD4159466D420435002900D128
:1036D000A3E6134363D030003900234A234BFFF79E
:1036E000DDF8002807D0002230003900204BFFF71A
:1036F000CFF8002853D1249B002B00D18DE60D9BE1
:103700005A1E9341249AD31A249386E6FFFFEF7F33
:10371000FFFFEFFFFFF7FFFF01FCFFFFFB799F506B
:103720001344D33FB3C8608B288AC63F0000F03FE4
:103730000000F83F61436F63A787D23F71A3790907
:103740004F930A400000E03F1655B5BBB16B0240F5
:10375000EF39FAFE422EE63F00002C4000002440E4
:1037600000001840FF0300002D431CEBE2361A3F17
:1037700080842E41099B0022013B09932000164BB7
:103780002900FFF724F80A00010003000A910B92B8
:1037900094E7002300240A930B9400230993249AAE
:1037A000099B9A4214DDD31A013B24938023269A65
:1037B000DB001A4300230025269209932DE6802280
:1037C00012069446229B1E00239B63441F0006E6BC
:1037D00000232493EAE7C04600002440F0B54546A4
:1037E000DE464E465746E0B595B08B469046994624
:1037F0001E9A1F9B0A9019001000209DFFF75BF88E
:10380000002800D0B0E11E981F990122C74B5242F8
:10381000FFF73EF8002800D037E11E981F990122DB
:10382000C34B5242FFF742F8002800D0A7E01E9891
:103830001F990022BF4BFFF739F8002800D088E01D
:103840001E981F990022BC4BFFF722F8002800D0D9
:103850007FE01E981F9900220023FFF719F8002827
:1038600000D0FAE000230B938023229C229ADB00F5
:103870001C401A4200D102E1092D00D87CE106A9C2
:103880008C462C00172200233021093C624401336E
:10389000D154EF1A202B00D132E1A342F7D10022FC
:1038A000A44B069207931E981F99FFF72DF8050069
:1038B000FFF712F802000B001E981F99FEF775FF24
:1038C000069A079BFEF7A1FF08900991FFF740F8C1
:1038D0000600FEF7FDFF02000B0008980999FEF7AD
:1038E00064FF0022954B08900991FEF7DFFF002846
:1038F00000D1D2E001363000FEF7EAFF069A079BBE
:10390000FEF7CCFF002801D000260135AA46002F83
:1039100000D098E02800FEF7DFFF02000B001E98A1
:103920001F99FEF742FF854B002206000F00FEF7AD
:10393000AFFF0CAB9A46002845D100223000390079
:103940007E4BFEF7B3FF00283DD1EB073BD5013599
:1039500039E0229B42460493219B594603930A98DF
:103960001E9B1F9C0295009301944B46FFF704FD9C
:1039700015B0F0BCBB46B246A946A046F0BD229B9E
:103980005B0767D403226E4B229901920391219920
:103990000291009342464B4659460A98FFF75EFB58
:1039A000E6E706AA94461723280063440A21013457
:1039B0001E19FEF797FC3031280031700A21FEF7FE
:1039C00091FC051E76D0202CEBD10323229A1340C4
:1039D000012B1DD1219B002B1AD00B9B002B00D05B
:1039E000BBE0229A0C33134200D0B6E0219BA342E5
:1039F00000D887E006AB9C4617223023624404E0DF
:103A00002199013413558C4259D0202CF8D120240F
:103A1000229B01940393219B02935346B9E706AA84
:103A2000944617230A216344300001341D19FEF720
:103A300081FC3031297030000A21013FFEF77AFC09
:103A4000092E46D90600202CE9D155460CAB20247E
:103A50009A46B8E704223B4B96E71E9A1F9B00202C
:103A60000021FEF7A2FE01230B938023229C229AC1
:103A7000DB001E901F911C401A4200D0FCE6002281
:103A8000314B0627069207930DE7229B0393219B58
:103A90000293042301932D4B7BE700220898099998
:103AA000264BFEF7F5FE002800D02FE7002E4FD161
:103AB00001362BE70323229A1340012B66D0202CDA
:103AC000A6D00B9B002B1FD02D235246135501343B
:103AD0009EE75546202CB9D030233A19002F08D044
:103AE000172006A9013409180B55202CAED094429A
:103AF000F6D10CAB9A462E2352461355013462E799
:103B00002024CCE6202C83D0229B5B0708D4229B68
:103B10001B0700D47CE7202352461355013477E776
:103B20002B2352461355013472E7C046FFFFEFFFC7
:103B3000FFFFEF7F65CDCD4165CDCDC10000E03FFA
:103B4000AC900010A490001080842E41B49000101E
:103B5000F30700D4DAE60136D8E6219B013B219336
:103B6000A34200D946E7AAE7229B0393219B029335
:103B700003230193074B0CE7074BEA009B185C6893
:103B80001B682F000693079400248CE6219B002BD2
:103B900095D022E7B090001018940010F0B5574669
:103BA000DE464E464546E0B5A5B01F002E9B914629
:103BB0000D93CA4ACA4B82468B461A60002900D12F
:103BC00029E2002338789846002800D12BE2C54B23
:103BD00044460C93C44B55464E460E930AE0631C74
:103BE0009846220033005946A847444638780028B2
:103BF00000D187E001372528F1D108239A46043BFC
:103C00009946023B9846013B00229C460B9438782B
:103C1000791C0300203BDBB2102B03D80C9C9B00CB
:103C2000E3589F460300303B0B9C0B92092B3AD97B
:103C3000002398462A2800D1DDE000239A462E284A
:103C40004BD00300683BDBB2122B1ED80E9A9B00B0
:103C5000D3589F4663460F001A43D8E743460F00E8
:103C60001A43D4E74B460F001A43D0E710230F0046
:103C70001A43CCE753460F001A43C8E780235B0082
:103C80000B9A78781A430B9201310F0067284FD8AE
:103C90002428A4D90300253BDBB2422B9FD89349AB
:103CA0009B00CB589F46002398460B9B47469C465B
:103CB00000E00131BB00DB195B001F180878303FC2
:103CC0000300303B092BF4D963460B930023B8461D
:103CD0009A460F0001312E28B3D180200B9AC000E4
:103CE00002430B9230225242944678780B0084446F
:103CF0006246092A00D8AAE12A2800D1B9E10F00BA
:103D000001319EE7A046AA46B146C84503D3012328
:103D10005B424B4498464B46424659460020D047AA
:103D2000200025B0F0BCBB46B246A946A046F0BD77
:103D300001006939C9B20F2900D950E701238B402E
:103D40009C466B4B994663464A4613400F93624626
:103D50004B461A4200D068E10A2956D0072900D004
:103D60003DE70D9B02CB9846002900D092E10B9BCA
:103D700010211A008A431000113108438146802027
:103D80001A00C0000240110003421CD114AB9C4633
:103D90001F220F2362440D959C4615000F9B0B9428
:103DA00002E0202B0CD0110064460C40200037307C
:103DB000092C00D807380133E8540A090F29F0D834
:103DC0000B9C0D9D0F934B4608220693534605927C
:103DD00008320392002204930F9B029201931CABC2
:103DE00022000093594633002800FFF78DF943461F
:103DF00004000D93FAE60D9B04CB9046002A79DB74
:103E000078780D930F00013117E70D9B02CB1493C7
:103E10000B789C4618005346002B00D134E1002853
:103E200015D05346013B013399460D940B9C8944B0
:103E30004A460B00A14601E0934203D05C7801336F
:103E4000002CF9D14A465B1A0D9C0B920F938023EC
:103E5000DB0099460B9A13400D934B461A4204D04F
:103E60000F9B534501D953460F93022399460B9A52
:103E700013400B934B46134200D1F5E16346002BF0
:103E800000D1D6E10D9B002B00D182E10B1BD14666
:103E900031009A463B00A1442E005F464D46220069
:103EA0009B46894609E04B463900541CB0475346AF
:103EB000185D002800D192E122009542F3D14B46D3
:103EC0005A46A946BB46350017001E004C460B9BC0
:103ED000002B00D0ADE1149B0D9387E69D3B0010B5
:103EE000602D01207C920010C09200100C930010F5
:103EF000419000000B9A283802430B9242465242EE
:103F0000787890460F000D93013196E678786C280A
:103F100000D15DE180230B9A5B001A430B920131C3
:103F2000B3E680239B00ABE67878682800D148E1AF
:103F300080230B9A01311A430B92A6E6672800D121
:103F4000B2E0472800D11AE1452800D11CE10B9AC4
:103F50000721049242460D9B0392073352468B433E
:103F6000190002920CC92800009201930D912200C1
:103F700033005946FFF700FA040037E6462800D11F
:103F80008DE00B9A0721049242460D9B0392073362
:103F900052468B43190002920CC9280000920193EB
:103FA0000D91220033005946FFF718FC04001DE66E
:103FB000631C98462200330059462520A8474446F2
:103FC00014E60D9B04330F93631C99460B9B9A07D1
:103FD00000D40AE10D9B2200187859463300A84707
:103FE00043464444012B00D86FE1B0462E00250023
:103FF0004C46B9465F462200434601343900202032
:10400000B047AC42F7D12C00BB4635004F46464680
:104010000F9B0D93EAE5D64B38789A4600239846D5
:10402000002800D0D3E500246FE66F2842D000D8E6
:10403000FDE11023782800D19BE00B9A9A430B9264
:104040000A239C46002314930A330F9338E0574603
:104050000B9AB900C919490001330F181878303F7D
:10406000010030390929F4D9BA460B921F00591CB6
:10407000E7E50D9BB87804CB0237D143C9170A4056
:1040800092460D93791CDCE5002800D1DFE602237F
:104090005B42C8E621200B9A0243914676E6202334
:1040A0000B9A1A430B926CE780230B9A1B011A435D
:1040B0000B924CE708239C460023149308330F937C
:1040C0000B9880230200DB001A4011000200184206
:1040D00000D080E00C239A431000802302009B0054
:1040E0001A400B92184200D0F1E0802302005B00DE
:1040F0001A4091460D9A04321492184200D0C3E23D
:10410000430600D5D7E0030600D421E30D9B1B88AE
:104110000993002B00D02DE110339843002900D1E2
:1041200028E10023994643460593534604930F9B89
:1041300006900393002302934B4601931CAB22008D
:104140000093594633002800FEF7DEFF0400C2E664
:10415000582809D0622800D0E3E202239C460023BD
:10416000149302330F93ABE720230B9A1A430B925D
:10417000103B9C460023149310330F93A0E7802339
:104180000B9A1B011A430B9220230B9A1A430B9292
:10419000DDE60B1B9A460F9B99463B0037005E46B7
:1041A0009B4622003B003100A84753460134185D6E
:1041B0000028F6D14B460F935B46B3463E001F00E6
:1041C00085E6C0230B9AB8781A430B92F91C5CE57C
:1041D000C0239B00F6E70D239A4310007DE75B4662
:1041E0003500BB464E461F0071E64346012B66D99B
:1041F000631E434432002E001D003B00A2465F4672
:1042000091469B4622004B46013439002020B0479E
:10421000AC42F7D15B463500BB464E46A1465446FC
:104220001F000D9B4A461878594633004444A8475E
:10423000EEE60F9BA146984500D84CE64444E41AAC
:10424000B0462E0025004C46B9465F462200434644
:10425000013439002020B047AC42F7D12C00BB46D6
:1042600035004F46464636E60F98804500D873E243
:104270004346E218131A32002E001D003B009146FF
:104280005F469B460F9122004B46013439002020A7
:10429000B047AC42F7D15B46BB461F0043460F997F
:1042A00001330F930B7835009C464E46604600283C
:1042B00000D0E7E50FE60D9B1B78099329E70D9BDE
:1042C0002200187859463300A8474C46A0E60D9ABC
:1042D000FA3BFF3B07329A430133994691444B46E0
:1042E0000D931368526815921A4306D11032904309
:1042F00000220992002900D083E06122810600D5C6
:104300004122D2B20A9214AA91460A9A00210A3A8C
:104310000B9242461792524618925A46B24609915B
:104320001E001F31149B4944BB4616941A95002465
:10433000674698468946159D19901B920AE03032CF
:10434000D2B24B4601341A55A8454CD0202C4CD043
:1043500006000D003A00002330002900FEF728F87F
:10436000D2B2092AEBD90B9B9C466244D2B2E8E751
:10437000593000106123820600D54123DBB20A3B8D
:104380000B93434614A91F228C461593534662444F
:10439000B2460D9417974C468046A9461700099DD2
:1043A0000F9E169308E03033DBB201343B55B54223
:1043B0000ED3202C0CD0050031002800FDF7BAFFE9
:1043C000CBB20929EFD90B9A94466344DBB2ECE7F0
:1043D000159B40469846169B4D465646A1469A4622
:1043E0000D9C179F9FE6B742B0D9179B564698463B
:1043F000189B5F469A461B9B09949B46169C1998EE
:104400001A9D43460593534604930F9B06900393CE
:1044100000230293099B01931CAB22000093594691
:1044200033002800FEF770FE0400FFF7DFFB1023C7
:104430000B9A9A430F92692800D091E10B9980233F
:104440000A00DB001A4010000A00194203D01121B3
:1044500018008A430F920F9A802311009B00194085
:104460008C461A425BD1802311005B0019408946BB
:104470000D9904310B911A4200D0B2E013005B0693
:1044800000D4EDE00D9B1B781A00D90F0D91002B85
:1044900000D1A3E0100014AA944642461F231592AF
:1044A00052466344A846BA464D461494B1460400A9
:1044B0001F00169201E0202D0FD020000A21FDF7E9
:1044C00039FF01357E193031317020000A21FDF7A6
:1044D00031FF26000400092EEDD8159B4E46A94653
:1044E00045469846169B57469A46149C0F9B069342
:1044F00043460593534604930A2303930D9B02936B
:104500004B4601931CAB2200009359463300280010
:10451000FEF7FAFD0B9B04000D93FFF767FB0722E4
:104520000D9B07339343013294469C4462460D929F
:104530000CCBD90F0B911100194300D19BE0D91777
:104540001391129151401091139959401191109863
:104550001199129A139B801A99411090119114AAE3
:1045600094464246002315925246994616923200CE
:104570001F336344A8464E46BA4614941F00109C4D
:10458000119D914601E0202E10D0200029000A2222
:104590000023FDF70DFF013630322B00BA550D0018
:1045A00022000400002BEED1092AECD8159B1094B0
:1045B0001195454698464B46169AB14657461E00F9
:1045C0009246149C0F9B06934346059353460493CF
:1045D0000A2303930B9B02934B461CE7002885D1CB
:1045E00059E70D9B1B68DA0F1100002B00D1A6E0E4
:1045F000DA179818504014AA91461F2342464B449C
:10460000A8460D94169704006546B1461F00149104
:10461000159201E0202D0FD020000A21FDF78AFE1F
:1046200001357E193031317020000A21FDF782FEFC
:1046300026000400092EEDD8159BAC464546984649
:10464000149B4E4619000D9C169F0F9B02910693DA
:1046500043460593534604930A230393634650E766
:1046600013001B066ED50D9B00229B5ED9175A18AE
:104670004A4092B209E7002399460028A2D10022BD
:104680000023109211936AE70D9B1B689946002B3B
:1046900003D110339843002938D16123820600D515
:1046A0004123DBB20A3B0D9343461693534614A9AC
:1046B0001F228C4617932B0062444D46B246159438
:1046C00018978046170099460B9C0F9E08E03033E0
:1046D000DBB201343B55B5420ED3202C0CD0050083
:1046E00031002800FDF726FECBB20929EFD90D9A3B
:1046F00094466344DBB2ECE7169B40469846179B12
:1047000056464D469A460B94189F159C4346059372
:10471000534604930F9B06900393002302930B9B35
:104720000BE50B9980230A00DB001A4010000A00F9
:10473000194200D08BE610239A430F928BE6002893
:1047400083D158E70D9B1B68D9175A184A409CE63D
:104750000D9B1B680993DCE4030001330F93A5E56F
:104760000B926DE400B585B0039101210290009396
:10477000034813004A4202A9FFF710FA05B000BD32
:104780006933001010B5094A0300146884B0002C86
:1047900008D0012200910648524203A9A0470120F7
:1047A00004B010BD00F06CFA0020F9E7602D012084
:1047B0005933001000BEFDE77047C046094A0300A8
:1047C0001068002805D00849C3188B4207D8136029
:1047D000704706480449C31810608B42F7D901207E
:1047E0004042F5E75C29012000000420C82D01208B
:1047F000030010B508001100002B05D1044B1A6806
:104800005B6800F043F910BD01204042FBE7C04661
:10481000209200100300013B10B508001400012B8A
:1048200006D801230022210000F0B0F8200010BDBE
:1048300001204042FBE7C046012040427047C0468D
:10484000012040427047C046012040427047C046A8
:104850000300022200209A424041704710B5FFF742
:10486000A9FFC04670B5FDF719FC074D074EB542CC
:1048700009D20024013E761BB60808CD98472300D4
:104880000134B342F9D170BD8C8E0010908E0010AF
:10489000030010B5080011001B68984710BDC04602
:1048A000F0B5C64600B5437D07000D001600002B8D
:1048B00038D0002A2EDD00216A1E90466A5C037DF6
:1048C0004C1C00200A2A0CD0A64216D043461B5D81
:1048D00021000D3B5A4253416A5CDBB24C1C0A2A50
:1048E000F2D1002BF0D1884217DB022110483B683F
:1048F0009847A64207D02000E8E7864203DD311A38
:104900003B6828189847AD19013D2B780D3B5A425A
:1049100053413B7580BCB846F0BD091A3B68281866
:104920009847E2E70368110028009847F2E7C0467D
:1049300068940010F8B50B680D005A1CCB180A607B
:104940001871802A00D0F8BD0E4B1C68002C15D0C1
:104950000D4E0F1D02E02469002C0FD02368002BA0
:10496000F9D03368002B01D0A342F4D120003900E4
:104970002A68FFF795FF2469002CEFD100232B60F4
:10498000E1E7C046402901204C290120F0B5DE4670
:1049900057464E464546E0B585B017001C00060058
:1049A0000D00FCF79BFE0023314A12184B41802179
:1049B00009068B4202D301222E4B52422E49080097
:1049C0008A4604F02DFA01906B1C03D1300003F0ED
:1049D0006FFD0500002C26D0284B9846284B1C68FC
:1049E000002C15D0002F21D1264F02E02469002C85
:1049F0000ED02368002BF9D03B68002B01D09C42DD
:104A0000F4D120002A003100C0472469002CF0D1E5
:104A1000019B002B28D1280005B0F0BCBB46B24654
:104A2000A946A046F0BD184B9846D7E7154B9946C6
:104A300002ABDF1D0A239B4602E02469002CE7D06D
:104A40002368002BF9D04B461B68002B01D0A342F2
:104A5000F3D12A0031002000C0475B460122390013
:104A600020003B70C047E8E7504604F089F9D2E7E0
:104A700040420F00FFFFFF7FD0160020A14800102A
:104A8000402901204C29012091480010F8B55746D3
:104A90004E464546DE4698461A4BE0B59B461A4BB5
:104AA00007000E0091469A46184D5B461C68002C84
:104AB00003D115E02469002C12D02B68002B01D003
:104AC000A342F7D1A368002BF4D0310038009847F7
:104AD0000028EFDDF0BCBB46B246A946A046F8BDB3
:104AE00053465B6A984508D85246926A4A4502D3B3
:104AF00002204042EEE79845FAD101200021FCF760
:104B0000F7FDD2E740290120004005404C29012053
:104B10000A4A1368002B05D10CE01A001B691032F9
:104B2000002B07D09842F8D1002902D10369136005
:104B3000016170470029FCD01060FAE7402901208C
:104B400010B500F0FFF900F0C1FB012010BDC04618
:104B5000F0B5CE464746040080B583B0FCF7BEFDF5
:104B600026000027802336184F411B069F4202D3A0
:104B70000126194F7642194BB9469846184D4346BF
:104B80001C68002C03D116E02469002C13D02B687C
:104B9000002B01D09C42F7D1A368002BF4D0012157
:104BA00001A898470028EFDD6B46187903B0C0BC18
:104BB000B946B046F0BD0B4B5A6A914507D89B6A7F
:104BC000B34202D302204042F0E79145FAD10120DE
:104BD0000021FCF78DFDD2E7FFFFFF7F4029012078
:104BE0004C29012000400540F0B5CE46474680B52F
:104BF00083B06B460600DD1D2870FCF76FFD0023B7
:104C00001A4A12184B41802109068B4202D3012215
:104C1000174B524217490800884604F001F9164B19
:104C200081461C68002C14D0144F02E02469002C2B
:104C30000FD02368002BF9D03B68002B01D09C4299
:104C4000F4D1200001222900FFF72AFE2469002C5C
:104C5000EFD14B46002B05D1300003B0C0BCB946A4
:104C6000B046F0BD404604F08BF8F5E740420F0037
:104C7000FFFFFF7FD0160020402901204C29012092
:104C800070B5040003F014FC0123010005000122AB
:104C90002000FFF77BFE084B1C68002C06D06368E1
:104CA000002B05D098472469002CF8D1280070BD4E
:104CB0002469002CF3D1F9E740290120F0B5CE4654
:104CC000474680B5A3B004000D00FCF707FD0023A4
:104CD000294A12184B41802109068B4202D3012236
:104CE000264B5242264F380004F09AF80023060063
:104CF000019322002B00234801A9FFF733FD019BFC
:104D00008046002B14D1204B1C68002C06D0636811
:104D1000002B0BD098472469002CF8D1002E25D108
:104D2000404623B0C0BCB946B046F0BD2469ECE7AC
:104D3000154B1D689946002D1CD0144C02E02D69BE
:104D4000002D0FD02B68002BF9D02368002B01D049
:104D5000AB42F4D12800019A02A9FFF7A1FD2D6909
:104D6000002DEFD14B4601951C68CEE7380004F0CA
:104D700007F8D5E70195D1E740420F00FFFFFF7F1D
:104D8000D016002035490010402901204C2901206F
:104D90000FB400B583B004A901C90191FFF78EFFDC
:104DA00003B008BC04B01847F0B5002915DD0E4B60
:104DB0000D271A680D4B0E4CD3185D426B414518F8
:104DC00020215B001E5F0478A64207D09369194238
:104DD000FCD101301460A842F5D1F0BD93691942AD
:104DE000FCD11760F2E7C046A42D01200080FCBF73
:104DF000A02D0120204B70B504000D1E1E682ADD79
:104E0000002010211D4B013C1A689369194214D1EE
:104E1000013093691942FCD1136823548542F4D1BF
:104E2000002E08D050239363516B183B0B4014495C
:104E30008C466244136028000CE0002E08D05023FA
:104E40009363516B183B0B400D498C4662441360D1
:104E500000280DD070BD002E0AD05022074B1B68D1
:104E60009A63596B183A0A4005498C4663441A60A4
:104E700003204042EEE7C046D4280120A42D0120A3
:104E800034100000064B10B51B68002B06D0002123
:104E9000044A12689163044A1068984710BDC046DE
:104EA000D4280120A42D0120DC2801200822034B56
:104EB00019688B691A42FCD17047C046A42D0120A5
:104EC000F8B51A4F1A4B3A680500D31858424341B7
:104ED000184E14331C003368002D02D0002B0FD065
:104EE000F8BD002BFCD0002120009563FBF7C0FC2F
:104EF00020001149FBF70AFE104B35601D60EFE7FB
:104F00000E4B200019600C493560FBF7E9FC0121CC
:104F10002000FBF7ADFC50223B689A63596B183AAE
:104F20000A4007498C4663441A60D9E7A42D012042
:104F30000080FCBFD4280120854E0010DC28012011
:104F4000341000000D4B10B51B780D4B0D4C1B7829
:104F50000D4B02211B780D4B00202360FBF76CFBEF
:104F600002210120FBF768FBE12120684902FCF7E0
:104F700003FC01210648FFF7CBFD10BDEC960010A5
:104F8000E8960010A42D0120E49600100040034094
:104F900020110020024B1860024B19607047C04678
:104FA000D8280120E028012010B5024B1878FBF723
:104FB0007DFC10BDC22D0120154B70B51A68002A6A
:104FC00022D0EFF3108172B610680028FCD0BFF336
:104FD0005F8F00200F4A596010701B68BFF35F8F0E
:104FE000186081F31088002400250B4E3078FBF701
:104FF00051FC002804D1002400252900200070BDA8
:105000003078FBF753FCF8E7FA240025A400ECE71E
:105010006C2D0120C32D0120C22D012070B504008C
:1050200000200E0001F078FB002836D0002001F0AF
:1050300089FB002831D0FCF751FB0023184A1218D5
:105040004B41802109068B4216D2164D280003F0F1
:10505000E7FE002821D0002001F05EFB00280FD1E0
:1050600001200021404200F07FFD0324644228001B
:1050700003F086FE200070BD01220B4B5242E4E794
:10508000002001F05FFB0028EAD021003200002060
:1050900001F062FB041EEAD1E7E703246442E9E77A
:1050A00040420F00942D0120FFFFFF7F10B5FCF759
:1050B00015FB00230E4A12184B41802109068B4232
:1050C00002D301220B4B52420B4C200003F0A8FEEE
:1050D00000280CD001200021404200F045FD0020B6
:1050E00001F084FB0028F5D1200003F049FE10BD3B
:1050F00040420F00FFFFFF7F942D0120F8B5DE46F0
:10510000574680B505000C00FCF7E8FA0023374A43
:1051100012184B41802109068B4202D30122344BE5
:105120005242344908008A4603F07AFE002803D12F
:10513000C0BCBB46B246F8BD002001F0EDFA002825
:105140004AD00026002C43DD2B4B9B4614E0A919C6
:10515000002001F085FB070001200021404200F003
:1051600003FD002001F042FBFCF7B8FA224BF619D0
:1051700018605960B4422BDD002001F091FBA71BA1
:105180000200B84200DD3A00002AE0D101200021EF
:10519000404200F0E9FC002001F028FB002001F073
:1051A000BBFA002814D0002001F07AFB0028E1D1DE
:1051B000FCF794FA5B460F001A685B68002184468E
:1051C0000E4812184B419F4202D8D3D19445D1D9F1
:1051D000504603F0D5FDABE700200021064B1860D8
:1051E0005960504603F0CCFDA2E7C04640420F0094
:1051F000FFFFFF7F942D01208021012020A10700C7
:1052000030B52B4C85B00021200003F0F1FD0028C3
:105210001CD1284B1A68002A16D0EFF3108172B601
:1052200010680028FCD0BFF35F8F0124224859602A
:1052300002781B68D2B20470BFF35F8F0020186041
:1052400081F31088002A17D005B030BD012000215D
:10525000404200F089FC002001F074FA05002000B3
:1052600003F08EFD002DEFD0144B1B68002BEBD00C
:10527000134A10689847E7E7FCF708F80400FCF7C2
:105280002DFAFA220023920012184B4180210906C0
:105290008B4202D301220B4B524201210291002189
:1052A0000191094920000091FBF7F4FFCCE7C046CB
:1052B000942D01206C2D0120C32D0120D828012020
:1052C000E0280120FFFFFF7FB94F0010D02310B569
:1052D0001B0684B01C68FBF7D9FFFCF7D7F8A04287
:1052E00002D0002004B010BD2A4B002100201B7802
:1052F00001F0A0FC28480368002B47D00120FBF7F1
:1053000055FDFF23254C264920701840FBF7E8FA8D
:1053100020780121FBF7ACFA0520FBF7CFFA002833
:1053200026D1082200211F48FDF78AFEFBF7AEFFB9
:105330000400FCF7D3F9FA220023920012184B4123
:10534000802109068B4202D30122174B52420121D0
:10535000029100210191154920000091FBF79AFF6D
:105360000028BEDB12480121FFF7D2FB0120B9E77C
:105370000120FBF74BFA0B4B01001800FBF778FDFF
:10538000002205200B49FBF7D5FAEBE7FBF754FDAC
:10539000B4E7C046F0960010942D0120C22D0120E4
:1053A000015200106C2D0120FFFFFF7FB94F00104C
:1053B00038110020A94F00100048704700950010D8
:1053C00000487047AC94001010B5040017480378EB
:1053D000002B20D0002C06D1154B16484380063BED
:1053E000FF3B038010BD052C19D8134BA400E058D7
:1053F00012490123013804E001330A800231142BE1
:105400000FD0C25C002AF7D1C022DBB25B00920051
:1054100008481343E5E7112100F01AF8DAE7002005
:10542000E0E7CA2303489B00DBE7C046A82D012024
:105430000904000018290120949400101A29012061
:1054400010B5024800F0D8F810BDC046842D0120E8
:1054500030B54B1E012900D1A7E0664A11780D092D
:105460002C0030349F2900D9A2E00470012B00D118
:10547000BEE00F21147821400C003034092900D9F6
:1054800098E04470022B00D1B2E05478250929003D
:1054900030319F2C00D990E08170032B00D1A7E020
:1054A0000F2121400C003034092900D987E0C47055
:1054B000042B00D19CE094782509290030319F2CE1
:1054C00000D97FE00171052B00D191E00F2121402F
:1054D0000C003034092900D976E04471062B00D144
:1054E00086E0D4782509290030319F2C00D96EE060
:1054F0008171072B00D17BE00F2121400C0030345B
:10550000092966D8C471082B00D171E014792509E6
:10551000290030319F2C5FD80172092B68D00F21F0
:1055200021400C003034092958D844720A2B5FD02E
:1055300054792509290030319F2C52D881720B2BC8
:1055400056D00F2121400C00303409294BD8C472A9
:105550000C2B4DD094792509290030319F2C00D98E
:10556000073101730D2B43D00F2121400C00303443
:10557000092901D937310C0044730E2B38D0D17969
:105580000C09220030329F2900D9073282730F2B79
:105590002ED00F220A4011003731092A01D83032AB
:1055A0001100C173102B23D010300023037030BDC5
:1055B00007345AE737310C0063E707316CE73731BE
:1055C0000C0074E707317DE737310C0085E70731C0
:1055D0008EE737310C0095E707319DE737310C0036
:1055E000A3E70731AAE737310C00C4720C2BB1D105
:1055F000C018DAE7842D012010B588B004000D2210
:1056000000216846FDF71CFD0D22002104A8FDF7CE
:1056100017FD6A464B236846137004A900230D2228
:1056200003F0DEFB1521082220006944FDF70EFD82
:1056300008B010BD7047C0460022014B1A70704779
:10564000C12D01204B790020FF2B0BD18B79002B32
:1056500008D1CB79012B05D1082A03D9024B8A78CE
:1056600009301A707047C046C12D012001207047D3
:1056700010B5012901D0012010BD144953791079CA
:1056800009781B02034300209942F5D15378012B7E
:1056900008D0022BF0D1002064220021FCF746FC48
:1056A0000120E9E7D17890780902014380200A00BF
:1056B00040000240014206D0CA091A40480A0323AA
:1056C0001940FCF7BBFC01204042F8E7C12D012046
:1056D00000487047BC95001070B50500140001200B
:1056E000012909D153780020012B05D16379127962
:1056F0001B021343072B00D070BD21002800024A73
:105700009F3300F0E9FEF7E71495001001230370C2
:1057100000487047E09500104B780A781B0213434D
:105720008A7810B512041A43CB781B0613439622CD
:10573000D200934200D010BD00220120110040424F
:10574000FCF77CFCF8B500F035F90C23194DFF226D
:10575000AB6705201849FBF7EDF8184C40220021F3
:105760002000FDF76DFC4027002301262121144A6B
:1057700066702783A260136063545F31618445398A
:105780006354104A10496360E2602787A1620B608E
:105790006362E26203F00CFB80239B052E64EB64E2
:1057A00090230A4A0120EA508022094B5202DA640F
:1057B000F8BDC04600001150990400206029012066
:1057C00084001050000110508000105010D00100D3
:1057D0000020115010B501210520FBF749F810BD3C
:1057E00010B500220021024800F004F910BDC046A7
:1057F00080290120044B1970002904D080219023B6
:10580000024A8902D1507047BD2D0120002011505D
:105810000B785B0602D14B78052B00D070478A7855
:10582000014B1A60FAE7C04600001150F0B5C646B9
:10583000CB7800B59B079C0F2000012C56D08D78AB
:105840000A794B797F211B022940EE0913434A0054
:1058500094462C4F92195201BA1895700125754043
:10586000557000255B055B0DD5701383D476CA0097
:10587000012E2BD0244CA0468C0142443C19A2603E
:10588000156000292BD0214AC9009046414461602F
:105890003F223F339343022830D032001C4C6244F5
:1058A00021685201BF181B4ACB18F960236093424C
:1058B00026D8194A83064A4013438022120613430E
:1058C0007A681360012080BCB846F0BD134CA04636
:1058D0008C0142443C19A2621560002908D10023C2
:1058E0007601BE1973600E4BF360EBE70020EAE728
:1058F000094AC900904641446162C9E75B00CCE7B0
:10590000FCF7C6FB602901208400105004001050F1
:10591000682D0120FF0F1050000010508000105023
:105920000001105010B503F043FA10BD10B57F20F0
:105930000C0020404000E409110000191A00034B3C
:105940004001C01800F056F8012010BD6029012068
:105950007F23180010B50840CA090B4203D107493C
:105960007D3B9B1A8B66400080188022044B4001CF
:105970000021C018120103F023FA10BD00201150BD
:10598000602901207F22130010B50B400A4200D18C
:1059900010BDC9095B005B1804485B01C0180023F7
:1059A00000220349C37003F00BFAF1E760290120DC
:1059B000FFF7FFFF80220A4B520410B51A60094B13
:1059C00009491A6010000B689843FBD1802200211E
:1059D00052010648FDF734FB0922054B5A6710BDFA
:1059E00000E0004000F0004008C0004000001050FF
:1059F00000001150002310B5C382013382828376E8
:105A00000161040003F0C4F9002804D08021902330
:105A1000074A8902D150200003F0DAF9002802D0A9
:105A20000123237710BD200003F0BAF9FAE7C0463E
:105A3000002011507047C0467047C0460020704794
:105A4000002070477047C0467047C0467047C04648
:105A50007047C046024B5878431E9841C0B2704709
:105A6000B0260120024B18784007C00F7047C0468F
:105A7000B0260120F0B5D6464F464646C0B52F4B5E
:105A800007009A461B780E00FF2B01D0012041E051
:105A900000293ED0002154222948FDF7D1FA0022E6
:105AA000284C294B20001A70FBF7C6F9274B1C60C5
:105AB000274C2000143CFBF7CDF9200001F0B6FB89
:105AC000244B254D1C60254B002B28D02800FFF7C8
:105AD0001DFE234B18602B78224A00249146204A51
:105AE00090460EE043461B6862019B18002B10D0C5
:105AF0005B68002B0DD0984701342B78E4B2A342A9
:105B00000FD3A342EED8E31A5B014B445B68002B32
:105B1000F1D10020E0BCBA46B146A846F0BD2B78D2
:105B2000DAE75346310038001F70FFF70BFE0028FC
:105B3000EFD03800FFF74EFE0120EBE76C1100209C
:105B4000B0260120A8260120BE2D01200427012017
:105B50006411002008270120BC2D01200D570010E2
:105B600000250120A8960010F0B5DE4657464E46A7
:105B70004546E0B5C94B91B003931B78FF2B00D18C
:105B800045E1C74BC74E9B465F46C74B0DAC0293E2
:105B9000C64B019335686A69EFF3108172B61368DA
:105BA000002BFCD0BFF35F8FA9612800210001F01A
:105BB0006BF96A69AB69BFF35F8F0021116083F3F2
:105BC0001088002800D122E16378082BE2D89B00DE
:105BD000FB589F466368002BDCD0A0689847D9E744
:105BE0007F222179B04D0A405300EB189846C8092E
:105BF000804440460123303005799D430571057985
:105C000003339D430571002A00D107E14346A84AAA
:105C10001B7D1278934200D3F7E0A64A5B0115681A
:105C2000ED18002D00D1F2E0A36862792078AD690B
:105C3000A847AFE7A04A1378002B00D1E7E013781C
:105C4000013BDBB213701378002BA3D10122964DD8
:105C500001212B78042013432B703423EA5C8A4300
:105C6000EA54EA5C8243EA540133EA5C8A43EA5428
:105C7000EA5C8243EA54237800209B4600F08CFCC7
:105C8000602223791A40602A00D1F2E0402A00D134
:105C9000F8E0DB06DB0E012B00D115E1022B00D171
:105CA000CBE0002B00D0E4E0202A00D10FE2002A54
:105CB00000D0DEE06379092B00D9DAE07F4A9B004F
:105CC000D3589F46784D2B78DB0700D462E7FFF767
:105CD000BFFE5FE7029BDB78DB0700D45AE7606812
:105CE000FFF7AAFE56E7704D2B78DB0700D451E78B
:105CF00028780007C00FFFF7A9FE4BE723786B4A0F
:105D0000994693466A4B6B4A984692463A0000255C
:105D100047461B78B0464E4691460EE053461B68F8
:105D20006A019B18002B00D17EE0DB6830009847A9
:105D300001353B78EDB2AB420CD3AB42EED8EB1A57
:105D40005B015B44DB683000984701353B78EDB27E
:105D5000AB42F2D2544D542200212800FDF770F9D5
:105D60001022FF21281DFDF76BF928002022FF21BA
:105D7000143046464F46FDF763F900F003FC2379E3
:105D8000AB7007E723784B4A9946494B92469846B1
:105D90003200BB464E460025474691461B780DE033
:105DA00053461B686A019B18002B41D0DB6830000A
:105DB000984701353B78EDB2AB420ED39D42EFD30D
:105DC000019AEB1A94465B016344DB683000984704
:105DD00001353B78EDB2AB42F0D2029D5422002156
:105DE0002800FDF72DF91022FF213548FDF728F98D
:105DF00028002022FF2114304E465F46FDF720F98F
:105E000000F0C0FBFFF720FEC4E6934213D011B0B0
:105E1000F0BCBB46B246A946A046F0BDA368627975
:105E2000207800F0CDFBB5E646464F461E4DA4E770
:105E30004E465F46E4E71D4DF6E67023217A0B429D
:105E400017D1C80982460F330B405B0098461848AB
:105E5000EB1853441B7D0078834260D215485B01E8
:105E6000006881469944002A00D14FE14B46002B3F
:105E70005DD120780021FFF76BFD80212078FFF7AE
:105E800067FD87E60F4800F087FB012158460EAA00
:105E9000FFF722FC002800D07CE6EAE76C11002026
:105EA0000096001008270120B0260120A8960010B7
:105EB000BC2D012000250120BE2D012024960010BC
:105EC000B4260120D9560010237A0F2BD1D8D64AF8
:105ED000EB181B791278934234D3CAD1D34D686939
:105EE00000F05AFB012158466B690EAA984700281A
:105EF00000D04FE66022150023791D401A42B8D128
:105F000063790A3B012BB4D800F046FB63790A2B76
:105F100000D17FE158460EA900F0C8FA3AE6834264
:105F200000D0EEE0C14B9946002A00D1EEE04B468E
:105F3000586900F031FB4B46012158465B690EAAB7
:105F40009847A7E7BA4A5B011568ED18002DC6D13E
:105F50008FE7A37999466B789945DBD06B78002B56
:105F600000D02AE14B466B70002B00D122E148465D
:105F70000138C0B2FFF724FA002800D174E1437859
:105F80000793022B00D06FE10122C179B1468B113A
:105F9000491113400A40302112015B0113432A7852
:105FA000A8468A4313432B7009239A4682445646D7
:105FB000BA46C37882781B021343C31805939A4BE1
:105FC00004939A4B08939A4B09939A4B0A93059B17
:105FD000B34200D84BE1737801220B2B03D1337805
:105FE000F278F6187378042B00D03AE1059B00276D
:105FF0009B1B9BB20693049B0B921D7819E0099A98
:106000007B011568ED18002D00D12AE131005846BA
:106010002B69069A98478446082803D9069A824233
:1060200000D30BE1049B01371D78FFB2BD4200D2C3
:1060300017E1AF42E3D3089B7D1B9C466D0165448D
:10604000E4E76B780CAA02321370584601230EA9BC
:1060500000F042FA9EE5E3881A0AD8B20F2A00D966
:1060600007E775499300CB589F460EA800F09AFAAF
:106070005846A179FFF7B4FB02222B7813432B700B
:1060800088E5E388012B00D0F3E608222B785846F8
:1060900093430EA92B7000F009FA7BE502202978C2
:1060A0000CAB9A1C8B068908DB0F01400B43138055
:1060B000584602230EA900F00FFA6BE5E388012B86
:1060C00000D0D6E608222B7813432B7022E7237AE0
:1060D0000F2B00D9CDE6544AEB181B791278934266
:1060E00028D2534A5B011568ED18002D00D1C0E697
:1060F000686900F051FA012158466B690EAA984769
:10610000C8E6002A00D0B4E600239946627902204E
:10611000130004928343012B11D0002A00D0A8E67B
:106120002B004344534430331B790CAA9B07DB0FED
:106130000232BCE7934200D09BE63C4DD8E7E388AF
:10614000002B12D1039B1878049B012B23D0FFF75F
:10615000FFFB43460221EB18534430331A790A43BC
:1061600001211A711A790A431A714B46002B00D18A
:1061700010E5586900F010FA4B4601215B690EAA40
:1061800058469847002000F007FA3523EB5CDB0700
:1061900000D5FFE4BEE6FFF7F5FB43460221EB180E
:1061A000534430331A798A431A711A7904998A430D
:1061B0001A71DAE7FFF748FCACE600215846FFF712
:1061C00019FB5846FFF7AEFB00229246174AAB7800
:1061D0000592174A049306922A00134B5546984697
:1061E00092461B780EE0069B6A011B689B18002BE9
:1061F00056D0DB6858469847434601351B78EDB2C8
:10620000AB4239D3AB42EED8059AEB1A94465B0108
:106210006344EEE70CAB9A1C584601230EA9157097
:1062200000F05AF9B6E4C046BC2D0120A896001033
:1062300000250120C42601204C9600100B9A012A4B
:106240004DD0002A3CD00023B07804E00133DBB20B
:106250000F71934234D2C118C9B241440D79FF2D58
:10626000F4D04E464546574600236B7001E64E4635
:106270005746FFF7E7FB4DE655465422002128001C
:10628000FCF7DEFE1022FF21281DFCF7D9FE2800B6
:106290002022FF211430FCF7D3FE049BAB7061E693
:1062A0005546FAE7FFF714FA021E00D1E1E5D3786C
:1062B00091781B020B4358460EA900F00DF9E9E551
:1062C00065463B0031002A000A9800F059FDAC46B3
:1062D000049B66441B78BB4200D378E6C1E7174BAA
:1062E00029699942AFD1079AADE7FFF7A7FB021ED4
:1062F00000D1BEE5584613780EA900F0EDF8C9E5C7
:106300002189FFF761F8021EF4D1B2E5022A0FD00D
:10631000FFF796FB021ECAD1ABE5FFF74DF8021E50
:1063200000D1A6E5122358460EA900F0D5F8B1E534
:10633000FFF746F8021EBAD19BE5C046A5690010DA
:10634000F8B557464E46DE4645460C00E0B5160009
:106350001F00002A3CD01F4B00259A467023994607
:106360001D4B9B4617E05B462000997800F0CAFC65
:1063700000281FD021004046FFF758FA002819D006
:10638000A378DA09012A1CD00A9A01351370237800
:10639000E418B5421CDA6378052B0BD1E3789B0730
:1063A0009B0FBB4206D153464A461B789846A378BA
:1063B0001A42D8D00020F0BCBB46B246A946A0463F
:1063C000F8BD0B9A013513702378E418B542E2DB6F
:1063D0000120F0E76C110020B0260120702270B57A
:1063E000094B0C001D788B781A4201D0002070BD3B
:1063F000064B2000997800F085FC0028F6D021009B
:106400002800FFF713FAF2E76C110020B0260120F4
:106410000B007F2010B51840DB0934334000044ADC
:10642000C018044B1168C01800F028FC10BDC0460D
:1064300004270120B02601200B007F2010B5184052
:10644000DB0934334000044AC018044B1168C018FB
:1064500000F03CFC10BDC04604270120B0260120FE
:1064600070B57F240F480C4064000419CD096419ED
:1064700030342079C00701D5002070BD0126257970
:106480000948354300782571FFF750FA0028F4D108
:106490000122237993432371237903329343237198
:1064A000EAE7C046B02601206C11002070B5094C07
:1064B0000600082220000D00FCF7C8FD0023802103
:1064C000E360A3602B783000994300220023FFF79C
:1064D000C7FF70BD90260120F8B5CE4647469046CE
:1064E000264E80B58146082230000D001F00FCF7C3
:1064F000ADFD4346B3600023F381EC79AB79240210
:106500001C43231CBC4200D93B1C9FB2B381002C0E
:106510000ED0002F18D04346002B2CD03B1C402F10
:106520001BD89FB233787F2B1CD80021144A0FE070
:1065300080212B780022994348460023FFF790FFE3
:10654000C0BCB946B046F8BD7F23002231789943DC
:106550003B004846FFF784FFF2E740239FB23378C1
:106560007F2BE2D9064C3A0041462000FCF76EFD35
:1065700080212200ECE70020E2E7C04690260120BF
:106580005026012010B5142200210248FCF758FDC6
:1065900010BDC04690260120014B18617047C046CF
:1065A0009026012010B5054C010008222000FCF7C0
:1065B0004DFD0023A360E36010BDC046902601207E
:1065C00070B5384C1D0023780600DA09C9098A42E3
:1065D00010D00020002D00D070BD21003000FFF74A
:1065E00017F92369002B03D02200032130009847BC
:1065F0000120F1E7A0687F2B05D8002834D02A00BD
:106600002949FCF723FDE289A1685219E38892B277
:106610004919E281A160934214D03F2D12D9A38978
:10662000981A051C80B240282AD82078ADB27F285D
:1066300028D800219A4232D01B4A2B003000FFF7A5
:106640000FFFC9E72369002B05D02200022130008B
:10665000984700280AD080212378002299433000EF
:106660000023FFF7FDFEB7E70020B5E7002130006B
:10667000FFF76EF930008021FFF76AF90120ABE7E0
:106680004025D2E79A4207D0074C2A002000FCF7A9
:10669000DDFC80212200D0E780210022CDE700220E
:1066A000CBE7C046902601205026012070B505009A
:1066B000FFF7D0F9002800D170BDFFF7D3F900280B
:1066C000FAD1C8236B43124CE618F1780029F3D0B5
:1066D00010331C19200000F0C1FB3F28ECD900202A
:1066E000F178FFF795FE0028E6D0200000F0B6FB19
:1066F0003F2808D9074BEA01D218F178402300203F
:10670000FFF7AEFED8E7F1780020FFF795FED3E75C
:10671000882501200425012010B50400FFF79AF90F
:10672000002801D1002010BDFFF79CF90028F9D105
:10673000C8226243024B01309B181B791840F2E7D4
:1067400088250120C82310B543430248181800F0DB
:1067500067FB10BD98250120F0B5C824C6468023EC
:1067600044431F4F1034050000B53C195B029A42A8
:1067700000D31C4A200092B200F0D4FB8046FFF701
:1067800069F9002803D1404680BCB846F0BDFFF748
:1067900069F90028F7D1C8266E43BE19F378002B9B
:1067A000F1D0200000F05AFB3F28ECD90020F1780E
:1067B000FFF72EFE0028E6D0200000F04FFB3F2818
:1067C00008D9094BEA01D218F17840230020FFF7DD
:1067D00047FED8E7F1780020FFF72EFED3E7C0464A
:1067E00088250120FFFF000004250120F8B50600E0
:1067F000FFF730F9002801D10020F8BDFFF732F98A
:106800000028F9D1C82474432500134F2435ED190D
:10681000280000F005FB0028EED03F190020B978D1
:10682000FFF7F6FD0028E7D00C4BF401E418210037
:106830002800402200F076FBB978051E08D003003E
:1068400022000020FFF70CFE0028D5D02800D4E756
:106850000020FFF7F1FDCFE7882501204425012026
:1068600070B5C82444430C4B0500E41880235B0238
:106870009A4200D3094A200092B200F01BFC0600A5
:10688000200000F0CDFA3F2801D8300070BD28006C
:10689000FFF7ACFFF9E7C046AC250120FFFF000081
:1068A000C82310B543430248181800F0D7FA10BDAA
:1068B000AC250120F0B50025184C83B0C82200217A
:1068C0002000FCF7BDFB164B21001D70FF236371F8
:1068D000E1235B02A360200008234022A373383128
:1068E0000095073B103000F065FA270001232100D6
:1068F00020002600402278310093B837243000F081
:1069000059FAC0363800FAF797FA3000FAF794FAD5
:10691000E56127622663656303B0F0BD8825012029
:10692000842501200B4B196B00290AD01A6A002A12
:106930000DD000221A621A63DA6100225A63012024
:1069400070471A6A002AFAD0D9611962F7E71A6308
:10695000F3E7C0468825012070B50F4C05220021C1
:106960002000FCF76DFB0D4D2B78DA0707D50C4C9A
:106970009B070CD50121200000F078FC70BD2000A1
:10698000103000F053FC2B78054C9B07F2D420000C
:1069900000F04CFCEEE7C04688250120842501204C
:1069A000AC250120F0B54B79060083B0022B02D153
:1069B0008B79022B03D00025280003B0F0BD214FB6
:1069C000BB78002BF7D18B7809253B700C780C191C
:1069D0006378242B0BD1082A02D80FE0AA420DD3EA
:1069E0002378E4185D196378ADB2242BF6D0052B1B
:1069F00008D0042B02D163790A2B11D00020FFF7B5
:106A000055FED9E721003000FFF7E8FC0028D2D07E
:106A1000A3787B7023785D19E4186378ADB2E8E75A
:106A2000094B27780193013300930222022330009F
:106A3000E119FFF785FC0028BDD00E35ED19ADB288
:106A4000DCE7C046882501208A250120F8B56023AF
:106A500014001278050013400020202B07D1304A83
:106A60006379277916781B023B439E4200D0F8BD1C
:106A70006378222B1AD007D8202B34D0212BF6D1C3
:106A800001293ED00120F2E7232BF0D1012940D08B
:106A90000329F7D1234B002BF4D0E178A378090226
:106AA0000020194300E000BF0120E0E7012930D0B9
:106AB0000329E7D101252E00A378E47802392402C6
:106AC0001C431471264024321000714000F0CEFBAC
:106AD000154B002BD6D06208002031002A4000E080
:106AE00000BF0120C3E701290BD00329CAD10F4BF6
:106AF000002BC7D0083200201100FEF70DFE012048
:106B0000B5E7072321002800094AFFF7E5FC01202B
:106B1000ADE721002800FFF7C9FC0120A7E7C04628
:106B20008825012000000000000000001957001017
:106B300090250120F0B54F464646D646364DC0B5A5
:106B4000EA781F0080460C00AB788A423BD08B422B
:106B500010D00020E0BCBA46B146A846F0BD2F4B8D
:106B6000002B04D02E4800F071F9002851D00020ED
:106B7000FFF79CFDAB78A34201D00120EAE7294B47
:106B8000002B02D0002000E000BF0020FFF72EFE07
:106B90000028F2D1244C200000F042F90028ECD16A
:106BA000002FEAD0BF06E8D1243C4046A178FFF789
:106BB0002FFC0028E1D0002300224046A178FFF7F7
:106BC0004FFC0120C6E710239A46184EAA44310014
:106BD0005046BAB200F06EFA154B002BBFD06B795D
:106BE000FF2BBCD0002FBAD0F219914603E001363A
:106BF000B145B4D06B7932789A42F8D1504600F062
:106C000025F90028F3D15346103B597900E000BF25
:106C1000EDE700E000BFAAE78825012000000000A2
:106C20009825012000000000AC250120042501204A
:106C30000000000000B5030083B0002910D0002040
:106C4000012B07D80A78002A04D00B48C25401202F
:106C5000012A01D003B000BD1800FEF70BFFF9E7D1
:106C6000012301A900200B80FEF704FF0028F1D0CA
:106C70000122014B1A70EDE7A4260120037870B5BC
:106C8000DB0704000E00DD0F002B17D103785B0734
:106C900001D5280070BD01213000494202F0D0F832
:106CA0002378DB07DD0F002B0AD123785B0708D49C
:106CB0000422237801251343237002E00025E8E72E
:106CC0000025300002F05CF8E3E7C04670B50C0028
:106CD000012106004942200002F0B2F833785B0738
:106CE000DD0F002B04DB200002F04AF8280070BD05
:106CF0003378DB0704D40422337893433370F2E70C
:106D00000025F0E7437902791B021343C2785B0543
:106D100092075B0D920F022A1DD0032A0CD000208F
:106D2000012A08D102394A425141124A944661442B
:106D300099424041C0B2704702394A1E91410E4A01
:106D4000494211408022D200944600206144994279
:106D50004041C0B2EFE7022905D0002040229A420C
:106D60004041C0B2E7E7054A981843425841C0B2D3
:106D7000E1E7C046FF03000040FCFFFF00FEFFFF0D
:106D80008A1870B5914207D27F264C78052C04D022
:106D90000C7809198A42F8D870BD34008D782C40DF
:106DA00064000419ED0963550C7809198A42ECD87E
:106DB000F2E7C046F0B5C64600B5040006A805785F
:106DC0008020884617001E000002824226D8E06814
:106DD000002803D00121494202F032F8206900283E
:106DE00003D00121494202F02BF84346236073048B
:106DF0005B0CED031D430023E0686381A780E58001
:106E00002381002801D001F0BBFF2069002801D0B8
:106E100001F0B6FF012080BCB846F0BD0020FAE7C3
:106E200010B5048941898288A3B288B28C4207D305
:106E30001B1A9BB2101C9A4200D9181C80B210BDBC
:106E40005100091A5B189BB2F4E7C04603894089D8
:106E5000181A43425841C0B27047C04610B5048961
:106E600041898288A3B288B28C4207D31B1A9BB295
:106E700000209A4201D9D21A90B210BD5100091ACD
:106E80005B189BB2F4E7C04670B5040000690E00C1
:106E9000002803D00121494201F0D2FF25896089F1
:106EA000A288A9B283B285422CD3CD1AADB2002DEF
:106EB0002ED0AA4208D2914230D3891A8BB2638174
:106EC0009A4203D89B1A9BB29A42FBD9E288216866
:106ED0005204520C53433000C918FCF7B7F86389C9
:106EE0000125591C89B2A2888B4213D90021520076
:106EF000891A89B220696181002801D001F040FF20
:106F0000280070BD5500ED1A4D19ADB2002DD0D13D
:106F1000618989B252009142ECDBE9E789188BB2B2
:106F20006381CDE7F0B546464F46D646C0B506006C
:106F3000006989469046002803D00121494201F0AA
:106F40007FFF31897289B5888BB294B2914254D354
:106F50001F1BBFB2002F4AD0BD4205D2AB4251D257
:106F60005B199CB22F0074814346B8453DD89FB24F
:106F7000A54203D8641BA4B2A542FBD9F2883168AC
:106F80005204520C904662432B1B9BB28918424616
:106F90009F4225D953439BB21A0048469A46FCF7B4
:106FA00055F8434648467D1B64195C43316850449C
:106FB000A2B2FCF74BF87189B588CB199BB26A0075
:106FC000994216D99B1A9BB230697381002801D06F
:106FD00001F0D6FE3800E0BCBA46B146A846F0BD86
:106FE00048467A43FCF732F8E5E73B1CBFE7738974
:106FF0009BB26A009342E7DBE4E76F003F1BDF19B7
:10700000BFB2A7E75B1B9CB2ACE7C046F8B5040073
:10701000C0680E00002803D00121494201F010FF92
:10702000258920896189A288ADB283B28FB2884256
:1070300029D3DB1B9BB29A4209D8E779FF0906D115
:10704000E068002801D001F09BFE3800F8BD9542B1
:107050001ED32B009B1A9BB29342FBD2E28820687E
:107060005204520C53433100C018FBF7EFFF6B1C66
:107070009BB2A2889D4218D9002352009B1A9BB252
:1070800001272381DCE75100C91B5B189BB2D2E7C3
:107090002B00E28820685204520C53433100C01880
:1070A000FBF7D4FF0135A288ABB252009342E7DB75
:1070B000E4E7C046F0B557464546DE464E46E0B5E5
:1070C000140005000F0083B0002A75D0C0680028A6
:1070D00003D00121494201F0B3FE2E89E9796A8982
:1070E000AB88B6B292B2C90945D1964200D36DE0E1
:1070F00059008A1AB21892B2002189469A4234D2B3
:107100009A1A111C92B2A24200D9211C8AB291464D
:10711000EA885204520C90464A46B21892B29246FD
:107120004A46D21A92B2934634009E4203D3E41ADE
:10713000A4B29C42FBD24246624328681B1B9BB20E
:10714000801842464B4554D34B4639005A43FBF70F
:107150007DFFAB885B00564501D89A4503DB52465C
:10716000D31A9BB29A4653462B81E868002825D053
:1071700001F006FE22E0E9884904490C88469C4259
:1071800027D2964247D3B11A89B28C465800E11AE9
:1071900089B28B4661460919814208DBD11889B250
:1071A0000E1BB6B28A46B2423BD9361AB6B2A21903
:1071B00092B29246A146B7E700239946484603B0EB
:1071C000F0BCBB46B246A946A046F0BDB21A92B288
:1071D00092E700218946002BC7D04146E41A4C4370
:1071E0001600D118002289B28A46994693463F1963
:1071F0009AE753439BB21A0039005C440193FBF7B2
:1072000025FF414622004A43019B286892B2F918A3
:10721000FBF71CFF9DE75800811A711889B28C4654
:10722000B5E7A146B04200DD7EE7BEE710B5040039
:10723000C068002803D00121494201F001FE206905
:10724000002803D00121494201F0FAFD0023E06843
:1072500063812381002801D001F092FD206900287C
:1072600001D001F08DFD012010BDC04670B50400B5
:10727000C0680D00002803D00121494201F0E0FD63
:107280002069002803D00121494201F0D9FD7F2166
:10729000E379ED011940E0682943E171002801D04C
:1072A00001F06EFD2069002801D001F069FD012088
:1072B00070BDC04610B50A4B0A4AC418240DA4007C
:1072C00082B0009208482200E31CF9F745FA844294
:1072D00002DC001B02B010BD01204042FAE7C046AC
:1072E0000000E0AF84910010EC280120F0B5574673
:1072F000DE464E4645468846E0B583B00600052486
:10730000F9F7F2F9434684461C571879364B374A49
:10731000F3181B0D9B009246D75801228240013A78
:10732000002C42DB20212500091A8C423AD811009A
:10733000A1400F4236D141460968894641468979C4
:1073400000294DD1AA4093463A423FD1802189017C
:1073500000228846002816D06146A44634004E46D6
:107360009946030001915100705A404500D24019DE
:10737000511912318900013208519342F3D8019B0F
:1073800064469C464B465A4617435246D750604681
:10739000F9F7B6F9200003B0F0BCBB46B246A946E7
:1073A000A046F0BD01246442F1E72024241A251EE2
:1073B0000CDB1100A1408B46394205D109E01100D8
:1073C000A14025000F42B6D0013CF8D20924644206
:1073D000DDE742461268914642469279002AB5D0CE
:1073E00014246442D3E7C0460000E0AFCC2701205C
:1073F000F0B501258D400468AC430460002B2ED00D
:107400004D006C18E400041926001F68C836376068
:107410009F68043677605F68DB68DC343760236020
:107420006B18184DDB00AC468025C41864442D064B
:1074300025602560144C0D1D8C40846001242600BD
:10744000AE40802508318C401F21AD014519C01880
:107450000A40D8302E602C6002600020F0BD4D0044
:107460006C18E400041926008027C8367F023760B4
:10747000C0273F03B760F82704367F02DC3437604B
:107480002360CDE7D01000000101010110B5064BCB
:10749000064C82B00100009300220B232000F9F774
:1074A0005BF902B010BDC046A8910010BA2D0120B2
:1074B000F0B54E464546DE465746E0B50D000B3565
:1074C000060085B0162D27D8102900D9DAE000F083
:1074D000D1FA102518230221C74FFB181A005C6847
:1074E000083A944200D146E103226368A1689343BD
:1074F000E268CA6091600121E3185A6830000A43CB
:107500005A6000F0BFFA2000083005B0F0BCBB465E
:10751000B246A946A046F0BD07239D4300D5B1E081
:10752000A94200D9AEE000F0A5FAFC235B009D4221
:1075300000D29AE1690A00D1A8E0042900D94FE1FC
:1075400038239846A90988443931CB000822524291
:107550009446A94FFB189C446346DC68A44514D0AC
:10756000032399460B0061469C4607E0E068002A29
:1075700000DBFAE0814200D1FBE004004A46636888
:1075800093435A1B0F2AF1DD41463A003C69083209
:10759000944200D1D8E0032063688343581B0F282E
:1075A00000DD66E13A617A610028A4DA7A689046E3
:1075B00080229200934200D3E3E0DA0858090123C5
:1075C0008340404618438046D300DB199A687860B0
:1075D000E360A2609C60D46001208B10984040451D
:1075E0005CD8434603420AD10323994343464000F3
:1075F0000431034203D1400004310342FBD0032392
:10760000B3469C460E00B8460190F000404401008D
:10761000B246CB680BE064465A681F00A243DB68A1
:10762000541B0F2C00DDF3E0002C00DB0DE1994230
:10763000F1D101239946CA44534608319B07E8D14A
:10764000032205E003680838013E834200D00AE2C5
:107650003242F7D14346019A5B68934342465360F6
:10766000019A520001929A4216D8002A06D113E0DC
:1076700004229146019ACA44520001921342F7D063
:107680005646C2E70C23002033603EE780233F22AA
:10769000402190469B0059E75E4647460322BC685E
:1076A000636893439946AB4202D35B1B0F2B4EDCBE
:1076B00023004B440293514B08201B6810335B1985
:1076C000019300F0E7FE4E4903900B688B460133AF
:1076D00006D08446019B4242013B63441340019320
:1076E0003000019900F0A2FE03008046013300D172
:1076F000DDE0029B834200D9D7E0019A414B9446DA
:1077000019689A466144039A1960029B0800013A7D
:10771000434500D0EAE04346134200D0E6E0BB68B0
:10772000984663464B441A0001231A4343465A6065
:10773000354B1868884200D21960344B186888426B
:1077400000D219604446B4E07B68984644E70122C1
:10775000290013431143651961603000BD606B60FF
:1077600000F090F920000830CFE6A268D060826077
:10777000C1E6614609E7DC680231A34200D104E7B3
:10778000B2E65A0A042A00D888E0142A00D90FE188
:1077900010005B3082465C32D200082040428446B2
:1077A000BA189444624692680B308146944500D1E1
:1077B000E5E00800A2466146844602E092689142F4
:1077C00004D04C465068A0439842F7D8D36861462D
:1077D00054469C466346A260E3609C60D460FBE62E
:1077E000142973D9542900D9EBE06E239846290B4C
:1077F00088446F31CB00A9E678110020C023012016
:107800007011002090230120B8230120BC23012007
:10781000BA46012051468446491905435046456001
:10782000856847466046EB605E469D605346396119
:107830007961204308374860CF6030008F609C50EA
:1078400000F020F9504608305FE6BA4601205E4657
:107850005244516801435160BA683000D3609A6065
:1078600000F010F9380008304FE62B00E908083323
:1078700032E66119884601218C460D434146656018
:1078800039617961CA608A60624602434A60E050A9
:10789000300000F0F7F82000083036E69A091000B2
:1078A000393238308246D20077E7BC4214D0BC6807
:1078B000626803239A43531BAA4202D30F2B00DDB5
:1078C00045E7300000F0DEF800201EE65B23984616
:1078D00088445C31CB0039E6644B9A461868019BBA
:1078E0009C46534660441860039B5A1E5B461B68C7
:1078F000013371D0434602995B1A51461B180B6045
:1079000007234146404619400291184240D003984F
:10791000013384465B1A01999844414401916344C0
:1079200011405B1A1A4011003000934600F07EFDB2
:10793000431C78D04346C01A03005B44019353466E
:1079400019680120594419604346019ABB600243FB
:107950005A60BC4200D1EBE64B460F2B40D90722C0
:107960000C3B93436268024005201A436260E218B0
:10797000506090600F2B4BD843465A68D8E6534668
:10798000981001238340404618438046786021E7E1
:10799000019B039943441340CB1A1A401100300055
:1079A000934600F043FD431CC4D100239B46C6E729
:1079B000542A18D81A0B10006F326E308246D2004B
:1079C000EBE6AA235B00994218D8DD3B9846E90B09
:1079D00088447831CB00B9E55B46414619608FE7B2
:1079E000434658606DE7AA204000824226D8DA0B51
:1079F0001000783277308246D200CEE61C4B994296
:107A000026D87C239846A90C88447D31CB009DE57F
:107A100021003000083100F0D3FD53461968BB68DF
:107A200098465A6884E6019A029B94464246083B6F
:107A300063449B1A019300239B4680E70C488242D3
:107A40000CD89A0C10007D327C308246D200A4E61D
:107A5000FE237E227F2190469B0077E5FE227E203A
:107A60009200824699E643465B68F9E5902301203F
:107A70005405000010B5024800F008FD10BDC046D6
:107A80008823012010B5024800F002FD10BDC04659
:107A900088230120F0B557464E46DE464546E0B500
:107AA0000C000600170083B0002900D1ACE0FFF7FE
:107AB000E1FF08235B429946A1444B465B680322E1
:107AC00019003D0091430B35CA468846162D67D8EC
:107AD0001025AF4267D8A8456EDA4946C0484144F0
:107AE0004A68009080689346884200D1A0E0012057
:107AF000844610006246904308184068104200D047
:107B000077E05A46032082439346C3445D454EDDE9
:107B10006046184212D14B4648461B68C31A0320E0
:107B20009B465B688343D21842440092954200DC36
:107B3000CCE0434400939D4200DCCBE039003000B0
:107B4000FFF7B6FC071E00D11EE14B4601225B6821
:107B5000934302004B44083A934200D1E3E042468B
:107B6000043A242A00D9E3E003002100132A09D9AA
:107B700023680360636843601B2A00D9DCE00300CC
:107B8000083108330A681A604A685A608A689A603D
:107B90003000210000F014FD3000FFF773FF20E0FB
:107BA0000432954395D50C230027336019E0D8465D
:107BB000CB688A68D3609A6043465F1B53460122B4
:107BC00050465B68404413400F2F22D841460B4378
:107BD00051464B604368134343603000FFF752FF48
:107BE0002700380003B0F0BCBB46B246A946A04609
:107BF000F0BD1A42A2D14B464A461B68D31A032253
:107C00009B465B68934394E71100FFF751FC070024
:107C1000E7E751462B434919554617436B604F60C0
:107C20004368083113434360300000F0C9FCD4E7D7
:107C300003218A4394462900C44410318C4500DB5B
:107C400084E0DB0700D579E74B4648461B68C31A3A
:107C500003209B465B688343D218424401929142C1
:107C600000DD66E75B465A46DB6892685F46D36094
:107C70009A604246043A0837242A00D999E03B002A
:107C8000132A0AD9594623688B606368CB601B2A84
:107C900000D993E05B460834103322681A606268AA
:107CA0005A60A2689A605B4601225919009B300015
:107CB0009960019B5B1B13434B605B465B68134001
:107CC0005A462B435360FFF7DDFE8AE7CB688A688C
:107CD000D3609A605B465A46DB6892685F46D36021
:107CE0009A604246043A0837242A17D83B00132AE0
:107CF00009D9594623688B606368CB601B2A39D841
:107D00005B460834103322681A6062685A60A268C1
:107D10009A60009B3C009846DA464DE72100380007
:107D200001F026F8F5E703225B689343984443E7A4
:107D3000210001F01DF82BE7A3688360E368C360AE
:107D4000242A26D00300103110331BE74B46591963
:107D5000009B0122996063465B1B13434B604B46BB
:107D60005B68300013404A462B435360FFF78AFE9E
:107D7000270036E7A3680B61E3684B61242A10D023
:107D80005B4610341833BEE73000FFF77BFE002758
:107D900027E72369183103610300626918334261E0
:107DA000F0E623698B615B4662692033CA6118344F
:107DB000A9E72100380000F0DBFF74E7A3680B613E
:107DC000E3684B61242A03D05B461034183364E720
:107DD00023698B615B4662692033CA6118345CE7B2
:107DE00078110020F0B5C64600B50C228B5E070066
:107DF0000C001A0751D480254A682D011D438D813E
:107E0000002A00DC6CE0A66A002E42D03A68E169E4
:107E1000904600223A60DB0467D400220123380038
:107E2000B0470200431C00D16EE00C23E55EA66A59
:107E3000E1696D0706D56368D21A236B002B01D068
:107E4000E36BD21A00233800B047431C4FD1396886
:107E50000C22A35E1D2962D8324ACA40D2075ED5E1
:107E6000314A1A40A2810022626022692260DB044A
:107E700001D5002946D04346216B3B60002908D03C
:107E800023004033994202D0380000F099FB0023D0
:107E90002363002080BCB846F0BD0E69002EF8D0E8
:107EA0000D680022AD1B0E609B0700D14A69A260DD
:107EB000002D04DCEDE736182D1A002DE9DD636A8C
:107EC0003200984638002B00E169C0470028F2DCF8
:107ED0004022A38913431BB20120A3814042D9E76A
:107EE000CA6B002A00DD8EE7D3E7226DA1E70C22E2
:107EF000A35E0D4A1A40A2810022626022692260BC
:107F0000DB04B8D52065B6E73B68002B00D18CE7D1
:107F10001D2B01D0162BDBD143463B60B9E7402235
:107F20001343D9E701004020FFF7FFFF70B50500BC
:107F30000C00002802D0436B002B27D00C22A35E3C
:107F4000002B11D0626ED20701D49B050ED52800FC
:107F50002100FFF747FF636E0500DB0702D4A3890A
:107F60009B050FD5280070BD0025FBE7A06D00F034
:107F70008DFA28002100FFF735FF636E0500DB074F
:107F8000F0D4ECE7A06D00F083FAEBE700F0F8F82E
:107F9000D4E7C04670B5041E2AD0194B1D68002DC9
:107FA00002D06B6B002B17D00C22A35E002B11D0DC
:107FB000626ED20701D49B0512D528002100FFF77D
:107FC00011FF636E0500DB0702D4A3899B050BD567
:107FD000280070BD0025FBE7280000F0D1F8E3E79A
:107FE000A06D00F053FAE8E7A06D00F051FAEFE75A
:107FF000044A0549054800F0EFF80500E8E7C046E7
:108000008C150020801500202D7F00109015002079
:1080100010B5034A0349044800F0DEF810BDC0461D
:1080200080150020958700109015002041680B4BAB
:1080300010B50400994201D000F0ACFBA168084BD8
:10804000994202D0200000F0A5FBE168054B99425F
:1080500002D0200000F09EFB10BDC046C4230120CA
:108060002C24012094240120F8B5CE4647463B4CF1
:108070003B4B3C4A2000002580B51A6004230822AF
:1080800000215C3025606560A560656625616561DD
:10809000A561E360FAF7D4FF2000334B334F344E31
:1080A00099462362334B58309846A762E662636272
:1080B000E46100F0E7F9CC23E5502F4B2000636723
:1080C000802300210822C430E550A566E5662567B7
:1080D000A567E567FAF7B4FF220084236832E2500F
:1080E0004A460433E250424620000433E25004334F
:1080F000E750C0300433E65000F0C4F9D02320002C
:10810000E5500433E5500433E5501C4A5C33E55038
:10811000583BE2500433E5502D300433E550002144
:1081200004330822FF30E550FAF78AFF2200EC23DF
:10813000D032E2504A460433E25020004246043333
:10814000E25029300433E750FF300433E65000F0AA
:1081500099F9C0BCB946B046F8BDC046C423012059
:10816000FC24012011800010158300107D83001075
:10817000AD8300103D8300100900010012000200D1
:1081800070B50400094D280000F080F9636B002BE6
:1081900005D1074B6363074B1B68002B03D02800F6
:1081A00000F076F970BDFFF75FFFF8E78C23012040
:1081B0002D800010FC24012010B5024800F066F963
:1081C00010BDC0468C23012010B5024800F060F9B4
:1081D00010BDC0468C230120F8B54746CE468846E0
:1081E00080B58146170000267D68BC68013D0DD42E
:1081F000A389012B07D90E22A35E013303D02100EE
:108200004846C04706436834013DF1D23F68002F1D
:10821000EAD13000C0BCB946B046F8BDF0B547461B
:10822000CE4680B51C0087B001AB03930123170035
:108230006243061E90460E9D0191029205920493A0
:1082400002D0436B002B4AD06B6E0C22A95EDA077A
:1082500001D48A0530D580229201114204D10A430B
:10826000AA81234A13406B66012291469A0407D5DE
:108270004A461A4202D1AB899B0524D5002016E05C
:1082800003AA2900300000F0EDFA4A466B6E002880
:108290001ED0134205D1AB899B0502D4A86D00F016
:1082A000F7F8434605983900181AFAF743F807B06B
:1082B000C0BCB946B046F0BDA86D00F0E7F80C238D
:1082C000E95E6B6EC7E7A86D00F0E2F80020EEE70C
:1082D000134202D1AB899B0504D52000E7E7FFF7E5
:1082E0004FFFB1E7A86D00F0D3F82000DFE7C046EC
:1082F000FFDFFFFF10B50400054882B0006800935F
:1083000013000A002100FFF789FF02B010BDC0462C
:108310008C15002070B50C000E25495F00F072F836
:10832000002803DB236D1B18236570BDA389024A57
:108330001340A381F9E7C046FFEFFFFFF8B50C003B
:108340001F000C23C95E05001600CB050AD40A4B9A
:10835000320019402800A1810E23E15E3B0000F0AD
:1083600077F8F8BD0E23E15E0022022300F036F814
:108370000C23E15EEBE7C046FFEFFFFF70B50C009A
:108380000E25495F00F02AF8431C07D08023A289FC
:108390005B0113431BB22065A38170BDA389024A10
:1083A00013401BB2F8E7C046FFEFFFFF10B50E23E6
:1083B000C95E00F001F810BD002370B5064C050041
:1083C00008002360FCF738FA431C00D070BD236816
:1083D000002BFBD02B60F9E74829012070B5040081
:1083E000080011001A000023054D2B60FCF728FA45
:1083F000431C00D070BD2B68002BFBD02360F9E735
:108400004829012070B50400080011001A0000235B
:10841000054D2B60FCF7ECF9431C00D070BD2B68B8
:10842000002BFBD02360F9E748290120002370B519
:10843000064C050008002360FCF7C0F9431C00D07F
:1084400070BD2368002BFBD02B60F9E74829012081
:1084500070B50400080011001A000023054D2B60C0
:10846000FCF7D8F9431C00D070BD2B68002BFBD063
:108470002360F9E748290120014B18687047C0467E
:108480008C1500207047C0467047C0467047C046F4
:108490007047C046802310B55B01082801D1180041
:1084A00010BDFFF7E9FF16230360173BF7E7C0464F
:1084B00010B583070AD00300032102E001330B4209
:1084C00005D01A78002AF9D1181A10BD03001968CE
:1084D0000C4A0D4C8A188A4322420FD15968094A26
:1084E00004338A188A43224208D15968054A043362
:1084F0008A188A432242F1D000E001331A78002A18
:10850000FBD1E1E7FFFEFEFE80808080F0B5C6462D
:10851000060000B508200D00FFF7BCFF0400300086
:10852000FFF7A8FA234B210098469B685F68032356
:108530009F4338001138401B0019F9F7FBFE451E18
:108540006543AC4208DC00213000FFF76FFF434673
:108550009B68DB19984206D03000FFF793FA0020A1
:1085600080BCB846F0BD30006942FFF75FFF0130C4
:108570000ED0012243467F1B9B6817430E4A5F6063
:10858000136830005B1B1360FFF77CFA0120E7E7FC
:1085900000213000FFF74AFF43469A68831A0F2BE9
:1085A000DADD064C04492468001B086001210B43F6
:1085B0005360D1E778110020902301207011002032
:1085C000F8B5CE46474605000C0080B5002957D0C7
:1085D000FFF750FA012321009C460839486862469B
:1085E000030003249343CF187A68654EA243B4680E
:1085F000BC4200D170E0BC18A14664467A600442D7
:1086000021D10868091A1B188868804648464068C6
:108610002040340008348146A04551D04046CC6803
:10862000C460A0604846002811D19B185548BA681C
:10863000824200D17FE0F868D060826001221A4354
:108640004A60CB5007E0484640682042EDD0624681
:108650001A434A603B6080229200934214D2DA08A7
:10866000580901238340706803437360D3009B194A
:108670009A68CB608A609960D1602800FFF702FA9F
:10868000C0BCB946B046F8BD5C0A042C3DD89C0974
:10869000200039343830E40034192268083C0327BC
:1086A000944203D140E09268944203D05068B843AA
:1086B0009842F8D8D468CC608A60A160D160DCE7C9
:1086C000002858D1B868D218FB68C3609860634628
:1086D00013434B608A50D0E79A186346034206D191
:1086E0000B68C91A8868D218CB68C36098600123E8
:1086F00013434B60244BB1601B689342BDD8234B9E
:1087000028001968FFF702FFB7E7142C07D9542C8B
:108710001AD81C0B20006F346E30E400BCE7200038
:108720005C345B30E400B7E701238010834070685D
:1087300003437360BFE7D1609160CA608A60012221
:108740001A434A60CB5098E7AA225200944205D8B7
:10875000DC0B200078347730E4009DE70C4A94422B
:1087600005D89C0C20007D347C30E40094E7FE2486
:108770007E20A40090E762461A434A603B607CE793
:10878000781100208011002074110020C0230120E6
:108790005405000070B506000C1E40D0002802D021
:1087A000436B002B47D001250C22A35E626E2A4248
:1087B00033D19B0542D521003000FFF713FBE36A5C
:1087C0000500002B04D03000E1699847002828DB21
:1087D000A3891B062AD4216B002908D0230040332B
:1087E000994202D03000FFF7EBFE00232363616C57
:1087F000002904D03000FFF7E3FE00236364FFF795
:10880000DBFC0023A381636EDB0726D5A06DFFF799
:108810003BFEFFF7D9FC280070BD002BCBD1002513
:10882000F9E70125A3896D421B06D4D530002169E3
:10883000FFF7C6FECFE7FFF7A3FCB4E7A06DFFF795
:1088400025FE0C22A35E002BB5D1636E2B42E6D130
:10885000A06DFFF71DFE0025DDE7A06DFFF718FEF8
:10886000D4E7C046F0B54E46DE4657464546E0B52D
:10887000936883B00C0091460090002B5FD00C23CE
:10888000CA5E130763D50B69002B60D04B461F6887
:10889000930723D5636A00269A46B34B0025984672
:1088A000E169002D16D02B00454500D9AE4B3200B2
:1088B0000098D047002859DD4B464A469B68361839
:1088C0001B1A2D1A9360002B39D0636AE1699A460E
:1088D000002DE8D13E687D680837E2E7D30762D50E
:1088E0000023B84600209A4600261F00002E45D0DF
:1088F00000284CD03B00B3469E4200D99B462068DE
:108900002269A5686369904203D9ED18AB4500DD83
:10891000FEE05B4500DDEEE0656A5246E1690098E5
:10892000A847051E22DD01207F1B19D04B464A4671
:108930009B68AA445B1B761B9360002BD6D100205A
:1089400003B0F0BCBB46B246A946A046F0BD21002C
:10895000009800F00FF900280DD10C23E25E95E796
:1089600021000098FFF7E2FA0028DFD00C22A35E76
:1089700040221343A38101204042E1E708224346FD
:1089800094465E68E044002EF8D01B689A46320098
:108990000A21504600F034FA002800D1DBE05346AB
:1089A0000130C71AA6E7002380219A4689008B462A
:1089B000564655462068A36884469846002D5CD0EC
:1089C00059460A425DD09A46AB4200D990E09023C6
:1089D000DB001A4232D02169431A606901934300D7
:1089E0001B18D80FC3185810019B824601335B191E
:1089F000834201D99A461800520500D497E001003D
:108A00000098FEF755FD8046031E00D1A6E0019AAE
:108A10002169FAF71BFBA389544A134080221343B0
:108A2000A38143462361019B1A004244944622607D
:108A30005246A846AA46D31A6261A3605246310044
:108A4000604600F095F94246A8460025A3682068D4
:108A50009B1A5044A36020604B4642469B684644A4
:108A60009B1A4A46936000D169E70C23E25E2068B6
:108A7000A36884469846002DA2D13E687D680837D9
:108A80009AE7226982421BD362699046AA4217D8AC
:108A9000802328001B069D4200D335484146F9F744
:108AA00021FC4346626A43439046E16932000098E4
:108AB000C047002800DC59E780464346ED1ACBE763
:108AC0009846AB4200D9A8464246310000F050F922
:108AD0004246A36820689B1A4044A3602060002B94
:108AE000EBD121000098FFF721FA0028E5D03DE7FF
:108AF000A846AA46A2E75A46514600F039F95A4616
:108B0000A3685D469B1AA36023685B4423600AE761
:108B100051462A0000F02CF9236821005B190098C7
:108B20002360FFF703FA002800D1FCE61EE70200ED
:108B30000098FEF7AFFF8046002800D071E7009D47
:108B400021692800FFF73CFD8022A3899343743AF2
:108B50001BB22A600CE7731C1F00CCE6009A0C3392
:108B600013600C22A35E03E700FCFF7F7FFBFFFF87
:108B7000FFFFFF7F314B70B5050018680C0000281F
:108B800002D0426B002A4FD00C22A35E1A071DD5DB
:108B90002269002A24D0D90708D50021A160616983
:108BA00000204942A161002A08D070BD0021980729
:108BB00000D461690020A160002AF6D11A06F4D51C
:108BC00040221343A38101204042EEE7DA062ED56E
:108BD0005A0714D4226908210B43A381002ADAD151
:108BE000A02180208900800019408142D3D021003B
:108BF000280000F025F80C22A35E2269CBE7216B48
:108C000000290AD022004032914204D02800FFF708
:108C1000D7FC0C22A35E002222632422934300226D
:108C2000626022692260D6E7FFF7AAFAACE7092260
:108C30002A6040221343A381C5E7C0468C1500205B
:108C4000F0B5C64600B50C228B5E05000C0096B050
:108C50009A0709D52300433323602361012363610D
:108C600016B080BCB846F0BD0E22895E002928DB14
:108C70006A4600F055F8002821DBF023019F1B0213
:108C80001F40264B80269C4667447B425F418023E1
:108C9000DB009846360141462800FEF709FC002813
:108CA0001BD08022A3892060134342461BB2A381BC
:108CB00020616261002F1FD13343A381D0E70C22D2
:108CC000A35E00271B0612D5402398462800414684
:108CD0000026FEF7EDFB0028E3D10C22A35E9A05E7
:108CE000BED40322934302221343A381B2E780231D
:108CF000DB0098460026CEE728000E23E15E00F058
:108D000023F8002802D10C22A35ED5E70322A38911
:108D10009343012213431BB2CEE7C04600E0FFFF9E
:108D2000002370B5074D0400080011002B60FBF70D
:108D30008BFD431C00D070BD2B68002BFBD0236043
:108D4000F9E7C04648290120002370B5064C05000C
:108D500008002360FBF77CFD431C00D070BD236836
:108D6000002BFBD02B60F9E7482901200000000010
:108D700001B40248844601BC604700BFD50E002004
:108D800001B40248844601BC604700BFE9010020ED
:108D900001B40248844601BC604700BF8D0B00202F
:108DA00001B40248844601BC604700BF450C002066
:108DB00001B40248844601BC604700BF9103002013
:108DC00001B40248844601BC604700BFF50B002097
:108DD00001B40248844601BC604700BFB50B0020C7
:108DE00001B40248844601BC604700BF9D020020D8
:108DF00001B40248844601BC604700BFC1000020A6
:108E000001B40248844601BC604700BF850F0020C2
:108E100001B40248844601BC604700BFD10E002067
:108E200001B40248844601BC604700BF75010020C0
:108E300001B40248844601BC604700BFD10E002047
:108E400001B40248844601BC604700BFA90100206C
:108E5000C5200010F1200010D52200103130001084
:108E600069290010A12F0010FD2100100D21001014
:108E70002D21001041210010E90D001049210010A2
:108E8000B11100108D2000104D0800104154001049
:108E900053797374656D20636C6F636B206F66200C
:108EA0002575206B487A2063616E6E6F7420626551
:108EB0002065786163746C792061636869657665A3
:108EC000640000000A3D3D3D20544D445320E98795
:108ED00087E6A0B7E68EA2E9928820285250323069
:108EE000343029203D3D3D0020E98787E6A0B7E7E3
:108EF0008E87203D20256C7520487A202020E7BCF5
:108F000093E586B2203D20257520E5AD97202825E4
:108F10007520E98787E6A0B7290A000020E987873E
:108F2000204750494F2025642E2E2564202020E51F
:108F300091BDE4BBA43A206820E5B8AEE58AA9203B
:108F4000207320E78AB6E680812020642068657857
:108F50002064756D702020622062696E2064756DDA
:108F60007020207220E6B885E8AEA1E695B02020FA
:108F70003020E5819C20203120E5BC800A000000E3
:108F80002320256C752077726170730A0000000041
:108F90005354415420636C6B3D256C75207772618E
:108FA00070733D256C75206275663D25750A00005D
:108FB000424547494E20257520256C750A00000062
:108FC0002530386C780A0000454E44004F4B0000B5
:108FD0004F4B2073746F7070656400004F4B2072AC
:108FE000756E6E696E6700000A2A2A2A2050414E6B
:108FF0004943202A2A2A0A004E6F207370696E6C3A
:109000006F636B732061726520617661696C616268
:109010006C6500004E6F2075736572204952517364
:109020002061726520617661696C61626C65000027
:10903000486172647761726520616C61726D202590
:109040006420616C726561647920636C61696D652F
:10905000640000004861726420617373657274007B
:1090600052656C6561736500626F6F74325F773251
:109070003571303830000000322E332E30000000C1
:109080007069636F0000000070726F62655F7270DC
:1090900032303430000000004F6374202032203220
:1090A00030323600666E692B00000000666E690083
:1090B0006E616E00666E692D0000000055415254CD
:1090C00020737464696E00005541525420737464B7
:1090D0006F7574005541525420737464696E202F6B
:1090E000207374646F7574005553422073746469FF
:1090F0006E202F207374646F75740000526173705A
:109100006265727279205069000000005069636FD7
:1091100000000000426F617264204344430000007D
:109120005265736574000000556E68616E646C650D
:10913000642049525120307825780A006570202536
:109140003032582077617320616C726561647920D8
:10915000617661696C61626C6500000043616E2735
:109160007420636F6E74696E756520786665722011
:109170006F6E20696E616374697665206570202565
:10918000303258004E6F2050494F2073746174651F
:10919000206D616368696E65732061726520617618
:1091A00061696C61626C65004E6F20444D412063C3
:1091B00068616E6E656C73206172652061766169AD
:1091C0006C61626C65000000400500103E040010F8
:1091D000FC0400103E0400103E0400103E04001089
:1091E000CA0400103E0400103E0400103E040010AB
:1091F0003E0400103E0400103E0400103E04001027
:109200003E0400103E040010B20400106004001080
:109210001892001001FF000008400000000000004C
:10922000FFFFFFFFFFFFFF7F06005250D3F07542A4
:109230006090001006005250E182887F6890001014
:1092400006005250ABB360537890001006005250A5
:10925000BBFF3CB68090001006005250861C0302F3
:1092600088900010060052505422A29D9890001041
:1092700005005250DE65F4680CAD0010743C00101F
:10928000243C0010243C00106C3C0010243C0010D6
:10929000243C0010243C0010243C0010243C00100E
:1092A000243C0010243C0010643C0010243C0010BE
:1092B0005C3C0010243C0010243C0010543C001086
:1092C000283F00108A3C0010223F00108A3C00100A
:1092D0000C3F00108A3C00108A3C00108A3C0010B1
:1092E0008A3C00108A3C00108A3C00108A3C001026
:1092F0007C3C00108A3C00108A3C00108A3C001024
:109300008A3C00108A3C00107C3C0010B03F0010EA
:10931000DE3B0010DE3B0010DE3B0010DE3B0010A9
:10932000DE3B0010DE3B0010DE3B0010DE3B001099
:10933000DE3B0010DE3B0010DE3B0010DE3B001089
:10934000DE3B0010DE3B0010DE3B0010DE3B001079
:10935000DE3B0010DE3B0010DE3B0010DE3B001069
:10936000DE3B0010DE3B0010DE3B0010DE3B001059
:10937000DE3B0010DE3B0010DE3B0010DE3B001049
:10938000DE3B0010DE3B0010DE3B00103C3F0010D7
:109390007C3F00103C3F0010DE3B0010DE3B001025
:1093A000DE3B0010DE3B0010DE3B0010DE3B001019
:1093B000DE3B0010DE3B0010DE3B0010DE3B001009
:1093C000DE3B0010DE3B0010DE3B0010DE3B0010F9
:1093D000DE3B0010DE3B001050410010DE3B001071
:1093E000DE3B0010DE3B0010DE3B0010DE3B0010D9
:1093F000DE3B0010DE3B0010DE3B0010DE3B0010C9
:1094000050410010C23F0010504100103C3F00107E
:109410007C3F00103C3F0010000000000000F03FC7
:10942000000000000000244000000000000059403F
:109430000000000000408F40000000000088C34092
:1094400000000000006AF8400000000080842E4107
:1094500000000000D01263410000000084D7974153
:109460000000000065CDCD410D0A000006005250FD
:1094700053B4F4A1D4900010080052501200000020
:1094800008005250921000000600525053B4F4A14C
:10949000E890001000000000FC9000100C910010FB
:1094A000A82D0120149100102091001009025400F1
:1094B000030100807D080B00020202000009040085
:1094C000000102020004052400200105240100011E
:1094D0000424020605240600010705810308001084
:1094E00009040100020A0000000705020240000012
:1094F000070582024000000904020000FF00010588
:1095000012011002EF0201408A2E0A00000101023E
:10951000030100000A00000000000306A600080086
:10952000020002009C001400030057494E555342AC
:1095300000000000000000000000800004000100A6
:10954000280044006500760069006300650049005A
:109550006E007400650072006600610063006500C3
:10956000470055004900440000004E007B006200A7
:1095700063003700330039003800630031002D00EC
:1095800037003300630064002D0034006300620084
:1095900037002D0039003800620038002D003900F6
:1095A000310033006100380066006300610037005D
:1095B0006200660036007D0000000000050F2100FB
:1095C000011C100500DF60DDD88945C74C9CD265C1
:1095D0009D9E648A9F00000306A600010000000013
:1095E0000000000035560010000000003956001041
:1095F00045560010715600106D5600100000000016
:10960000945B0010FC5C0010845D0010D45C0010C2
:10961000E65C0010C45C0010345C0010E05B0010DD
:10962000D45B00109C60001082600010725E00101D
:10963000BC600010725E00106A600010566000107E
:10964000725E001042600010525F0010725E0010E7
:109650001A6300100C63001000630010725E0010AB
:10966000725E0010EA6200100C630010725E00105F
:10967000725E0010725E0010725E0010725E00106A
:10968000725E0010725E0010A4620010160D0020C1
:10969000160D0020600D0020800D0020BE0D002062
:1096A000D00D00200C0D002000000000B568001057
:1096B0002569001059690010A56900104D6A001055
:0896C000356B001000000000F2
:1096C8002892001034920010409200104C92001022
:1096D800589200106492001070920010809400104C
:0C96E800789400106C940010889400101E
:1096F40003000068EFF3108C72B60268002AFCD0F5
:10970400BFF35F8F04229A56002A04DB002900D09D
:109714000A60002004E0D0220120120612681A71A7
:109724001B68BFF35F8F00221A608CF310887047A8
:10973400F0B54F46D6464646C0B51F00D0231B069B
:109744001B6804009A460023904699460CE0226860
:10975400BFF35F8F4946116083F310884046390098
:1097640000F06AFF00281AD12668EFF3108372B65E
:109774003568002DFCD0BFF35F8F25797F2DE6D9A6
:10978400524622712268BFF35F8F0021116083F378
:1097940010880120E0BCBA46B146A846F0BD0020BE
:1097A400F8E7C04670B582B001A9040016001D0098
:1097B400FFF79EFF002807D1D0231B0601991B78D1
:1097C40049B25BB2994201D102B070BD32002B00A4
:1097D4002000FFF7ADFFF7E7F8B50F00060000F033
:1097E40033FFFA2204000D00002392003800002108
:1097F40000F03AFF0B000200802112196B410906A8
:109804008B4202D30122034B52423000FFF790FFF8
:10981400F8BDC046FFFFFF7F0268EFF3108172B608
:109824001368002BFCD0BFF35F8FFF230371036821
:10983400BFF35F8F00221A6081F3108840BF704726
:1098440010B5084C2378002B0AD180230648074919
:109854005B051A68C25004338B42FAD1012323708A
:1098640010BDC046BF2D0120D427011000010010F7
:1098740010B5014B984710BDD5270120084B5A68F5
:1098840042609A688260DA68C2601A6902615A6941
:1098940042619B698361A0235B051B680360704779
:1098A400000002404268084B5A6082689A60C268AD
:1098B400DA6002691A6142695A6182699A61A02375
:1098C40002685B051A607047000002401423F0B57B
:1098D400D6464F4646469A46C0B581461888043354
:1098E40088B098460E001B883049140098475346A8
:1098F4000700188843462E491B889847534605009D
:10990400188843462B491B8898478046FFF798FFE1
:1099140001A8FFF7B3FFB847A847274B1A6880236D
:109924009B005340C02292001340244A1360221E1D
:1099340020D0C02108270220490511E0002C14D0B2
:10994400131B0D2B29D9002D0AD02300002A05D082
:109954000B6E013A3370130001362343002B09D0F8
:109964003D008B6A1D401842E8D1002DEDD1230043
:109974001343F5D1104B1A68C0239B0093430F4A3D
:109984001360C047FFF774FF01A8FFF78BFF08B00F
:10999400E0BCBA46B146A846F0BD4B461B78013C34
:1099A4000B6601239C46E144DFE7C04649460000BC
:1099B40045580000464300000C8001400C900140D3
:1099C4000022154B10B59A60DA601A615A619A61E7
:1099D400DA611A625A629A62DA621A635A639A63A1
:1099E400DA631A645A649A64DA641A655A659A6581
:1099F400DA651A665A669A66DA661A675A679A6761
:109A0400DA67F03292000021044800F045FE044B6E
:109A1400044A1A6010BDC04600001050A02901205D
:109A2400682D012080011050F0B54E464546DE46B3
:109A34005746E0B5214B00249E6D012585B0002ECC
:109A440022D01F4B9A46012399461E4B984601E0AB
:109A5400202C19D02A00230001342F003240E4B214
:109A64006D00002AF4D0524697654A465B085B00B5
:109A740022409B185B01434418009B4600F030FCD5
:109A8400002808D1BE43E3D105B0F0BCBB46B246C2
:109A9400A946A046F0BD5B46E0219A78DB8A01A87E
:109AA40083600023C900018001210271437100F029
:109AB40037FC584600F0B0FBE4E7C0460000115004
:109AC40000301150602901209823F0B5C646C64ADB
:109AD40000B5D55880232E009B02102484B01E406C
:109AE4001D4273D0C14BC24C9A6AC24B00261A6005
:109AF4003B23E35C022B00D1F4E07B23E35C022BE9
:109B040000D10CE1BB23E35C022B00D1FBE0FB237F
:109B1400E35C022B00D135E13C23FF33E35C022BF1
:109B240000D122E17C23FF33E35C022B00D10FE15F
:109B3400BC23FF33E35C022B00D1FCE0FC23FF33A6
:109B4400E35C022B00D1A6E1AB4BE35C022B00D11A
:109B540096E1AA4BE35C022B00D185E1A84BE35CC0
:109B6400022B00D174E1A74BE35C022B00D163E12B
:109B7400A54BE35C022B00D12AE1A44BE35C022B4E
:109B840000D10BE1A24BE35C022B00D18FE1A14B8E
:109B9400E35C022B00D1A6E1002E08D19E4B1B787A
:109BA400002B04D180219D4A90338902D150C022D8
:109BB4008D4B01A89B6C92005B055B0D01218026F7
:109BC4000280436000F0ACFB954CB602EB0600D576
:109BD4007CE080235B021D4232D01E430123022419
:109BE4009846834FBB7E002B14D000F04DFD012816
:109BF40000D96FE0C02200213800920100F012FB6E
:109C0400380000F009FB00F03FFD012802D9834B26
:109C14005C661C664346FB702037012C01D001248E
:109C2400E0E7C02301A8DB007E4A038002AB12CA2E
:109C340012C3012100F074FB8022784B92021A6552
:109C440080235B011D420ED18023DB011D4221D103
:109C540080231B021D422CD1AE4200D0C0E104B0CF
:109C640080BCB846F0BD00241E435F4B1C60FFF768
:109C7400A7FE80236A465B0093801472012101A829
:109C840000F04EFB8022654B12031A658023DB0132
:109C94001D42DDD01E43802301A8DB000380012187
:109CA40000F03EFB10225D4B1A6580231B021D420F
:109CB400D2D01E43A02301A8DB000380012100F0C1
:109CC4002FFB8022554B12011A65C5E7FFF7ACFE46
:109CD40026007EE7544B444A1C66536E2340A3423D
:109CE400FBD187E73833E65C002E00D105E7023369
:109CF400E25C002A00D100E7200000222030E25478
:109D040000F0B8FAF9E6B833E75C002F00D1FEE6BC
:109D14000233E25C002A00D022E13E00F7E6783309
:109D2400E75C002F00D1EDE60233E25C002A00D0AC
:109D34000EE13E00E6E6B933FF33E75C002F00D1C5
:109D4400FCE60233E25C002A00D0F8E03E00F5E6CF
:109D54007933FF33E75C002F00D1E9E60233E25C9C
:109D6400002A00D0E2E03E00E2E63933FF33E75C4C
:109D7400002F00D1D6E60233E25C002A00D0CCE00A
:109D84003E00CFE6F833E75C002F00D1C4E602338F
:109D9400E25C002A00D0B8E03E00BDE6234BE75C5D
:109DA400002F00D1EEE60233E25C002A00D010E17D
:109DB400174BE35C022B00D18BE0164BE35C022BC8
:109DC40000D0F4E61A4BE35C002B00D090E0EEE602
:109DD400184BE75C002F00D1CFE60233E25C002A87
:109DE40000D0EEE03E00C8E60000115000400540FF
:109DF40060290120442901203B0200007B0200006D
:109E0400BB020000FB0200003B0300007B030000D8
:109E1400BB030000FB030000BD2D012000301150E6
:109E24001000020000001050002011507A030000BE
:109E3400FA0300003A0300006C4BE75C002F00D1EA
:109E440096E60233E25C002A00D0B2E03E008FE6E0
:109E5400674BE75C002F00D185E60233E25C002A01
:109E640000D09EE03E007EE6624BE75C002F00D10E
:109E740074E60233E25C002A00D08AE03E006DE61C
:109E84005D4BE75C002F00D163E60233E25C002AFD
:109E940077D13E005DE6F933FF33E75C002F00D154
:109EA40052E60233E25C002A62D13E004CE6534B98
:109EB400E35C002B00D16AE6EF239B00E25C002AFE
:109EC40000D17AE70022E2541C3BE01800F0D2F9FA
:109ED40073E74A4BE35C002BEED1494BE35C022B66
:109EE40000D064E63E00474BE35C002B00D153E610
:109EF400FF239B00E25C002A00D158E60022E254D2
:109F04001C3BE01800F0B6F951E620000022E030D6
:109F1400E2543E0000F0AEF9FEE5200000222130BC
:109F2400FF30E2543E0000F0A5F9FBE520000022DA
:109F34006130FF30E2543E0000F09CF9F8E5200067
:109F44000022A130FF30E2543E0000F093F9F5E521
:109F5400200000226030E2543E0000F08BF9D1E58D
:109F640020000022A030E2543E0000F083F9CEE548
:109F740020000022E130FF30E2543E0000F07AF984
:109F8400E2E50022E2541C3BE01800F073F93E00C5
:109F9400DFE50022E2541C3BE01800F06BF93E00C0
:109FA400DCE50022E2541C3BE01800F063F93E00BB
:109FB400D9E50022E2541C3BE01800F05BF93E00B6
:109FC400D6E50022E2541C3BE01800F053F93E00B1
:109FD400D3E50022E2541C3BE01800F04BF9E7E61D
:109FE40031000948694000F037FBC046FA0200001E
:109FF400BA0200007A0200003A020000BA0300002C
:10A00400FB030000FA03000028910010F0B5D646C7
:10A014004F464646C0B50200838A008B8A46041C1C
:10A02400984200D91C1CD57880262800471EB841C8
:10A03400A4B2F600264340033043012675401B1B9F
:10A04400D57055789BB29382002D37D15146D6688E
:10A054008D01611E761988461569002C29D00629C0
:10A064003AD933002B439B0736D16B1CF31A022BCE
:10A0740032D9231F9B0801339C4600270023E9584B
:10A084000137F1500433BC45F9D8634641469B007F
:10A09400ED18F618CF1A9C4209D02B783370002F94
:10A0A40005D06B787370012F01D0AB78B37015694C
:10A0B400938A2D191561802212021043002B02D1BC
:10A0C4008023DB0118435346002B00D00004E0BC7E
:10A0D400BA46B146A846F0BD0023EF5CF7540133FD
:10A0E4009C42FAD11569938AE3E7C0468368F0B5C8
:10A0F4001B680500002900D01B0C9B05980D6B788C
:10A10400002B08D1EB8AC318EB822B8B834201D935
:10A114000023AB82F0BDEB688901461EB4462A6970
:10A124005C18002827D0062E2BD901315B18D31ACE
:10A13400022B26D9130023439B0722D1002300219D
:10A14400061FB6080136E7580131D75004338E4252
:10A15400F9D86346B600A41992199F1BB04209D0DE
:10A1640023781370002F05D063785370012F01D02A
:10A17400A37893702A69EB8A1218C318EB822A61B8
:10A18400C3E70023E15CD15401339842FAD12A6930
:10A19400F1E7C04610B50400836800211B68FFF78F
:10A1A400A5FF63681B685B0002D5238B834200D044
:10A1B40010BD01212000FFF799FFF9E7084A0300C9
:10A1C400126C0020920703D49A78D209012A00D095
:10A1D4007047D87E023843425841C0B2F8E7C046BF
:10A1E4000000115010B5FFF7E9FF00280CD0074913
:10A1F400074B8C46074A9B6A126863449B1A0020EB
:10A20400C6229A424041C0B210BDC046E0FCFFFFE6
:10A214000040054044290120002383764361036103
:10A224007047C04610B58368002901D01C682140DE
:10A23400002A12D08024E400114322420DD01A686F
:10A2440022420CD1084A0A401A60084A126C92074A
:10A2540003D40C23033BFDD28368196010BD8178BD
:10A26400034800F0F9F9C046FFFBFFFF000011505E
:10A274003C910010436870B5002180251E680400DD
:10A28400FFF7C4FE134B6D011B6C05439B070FD5F1
:10A29400A3785B060FD0104B1E4080239B053343ED
:10A2A40062680021136020002A00FFF7BBFF70BD25
:10A2B400A378DB09EFD0A38A002BECD00121200086
:10A2C400FFF7A4FEA023054ADB05324005431343F0
:10A2D400E6E7C04600001150FFFFFFAFFFFFFFDFBE
:10A2E40070B5857E0400002D14D0FFF753FFA38AB8
:10A2F400002B01D1280070BD2000FFF773FF002858
:10A3040003D0012300252377F4E72000FFF7B2FFF1
:10A314000025EFE78178014800F09EF95C91001078
:10A32400F0B5CE46474680B5437805000E0085B0AB
:10A33400062B08D86B4A9B00D3589F466A4A137869
:10A344000133DBB21370694B1C686269EFF310814F
:10A3540072B61368002BFCD0BFF35F8FA16120009D
:10A36400290000F089F96269A369BFF35F8F0021B6
:10A37400116083F31088002804D105B0C0BCB9462D
:10A38400B046F0BD32006978287800F04DF9F4E762
:10A394000121574B1A788A431A701A7801318A437B
:10A3A4001A7000225A701A7802318A431A70CAE766
:10A3B400504B514F9946514B002498463A7810E03F
:10A3C40043461B6861015B18002B06D0DB69002B38
:10A3D40003D06968287898473A780134E4B2944203
:10A3E40017D8A242ECD8A31A5B014B44EEE7404BCA
:10A3F4001A78D207C1D504211A780A431A70A2E741
:10A404003B4B1A78D207B8D504211A788A431A70BC
:10A4140099E7374F3B785B072BD504223B78002123
:10A4240093433B706B460632981D00F035F92B7848
:10A4340001AC2370052363702C4B1B6898465A6942
:10A44400EFF3108172B61368002BFCD0BFF35F8F5B
:10A45400434640469961210000F00EF943465A698B
:10A464009B69BFF35F8F0021116083F3108800287C
:10A4740031D1FB78DB0700D47FE76B460A22002149
:10A48400981D00F009F92B7801AC23700323637045
:10A494006B686360154B1D686A69EFF3108172B6CF
:10A4A4001368002BFCD0BFF35F8FA9612800210043
:10A4B40000F0E2F86A69AB69BFF35F8F00211160B5
:10A4C40083F31088002800D157E7320061782078A0
:10A4D40000F0AAF851E732006178207800F0A4F87F
:10A4E400C7E7C0468C960010BE2D01200827012026
:10A4F400B0260120A8960010BC2D012000250120C3
:10A504007047C046F0B588420AD98B18984207D2E2
:10A51400531E002A03D0CA5CC254013BFBD2F0BDD7
:10A5240005000F2A0AD8561E002AF8D00023CC5C56
:10A534001A00EC5401339642F9D1F0E703273E00A8
:10A544000D430C0003002E402F422DD11500103D69
:10A554002D09AC462F013F1825681D6065685D60B4
:10A56400A5689D60E5681034DD601D001033BD42B0
:10A57400F2D165460F230C2401352D0149191340EE
:10A584004519144213D0043B9B0801339B008C599A
:10A59400AC5104369E42FAD103231A40AD198919ED
:10A5A400561E002AC2D1BAE70500561EBEE71A009D
:10A5B400B9E7C04670B5CCB283070DD0531E002A4C
:10A5C4000FD0032504E00130284206D0013B08D314
:10A5D4000278A242F7D170BD1300032B03D8002BDD
:10A5E40014D10020F7E7FF220A401502AD182A040F
:10A5F4000B4EAD1803E0043B0430032BEFD9026883
:10A6040008496A40511891433142F4D0C31802E01A
:10A6140001309842E5D00278A242F9D1DBE7C04686
:10A6240080808080FFFEFEFE01B40248844601BCA7
:10A63400604700BF355A001001B40248844601BC8B
:10A64400604700BFA115001001B40248844601BC54
:10A65400604700BFDD16001001B40248844601BC07
:10A66400604700BFB906001001B40248844601BC2B
:10A67400604700BF6D2F001001B40248844601BC3E
:10A68400604700BF0D70001001B40248844601BC4D
:10A69400604700BFAD06001001B40248844601BC07
:10A6A400604700BF41300010FFFFFFFF10000000B3
:10A6B4000000000000000100000000000000000095
:10A6C4000000020000000000000000000000030081
:10A6D4000000000000000000000004000000000072
:10A6E4000000000000000500000000000000000061
:10A6F4000000FF000000000001B5486801318E46EB
:10A704000047704609380149884701BDE10C001033
:10A71400FFFFFFFFFFFFFF7F0000000000000000BD
:10A7240000000000000000000000000000200120E4
:10A73400503300004C330000543300005233000007
:10A744004D5300004D4300005334000043340000D7
:10A75400A94D0010AD4E0010F54D0010C14E001073
:10A764000000000000010000FD500010AD5000107A
:10A774001D500010954F0010000000000001000063
:10A784000C27012010000C00000000000000000055
:10A79400000000000000000000000000FF000000B6
:10A7A400FFFFFFFF000002000000000000000000A7
:10A7B40078110020781100208011002080110020E1
:10A7C4008811002088110020901100209011002091
:10A7D4009811002098110020A0110020A011002041
:10A7E400A8110020A8110020B0110020B0110020F1
:10A7F400B8110020B8110020C0110020C0110020A1
:10A80400C8110020C8110020D0110020D011002050
:10A81400D8110020D8110020E0110020E011002000
:10A82400E8110020E8110020F0110020F0110020B0
:10A83400F8110020F811002000120020001200205E
:10A84400081200200812002010120020101200200C
:10A8540018120020181200202012002020120020BC
:10A86400281200202812002030120020301200206C
:10A87400381200203812002040120020401200201C
:10A8840048120020481200205012002050120020CC
:10A89400581200205812002060120020601200207C
:10A8A400681200206812002070120020701200202C
:10A8B40078120020781200208012002080120020DC
:10A8C400881200208812002090120020901200208C
:10A8D4009812002098120020A0120020A01200203C
:10A8E400A8120020A8120020B0120020B0120020EC
:10A8F400B8120020B8120020C0120020C01200209C
:10A90400C8120020C8120020D0120020D01200204B
:10A91400D8120020D8120020E0120020E0120020FB
:10A92400E8120020E8120020F0120020F0120020AB
:10A93400F8120020F8120020001300200013002059
:10A944000813002008130020101300201013002007
:10A9540018130020181300202013002020130020B7
:10A964002813002028130020301300203013002067
:10A974003813002038130020401300204013002017
:10A9840048130020481300205013002050130020C7
:10A994005813002058130020601300206013002077
:10A9A4006813002068130020701300207013002027
:10A9B40078130020781300208013002080130020D7
:10A9C4008813002088130020901300209013002087
:10A9D4009813002098130020A0130020A013002037
:10A9E400A8130020A8130020B0130020B0130020E7
:10A9F400B8130020B8130020C0130020C013002097
:10AA0400C8130020C8130020D0130020D013002046
:10AA1400D8130020D8130020E0130020E0130020F6
:10AA2400E8130020E8130020F0130020F0130020A6
:10AA3400F8130020F8130020001400200014002054
:10AA44000814002008140020101400201014002002
:10AA540018140020181400202014002020140020B2
:10AA64002814002028140020301400203014002062
:10AA74003814002038140020401400204014002012
:10AA840048140020481400205014002050140020C2
:10AA94005814002058140020601400206014002072
:10AAA4006814002068140020701400207014002022
:10AAB40078140020781400208014002080140020D2
:10AAC4008814002088140020901400209014002082
:10AAD4009814002098140020A0140020A014002032
:10AAE400A8140020A8140020B0140020B0140020E2
:10AAF400B8140020B8140020C0140020C014002092
:10AB0400C8140020C8140020D0140020D014002041
:10AB1400D8140020D8140020E0140020E0140020F1
:10AB2400E8140020E8140020F0140020F0140020A1
:10AB3400F8140020F814002000150020001500204F
:10AB440008150020081500201015002010150020FD
:10AB540018150020181500202015002020150020AD
:10AB6400281500202815002030150020301500205D
:10AB7400381500203815002040150020401500200D
:10AB840048150020481500205015002050150020BD
:10AB9400581500205815002060150020601500206D
:10ABA400681500206815002070150020701500201D
:10ABB4000000000003000000C423012090150020C1
:10ABC40000000000C42301202C240120942401202F
:10ABD4000000000000000000000000000000000071
:10ABE4000000000000000000000000000000000061
:10ABF4000000000000000000000000000000000051
:10AC04000000000000000000000000000000000040
:10AC14000000000000000000000000000000000030
:10AC24000000000000000000000000000000000020
:10AC34000000000000000000000000000000000010
:10AC44000000000000000000000000000000000000
:10AC540000000000000000000100000000000000EF
:10AC64000E33CDAB34126DE6ECDE05000B000000B4
:10AC740000000000000000000000000000000000D0
:10AC840000000000000000000000000000000000C0
:10AC940000000000000000000000000000000000B0
:10ACA40000000000000000000000000000000000A0
:10ACB4000000000000000000000000000000000090
:10ACC4000000000000000000000000000000000080
:10ACD4000000000000000000000000000000000070
:10ACE4000000000000000000000000000000000060
:10ACF4000000000000000000000000000000000050
:08AD0400000000000000000047
:04000005100001E9FD
:00000001FF
