:020000041000EA
:10000000002008205B0100101B0100101D010010E2
:100010001101001011010010110100101101001058
:100020001901001019010010190100101F01001022
:10003000110100101901001021010010230100100E
:100040001101001011010010110100101101001028
:100050001101001011010010110100101101001018
:100060001101001011010010110100101101001008
:1000700011010010110100101101001011010010F8
:1000800011010010110100101101001011010010E8
:1000900011010010110100101101001011010010D8
:1000A00011010010110100101101001011010010C8
:1000B00011010010110100101101001011010010B8
:1000C00011010010110100101101001011010010A8
:1000D0001101001011010010110100101101001098
:1000E0001101001011010010110100101101001088
:1000F0001101001011010010110100101101001078
:100100001101001011010010110100101101001067
:10011000EFF30580103800BE00BE00BE00BE00BE7A
:1001200000BE00BEF2EB8871748E0010A08E00102D
:100130009C01001090A31AE7D3DEFFFF42012110BB
:10014000FF01000050BC0000793512AB00201E49B1
:10015000086006C881F3088810474FF050400068D7
:1001600008B10020F3E70DA40ECC002902D000F066
:1001700012F8F9E71549164A002000E001C1914242
:10018000FCD114498847144988471449884700BE60
:10019000FDE701C901C29A42FBD37047A08E00104F
:1001A00010010020182C0020A8B900100000082021
:1001B000640108200CBB0010001008207C120820ED
:1001C000000000007047000008ED00E0182C00203F
:1001D00048EE0220413B0010E1010010393B0010C5
:1001E000F0B50E2087B001F043FD0A2001F054F86D
:1001F000624805AB04AA03A901F036FC18B95F49AF
:100200005F4800F009F90124DDE904120027039892
:1002100001F066FB5B4D03F0F5FD5B4803F082FEE9
:10022000042206210223CDE90074584803F0F8FEA9
:100230002B68986807F090FE3946384606F06CFB4C
:100240006FF07F41204606F067FB4FF47F010220EC
:1002500006F062FB4FF47F41032006F05DFBFF21B7
:10026000042006F059FB0520494906F055FB4FF6DE
:10027000FF71062006F050FB4FF0FF11072006F03B
:100280004BFB4FF416322146424808F061FA06F063
:100290005FFB4FF4F0724FF4A0713E4806F012FB82
:1002A0003D4807F019FA3D4803F03CFE2B683C4DF1
:1002B000986807F051FE3B4B4FF00004DE5D4FF4B1
:1002C00016323146B6FA86F63248760908F040FA18
:1002D0004FF4A07231462F4808F03AFA4FF4A0725A
:1002E0003146314808F034FA4FF4A07231462F48B5
:1002F00008F02EFA4FF4A07231462D4808F028FA83
:1003000066F30704234B66F30F24A3F83E411C80D9
:1003100003F5A0739D42F8D11424002003F07AFD68
:10032000422820D052280DD0192000F0B5FF013C02
:10033000F3D101377B4203F0070307F0070758BFEB
:100340005F42B8E71B4803F0EDFD322000F0A4FF48
:1003500000221046114601F0ADFC192000F09CFF70
:10036000013CDAD1E5E7144803F0DCFD322000F06F
:1003700093FF0021084601F029FD00BF60D803006B
:1003800054880010042A0020D8870010F487001039
:1003900000FFFF00D8360020490F002028880010F9
:1003A000D88E0220BC8B001018380020588C0220F8
:1003B000988D0220A8880010888800104FF4807C57
:1003C0000C4B00B553F8202003EB8003C00082F0F3
:1003D000400200F1804003F5805E02F0C00200F5AB
:1003E000203003F54053CEF800204160C3F800C030
:1003F00000BD00BF04800340C00000F18040043015
:1004000000F520331B6800F5243083EA013303F440
:1004100040530360704700BF0FB400B5084883B075
:1004200003F080FD049B3BB105A91846019103F040
:100430002BFB044803F076FD012003F03DFB00BFD9
:10044000C0880010B88B0010EFF3108072B6064B16
:10045000D3E8CF1F01220029FAD1C3E8412F002998
:10046000F6D1BFF35F8F7047479102200023034A04
:10047000C2E88F3F80F31088704700BF4791022089
:1004800070B51646EFF3108472B6DFF848E0DEE888
:10049000CF2F0123002AFAD1CEE8423F002AF6D11D
:1004A000BFF35F8F012301F0070CCA0803FA0CF3B6
:1004B00010F802C01CEA030508D14CEA030C00F84E
:1004C00002C0CEE88F5F84F3108870BD3046FFF71E
:1004D000A3FF00BF47910220F8B50F461946EFF37E
:1004E000108672B61C4DD5E8CF4F0123002CFAD1EF
:1004F000C5E8443F002CF6D1BFF35F8F8A421BD87A
:10050000012402E00132914222D3D30810F803E023
:1005100002F0070C04FA0CFC1EEA0C0FF2D14EEAB2
:100520000C0E00F803E010460023C5E88F3F86F369
:100530001088984207DBF8BD0023C5E88F3F86F39B
:1005400010884FF0FF30002FF5D00698FFF764FFBA
:100550004FF0FF30E8E700BF47910220044A1078CF
:10056000431CDBB2182B28BF10231370704700BF49
:100570000825002000B5DFF81CC083B001461F230A
:100580001822CDF800C00248FFF7A6FF03B000BD57
:10059000A0B20220D08800104FF0E022936843F010
:1005A00000539360704700BF0021044B03F1200209
:1005B000C3E88F1F01339342FAD170473C91022068
:1005C0004FF0E0234FF08032C3F80024C3F8042436
:1005D000C3F80824C3F80C24C3F81024C3F8142467
:1005E000C3F81824C3F81C24C3F82024C3F8242417
:1005F000C3F82824C3F82C24C3F8302462B670470B
:10060000012300F01F029340400941B1800000F136
:10061000604000F56140C0F8803103607047024AD5
:10062000203042F82030704700E100E00123064A04
:10063000410952F8212000F01F008340134214BFEB
:1006400001200020704700BF00E100E001224309C3
:10065000034900F01F008240403341F823207047D7
:1006600000E100E0054A10309268054B52F8200086
:10067000C01A47288CBF00200120704700ED00E021
:100680000C25002008B5EFF3108E72B6134BD3E89B
:10069000CFCF0122BCF1000FF9D1C3E84C2FBCF140
:1006A000000FF4D1BFF35F8F0D4A10309268DFF86E
:1006B00034C052F82020624501D091420BD1084A43
:1006C000926842F82010BFF35F8F0022C3E88F2F9B
:1006D0008EF3108808BD01F0DBFB00BF45910220BE
:1006E00000ED00E0110100102DE9F84F8B46114696
:1006F000EFF3108872B6664FD7E8CF2F0123002A98
:10070000FAD1C7E8423F002AF6D1BFF35F8F614BB1
:1007100093F90040002CC0F2B88000F110055E484B
:1007200004EB440900EB890296794FEA89091E70AF
:100730005A4B9B6853F82560331A472B35D826F05F
:10074000010E9EF807308B4209D86FE00CEB4C038A
:1007500000EB830393F807A08A4551D99E469EF982
:1007600006C0BCF1000FF1DA4BF601590EF1040A94
:10077000131FA3EB0A03C3F34A036FEAC3436FEAF1
:10078000D3438EF80640DFF820A104EB440400EBCD
:100790008402AEF8043040F824A0A2F8049082F855
:1007A00006C0D171C2F808B01DE03D4B9E426CD12D
:1007B0003C4BD17109F102010144043B5B1AC3F3C4
:1007C0004A036FEAC3434FF421416FEAD34320F851
:1007D00009105380FF214BF60153C2F808B0917104
:1007E000938042F001062D4B9B6843F82560BFF3D0
:1007F0005F8F0023C7E88F3F88F31088BDE8F88F2C
:10080000F2466FF00703A3EB09033AF8049F1B1AA3
:1008100049F30A0909F102090AEB49099944C9F3A4
:100820004A096FEAC9496FEAD949A1E76FF007039E
:10083000D1711C4909F1020404440439091BA3EBDA
:100840000903C1F34A011B1A6FEAC1417344C3F3A0
:100850004A036FEAC3436FEAD1414FF421466FEA7E
:10086000D3435180104920F8096093804AF6AA24A6
:1008700073461B1A5B415C43240DC2F808B09471A7
:1008800042F00106CEF80010ADE701F001FB00BF19
:10089000459102203FEE02200C25002000ED00E0F3
:1008A0001101001054250020014880472DE9F04730
:1008B00082B0EFF3108572B6DFF8A8C1DCE8CF2F65
:1008C0000123002AFAD1CCE8423F002AF6D1BFF337
:1008D0005F8F5E4B00F110049B6853F824205C4B43
:1008E0009A423DD08A4249D0DFF87CE1A2EB0E0368
:1008F000472B35D8012743099B0000F01F0003F167
:10090000604303F5614387401E689A46B946C3F8C1
:100910008070BFF35F8FEFF30583DBB21F467BBBB5
:100920000123834022F0010003EA06088668B142F1
:1009300008D181E003EB43030EEB83039E68B142D1
:1009400025D0184690F90630002BF3DAB1424ED08C
:100950005346B8F1000F17D0C3F88091C3F8009048
:100960003A4B9B6843F82420BFF35F8F0023CCE809
:100970008F3F85F3108802B0BDE8F0871A46EFE795
:100980009C42CDD001F084FAC3F88090E8E793F957
:100990000660002E2CDB06EB46000EEB800180008B
:1009A0000190C8798F68D87191F906009F6000287E
:1009B00098714FEA46072EDB8988019841F30A01B6
:1009C00000EB41016FF0070008317144C01A014487
:1009D000C1F34A016FEAC1416FEAD14199801D49D3
:1009E000BB1908780EEB83030E709871B0E70346CD
:1009F0009FB9FF2181714BF601518180154E184638
:100A000037784AF6AA219F717346C01A4041414384
:100A1000090D31709CE71049E0E71049104EC91AE2
:100A20000839C1F30A306FEA00506FEA105046EA05
:100A30005101D98098808BE790F906600346002E1B
:100A4000A9DA002FE9D1024AD8E700BF00ED00E0A3
:100A5000110100103FEE022001BDFFFF5E250020C6
:100A600000F8FFFF459102200C2500202DE9F04100
:100A7000EFF30583DBB29E46EFF3108572B62F4984
:100A8000D1E8CF2F0123002AFAD1C1E8423F002A42
:100A9000F6D1BFF35F8FDFF8B48040F00106D8F8DD
:100AA00008704AF6AA2357F82E700446244AA41A5E
:100AB000644163431B0DB7425BB226D092F90640F6
:100AC0009C4228D092F912409C422FD092F91E40AD
:100AD0009C422DD092F92A409C422BD092F936406C
:100AE0009C4229D092F942409C4208BF052413D071
:100AF000144A002492F800C0137080F806C0C1E8C0
:100B00008F4F85F31088BDE8F081D8F808200E4C8F
:100B100042F82E40ECE7002404EB440402EB84028C
:100B2000FF2494714BF601549480E1E70124F3E72C
:100B30000224F1E70324EFE70424EDE745910220C6
:100B40000C2500203FEE02201101001000ED00E016
:100B500000B5DFF824C083B0014605230022CDF89C
:100B600000C00448FFF7B8FC0028A8BFC0F133005C
:100B700003B000BD44EE0220EC880010014B0B4492
:100B8000036070473C91022070B5104C104DAC4290
:100B90000ED2FF26236863B1FFF7E0FC0146204632
:100BA000FFF7ECFFA680BFF35F8F0834AC42F1D3B0
:100BB00070BDFFF7D3FC01462046FFF7DFFF26712B
:100BC000BFF35F8F0834AC42E4D370BD082C002023
:100BD000182C002010B50446FFF7C0FC0146204643
:100BE000FFF7CCFFFF232371BFF35F8F10BD00BF62
:100BF00010B504460120FFF7BDFC034B03442360FE
:100C0000BFF35F8F10BD00BF3C910220024B0B442D
:100C10000360BFF35F8F70473C91022010490B685F
:100C2000EFF3108072B6D3E8CFCF0122BCF1000FF2
:100C3000F9D1C3E84C2FBCF1000FF4D1BFF35F8FA3
:100C4000084A4FF0000C1378096801331370C1E8AB
:100C50008FCF80F3108840BF00200021704700BF75
:100C600014C1022041EE02202DE9F04F2DED028B40
:100C700085B0EFF30583DBB2103B9A0818BF012261
:100C80004FF0010103F0030B18BFA94CA94B08BF9B
:100C9000A94C0BEB820253F8225001FA0BF204F537
:100CA00041539FEDA18B02925A602FE0AB8819044B
:100CB00040F19480AB79002B40F0DE80B5F90860FC
:100CC000002EC0F21C816B6906EB460603EBC603DF
:100CD000D3E90267B7F1FF3F08BFB6F1FF3F0ED07F
:100CE00004EB8B01A36A0A69D21AF31A934205D363
:100CF0000123226A03FA0BF3134200D10E6120464E
:100D000000F0EEFBB042B941C0F2F980B5F90860DD
:100D1000029B002EE363C9DBD5F8149006EB460A6C
:100D200009EBCA07BB682046D7F80C80019300F096
:100D3000D7FB019B984271EB0801B7DBB8F1000FBC
:100D4000C0F2C080D7E904317C4A934200F0F880B9
:100D50007A88B5F9080092B242EA00409847024604
:100D60000B4652EA030100F0AD80002B80F2CD80EB
:100D70000199B1EB020E68EB030839F93A30C7E983
:100D800002E8002B92DB686903EB430200EBC2022E
:100D9000D2E90271BE4578EB010C4FEA430285DBD4
:100DA000AC462CF8083F06E003EB430100EBC10121
:100DB0005A00D1E90271BE4578EB01011A4405DB06
:100DC00030F9323000EBC20C002BEDDA29F83A3062
:100DD000ACF80060AB8819043FF56CAF2B69EFF3FA
:100DE000108272B6D3E8CF0F01210028FAD1C3E8F0
:100DF000401F0028F6D1BFF35F8F4FF6FF76A8881B
:100E00000023296900B2AE80C1E88F3F82F31088C9
:100E10009842FFF64FAF0746A1466E6905F10808F4
:100E2000B5F9083007EB470E002BC44606EBCE029F
:100E300015DBD2E90240AA46019704E036F93530C5
:100E40009446002B09DB03EB430506EBC502D2E910
:100E50000271BC4270EB0101F0DA5546019FACF81B
:100E6000007036F93E7026F83E30002FD8DAAB79A4
:100E70004C46002B3FF422AF0023AB71B5F908605C
:100E8000721C33463BD0686905F1080E03E08E46BC
:100E90005A1C3FF415AF03EB430200EBC2014F882D
:100EA0009C463F0430F93230F1D5664581ED028B26
:100EB000EED0AEF800302989664620F83210A5F849
:100EC00008C0E5E739F83A302B812B69EFF310823F
:100ED00072B6D3E8CF0F01210028FAD1C3E8401F32
:100EE0000028F6D1BFF35F8F6B88296929F83A3063
:100EF00000236E80C1E88F3F82F31088D6E640BFA2
:100F000005B0BDEC028BBDE8F08F20460393019243
:100F100000F0E6FA019A039B10EB020E43EB010886
:100F20002BE700BFAFF30080FFFFFFFFFFFFFFFFD6
:100F300000800B40ECBB022000000B40690C00104D
:100F400008460B69039198470028BBD00399D1E963
:100F5000002306E738B5384B1C692CB1BDE8384092
:100F60000A213648FFF70ABE0321354800F0A6FAE9
:100F7000334D314BDD60FFF7F1FA324A4FF0504EFE
:100F8000024403202C4B4FF00F0C18701A61DEF84E
:100F900000204FF6FF715A705A69A3F802C01483FB
:100FA0004FF00204A2F848404FF00404A2F8784041
:100FB0004FF00504A2F890404FF00604A2F8A840B4
:100FC0004FF00704A2F8C0404FF00904A2F8F04027
:100FD0004FF00A04A2F808414FF00B04A2F8204198
:100FE0004FF00C04A2F838414FF0010414864FF082
:100FF0000804A2F8D840144C4FF00D0E4FF00E0C20
:101000009C6008249980A2F850E1A2F868C1A2F877
:10101000600011800D4A2C620D49D360FFF732FB4E
:1010200001210320FFF7ECFA0A4B0A211C64034854
:10103000BDE83840FFF7A2BD7825002014C102208A
:1010400000000B403C910220FFFF1000ECBB02208F
:10105000690C001000200B400048704778250020E4
:10106000F0B583B09DF828401D46034654B9CDE93C
:10107000000200F03DFA019A009B824265EB0101FB
:10108000A1425BDB1969EFF3108072B6D1E8CF6F34
:101090000124002EFAD1C1E8464F002EF6D1BFF34D
:1010A0005F8FB3F902401F69002C3EDBD3F814C0F8
:1010B00004EB440E3CF83E10002659800CEBCE01A8
:1010C000C7E88F6F80F310884888C1E90225013096
:1010D000C0F30E00012838BF0120089A48800A6139
:1010E000099A40EA04404A611A69EFF3108172B626
:1010F000D2E8CF7F0125002FFAD1C2E8475F002F49
:10110000F6D1BFF35F8F9A882CF83E201A699C8035
:10111000C2E88F6F81F3108801211C78DA68A14042
:1011200002F50153596003B0F0BD0023C7E88F3FBB
:1011300080F310884FF0FF3003B0F0BD204603B0BD
:10114000F0BD00BFF0B516461F4602690346EFF337
:10115000108072B6D2E8CF4F0121002CFAD1C2E83C
:10116000441F002CF6D1BFF35F8FB3F902101D6945
:10117000002945DBD3F814E001EB41023EF8324090
:101180000EEBC20C5C800024C5E88F4F80F3108802
:1011900005983546CCF8100006983E46CCF8140069
:1011A000BCF80200CCE902560130C0F30E00012861
:1011B00038BF0120ACF8020040EA0140D3F810C06B
:1011C000EFF3108572B6DCE8CF7F0126002FFAD14D
:1011D000CCE8476F002FF6D1BFF35F8FB3F804C0A0
:1011E0002EF832C099801A69C2E88F4F85F31088B3
:1011F00001211C78DA68A14002F501535960F0BD65
:101200000023C5E88F3F80F310884FF0FF30F0BD1A
:1012100003464089B0EB214F3ADD58690A1402EBCE
:10122000420210B5D3F810C000EBC200EFF3108EED
:1012300072B6DCE8CF4F0122002CFAD1CCE8442F63
:10124000002CF6D1BFF35F8F428889B292B28A42F6
:1012500007D000221B69C3E88F2F8EF3108800206F
:1012600010BD6FEA42426FEA5242428001210022E1
:1012700018699971C0E88F2F8EF3108893F800C019
:10128000DA68084602F5015301FA0CF1596010BD05
:1012900000207047407870472DE9F04383B0064640
:1012A00000F026F94FF47A7304464FF0FF306FF0E8
:1012B0000042E6FB0341A04272EB01033ABF044641
:1012C00015460D46A61F45F1FF37B44275EB0703DF
:1012D0003CBF0026374600F00BF9301A67EB0101DE
:1012E000012871F1000106DA2046294603B0BDE865
:1012F000F04300F037B900F0FBF8864267EB0101DC
:1013000000290ADB00211D4B324600931C483B4656
:101310000191FFF717FF0130E6D04FF0000E194A98
:10132000DFF868C01849536A9F4204D8906AB042F7
:10133000DAD29F42D8D1DCF80030EFF3108072B6D9
:10134000D3E8CF9F5FF00108B9F1000FF8D1C3E8EF
:10135000498FB9F1000FF3D1BFF35F8F0B785FFABC
:1013600083F8DCF80030C3E88FEF80F3108808784A
:10137000804500D120BF20BFD5E700BF1D0C001065
:101380007825002000000B4041EE022014C102200D
:10139000F0B5024685B0EFF30585EDB2002D61D1C1
:1013A0000B46424CD4E90001994208BF90424AD012
:1013B000CDE902233E4BDF681E78384600F090F8F6
:1013C00006F1040C57F82CC0029A039BACEB000CFE
:1013D000101A63EB0101604571F1000133DACDE9C8
:1013E000022300F085F8029A039B824263EB01011D
:1013F000002949DB2F492E4800910195CDE90232A1
:10140000FFF7A0FEDDE90232011E3DDD2A48C4E9F6
:101410000023446A9C4246D3806A904241D32448C8
:10142000CDE90232FFF7F4FE2349029B486A984255
:101430001CD314BF012000208B6A039A934228BF5B
:1014400040F001000CE020BF1B49486A98420DD3D0
:1014500014BF012000208B6A934228BF40F0010096
:1014600005B0F0BD1448436A8B4202D2002005B09B
:10147000F0BD14BF01230023816A914234BF184696
:1014800043F0010005B0F0BD0B49486A9842EDD326
:10149000C01A18BF01208B6A934228BF40F0010098
:1014A000DEE79C42BBD120BFB9E700BF702500201A
:1014B000782500201D0C001000000B4010B4054BD7
:1014C000054C064AA04214BF1846581C10BCFEF733
:1014D000D7BF00BFA4B2022000800B4008890010D3
:1014E0000346416A0A46986A596A8A42FAD17047A5
:1014F000034B596A0A46986A596A9142FAD1704771
:1015000000000B4000B58E46154A536A9C46916A0E
:10151000536A6345FAD1401853EB0E034FF00002B3
:1015200028BF0122BAB10E4B5A6A531C08BF10469D
:1015300008D04FF0FF33184609494A6A9A42FCD353
:101540009A4207D1064B02E0596A914202D1996A48
:101550008142F9D300BD024A526A9342ECD8EFE7C8
:1015600000000B40074A536A9942FCD8994207D1C0
:10157000044B02E05A6A914202D19A6A9042F9D829
:10158000704700BF00000B4030B50D4683B01946D0
:1015900004460192FFF7F2FA0023019A2946E281FC
:1015A000A581A360501C00F0F5FE6060003818BFF4
:1015B000012003B030BD00BF70B504464FF0000EEF
:1015C000214D0BE02B782268DBB2C2E88FEF86F367
:1015D00010882A78934200D120BF20BF2368EFF300
:1015E000108672B6D3E8CF0F01220028FAD1C3E8E3
:1015F000402F0028F6D1BFF35F8FB4F80EC02089CA
:1016000063890CF10102C31A1A4433EA230328BF89
:1016100013466345D6D0A289636802FB003007F009
:101620008FF800212389E28901339BB29A4238BFA7
:101630000B462A78238101322A702268C2E88F1F64
:1016400086F3108840BF70BD41EE022070B504469D
:10165000244D2368EFF3108672B6D3E8CF0F012232
:101660000028FAD1C3E8402F0028F6D1BFF35F8FDE
:10167000B4F80AC02389B3EB0C030DD48BB92A78D4
:101680002068D2B2C0E88F3F86F310882B789A4248
:1016900000D120BF20BFDCE7E28901321344002BD8
:1016A000EDD041B10846A289616802FB0C1107F038
:1016B00047F8B4F80AC0E3890CF1010C1FFA8CFC5E
:1016C000634538BF4FF0000C2B78226801332B7034
:1016D000A4F80AC00023C2E88F3F86F3108840BFF9
:1016E00070BD00BF41EE022070B5044682B00620F6
:1016F0000E4600F0EFF8002844D0384A38489442AB
:1017000014BF4FF080624FF00062364B36490260E2
:101710001A608D6832EA0505FBD1304A4FF48070BB
:10172000A21AB2FA82F23149520921F812000620B7
:1017300000F0D0F8C200B2FBF6F20132D10923D199
:10174000402601236362A162256BEB0725D4234663
:10175000002153F82C2F062003F5805211602563D9
:10176000019200F0B7F840F2013503218000B0FB90
:10177000F6F0E36A019A83F0700303F07E031360CE
:101780002563A16402B070BD4FF6FE7081421DD981
:1017900029464FF6FF73164ED4E740F2013204F5A6
:1017A00040531A63636AA26A062002EB8312019215
:1017B00000F090F80F4B019AA3FB00139002DB0A94
:1017C000B0FBF3F00021FFF79DFEC0E7C2F3450236
:1017D0000B4602EB81161146B4E700BF00800740BC
:1017E00000200240003002400000024020EE0220B3
:1017F000C0FF3F00757B2B8F00EB400C4FEA8C0C39
:101800000CF1804C0CF5803C70B51E46DCF80430C1
:10181000041FB3F5803F38BF4FF48033E4B238BFC4
:10182000CCF80430012C2ED94FF40065284B0CF570
:10183000405ECEF8005053F820E0BEF1000F17D103
:10184000DCF800E0012C8EEA421202F0E0020CF516
:10185000805ECEF800202BD94FF4006143F8206061
:101860004FF480330CF500521160CCF8043070BD99
:101870005D69B5FBFEFE0EF1010E0EEB4E0EBEF1E4
:10188000030EFCD2DCE70129CED103240CF5405332
:101890001C60DCF80830DB07FBD5DCF800300CF509
:1018A000805E83EA421303F0E003CEF80030084B79
:1018B0000122DCF800404C4004F00304CEF8004064
:1018C00002FA01F1DCF808200A42FBD0C4E700BFAD
:1018D000ACB20220014B53F820007047ACB202209A
:1018E0002DE9F041584C0646206C1746B0F5803F74
:1018F00038BF4FF480320B464FF0030184B038BF3D
:101900002264524A504CD163626CD207FCD5E26B20
:101910004F4982F0200202F0E002CA63E26B4A4CB7
:1019200082F0010202F00302CA63626C9507FCD5E3
:101930004FF400614FF48038464A474DD163474A1F
:1019400003936A6101213246C4F8408044480097FD
:1019500000F046F94FF40061039B07FB03F3B6FB6D
:10196000F3F6636B434538BFC4F83480374B2A69BC
:1019700019633AB16B69B3FBF2F3013303EB430331
:10198000033BFDD23049324A0B6B03F0E003136393
:101990000B6B83F0020303F0030313638B6B580795
:1019A000FCD54FF400644FF480332A4A14632D4A67
:1019B0004B632A610A6C244C9A424FF0030238BFF1
:1019C0000B64224BDA63636CDA07FCD5E36B204AC5
:1019D00003F0E003D363E36B1B4983F0010303F0DF
:1019E0000303D3634B6C9B07FCD54FF480334FF458
:1019F0000064184A6E61D4630B64CA6C9A4238BFA3
:101A0000CB644FF40061114BAA6999643AB16B69D8
:101A1000B3FBF2F3013303EB4303033BFDD24FF47B
:101A200000604FF48031084A094C936C83F0400306
:101A300003F0E003A364074B084CAC619864D164E5
:101A400004B0BDE8F08100BF00000140003001405B
:101A50000010014000200140ACB20220006CDC020A
:101A600000000540001BB7002DE9F04F4FF4A078AF
:101A7000964685B00391DFF8649156490193494534
:101A80000AD908F1FF38A1F53B51B8F10F0FA1F1C8
:101A90002001F4D1002066E0072301F537220291EE
:101AA00003FB03F102F5D872B2FBF1FA82454FF065
:101AB000010C4FF002074FF003064FF004054FF002
:101AC00005043FD0B3F1010A00F082800AFB03F164
:101AD000B2FBF1FB584549D01CB303FB04F1B2FB48
:101AE000F1FB58454BD0E5B105FB03F1B2FBF1FB2F
:101AF00058454DD0AEB106FB03F1B2FBF1FB5845A2
:101B00004FD077B107FB03F1B2FBF1FB584551D041
:101B1000BCF1000F05D00CFB03F1B2FBF1FB8345D8
:101B20004DD0534603FB03F1B2FBF1FA824504F1B9
:101B3000FF3405F1FF3506F1FF3607F1FF370CF1F1
:101B4000FF3CBFD101FB10210029BBD172461F46CB
:101B5000DDF80CA00120204901FB08F1CAF80010B3
:101B60001360019B1F6005B0BDE8F08F01FB1021E1
:101B70000029B1D157467246DDF80CA0EAE701FB17
:101B800010210029AFD172462746DDF80CA0E1E70D
:101B900001FB10210029ADD172462F46DDF80CA0C3
:101BA000D8E701FB10210029ABD172463746DDF89A
:101BB0000CA0CFE701FB10210029A9D1DBE701FB35
:101BC00010210029ADD172466746DDF80CA0C1E7AF
:101BD000029956E750262F00001BB70050F80C0062
:101BE00010B5029C8E464FEA043C4CEA034C1C4B59
:101BF000B3FBF1F30168B2FBF3F4002920DB194ACF
:101C0000194B904214BF4FF480424FF400421749E1
:101C10001A6003F580531A608B6832EA0303FBD124
:101C2000212200F540530433C0F800E084601A60BC
:101C30000268002AFCDA0822C0F80CC01A6010BD45
:101C4000036803F03F037345D9D18368C3F30B03E3
:101C5000A342D4D1C36803F4EE236345CFD110BDB2
:101C6000001BB70000800540002002400000024039
:101C70000A4B0B490B4A5960D3681904FCD40A4B30
:101C8000D26843EA00130949534009481940054AFC
:101C9000C160D3681B04FCD4704700BF0020104013
:101CA0000020FE5A000010400000FE5AF001FE5ACB
:101CB000001010404FF0804C214B00B5C3F800C01D
:101CC000002839D0DFF888C0A3F54053C3F81CC002
:101CD000DFF880C040F0010080EA0C0CC3F820C09F
:101CE000596298624FF0804E4FF0E061144B1548F6
:101CF000DFF864C0C3F800E0C0F808C019602AB972
:101D00004FF00042A3F580531A6000BD4FF47A7380
:101D100003FB02F2B2F1807F2ABF6FF07F431346CC
:101D20001A464FF08041DFF834C00748CCF8003045
:101D3000064B4260196000BD034BD861D2E700BF7B
:101D400000B00D4000A0014000800D4000A00D40FB
:101D5000D3C007B02D3FF84FF3FFFF01DCB70220DF
:101D6000012300EB4000800000F1804000F584106A
:101D700041600360704700BF4FF0000C30B5134660
:101D800083B004460D46BCF81620002141E800F15E
:101D900001934B0254BF1021042144F2522090477A
:101DA00086462A460A212046F446019B03B0BDE838
:101DB000304060470023DB8A002242E800F25202F2
:101DC00001D4102118470421184700BF024608B566
:101DD00068B190FAA0F2B2FA82F241F02001002339
:101DE000DB7C022B06D04FF48170FFF7C5FF8B061A
:101DF000F9D5F4E74FF49170FFF7BEFF002808B55E
:101E00000EDB52B941F020010023DB7C022B0AD00B
:101E100002464FF48170FFF7AFFF41F03001F3E766
:101E20008B06F5D5F0E702464FF49170FFF7A4FF5B
:101E3000034AD2F82838002BFBD0BFF35F8F7047DE
:101E400000000E400021044B044ABFF35F8F43F8AB
:101E5000041B9342F9D170470C080E402C080E4029
:101E60004FF42A6C4FF48D70054A064B0649C2F8B0
:101E700000C0D06019605368002BFCDA704700BFC7
:101E80000080044000A0044000B0FA00704700BF8A
:101E900008B50148FEF7C0FA2C89001038B5054C8A
:101EA000054DAC4204D254F8043B9847AC42FAD3F7
:101EB00038BD00BF90870010D487001038B5054C9E
:101EC000054DAC4204D254F8043B9847AC42FAD3D7
:101ED00038BD00BFBC870010D48700100648DFF86B
:101EE00028C0064B064A0749C0F800C01A608B6834
:101EF00032EA0303FBD17047002002400030024069
:101F0000F6FFF303000002407F3BEFEF044BDB6C76
:101F1000B3F5004F03D14FF48022024BDA647047CF
:101F200000001150002011504FF0E022044BD2F875
:101F3000881D0B43C2F8883D10EE3004704700BF87
:101F4000030330006FF06041044B054A1960936849
:101F5000DB4333F06043FAD1704700BF00300240EA
:101F60000000024010B545F25320FFF723FFBDE803
:101F7000104003460420184710B545F25320FFF7E0
:101F800019FFBDE81040034601201847FEF70CBBBF
:101F90001349144B70B55C1AA508442D2A4628BF76
:101FA0004422114E9200304606F0CAFB432D13D84E
:101FB0000E4A0FD0C5F144003319410803EBC101AB
:101FC000C3E9002208338B42FAD1C30704D520F0BD
:101FD0000100054446F82520054B9E6070BD00BFFA
:101FE000000000101001001000000020110100107E
:101FF00000ED00E0002370B52B4C82B0C4F88430B3
:10200000FFF72EFF0122294BDA63636C012BFCD111
:102010000321264A244B11639C6B012CFCD1022620
:10202000052521460523224A22480096FFF7D8FDC0
:1020300021462B46204A21480095FFF7D1FD00227A
:10204000042031461E4BFFF7D7FB214628460022CD
:102050001C4BFFF7D1FB0022082011461A4BFFF75B
:10206000CBFB002209201146174BFFF7C5FB0022CE
:1020700006201146134BFFF7BFFB0022114B072030
:102080001146FFF7B9FB0420FFF724FC00240F4B97
:10209000A3FB0035AD0CE0B229460134FFF760FE2A
:1020A000062CF8D102B070BD0000014000300140A4
:1020B000002F685900000540008C864700800540CD
:1020C000001BB70080D1F008006CDC0283DE1B43EC
:1020D00086B003B451FC0804CDE9020151FC0904A7
:1020E000CDE9040151EC0A04CDE9060103BCF04737
:1020F000BDE800504EEC00C4BDE800504EEC01C4F9
:10210000BDE800504EEC02C400BD000000B5FFF772
:10211000DFFF02E010FE30F4F8D441EC100443EC91
:10212000112400EE010410EE010480EE200451ECB5
:102130001004704700B5FFF7CBFF02E010FE30F44B
:10214000F8D441EC100443EC112400EE010410EE2D
:10215000210480EE200451EC3004704700B5FFF7F5
:10216000B7FF02E010FE30F4F8D410B541EC1004D3
:1021700043EC112451EC040453EC0524A0FB024C65
:102180005FF0000EE0FB03CEE1FB02CE4CEC2044FE
:102190000024E1FB03E444EC30E480EE200451EC45
:1021A000500410BD00B5FFF793FF02E010FE30F4BD
:1021B000F8D441EC100443EC112451EC2104A0FBB1
:1021C00001126FEA820252FB100052FB12F252FB24
:1021D0001000A0EBD07C53EC04245CFB13F153EC17
:1021E0001524A1FB022001FB030053EC4424A2EBC5
:1021F000000050FB1CF24FEA111312EB017043EB8D
:10220000E27140EA515020EA915020F0070053EC6F
:102210007524A0FB023C53EC752400FB03CC01FBAE
:1022200002CC53EC0424ACEB824C40EA5C70A0F18D
:10223000010041EC400480EE200451EC7004704732
:1022400000B5FFF745FF02E010FE30F4F8D440EC93
:10225000700400EE010410EE210480EE200451EC25
:102260003004704700B5FFF733FF02E010FE30F492
:10227000F8D440EC600400EE010410EE210480EE7E
:10228000200451EC3004704700B5FFF721FF02E055
:1022900010FE30F4F8D441EC800400EE010410EE9E
:1022A000010480EE400410EE1304704700B5FFF700
:1022B0000FFF02E010FE30F4F8D441EC800400EE91
:1022C000010410EE010480EE400410EE3304704768
:1022D00000B5FFF7FDFE02E010FE30F4F8D441EC4B
:1022E000100443EC112400EE010410EE3004C0F39E
:1022F0000070704700B5FFF7EBFE02E010FE30F40F
:10230000F8D443EC102441EC110400EE010410EE6B
:1023100030F48CBF01200020704700BF00B5FFF7EC
:10232000D7FE02E010FE30F4F8D443EC102441EC68
:10233000110400EE010410EE30F42CBF0120002047
:10234000704700BF00B5FFF7C3FE02E010FE30F497
:10235000F8D441EC100443EC112400EE010410EE1B
:1023600030F42CBF01200020704700BF00B5FFF7FC
:10237000AFFE02E010FE30F4F8D441EC100443EC60
:10238000112400EE010410EE30F48CBF0120002077
:10239000704700BF70B504460E460B4806F0F4F9CE
:1023A0003146204605F0E0F90546074806F0BCF93D
:1023B00035B106FB0454054B9C4201D8284670BD3C
:1023C0000348FEF729F800BF082C00200000082071
:1023D00038890010704700BF2DE9F04F83B00F46D9
:1023E0001146DDE90EB292079846DDE90C930646E8
:1023F00029D00D469BB109EB030405EB040A0195B6
:102400000D460D93AAEB040214F8010D434639461C
:10241000B047A145F6D129460D9B019D1D440F9B58
:102420009B070CD56C1AA34509D92A464346394661
:1024300020200134B0475C4505F10105F5D328465D
:1024400003B0BDE8F08F5B4515D28A461C4689462D
:10245000ABEB03050D4452464346394620200AF1B2
:10246000010AB047AA45F6D149462346DDF8309027
:10247000002CC0D1E3E70D46002BBCD1DFE700BF45
:102480002DE9F04F0F460F9906469DF82C008D0759
:102490009046DDE90CA299468346099CDDF828C0E8
:1024A0000E9B49D4002B42D1944545D201F0010541
:1024B00004F1FF3E3020E64405E00CF1010C6245DA
:1024C0000EF8010F02D9BCF1200FF6D1002D00F05B
:1024D0008780634530D9601E4FF0300E604405E0C0
:1024E0000CF1010C9C4500F801EF25D0BCF1200F48
:1024F000F6D1CD060ED5480551D4624564D063456A
:1025000062D0BAF1100F4DD0BAF1020F55D0BCF124
:10251000200F2DD12022CDE90B310A924B464246A5
:10252000394630460994BDE8F04FFFF755BF11F02A
:1025300001052ED19445BBD3CD061ED54805E0D468
:10254000BCF1000FD9D1BAF1100F5FD0BAF1020F70
:1025500074D030224FF0010C2270BBF1000F12D169
:10256000480742D52B2204F80C200CF10102D2E7D7
:1025700062460CF1010C3020A054BCF1200FC9D0F0
:10258000BBF1000FECD02D2204F80C200CF101025D
:10259000C1E798B3944503F1FF3389D399E7BAF1C2
:1025A000100FB7D18D063DD5BCF1200FB2D0582207
:1025B00004F80C200CF1010CA9E7BCF1200FA9D004
:1025C00062460CF1010C08E0BCF10102BBD0BAF18B
:1025D000100F35D0BAF1020FCDD16220A05496E78A
:1025E000CD06CAD5480588D58BE70A0749BF202202
:1025F000624604F80C200CF101028CE711F00C0F7C
:1026000000D0013B9445FFF453AF62E78A0613D430
:102610007822227030224FF0020C6270BBF1000F62
:102620009ED0B0E7BCF1200F3FF474AF782204F8DD
:102630000C200CF1010C6AE75822EAE76222E8E775
:102640008D06ACF1020004D54FF0580E04F800E0FE
:1026500091E74FF0780E04F800E08CE700B970477E
:1026600001F01EBC10B1D1E900311847704700BF1E
:102670002DE9F04F97B09DED207BDDE9225B804690
:10268000894651EC170B9A46249B0C9207930246FD
:102690000B468DED047BFFF71FFE002840F0E38121
:1026A000DDE904014FF0FF326FF48013FFF726FEDF
:1026B000002840F0CB80DDE904014FF0FF32B24B3F
:1026C000FFF758FE002840F09F80DDE90467AAA3C9
:1026D000D3E9002330463946FFF74CFE002840F08E
:1026E0008280A7A3D3E9002330463946FFF706FED0
:1026F000002878D13046394600220023FFF7FEFD3E
:10270000002840F098800D90079B302113F4806FD3
:1027100008BF06250EAA2B46A5F1200605E0013BC1
:10272000B34202F8011B00F06581092BF7D81E4661
:10273000ED1ADDE90401FFF7ABFD944B044603EB12
:10274000C60393ED007B8DED087BFFF77DFD024610
:102750000B46DDE90401FFF7F1FCDDE90823FFF793
:1027600001FDCDE90A01FFF7A5FD0746FFF77EFD54
:1027700002460B46DDE90A01FFF7E0FC0022844B2C
:10278000CDE90A01FFF7F6FD002800F08880013747
:102790003846FFF76BFD02460B46DDE90801FFF7FF
:1027A000C1FD08B100270134002E00F088800DF132
:1027B0003703DFF8F0C158190DE0ACFB0721C90859
:1027C00001EB8102A7EB42023032092F00F8012F02
:1027D00040F2FB800F46202D06F1FF3605F1010582
:1027E000EBD1202586E0079B9DED047BCDE923B34B
:1027F0004946534640460C9A8DED207B229517B0F2
:10280000BDE8F04F00F080B9079B494658074CBF20
:1028100004230323404621935346079A48BF5D4C47
:10282000CDE922B258BF5C4C0C9A209417B0BDE899
:10283000F04FFFF7D1BD3B46324600200021FFF7A5
:102840007DFC0123CDE904010D935DE7079B03F0B7
:1028500002029C07049200F0F4800C9F3D464F4E0C
:10286000341D14F8010D2A4653464946C047A64276
:1028700005F10105F5D1049B3C1D63B10C9D631B63
:102880009B4508D922465346494620200134C0477B
:10289000631B9B45F6D8204617B0BDE8F08F002299
:1028A000DDE90A013A4BFFF729FD00287FF47CAFF0
:1028B000002F40F0C2800137002E7FF478AF204611
:1028C000FFF7C2FC02460B46DDE90401FFF736FCC8
:1028D00000222F4B06460F46FFF710FD40B9304649
:1028E000394600222A4BFFF745FD002800F0A18061
:1028F0000DF137032A4859190EE080FB0476C2EB2C
:10290000A60202EB8206A4EB4606303614460135D9
:1029100001F8016F002A47D0202D4FEAE472ECD174
:10292000079A02F00302012A14D1BBF1000F11D063
:102930000D9A002A60D00BF1FF3BBBF1200F09D9A3
:1029400030222B4404E001355D4503F8012F31D2DC
:10295000202DF8D1079B0EACCDE902B3009453466D
:10296000494640460C9A0195FFF736FD044620463D
:1029700017B0BDE8F08F00BF0000000065CDCD416D
:102980000000000065CDCDC1FFFFEF7F288C001057
:102990000000E03F98890010A0890010A88900106D
:1029A00067666666CDCCCCCC079A02F00302012A9A
:1029B00000F09680202DCDD00D9B3BB32D220DEB4A
:1029C000050383F838200135C4E7202D3FF409AF13
:1029D00030212E445A1905E00135202D02F8011F3F
:1029E0003FF4FFAEAE42F7D12E226E44013586F899
:1029F00038207FE720259CE6079A12F00C0F5AD06A
:102A00000BF1FF3BAB459BD8202DA3D0079B5A076A
:102A100006D52B220DEB050383F83820013599E705
:102A20001B0797D520220DEB050383F838200135CD
:102A300090E7013424F001045AE7F9077FF5B4AEBA
:102A400039E7BBF1040F7FF608AF0C9B1D46043B32
:102A500003EB0B072A465346494620200135C04761
:102A6000AF42F7D1FAE6079B03F002029D070492FA
:102A700025D00C9F3D46224EF41C14F8010D2A4629
:102A800053464946C047A64205F10105F5D1049BCE
:102A9000FC1C002B3FF4FFAE0C9D631B9B457FF697
:102AA000FAAE22465346494620200134C047631BF4
:102AB0009B45F6D8EFE6AB453FF642AF4AE7BBF1A0
:102AC000030FD6D90C9B1D46033B03EB0B072A468D
:102AD0005346494620200135C047BD42F7D1C9E7DA
:102AE000BBF1000F3FF466AF0D9A002A84D00BF1C2
:102AF000FF3B5D45FFF424AF202D7FF45FAF29E756
:102B0000A4890010000000002DE9F04F9FB01E4680
:102B1000DDE928ABDDE92B982A9B04460D460B9294
:102B20000A9352465B4650465946FFF7D5FB0028AC
:102B300040F0C680504659464FF0FF327B4BFFF7BE
:102B400019FC002840F0BC80504659464FF0FF3237
:102B50006FF48013FFF7D2FB002840F0B18050469D
:102B6000594600220023FFF7C9FB002840F0DD8111
:102B7000CDE908ABDDE9081218F480600B460F467A
:102B800008F400610C921491159040F0A880134352
:102B900040F0D080002940F0EC8106230A9318F021
:102BA0000202109240F0DD814B46042B38BF042313
:102BB0000E920422043B129214935046594600226E
:102BC0000023FFF79BFB002840F02A829DED087B45
:102BD000149B0B9A03930A9B8DED007B029328F4C0
:102BE00000630493294633462046FFF741FD024621
:102BF00018F0200F334629460CBF6520452002F10E
:102C00000108A047129B0DF1580A03F1FF3B0E9BF0
:102C1000002283EAE37C5046DFF814E10B9FACEB23
:102C2000E37CD90FCDF8208002E0202AC44610D0E2
:102C3000AEFB0C384FEAD80808EB8803ACEB430333
:102C400001303033BCF1090F02F1010200F8013C00
:102C5000EBD805234FF0000C06930A23DDF8208003
:102C6000CDE90121CDE9033CCDF800A03346424631
:102C700029462046CDF814B0FFF702FC109B82468F
:102C8000D3B1A0EB0708C14516D907EB08023346BC
:102C90002946202008F10108A047C145F5D87B1E30
:102CA0004B44C7F10102A3EB0A035244914538BFDC
:102CB00000230AF1010A9A4450461FB0BDE8F08F84
:102CC000334629462046CDE928AB0A9CCDE92B980E
:102CD0000B9A2A941FB0BDE8F04FFFF7C9BC57EA22
:102CE000020329D100293FF45AAF00230E930A9B17
:102CF0000E9A934200F3BA810027504659460022AB
:102D00000023FFF7FBFA002840F015819DED087BBA
:102D100028F4006343F480632C938DED287B3346C5
:102D200029462046CDE92A790B9AD3E7FFFFEF7FAA
:102D3000CDCCCCCC06230A930C9BC3F30A50A0F253
:102D4000FF30FFF781FAB2A3D3E90023FFF70AFAB5
:102D5000B1A3D3E90023FFF7DDF90C9BCDE90E0108
:102D6000C3F3130343F07F5138460022A24B41F4D2
:102D70004011FFF7E3F994A3D3E90023FFF7F2F939
:102D800002460B46DDE90E01FFF7C4F9FFF780FAB2
:102D90000E90FFF759FA8EA3D3E90023CDE90C0179
:102DA000FFF7E0F90022954BFFF7B4F9FFF770FA4F
:102DB00089A3D3E900230746DDE90C01FFF7D2F927
:102DC000CDE90C013846FFF73FFA85A3D3E900238C
:102DD000FFF7C8F902460B46DDE90C01FFF7AEF933
:102DE00002460B46CDE90C23FFF7BCF9CDE91001F3
:102DF000DDE90C0102460B46FFF78CF90022CDE914
:102E00001201DDE910017E4BFFF7D0F900227D4B66
:102E1000FFF780F902460B46DDE91001FFF7C6F91E
:102E20000022794BFFF776F902460B46DDE91001E7
:102E3000FFF7BCF9CDE91001DDE90C2300204FF0CC
:102E40008041FFF77BF902460B46DDE91001FFF7F1
:102E500061F902460B46DDE91201FFF7A7F90022EE
:102E60006A4BFFF757F907F2FF3C00224FEA0C5379
:102E7000FFF778F902460B46DDE90801CDE90C239E
:102E8000FFF73CFA50B1DDE90C010E9B0022013B3B
:102E90000E935C4BFFF78AF9CDE90C01DDE90C01DB
:102EA0000E9B02466333C62B08F002031093149B5B
:102EB0002DD8002B5FD0042312930A433FF417AFA1
:102EC000DDE9080148A3D3E90023FFF73FFA48B141
:102ED000DDE9080146A3D3E90023FFF70FFA002834
:102EE0007FF405AF0A9B002B51D0159A002A00F001
:102EF000AC80013B0A93129B994505D9109B002B8E
:102F000000F0AF80022310930023149344E02BBB06
:102F1000B9F1050F4FD908F00203002B49D1052361
:102F20001293A9F1050314933AE00BF10043CDF895
:102F300020A009931EE628F4006343F48063204632
:102F4000CDE92A792C933346DDE9086734462946D2
:102F500007F10045CDE928450B9ABBE605231293FE
:102F6000ABE70222002310920422149312920E93D4
:102F700023E60527C1E6B9F1040F1FD9109B002BEA
:102F800077D104231293A9F10403149304E0129B54
:102F900099455FD80A9B14930E9B002B3FF40DAE0E
:102FA000DDE90801DDE90C23FFF700F9CDE90801AF
:102FB00003E60223109305231293F1E704231293EF
:102FC000EAE700BFAFF3008061436F63A787D23F9A
:102FD00071A379094F930A401655B5BBB16B0240F6
:102FE000EF39FAFE422EE63F2D431CEBE2361A3F44
:102FF0000000000080842E410000F83F0000E03F08
:1030000000002C4000002440000018400000F03F69
:10301000FB799F501344D33FB3C8608B288AC63FC7
:10302000149BDDE908A703930A9B07F1004B029369
:1030300028F400630B9A0493294633462046CDE9D1
:1030400000ABFFF715FB0246D2E5129B994515D858
:103050001492A1E7109B23B10A9B149302231093AF
:103060009AE7129BA9EB0303149395E79B1A5F1E43
:1030700043E604231293022310938DE7109B002B49
:10308000EFD002231492109386E700BF2DE9F04F92
:1030900091469A4C9A4AB1F1000A9BB018BF8346F8
:1030A00014601878974ADDF8908008BF934600288E
:1030B00000F08A821D460026CDF8209008E03246B6
:1030C0005146089BD84701362878002800F0C78071
:1030D000252805F10105F2D100222B4613F8011B2A
:1030E000A1F1200010280AD8DFE800F03F09093BD1
:1030F0000909090909090937093309092F00A1F14B
:103100003000092840F289802A2900F0E980002453
:103110002E2900F094800027A1F1680012282CD8F5
:10312000DFE810F04E012B0049012B0040012B007D
:103130002B002B002B002B002B002B0027002B003B
:103140002B002B002B002B0027001D4642F0010214
:10315000C3E71D4642F00202BFE71D4642F00402EB
:10316000BBE71D4642F01002B7E71D4642F00802D9
:10317000B3E7697842F48072013367291D467ED82F
:10318000242940F2B880A1F12503422B00F2B3803C
:10319000DFE813F05101B100B100B100B100B1009E
:1031A000B100B100B100B100B100B100B100B10097
:1031B000B100B100B100B100B100B100B100B10087
:1031C000B100B100B100B100B100B100B100B10077
:1031D000B100B1001E013A011E01B100B100B10001
:1031E000B100B100B100B100B100B100B100B10057
:1031F000B100B100B100B100B100B401B100B10043
:10320000B100B100B100B100B100B100B100B40132
:103210005801B4011E013A011E01002404EB84048C
:1032200001EB440419781D46A1F130000928A4F1EE
:10323000300403F10103F1D92E297FF46CAF6978D2
:103240001846A1F13007092F42F4806240F225812F
:103250002A2900F032811D46002701335CE73446FD
:10326000DDF82090B14501D809F1FF364B463246D2
:1032700051460020D84720461BB0BDE8F08FA1F191
:103280006903DBB20F2B36D8012049F2410C98407C
:1032900010EA0C0040F0F4800A2B35D0072B2AD11D
:1032A00058F8041B002940F0108122F0100412F499
:1032B000806144F0210400F00A8112AA08230593DA
:1032C0001023CDE90020324606940497039300238F
:1032D000029351465846089BFFF7D2F80646F3E69C
:1032E00058F8044B6978002C1D46BCBF42F002021E
:1032F000644201330CE70846E1E600BF8D30001060
:10330000D8B70220D523001058F8049B002F99F855
:10331000000014BF3B464FF0FF33002800F08283CB
:10332000494603EB090C04E011F8013F002B00F0C3
:1033300043818C45F8D1ACEB0901530540F1208164
:10334000B94228BF394612F0020300F083820223FB
:10335000CDE9094832468846089C37440B9307E07C
:1033600023465146D84719F8010F013610B13246AD
:10337000B742F5D10B9B4146099CDDF82880002B14
:103380003FF4A2AE37468C427FF69EAE2644089CA0
:10339000761A3A462346514620200137D847B7428D
:1033A000F7D191E669786C297FF4E4AEA97842F40C
:1033B0004072EB1CE1E6697842F400720133DCE60E
:1033C0006978682900F0FB8042F080020133D4E67E
:1033D000672900F0C980472900F0CD80452900F019
:1033E000CC80CDE9034208F10708029728F00708CE
:1033F0003246F8E802675146CDE900675846089B17
:10340000FFF782FB06465FE6462908BF42F020022E
:10341000CDE9034208F10708029728F00708324671
:10342000F8E802675146CDE900675846089BFFF768
:103430001FF9064648E6324651462520089BD847E4
:10344000013641E608F104039207099306F10107EA
:1034500040F1C3803246514698F80000089BD84797
:10346000012C40F2B4812644089C3A46234651463A
:1034700020200137D847B742F7D1DDF8248023E672
:103480006F2974D040F24182782900F086814FF094
:103490000A0922F010024B4638E0002707EB8707A5
:1034A00001EB4701A1F1300710F8011FA1F1300332
:1034B000092BF3D90546431C2EE658F8047BA9785E
:1034C00002356B1C27EAE77726E642F0210412AAB0
:1034D000944602E020283FF4F1AE01F00F03092BDF
:1034E00094BF303337330F298CF8003000F10100DE
:1034F0000CF1010C4FEA1111ECD8DFE6582966D027
:10350000622940F089804FF002094B4612F4806C2A
:1035100000F0D48022F00D02099212F4007140F004
:103520007B8112F4807008F1040940F03882510662
:1035300040F13A8198F80010002940F04A81099A38
:1035400022F010020992BCF1000F00F042810846FF
:1035500012AA0999CDE90337CDE90541019000236D
:10356000009202933246A1E042F4006239E74FF044
:1035700008094B46CAE742F4006242F0200230E7F5
:1035800012F0020300F08C810223CDE909481F46A6
:103590008846089C324623465146D84719F8010F01
:1035A00001360028F6D13B464146099CDDF82880CB
:1035B000002B3FF489ADE5E6A1EB0901BDE6A97852
:1035C00042F0C002EB1CD8E5044606464AE64FF03E
:1035D000100942F020024B4698E7012C40F2F1809E
:1035E000374606F1FF39CDF82880DDF82080A14468
:1035F0003A464346514620200137D8474F45F7D138
:10360000DDF828803A4698F800005146089BD847D4
:103610002644DDF8248057E512F4806300F0C18071
:103620004FF4806322F0110010F4007E4AD110F4B0
:10363000807C08F1040940F03781410600F1A9803F
:10364000020640F1E381B8F9002082EAE271A1EBC1
:10365000E2711FFA81FED10F0991002A00F05F810B
:10366000734612AA9646DFF8A0830A9403E0BCF1E1
:10367000200F23460FD0A8FB0314E40804EB8401B9
:10368000A3EB41010EF1010E3031092B0CF1010CBD
:103690000EF8011CEBD80A9C099B0092CDE901C3EE
:1036A0000A233246CDE90540049703935146584614
:1036B000089BFEF7E5FEC846064605E522F00C022B
:1036C00009922AE708F1070828F00708D8F804202B
:1036D00058F808CBD10F5CEA020E6CD0002A634682
:1036E00002DA5B4262EB42029146099312AA9446C7
:1036F0004FF0000ECDE90A18CDE90C470E960F9257
:1037000003E0BEF1200F3B4630D04FF0CC3213EB3C
:103710000901BD4F41F10001A7FB014626F003045A
:1037200004EB9604091B5C1A02FB04F63A4669F1A5
:10373000000802FB08660522A4FB077407F00108D5
:103740002644A8FB024864180A2B0CF1010C4FEA2E
:10375000570704F1300479F100090EF1010E0CF85D
:10376000014C47EAC6774FEA5609CAD27346DDE9EB
:103770000A18DDE90C470E9E0F9ACDF824E0CDE93A
:1037800001310A230092CDE90540324604970393A4
:103790009FE598F8002096465DE74FF010094B46EC
:1037A000B4E622F010003FE711064CBFB8F8001055
:1037B000D8F80010C0E6002B40F0428199460993EA
:1037C00094E73246514698F80000089BD8473E4699
:1037D00053E6099A0A9412F0200F14BF4FF04108E3
:1037E0004FF0610812AA9446A8F10A0802E02028C6
:1037F00071460FD0B1FBF3FE03FB1E14092C94BFDE
:103800003034444499428CF8004000F101000CF13E
:10381000010CECD20A9C9CE608F1070828F0070886
:10382000D8F8042058F8081B0A920A438E467BD128
:10383000099A22F010020992BCF1000F74D0002006
:1038400012AA0999CDE90020CDE905413246CDE91A
:1038500003373CE58C4298BF01317FF679AD4FF4D8
:103860008063CDE909949946A2190B97089F541AD1
:1038700032463B46514620200136D847A642F7D172
:10388000DDE90A474B46DDF8249099F8000000284E
:103890003FF41AAC611C002B3FF477AE002357E5D0
:1038A0008C42DED8013170E6D8F80020D10F002A12
:1038B00000F0B38082EAE273A3EBE27312AA9446AB
:1038C000CDE90914DFF8408103E0BEF1200F234663
:1038D0000FD0A8FB0314E40804EB8401A3EB41011F
:1038E0000CF1010C3031092B0EF1010E0CF8011C0A
:1038F000EBD8DDE909140A230092CDE905403246F0
:10390000CDE901E104970393D0E6692922F0100084
:1039100040F0918012F480633FF486AE80E6002B85
:103920003FF49FAE12AAB7E6099ACDE90B8412F0D4
:10393000200F14BF41216121CDE90D76CDE90F3B68
:10394000CDF844A00027F0460A9C12AE0DF1480BBA
:10395000A1F10A0A03E0202F80460C4613D021462D
:103960004A460023404604F007FFD2B2092A94BF1A
:1039700030325244C84574F10004327007F1010737
:1039800006F10106E7D23846DDE90B845A460E9E61
:103990000D9F0F9BDDF844A0DDF840B051E7D8F84B
:1039A00000E0BEF1000F0DD122F010020992BCF12F
:1039B000000F07D012AA0998CDE90337CDE90540D9
:1039C0000191CCE5099A12F0200F14BF412061202B
:1039D00012AA94460A92A0F10A0202E02029C646E1
:1039E0000FD0BEFBF3F803FB18E0092894BF30307A
:1039F00080189E458CF8000001F101010CF1010CCA
:103A0000ECD20A9AD7E700BFCDCCCCCCD8F80020B6
:103A100082EAE27EAEEBE27E1DE6002B3FF44EAF83
:103A200012AA68E712F480610ED012F0020114D0DD
:103A300001463746A7E44FF00A0902464B4665E5C2
:103A4000002312AA09939AE612F002037FF49AACBB
:103A5000002C7FF406AFFFF737BB002C7FF4FFAEDE
:103A6000FFF732BB8C4610B584B00093029013462A
:103A700002A94FF0FF320348CDF80CC0FFF706FB58
:103A800004B010BD6526001010B5094A84B0146852
:103A90004CB1034600914FF0FF3203A90548A047FF
:103AA000012004B010BD00F03DFA204604B010BD66
:103AB000D8B702205D26001000BEFDE7704700BFAA
:103AC000074A0346106838B1064903448B428CBF4D
:103AD0004FF0FF3013607047034908461160F3E769
:103AE000D4B302200000082048EE022038B9DFF8E5
:103AF00014C008461146DCE9002300F037B94FF046
:103B0000FF307047C88B0010431E012B09D810B539
:103B10001446084601230022214600F0B1F8204651
:103B200010BD4FF0FF3070474FF0FF30704700BFBF
:103B30004FF0FF30704700BF08B5FFF7BDFF00BF73
:103B400038B5064C064DFEF7A9F9AC4204D254F83C
:103B5000043B9847AC42FAD338BD00BFD48700106D
:103B6000D8870010036808461146184770B5054607
:103B70000846697D82B000294FD0002A25DD0378F0
:103B800014460A2B064622D0012C4FF0000E0DD011
:103B90003246012312F801CF1946BCF10A0F03F196
:103BA000010320D09C42F5D1744505DD2B68A4EBC0
:103BB0000E0106EB0E009847311911F8013CA3F1F4
:103BC0000D03B3FA83F35B092B7502B070BD2B7D37
:103BD000002BD9D102212B6813489847012CEBD038
:103BE0004FF0010ED4E712F8010C0D28DAD08E4503
:103BF00006EB0E00A1EB0E0105DACDE900322B68D1
:103C00009847DDE90032CDE9003202212B680648F1
:103C10009847009B019A9E46C4E711462B6802B064
:103C2000BDE87040184700BF788C00100B685A1C24
:103C3000802A0B440A60187100D0704730B50E4BD3
:103C40000C46186883B0A0B10D1D01E0006980B179
:103C50000368002BFAD0094B1B680BB18342F5D1E6
:103C6000294622680190FFF781FF0198006900282A
:103C7000EED1206003B030BD08B3022028B302208B
:103C80002DE9F04782B090461C460D460746FDF7E9
:103C90002FFC4FF0FF3C6FF000462E4A821841F196
:103CA0000003944576EB03013CBF624633462A4845
:103CB00004F04AFD6B1C824640D00CB3274E284BC3
:103CC0001C68B4B1B8F1000F1CD1DFF89C8001E092
:103CD000246974B12368002BFAD0D8F800300BB1F6
:103CE0009C42F5D120462A463946B0472469002C2B
:103CF000F0D1BAF1000F26D1284602B0BDE8F08716
:103D0000184EDCE74FF00A09DFF85C8002E0246916
:103D1000002CEED02368002BF9D0D8F800300BB17E
:103D2000A342F4D12A4639462046B0470122204614
:103D30000DF107018DF80790B047E8E7384604F029
:103D400009FB0546B9E7044804F0EEFC284602B03A
:103D5000BDE8F08740420F00102C00206D3B0010A2
:103D600008B30220653B001028B302202DE9F84F6C
:103D700006460D4693469946DFF85880DFF858A06E
:103D8000134FD8F8004014B910E0246974B1DAF880
:103D900000300BB1A342F8D1A368002BF5D029461F
:103DA000304698470028F0DDBDE8F88F7B6A9945DA
:103DB00008D8BA6A5A4503D36FF00100BDE8F88FFE
:103DC0009945F9D101200021FDF79CFBD9E700BFFF
:103DD00000000B4008B3022028B30220084A1368F1
:103DE00023B90AE003F110021B6933B18342F9D110
:103DF00029B9186910601961704701B110607047E6
:103E000008B3022008B500F0F5F900F0BFFB01206F
:103E100008BD00BF2DE9F04182B00646FDF768FB02
:103E20004FF0FF326FF00043361841F10007B24205
:103E300073EB07013CBF16461F46DFF86080154D47
:103E4000D8F8004014B912E0246984B12B680BB192
:103E50009C42F9D1A368002BF6D0012101A8984714
:103E60000028F1DD9DF8040002B0BDE8F0810A4BA6
:103E70005A6A974209D89B6AB34204D36FF0010093
:103E800002B0BDE8F0819742F8D101200021FDF792
:103E900039FBD5E728B3022000000B4008B302200D
:103EA000F0B583B006468DF80700FDF721FB4FF013
:103EB000FF356FF00044174A821841F10003954224
:103EC00074EB03013CBF23462A46134804F03CFC34
:103ED000124B07461C689CB1114D01E024697CB16E
:103EE0002368002BFAD02B680BB19C42F6D12046F8
:103EF00001220DF10701FFF739FE2469002CEFD1F3
:103F000017B9304603B0F0BD034804F00DFC30464D
:103F100003B0F0BD40420F00102C002008B3022077
:103F200028B3022038B5044604F014FA01230546EC
:103F30001A4620462946FFF7A3FE084B1C682CB101
:103F400063682BB198472469002CF9D1284638BD05
:103F50002469002CF4D1284638BD00BF08B30220E4
:103F60002DE9F041A2B00E460546FDF7C1FA4FF02B
:103F7000FF3C6FF00044254A821841F1000394454C
:103F800074EB03013CBF23466246214804F0DCFB8E
:103F90000024334607462A461E4801A90194FFF72C
:103FA00061FD1D4E019B80463468BBB1002C2AD0B8
:103FB0001A4D01E0246974B12368002BFAD02B68F4
:103FC0000BB1A342F6D12046019A02A9FFF7CEFD1C
:103FD0002469002CF0D12346346801932CB1636826
:103FE00043B198472469002CF9D12FB9404622B03B
:103FF000BDE8F0812469F1E7054804F095FB4046EF
:1040000022B0BDE8F0810194EFE700BF40420F000D
:10401000102C00202D3C001008B3022028B30220F1
:104020000FB400B583B004A951F8040B0191FFF758
:1040300097FF03B05DF804EB04B07047B1F1000CDA
:104040001EDD104A104B126810B5D31AB3FA83F371
:104050000D24DFF838E05B09411E3EF913E08C4483
:1040600011F8010F864506D093699B06FCD4614583
:104070001060F5D110BD93699B06FCD41460F3E782
:10408000704700BF24EE02200080074020EE02208F
:10409000244BB1F1000C00B5D3F800E02FDD002176
:1040A000214B01381A689369DB0618D401319369F2
:1040B000DB06FCD413688C4500F8013FF3D1BEF158
:1040C000000F09D050211346916353F8342F02F0AA
:1040D000380203F580531A606146084600BDBEF100
:1040E000000F09D050201346906353F8342F02F08C
:1040F000380203F580531A6081B1084600BDBEF155
:10410000000F0BD0084B50211A681346916353F8E7
:10411000342F02F0380203F580531A606FF0020169
:10412000DBE700BF90B2022024EE0220054B1B68A3
:1041300033B10021044A05481268006891631847AA
:10414000704700BF90B2022024EE022098B20220F5
:10415000024B1A6893691B07FCD4704724EE0220B7
:1041600030B51F4D1F4AD5F800C01F4C8E469445F0
:1041700014BF21222222216883B010B1A9B103B05B
:1041800030BD0029FBD0CCF8380001460190104624
:104190000092FCF735FA15490098FCF787FB019B64
:1041A000134A2360136003B030BD114B20600F49E8
:1041B00010460092C3F800E0FCF764FA0121009871
:1041C000FCF71EFA2A6850211346916353F8342FE6
:1041D00002F0380203F580531A6003B030BD00BF0F
:1041E00024EE02200080074090B202202D410010F2
:1041F00098B2022010B50E490E4C0F480F4A104BD2
:10420000007821600020022112781B78FCF7D6F894
:1042100002210120FCF7D2F84FF4E1312068FDF7CC
:1042200063FABDE8104001210648FFF7D7BD00BF83
:104230000000074024EE0220988E0010948E00109B
:10424000908E001090250020024A034B10601960E8
:10425000704700BF94B202209CB20220184B70B588
:104260001A68002A28D0EFF3108172B6D2E8CF4F37
:104270000120002CFAD1C2E8440F002CF6D1BFF384
:104280005F8F00220F4C186859602270C0E88F2F92
:1042900081F31088002400250B4E3078FCF7C6F916
:1042A00020B9002400252046294670BD3078FCF74F
:1042B000CDF92046294670BD4FF47A740025EBE70E
:1042C000E4B7022043EE022042EE0220014B1878B0
:1042D000FCF7BCB942EE022038B5044600200D467A
:1042E00001F0A6FBA8B3002001F0B8FB88B3FDF7EE
:1042F000FFF84FF0FF3E6FF0004C174A821841F173
:10430000000396457CEB03013CBF724663461348AD
:1043100004F01AFAE8B1002001F08AFB58B901460E
:104320004FF0FF3000F08EFD6FF002040B4804F0F8
:10433000FBF9204638BD002001F090FB0028EED0AC
:1043400021462A46002001F093FB04460028EDD1C7
:10435000EAE76FF00204ECE740420F0018EE02209B
:1043600008B5FDF7C5F84FF0FF3E6FF0004C0F4A5F
:10437000821841F1000396457CEB03013CBF724675
:1043800063460B4804F0E0F970B14FF0FF300021B4
:1043900000F058FD002001F0B1FB0028F5D1BDE888
:1043A0000840034804F0C0B908BD00BF40420F00F8
:1043B00018EE02202DE9F04107460E46FDF798F869
:1043C0004FF0FF356FF00044324A821841F100038C
:1043D000954274EB03013CBF2A4623462E4804F065
:1043E000B3F908B9BDE8F081002001F021FB0028F5
:1043F00045D0002E3EDD0025DFF8A48012E02246E5
:10440000002001F0C5FB002105444FF0FF3000F013
:1044100019FD002001F072FBFDF76AF8C8E9000100
:10442000AE4227DD002001F0D1FB741B8442A8BFFF
:1044300004467919002CE2D121464FF0FF3000F0FC
:1044400001FD204601F05AFB204601F0F1FA88B147
:10445000204601F0BBFB0028E2D1FDF749F80F4AE6
:10446000D8F800309B18D8F8042042F100028342AB
:104470008A41D5D20848BDE8F04104F055B9002082
:10448000BDE8F0410021064BC3E90001024804F0F9
:104490004BB900BF40420F0018EE022020A10700D8
:1044A000D88E022010B5002184B0324804F05CF9A7
:1044B00028BB314B1A6802B3EFF3108172B6D2E811
:1044C000CFEF5FF0010CBEF1000FF8D1C2E84ECF84
:1044D000BEF1000FF3D1BFF35F8FDFF8A8C0D3F8B0
:1044E00000E09CF800205960D3B201228CF8002033
:1044F000CEE88F0F81F31088CBB104B010BD00213E
:104500004FF0FF3000F09EFC002001F0A7FA0446B7
:10451000184804F009F9002CEFD0184B1B68002B49
:10452000EBD0174A106804B0BDE810401847FCF7FC
:1045300093FD0446FCF7DCFF4FF0FF3E6FF0004CAC
:1045400010F57A7241F1000396457CEB030138BF08
:1045500063464FF000014FF0010C38BF7246DFF8A0
:1045600028E02046CDE9011CCDF800E0FCF778FDFD
:1045700004B010BD18EE0220E4B7022094B202206D
:104580009CB2022043EE02205D4200104FF05043E7
:1045900030B585B01C68FCF75FFDFCF77BFEA042E0
:1045A00002D0002005B030BD00212C4B08461B78FE
:1045B00001F0DCFC2A480368002B4BD00120FCF7FB
:1045C000C7FA0346274C2849C0B22370FCF75AF8B3
:1045D00020780121FCF714F80E20FCF743F860BBAB
:1045E000224B6FF00044C3E90000FCF735FD05469F
:1045F000FCF77EFF4FF0FF3C10F57A7241F10003AB
:10460000944574EB030138BF23464FF000014FF08F
:10461000010438BF6246DFF860C02846CDE90114C6
:10462000CDF800C0FCF71CFD0028BADB01211048C2
:10463000FFF7D4FB012005B030BD0120FBF79AFF46
:1046400001460A48FCF7E2FA00220E200949FCF76D
:104650004BF8EBE7FCF7BEFAB0E700BF9C8E00100A
:1046600018EE022042EE0220A5440010E4B702201A
:10467000A8250020CD4200105D4200100048704780
:10468000108D001000487047BC8C001000B51C4A0B
:104690000346117883B031B363B940F209424FF455
:1046A0004173DFF860C0ACF802201648ACF8003067
:1046B00003B000BD052B20D8134ADFF848C052F8DC
:1046C000231060460023013903E0132B20F8022F4A
:1046D00010D011F8012F0133DBB2002AF5D15B00B5
:1046E00043F44073E1E701901121104600F024F8F3
:1046F000019BD1E74FF44A73D7E70020D8E700BF0A
:1047000028EE0220D8B20220A48C001000B545F299
:1047100047308BB0FDF74EFB01220346092101A86B
:104720009847DDE90332034912BA1BBAC1E90023F5
:104730000BB000BD0CBC0220012900F0BB80614A17
:10474000013913784FEA231CBCF1090FCCBF0CF1DF
:10475000370C0CF1300C012980F800C000F0AD805E
:1047600003F00F03092B8CBF37333033022943701A
:1047700000F0A38053784FEA231CBCF1090FCCBF93
:104780000CF1370C0CF1300C032980F802C000F05A
:10479000948003F00F03092B8CBF37333033042987
:1047A000C37000F08A8093784FEA231CBCF1090F94
:1047B000CCBF0CF1370C0CF1300C052980F804C08B
:1047C0007BD003F00F03092B8CBF3733303306291E
:1047D000437172D0D3784FEA231CBCF1090FCCBFD0
:1047E0000CF1370C0CF1300C072980F806C064D0AE
:1047F00003F00F03092B8CBF373330330829C37103
:104800005BD013794FEA231CBCF1090FCCBF0CF12C
:10481000370C0CF1300C092980F808C04DD003F09A
:104820000F03092B8CBF373330330A29437244D02E
:1048300053794FEA231CBCF1090FCCBF0CF1370CA4
:104840000CF1300C0B2980F80AC036D003F00F03AE
:10485000092B8CBF373330330C29C3722DD0937999
:104860004FEA231CBCF1090FCCBF0CF1370C0CF143
:10487000300C0D2980F80CC01FD003F00F03092B5A
:104880008CBF373330330E29437316D0D3791A11C6
:10489000092ACCBF373230320F2982730DD003F092
:1048A0000F03092B94BF303337331029C37318BF5C
:1048B000103002D0002303707047002308440370B7
:1048C000704700BF0CBC0220704700BF0022014BA4
:1048D0001A70704740EE02204B79FF2B0BD188797C
:1048E00048B9CB79012B07D1082A05D9034B8A781F
:1048F00009201A7070470020704700BF40EE022068
:1049000001207047012901D00120704708B5104BE4
:1049100091881B78994201D0002008BD5378012B63
:1049200008D0022BF8D1002164220846FDF7C2F915
:10493000012008BD518811F480721ABFC1F3C01262
:10494000480A4FF0FF3001F00301FDF757FA00BFAE
:1049500040EE022000487047CC8D0010012907D19D
:104960005378012B02D19388072B03D00020704786
:10497000012070471146A623014A00F01FBF00BF67
:10498000248D00100346012201481A70704700BFB1
:10499000F08D001008B50B68B3F5966F00D008BD18
:1049A00000224FF0FF301146FDF728FA10B500F055
:1049B0002DF90C231C4CFF22A3670E201B49FBF78B
:1049C00093FE402200211A4803F0C2FE4FF0800CF3
:1049D0000120174A0023A2F822C05070104640223E
:1049E000144902830287144A81604360C2F884300C
:1049F000C2F8803080F8213080F83B3043620F4BA2
:104A0000C360C362803B836203F096FE4FF0005C9C
:104A10004FF4803201200A490A4B2064C4F84CC08C
:104A2000C4F89010DA6410BD000011502904002071
:104A3000D8B3022084001050000010500001105024
:104A400010D001000020115001210E20FBF7D8BD2D
:104A500000220248114600F0F9B800BFF8B3022066
:104A6000044B197021B14FF40032034BC3F890206E
:104A7000704700BF3DEE0220002011500B785B060E
:104A800000D070474B78052BFBD14B88014ADBB235
:104A90001360F6E700001150CB782DE9F04103F0E8
:104AA000030EBEF1010FC3F3010057D000268C782E
:104AB000DFF8D4C004F07F0253008988984603EBE6
:104AC000D4130CEB4313E509D876C1F30A0185F042
:104AD00001009C7019835870DE70D3006DBB2548AF
:104AE00004330CEB82141F18A7601E506AB3224BCC
:104AF00003EBC20363603F318909BEF1020F14BFAB
:104B00008B01CB011D4908EB05020CEB421C0A6826
:104B10001B48134483420B60CCF80C2028D882F049
:104B2000A04383F48013DCF8042043EA8E6343F04F
:104B3000004313600120BDE8F0810E480CEB8214A5
:104B40000344A36240F832605AB913460D4A0CEB95
:104B5000451CCCF80C20CCF80430EBE70020BDE875
:104B6000F081D20002F1A04202F580126262C2E737
:104B7000FDF78EF98000105004001050E0B70220BD
:104B8000FF0F105000011050D8B3022003F0D4BD25
:104B900008B59646DFF81CC001F07F02C80900EB9B
:104BA00042000CEB40101A46714600F04FF801200D
:104BB00008BD00BFD8B3022011F07F0205D1002943
:104BC0000CBF02200120064B9866C909054B01EB7A
:104BD000420003EB40104FF40062002103F0A8BD37
:104BE00000201150D8B3022011F07F0300D170478C
:104BF000002205485B0003EBD11300EB43106FF478
:104C00000061C27003F094BDD8B302204FF080520F
:104C100009480A4908B50A4B02600A609968C94305
:104C200011F08051FAD14FF48052064803F090FD04
:104C30000922054B5A6708BD00200240003002409F
:104C400000000240000010500000115000234FF0FF
:104C5000010C10B5016180F81AC08282C38204463B
:104C600003F07EFD20B14FF40032074BC3F89020D3
:104C7000204603F085FD10B10123237710BD2046A7
:104C8000BDE8104003F074BD002011502DE9F04143
:104C90004FF000081B4C0546424623781A4F1B4E26
:104CA0000DE0336813EB421323D0DB6828469847A6
:104CB00008F1010823785FFA88F2934206D3934201
:104CC000A2EB0303EDD807EB4313EEE754220021D8
:104CD0000F4803F03DFD4FF0FF330D4C2022C4E997
:104CE0000133C4E90333FF21BDE8F041094803F073
:104CF0002FBD4FF0E023D3F8F03DDB0700D500BE19
:104D0000BDE8F0813CEE0220108E00106090022081
:104D1000689102207C910220704700BF704700BF5D
:104D20000020704700207047704700BF704700BFE9
:104D3000704700BF704700BF024B5878003818BF5B
:104D40000120704768910220024B1878C0F3800060
:104D5000704700BF689102202DE9F0472D4F3B7846
:104D6000FF2B54D100293DD054228A468146002190
:104D7000294803F0EDFC0022284C294B20461A70EC
:104D8000FBF728FF274B28481C60284CFBF730FF17
:104D9000204601F0DDFB264A264B146023B126484D
:104DA000FFF7F0FD254B18604FF00008224C4346FA
:104DB0002278234E214D0DE02A6812EB431311D0C7
:104DC0005B687BB1984708F1010822785FFA88F3A5
:104DD000934211D89342EFD39B1A06EB43135B68BF
:104DE000002BEFD14FF0E023D3F8F03DDB0700D5E7
:104DF00000BE0020BDE8F0875146484687F8009085
:104E0000FFF7D4FD0028EDD04846FFF71DFE012036
:104E1000BDE8F087DC250020689102206091022027
:104E20003EEE0220BC910220D4250020C0250020A7
:104E3000C0910220854900103CEE022060900220C3
:104E4000108E0010A44B1B78FF2B00F012812DE96F
:104E5000F04FA24CA24DDFF89C82A24E8BB0276887
:104E60007B69EFF3108272B6D3E8CF0F01210028DF
:104E7000FAD1C3E8401F0028F6D1BFF35F8FBA61B3
:104E8000384607A901F0AAF900237A69C2E88F3FE2
:104E9000BB6983F31088002800F0C6809DF81D30A0
:104EA000013B072B00F28383DFE803F0A3AD919968
:104EB0008A350A04089B002BD1D009989847CEE781
:104EC0009DF8201001F07F0705EB470000EBD110A3
:104ED00090F8343023F0010380F8343090F8343007
:104EE00023F0040380F83430002F00F0A080027D0E
:104EF00098F800309A4280F08F807B4B1B6813EB50
:104F0000421300F08A809F699DF82120099B9DF83B
:104F10001C00B847A3E73378002B7ED03378013BE1
:104F20003370337803F0FF00002B98D1DFF8B0A185
:104F30009DF81CB09AF8003043F001038AF8003065
:104F40009AF8343060F300038AF834309AF8343039
:104F500060F382038AF834309AF8353060F3000346
:104F60008AF835309AF8353060F382038AF83530A4
:104F700000F088FC9DF8203003F06002602A66D0C3
:104F8000402A77D003F01F03012B00F0B580022BDD
:104F90007CD0002B5BD1202A00F0E781002A56D17B
:104FA0009DF82130092B52D8DFE813F0AB019B01AB
:104FB0005100BD0151008C01620151005601E70012
:104FC0002B78D9077FF54BAFFFF7B4FE47E7EB78B7
:104FD000DA077FF544AF0898FFF7A0FE3FE72B788C
:104FE000D8077FF53CAF2878C0F3C000FFF7A0FEDC
:104FF00035E79DF81C00FFF749FE00F039FC9DF8ED
:105000002030AB702BE79DF81C00FFF73FFE00F04F
:105010002FFCFFF78BFE22E711D04FF0E023D3F8EF
:10502000F03DDC0700D500BE0BB0BDE8F08F099B5A
:105030009DF821209DF81C0000F038FC0FE72B4B59
:1050400061E7FFF71FFB0246002840F085814FF023
:10505000E023D3F8F03DDF0700D500BE9DF81C002B
:105060000021FFF7A9FD80219DF81C00FFF7A4FD9A
:10507000F5E670471E4800F005FC0121584608AAD5
:10508000FFF76CFC00287FF4EAAEE7E79DF82410F8
:1050900011F0700FDBD1174801F07F0390F800C0CA
:1050A0000AEB430000EBD110007D604551D340F086
:1050B0006E810E480090002A00F06D81009F786993
:1050C00000F0E0FB012158467B6908AA98470028B8
:1050D0007FF4C5AEC2E700BFDC250020C0910220EE
:1050E000689102203EEE022060900220108E001097
:1050F0005D4900103CEE02209DF824300F2BADD806
:10510000B14A53441B791278934230D3A6D1AF4FA2
:10511000786900F0B7FB012158467B6908AA9847D7
:1051200000287FF49CAE9DF8203013F0600795D1E5
:105130009DF821300A3B012B90D800F0A3FB9DF88D
:1051400021300A2B00F00D82584608A900F01AFB06
:1051500085E6DFF87CC2DCF800C00CEB4010009064
:10516000002A00F0188100283FF478AFA6E7984A9B
:10517000176817EB4317CBD170E79AF801209DF819
:105180002230934200F05D819AF80120002A40F01D
:10519000D2818AF80130002B00F05181013BD8B256
:1051A000FFF770FA002800F06E814378022B40F080
:1051B0006A81C2799AF80010C2F340131B01C2F34E
:1051C000801221F0300143EA42130B438AF8003089
:1051D000438800F10901C3180293029B8B4240F2FD
:1051E000BD814B780B2B00F0C6810120042B40F0D1
:1051F0004A810022029B01925B1A1FFA83F9724BCB
:1052000000921B7803901EE0714B1B6813EB421356
:1052100000F039811F694A46584605910493B84702
:10522000019B082803F101030599019303D98145E6
:10523000049B80F00B81644B9DF804201B78009246
:105240009342C0F02081009A9342A2EB0303DBD883
:105250005E4A02EB4313DDE79AF8013058468DF8B9
:105260001A300DF11A02012308A900F0A7FAF6E599
:10527000BDF82200030A5A1EC0B20E2A3FF6EEAE57
:1052800001A151F822F000BFB9540010475300109B
:10529000F55400105D5000105D500010D754001000
:1052A000475300105D5000105D5000105D5000101D
:1052B0005D5000105D5000105D5000105D500010FA
:1052C000AB54001008A800F0E3FA58469DF82210ED
:1052D000FFF7BEFB9AF8003043F002038AF8003073
:1052E000BDE5BDF82230012B7FF4B8AE9AF800304E
:1052F000584623F0080308A98AF8003000F042FA63
:10530000ADE558469AF800309A0802F00202C3F35D
:1053100040131343ADF81A300DF11A02022308A905
:1053200000F04CFA9BE5BDF82230012B7FF496AEDD
:105330009AF80030584643F0080308A98AF800306C
:1053400000F020FA8BE5022B3FF47BAEFFF7EAFC7E
:10535000024600283FF482AE5846538808A900F060
:105360002DFA00287FF47BAD78E69DF824300F2BD2
:105370003FF674AE144A53441B79127893421ED2FE
:10538000134A176817EB43177FF499AE66E6002AB5
:105390007FF464AE00929DF821C00CF0FD02012A5A
:1053A00018D0BCF1000F7FF452AE0AEB430303EBBD
:1053B000D11393F834305846C3F34003AAE77FF47F
:1053C0004DAE024F7BE600BF3CEE0220108E001077
:1053D00060900220BDF82220DAB97948BCF1010FB3
:1053E000007800F08F80CDE90113FFF7E5FB029B09
:1053F00001990AEB430303EBD11393F8342042F0F5
:10540000020283F8342093F8342042F0010283F83A
:105410003420009B002B3FF422AD1F46586900F05A
:1054200031FA7B69012108AA58469847002000F00C
:1054300029FA9AF83530DB073FF511AD84E6FFF71E
:1054400075FC584608A900F09DF908E50246039846
:10545000012800F0A580002800F09280002391F838
:1054600002E007E0009F8CF804705FFA83FC60455F
:1054700040F286800EEB030C5AFA8CFC9CF8047008
:105480000133FF2FEED04FF0E023D3F8F03DD907E2
:1054900000D500BE4FF0E023D3F8F03DDA0700D589
:1054A00000BE00238AF80130D8E5FFF753FA024620
:1054B00000287FF451AFD1E5FFF7E0F8024600285D
:1054C0003FF4C5AD5846122308A900F077F900282B
:1054D0007FF4C5ACC2E5FFF723FC024600283FF489
:1054E000BDAD5846137808A900F068F900287FF48C
:1054F000B6ACB3E5BDF82410FFF7C8F802460028A3
:10550000EFD1ABE5CDE902320191FFF76DFB029BD4
:1055100001990AEB430303EBD11393F83410039A78
:1055200062F3410183F8341093F8341062F3000100
:1055300083F834106DE7002158460193FFF790FA85
:105540005846FFF723FB9AF8022058460092FFF7CF
:105550009DFB009A019B8AF802201AE6FFF7E4FB04
:105560006FE75846012308A90DF11A028DF81A7049
:1055700000F024F973E40B78C87819444B7835E6C9
:10558000009F10483B46CDE9001200F0A1FDDDE987
:10559000001211440C4A1378BB42BFF41EAE72E7EE
:1055A000D3F810C0094B9C4508BF022056E74FF0C6
:1055B000E023D3F8F03DDB077FF551AC00BE4EE4AD
:1055C000DC2500207C9102203CEE0220D55C0010FE
:1055D0002DE9F84F0A9F002A40D00C461E4615467A
:1055E0004FF0000BDFF88090DFF8808016E0204657
:1055F00098F8021099F800A000F03AFDD0B12146C9
:105600005046FFF749FAE0B1A3780BF1010BDA0934
:1056100020D1AB453B7021D023781C446378052B07
:105620000FD1E17801F00301B1420AD1A37813F060
:10563000700FDCD04FF0E023D3F8F03DDA0700D54F
:1056400000BE4FF0E023D3F8F03DDB0709D4002083
:10565000BDE8F88F0B9AAB451370DDD10120BDE892
:10566000F88F00BEF3E700BFDC2500206891022020
:105670008B7813F0700F08D04FF0E023D3F8F03D93
:10568000DA0700D500BE0020704710B582B008468A
:1056900001910C490C4A8978147800F0E9FC48B96A
:1056A0004FF0E023D3F8F03DDB0700D500BE00202B
:1056B00002B010BD2046019902B0BDE81040FFF7CE
:1056C000EBB900BF68910220DC2500200A46064B9A
:1056D00006481968D309343302F07F0203EB420312
:1056E000184400F079BC00BFBC91022068910220F0
:1056F0000A46064B06481968D309343302F07F0284
:1057000003EB4203184400F097BC00BFBC91022099
:105710006891022010B5194801F07F0400EB4400A5
:1057200000EBD11090F834C01CF0010F08D04FF0FE
:10573000E023D3F8F03DDA0700D500BE002010BD0D
:1057400000F1300494F804C00D484CF0010C0078CE
:1057500084F804C0FFF71CFA0028F0D14FF0E021D4
:10576000227960F300022271227960F382022271B1
:10577000D1F8F03DDB07E1D500BEDFE768910220FC
:10578000DC250020DFF830C00023624610B58E46CD
:10579000044608684968CCF80C3003C29EF8001033
:1057A0002046BDE8104081F0FF011A4601F080015B
:1057B000CCF80830FFF7AEBF28910220DFF8ACC06C
:1057C00070B51546624600248E460646086849684C
:1057D00082B003C2CCF80850ACF80E40BEF80620E8
:1057E000934228BF1346ACF80C308AB133B3DDB115
:1057F0009CF90020402B28BF4023002A29DB2146AA
:105800003046194AFFF786FF70B1012002B070BD23
:105810009EF80010134681F0FF01304601F0800130
:10582000FFF778FF0028F0D14FF0E023D3F8F03DE8
:10583000DB0700D500BE002002B070BD1A469CF800
:10584000001001F080013046FFF764FF0028DCD132
:10585000EAE71A4629460448019302F071FF8021C5
:10586000014A019BEFE700BFE89002202891022047
:105870000022034BC3E90022C3E902221A617047E8
:1058800028910220014B1861704700BF2891022027
:105890000146054A4FF0000C134600684968C2E90A
:1058A00002CC03C3704700BF2891022030B53E4CA4
:1058B000C90922780546B1EBD21F83B017D053B186
:1058C0004FF0E023D3F8F03DDB0702D4002003B013
:1058D00030BD00BEFAE72146FFF7D0F823691BB1BF
:1058E0002246032128469847012003B030BD94F991
:1058F0000020002A08DBA0680028E7D01A462B49C0
:10590000019302F01DFF019BE089A168E288184421
:1059100080B219448242E081A16016D03F2B14D995
:10592000A28994F90040131A9BB2402B28BF402350
:10593000002C28DB90424FF0000132D01B4A284651
:10594000FFF7E8FE0028CFD1BAE7236923B102218F
:105950002846154A984768B100232178284681F0E7
:10596000FF011A4601F08001FFF7D4FE0028A7D0FE
:105970000120BAE701462846FFF71EF98021284694
:10598000FFF71AF9B0E7904208D01A46074801938A
:1059900002F0D6FE8021054A019BD0E7802100223B
:1059A000CDE70A46CBE700BF28910220E89002200D
:1059B00070B582B00446FFF7BFF908B902B070BDF8
:1059C000FFF7C2F902460028F8D1C82304FB03F30D
:1059D00015492546CC18E0780028EFD010335E1822
:1059E0003046019200F0E8FB3F28E7D9E1780198C2
:1059F000FFF76CFE0028E1D0304600F0DDFB3F28C9
:105A0000E1780AD94023DFF824C001980CEBC512D5
:105A100002B0BDE87040FFF77DBE019802B0BDE85E
:105A20007040FFF765BE00BF182C00206490022074
:105A300010B50446FFF780F908B9002010BDFFF744
:105A400083F90028F9D1C822034B02FB04331879EB
:105A500000F0010010BD00BF182C0020C82208B5BE
:105A6000024B02FB003000F08DFB08BD282C00200B
:105A70004FF6FF732DE9F041C8249A4228BF1A4619
:105A800000FB04F41B4D04F1100382B0804692B277
:105A900058195F1900F0F0FB0646FFF74DF918B9E9
:105AA000304602B0BDE8F081FFF74EF90028F7D18B
:105AB0002544EA78002AF3D00190384600F07CFBB8
:105AC0003F28EDD90198E978FFF700FE0028E7D0DC
:105AD000384600F071FB3F28E97807D9064A402391
:105AE000019802EBC812FFF715FED9E70198FFF7FE
:105AF000FFFDD5E7182C002064900220F0B583B09C
:105B00000546FFF719F910B9002003B0F0BDFFF703
:105B10001BF904460028F7D1C82305FB03F31A4AF2
:105B200003F124018F183846009300F02BFB002866
:105B3000EAD0154A009B2046D618B178FFF7C6FD7B
:105B40000028E1D01149384601EBC51140220091EF
:105B500000F092FB96F802C0034670B101906146D6
:105B60002046009AFFF7D6FD58B94FF0E023D3F84E
:105B7000F03DDB07C8D500BEC6E76146FFF7B8FDBC
:105B8000C2E70198C1E700BF182C0020A4900220B2
:105B900070B505464FF6FF70C823824228BF024603
:105BA000094C92B203FB0544204600F029FC06464E
:105BB000204600F0E7FA3F2801D8304670BD28465D
:105BC000FFF79CFF304670BD3C2C0020C82208B572
:105BD000024B02FB003000F0EFFA08BD3C2C002025
:105BE00070B5002482B0C8220021184802F0B0FD30
:105BF000FF234FF4E1310822154804701348009444
:105C0000064643718160827300F13801012340220E
:105C1000103000F087FA0123402206F1780100934A
:105C200006F1B80506F1240000F07CFA2846FAF7E0
:105C3000D1FF06F1C000FAF7CDFF06F1C000C6E9BA
:105C40000745C6E90C0402B070BD00BF182C002047
:105C5000E49002200A4B196B1A6A61B13AB1002232
:105C6000C3E90C22DA6100221A6201207047012088
:105C7000C3E90C227047002AF7D0D961F3E700BFCF
:105C8000182C00200022104908B510480B7802603B
:105C90000271DA0707D59B070CD5BDE80840012142
:105CA0000B4800F071BC103000F052FC06490B7834
:105CB0009B07F2D4064800F04BFCBDE808400121E8
:105CC000034800F061BC00BFE4900220182C0020C3
:105CD0003C2C002070B54B7984B0022B02D18B791B
:105CE000022B03D00024204604B070BD2B4B9B78C0
:105CF0003BB14FF0E023D3F8F03DDB07F2D500BE17
:105D0000F0E78B780546254803700B78194491F825
:105D100001C0BCF1240F08BF092409D03BE00B7877
:105D2000194491F801C02344BCF1240F9CB207D15F
:105D30009442F4D90020FFF73BFE204604B070BD2A
:105D40006346BCF1050F16D0042BF3D14B790A2B17
:105D5000F0D1134B0A7801930133009302231646C6
:105D6000114428461A46FFF733FC0028C1D00E34F0
:105D700033199CB2DEE728460391FFF779FC0399BB
:105D80000028B6D08B78054A53700B781A1919443D
:105D90004B7894B2D8E763460924D2E7182C002048
:105DA0001A2C0020137803F06003202B0BD100B5D0
:105DB000DFF8BCC093889CF800E083B09E4504D017
:105DC000002003B000BD002070475378203B032B18
:105DD000F6D8DFE803F02C270D02012933D0032980
:105DE00022D11E4B03B300205188AFF300801BE08B
:105DF000012928D0032917D15288194802F001033C
:105E000083F0010101938CF80420009200F0BCFBA8
:105E1000144949B1009A00200199C2F34002AFF33E
:105E2000008001E0012912D0012003B000BD01294A
:105E30000DD00329F8D10C4B002BF5D000200B49D5
:105E4000FEF7A8FDF0E71146FFF79CFCECE71146D2
:105E50000723064AFFF7B2FCE6E700BF0000000098
:105E60003C2C00200000000095490010202C002050
:105E7000182C00202DE9F041354C0D46E2780746FC
:105E80008A421E4682B02FD0A3788B4209D04FF0B1
:105E9000E023D3F8F03DDB0724D4002002B0BDE8B6
:105EA000F0812C4B13B10020AFF300800020FFF7EE
:105EB00025FE002847D1284800F064F9002842D187
:105EC000002E40D016F03F053DD13846A178FFF7AF
:105ED000FDFB002837D02B462A463846A178FFF72D
:105EE00019FC30E000BED8E79AB21C4904F110005A
:105EF00000F086FA1A4BD3B16279FF2A17D0B6B1F7
:105F0000164B03EB060802E0434510D0627913F804
:105F1000011B9142F8D11348019300F043F9019B12
:105F20000028F1D16179AFF30080019BECE70E4BC3
:105F30001BB10C4800F036F938B10020FFF738FDEE
:105F4000A378AB42ADD00120A8E7AFF30080F4E71F
:105F5000182C0020000000003C2C0020649002203F
:105F600000000000282C00200000000000B583B0D5
:105F7000D9B101280ED80B7863B1DFF858C0012BD6
:105F80000CF8003002D0012003B000BDFEF7E4FEA3
:105F90000028F8D14FF0E023D3F8F03DDB0702D41E
:105FA000002003B000BD00BEFAE70122084601A9A7
:105FB000ADF80420FEF7D0FE012238B94FF0E023FF
:105FC000D3F8F03DDA07ECD500BEEAE7014B1A70D2
:105FD000E7E700BF5C910220037813F001031ED1B4
:105FE00030B50246007883B00446400702D5184613
:105FF00003B030BD08460D464FF0FF31019202F06C
:10600000ABFB019A137813F001030BD11178490708
:106010000AD41178012341F00401117004E0002337
:1060200018467047C4F380032846019302F07CFBB6
:10603000019B184603B030BD70B50D4604464FF0C5
:10604000FF31284602F088FB2378C3F380065B0704
:1060500008D5237813F0010311BF0026227863F3DB
:1060600082022270284602F05FFB304670BD00BFFE
:10607000C378828803F003000228C2F30A0215D015
:1060800003280AD001281CD1022940F2FF3308BF9F
:106090004FF4806393420DD37047022914BF40230D
:1060A0004FF48063934205D30120704702290AD040
:1060B000402AF9D94FF0E023D3F8F03DDB0700D5B3
:1060C00000BE00207047B2F5007FEDD0F2E700BFC0
:1060D0000A44914225D291F801C0BCF1050F05D0C8
:1060E00091F800C061448A42F5D8704700B591F834
:1060F00002C00CF07F0E00EB4E0E4FEADC1C0EF8D7
:106100000C3091F800C061448A4209D991F801C06D
:10611000BCF1050FEBD091F800C061448A42F5D87C
:1061200000BD70472DE9F041B2F5004F9DF81850C1
:1061300024D80446C06898460F46164618B14FF05A
:10614000FF3102F009FB206918B14FF0FF3102F076
:1061500003FB0022C8F30E03E06843EAC533628103
:106160002760A680E380228108B102F0DDFA206971
:1061700008B102F0D9FA0120BDE8F0810020BDE8A5
:10618000F08100BF038942899BB292B2808893421A
:1061900036BFC2EB40029B1A9B189BB2984228BFA5
:1061A000184670470289438990B29BB2C01AB0FA70
:1061B00080F04009704700BF038942899BB2808804
:1061C00092B2934236BFC2EB40029B1A9B189BB21D
:1061D000984286BFC01A80B20020704730B504468E
:1061E00000690D4683B018B14FF0FF3102F0B4FAE8
:1061F0002289618992B289B2A3888A4236BFC1EBF3
:106200004300501A801880B268B3834209D29A4280
:106210002CBFD21AD21891B28B42618103D8C91A0D
:1062200089B28B42FBD9E2882368C2F30E0202FBDB
:106230000131284602F084FA6289A38892B2511C87
:1062400089B28A424FF0010210D9002103FA02F00C
:10625000091A2069618118B1019202F065FA019A68
:10626000104603B030BD0246618989B2B1EB430FDD
:106270004FEA4300EDDBEBE72DE9F041054600690D
:10628000884682B028B14FF0FF31009202F064FAE4
:10629000009A29896B8989B29BB2AC88994236BF32
:1062A000C3EB4406CE1A7618B6B2002E4BD0B442D9
:1062B00041D3B24228BF32469C4296B203D81B1B40
:1062C0009BB29C42FBD9B5F806C0E01A296880B29F
:1062D000CCF30E028642174602FB031125D910FBB0
:1062E00002F2404692B20193009202F029FA019B19
:1062F000009A341B234408EB020013FB07F22968C1
:1063000092B202F01DFA6A89AC8892B293199BB2DC
:106310009A421AD962009B1A28696B8108B102F06F
:1063200003FA304602B0BDE8F081404606FB02F2B7
:1063300002F006FAE7E7A1422CBF091B09198BB24C
:1063400026466B81B5E76B899BB2B3EB440F4FEAEE
:106350004402E1DBDFE700BF70B50446C0680E46CB
:1063600082B018B14FF0FF3102F0F6F92589238988
:1063700061899BB289B2A2888B4236BFC1EB4201D0
:106380005B1A5B189BB29A42ADB20BD8E179C9098E
:1063900008D1E06818B1019102F0C6F901990846E8
:1063A00002B070BD954228BF2B4617D39B1A9BB2F3
:1063B0009342FBD2E2882068C2F30E0202FB030084
:1063C000314602F0BDF96B1C9BB29D42A28811D9E7
:1063D000002351005B1A01212381DAE7E28820685B
:1063E000C2F30E0205FB0200314602F0A9F90135A5
:1063F000A288ABB2B3EB420F4FEA4201EBDBE9E715
:106400002DE9F047154682B0002A4AD00446C068FC
:10641000884618B14FF0FF3102F09EF9E1792689E4
:106420006389C909A288B6B29BB23ED19E4236BFEB
:10643000C3EB4203F31A9B199BB2934253D2D31A74
:106440009BB2AB4228BF2B469DB27319B4F806C06D
:106450001FFA83F9A5EB020A9642334603D39B1A2F
:106460009BB29342FBD2D21A91B22068CCF30E02B7
:10647000A942174602FB030052D3414605FB02F234
:1064800002F05EF9A3884E454FEA430202D8B9EB09
:10649000430F01DBA9EB0209E0682A46A4F8089043
:1064A00028BB104602B0BDE8F087954227D29E4235
:1064B00036BFC3EB4201F11A891989B25000294451
:1064C000AF1A8142BA4608DB991889B24E1BB6B2A0
:1064D000B342894638D9301A86B2AB191FFA83F90C
:1064E000B4F806C0B8E70022E0680028D9D00092CE
:1064F00002F01AF9009A104602B0BDE8F087002AAF
:10650000F2D0B4F806C0AD1A99181E46CCF30E03AB
:1065100003FB05884FF0000A15461FFA81F99BE737
:1065200011FB02F2414692B20193009202F008F987
:10653000019B009A534413FB07F308EB0201206808
:106540009AB202F0FDF89DE7B042C4DDC8E700BF93
:1065500010B50446C06818B14FF0FF3102F0FCF8E6
:10656000206918B14FF0FF3102F0F6F80023E0681F
:106570006381238108B102F0D7F8206908B102F0E5
:10658000D3F8012010BD00BF38B50446C0680D46E1
:1065900018B14FF0FF3102F0DFF8206918B14FF069
:1065A000FF3102F0D9F8E379E06865F3C713E371CE
:1065B00008B102F0B9F8206908B102F0B5F801207D
:1065C00038BD00BF0022014B5A607047589002202E
:1065D00000F12F4000F56000030D022B0DD0012BC0
:1065E00005D0094A094801EB8301F9F749BF084A78
:1065F000064801EB8301F9F743BF064A034801EB64
:106600008301F9F73DBF00BF788A0010A8B20220CD
:10661000B88A0010948A0010002070472DE9F047D6
:1066200088460546F9F710FF012298F804C098F94A
:10663000054005F12F4E314F0EF5600E02FA0CF2B7
:106640004FEA1E5E002C814657F82E6002F1FF32A1
:10665000CCF1200337DB9C4220462CD802FA04F30D
:10666000334228D198F807305B0737D402FA00F399
:106670001E429A463AD1BCF1000F12D0D8F8001051
:1066800001EB4C08844631F8023B0CF11202B3F5E1
:10669000005F38BF1B1841450CF1010C45F8223052
:1066A000F1D1484646EA0A0647F82E60F9F7DEFEC1
:1066B0002046BDE8F0874FF0FF344846F9F7D6FE94
:1066C0002046BDE8F0871C1E02DA0FE0013C0DD326
:1066D00002FA04F333422046F8D1C3E76FF00A040C
:1066E0004846F9F7C3FE2046BDE8F0876FF008047E
:1066F0004846F9F7BBFE2046BDE8F08784920220A9
:106700002DE9F041054614464FF400320E4601EBE8
:10671000410105EBC10305EBC101D1F8DC7006981E
:1067200003F54353B846D1F8CC70DA60A8B190FABB
:10673000A0F3B3FA83F324FA03FC00F1FF3E5B01FC
:106740000CF0010C43F080634CF4604210EA0E0040
:10675000C1F8DC30C1F8D820E9D106EB460605EBDC
:10676000C605C5F8DC80C5F8CC70BDE8F08100BF77
:10677000F0B51F2A9DF814503AD80C469E464EF2AA
:106780009F014EF280034FF4003704EB440C002DC0
:1067900008BF194600EBCC0303F5435300EBCC0CC8
:1067A000BEF1050FDCF8DC60DCF8CC50DF600ED900
:1067B0005301AEF1050E43F0A0530532BEF1050FB3
:1067C000CCF8DC3002F01F02CCF8D810F0D852011F
:1067D00004EB440442EA8E6300EBC402C2F8DC30EE
:1067E0000020C2F8D810C2F8DC60C2F8CC50F0BD6E
:1067F0006FF00400F0BD00BFF0B5012404FA01F50C
:10680000046824EA05040460A3B3D3E901561F68B1
:10681000DC6801EB410300EBC303C3F8C8704FEA27
:10682000410CC3F8D060C3F8CC50C3F8DC400CEB8B
:1068300001034FF0013500EBC30C4FF0004600EBB5
:10684000C30E01230EF5865E0C1D01F108078D4075
:10685000CEF8106003FA04F4CEF8106002F01F02C4
:106860008560BB4000F50050046003600020CCF858
:10687000D820F0BD4FF480374FF440264FF4F83560
:1068800001EB410400EBC404C4F8C8704FEA410CAA
:10689000C4F8D060C4F8CC50C4F8DC30C7E700BFFF
:1068A00000B5DFF81CC083B001460F230022CDF8ED
:1068B00000C00248F9F710FE03B000BD3AEE022016
:1068C000DC8A0010B1F5A07FA8BF4FF4A071B2F52B
:1068D000F07FA8BF4FF4F07230B5DFF834C0DFF8B6
:1068E00034E0084C084D094BCEF80010CCF80020DD
:1068F000C1F5A071C2F5F0724910521020602960F4
:106900001A6030BD14B3022020B3022024B3022049
:1069100018B302201CB3022000B50A4ADFF828E0B1
:1069200021F07F4102EA1122C1F3C4034EF8201086
:106930004909DFF818C0134301F4FC610B432CF83C
:10694000103000BD00F8FFFFECB702207C100820DB
:10695000F0B541F21015284B2848294C85B0242267
:106960002560002140F8403B01F0F2FE01230222A5
:1069700006210420214D234CC5E9113285F85C30F5
:10698000C5E91302A965EC63F9F7E8FD0446F9F7D8
:10699000E5FD214600240246284600F039F84FF470
:1069A000006228461849EC662C6700F019FA4FF48B
:1069B00080632F46C5F86C38BFF35F8F134D2146B7
:1069C00005F5207628464FF4207201F0C1FE4FF401
:1069D00020722146304601F0BBFE07F2F4631846F0
:1069E00003A901930395FAF7E7FD019803A903961C
:1069F000FAF7E2FD05B0F0BDAC180020602E0020D3
:106A000000A00640000020509092022014BC0220FA
:106A10002DE9F0430023044685B0343084F8043770
:106A20006363C4F80837A4F88437C4F87837C4F827
:106A30007C37C4F88037C4F87038C4F8743804F16F
:106A40003C090F46164600F0CFF9484600F050FCCE
:106A5000254604F130080120FFF722FF03460120FC
:106A60006B60FFF71DFFE16BA86059F8042F01F17F
:106A70002F4303F56003101D1B0D01EB800102EB9A
:106A8000C302E96045F8102F4545E4D100253B4697
:106A90000822042104F2C460C4F8C056C4F8B856F1
:106AA000C4F8BC56FAF770FD3B460822042104F2F4
:106AB000D460FAF769FD33460822042104F2E46049
:106AC000FAF762FD33460822042104F2F460FAF773
:106AD0005BFD2346012253F8780B211D00F088F955
:106AE0002A462068211D04F5DC7300F081F9009529
:106AF0004FF000522068211D04F53E7300F07EFA2D
:106B000000952A462068211D04F5876300F076FA77
:106B100001230093211D04F5AF632A46206800F08D
:106B20006DFA236819698BB2B3F5207F54D82D48CC
:106B300000F5345ED4F8D436EFF3108C72B6D3E897
:106B4000CF1F01220029FAD1C3E8412F0029F6D135
:106B5000BFF35F8FB4F8DC26B4F8DE36B4F8E21683
:106B6000D31A2DD48B42D4F8D4662FD0531C9BB2A9
:106B70008B4288BF0023D4F8D81641F82200A4F82D
:106B8000DC36C6E88F5F8CF3108840BF00F570607C
:106B90007045CFD1236802211A690123B2F5347FF1
:106BA00014BF1E4611260825002204F20C70029123
:106BB00000930396019500F0EBFC05B0BDE8F0836F
:106BC0004E1C33448B42D4F8D466CFD1C6E88F5FD5
:106BD0008CF3108820BFADE74FF4207219460248AD
:106BE000F9F71AFC18C102206C8B001001228446B0
:106BF00010B50C464FF0A04E81684368406902FA18
:106C000001F102FA03F302FA00F00B430343DCF84C
:106C100018000A2C02FA00F043EA0003DCF8240012
:106C200002FA00F043EA0003DCF82800CEF80C1466
:106C300002FA00F243EA020313D0DEF814240B2018
:106C40005140124A1940124BC2F814141149C3F8AA
:106C500004C0F9F717FD2046BDE810400121F9F7FF
:106C6000CFBCDEF8042420464A4008491340C1F84E
:106C70000434074B0849C3F800C0F9F703FD204668
:106C8000BDE810400121F9F7BBBC00BF0010005067
:106C900000B30220D5170020F117002090F8043728
:106CA000002B40F09A802DE9F0434FF0010E04468E
:106CB0004FF00408D0F814628BB026F4F03C8668DC
:106CC00087694CEA46360796866841684FEA861C13
:106CD0000CF1A0460496D0F88462856A26F4F03C54
:106CE0004CEA4736BF0107F1A0470697D0F8F47287
:106CF0003A4B27F4F03747EA45374A030896099795
:106D0000AE01476922F060721A4306F1A04605926F
:106D10000196426A7E0326F0607646EA0307560330
:106D2000456926F0607633430EFA02FC03970EFAAB
:106D300001F7029347EA0C030EFA05FC43EA0C0C38
:106D40008901049B476901F1A04100F5DC7554F805
:106D50003C9F0D604B60059BBF0107F1A047C1F848
:106D600008800B6100F5067139600699920179601F
:106D70000399C7F8088002F1A042396100F5227139
:106D800011600199079B51600299C2F80880116156
:106D9000C0F81432089B099FC0F884324FF0A0431A
:106DA000C0F8F4722646C3F850C44B4600F14805BB
:106DB00056F8041F10310EFA01F15A680A42FCD04D
:106DC000B542F5D105460121204600F093FB012391
:106DD00085F804370BB0BDE8F083704759147E0086
:106DE00000F5066000F0CEBB00230360037170471E
:106DF0002DE9F04FD0E901E8047D0125A21AB2FA8D
:106E000082F29A464C687B4BCF6890F800C003EA48
:106E1000443444EA47440F68774E52098CEA050926
:106E200024F4F03444EA473449EA42094CEA420C7B
:106E300006EB890224F4000906EB8C0B49F4067971
:106E40000EEB080CD0E9037049F00309BC4444F48C
:106E50000004EF408B6844F40674CAE90A798F692C
:106E6000E84044F003042CFA05FC2EFA05FE28FA4B
:106E700005F8CAE90D30CAE9197CCAF808E0CAF871
:106E800010B0CAF81880CAF80430CAF80C40CAF822
:106E90001430CAF81C40CAF83C40CAF82430CAF87A
:106EA0006060544BCAF80020CAF82020CAF830208D
:106EB0004A69CC6903EA423242EA44420C6922F44C
:106EC000F03242EA443242F4000242F4067242F0E6
:106ED0000302CAF86C20CAF87C204A6A0AF140040E
:106EE00003EA4233CA6ACAF8747043EA42430A6A40
:106EF00023F4F03343EA423343F400038A6A43F451
:106F0000067343F00303CAE93A03CAF87060CAF88B
:106F10007800CAF8D060CAF8D8C0CAF8E060CAF8E9
:106F2000D420CAF8DC30CAF8E4209AE80F0084E8DC
:106F30000F000AF1500BCAF848509AE80F008BE88E
:106F40000F000AF1600ECAF858500AF180049EE85A
:106F50000F0084E80F000AF19009CAF888509EE8F3
:106F60000F0089E80F000AF1A008CAF898500AF14A
:106F7000B0079EE80F0088E80F00CAF8A8509EE806
:106F80000F0087E80F000AF1C006CAF8B8509EE863
:106F90000F0086E80F000AF1D00CCAF8C8500AF1B9
:106FA000F0049CE80F0084E80F00CAF8F8500AF5D6
:106FB00080749CE80F0084E80F00CAF808510AF5B5
:106FC00088749CE80F0084E80F00CAF818510AF58D
:106FD00090749CE80F0084E80F00CAF828510AF565
:106FE00098749CE80F0084E80F00CAF83851BDE897
:106FF000F08F00BFFFFF01FC9C1800202DE9F04F2F
:10700000D0E903B49A46914683B09DF83030DFF85A
:10701000DCE201934B68CA68067D0EEA433C4CEA09
:10702000424C0B68027886F00106AB4F2CF4F03C22
:107030004CEA433CD0E9018342EA460007EB80007A
:10704000009382F001038A68CAF810004FEA5800E2
:10705000CAF80800009843EA4603A04D2CF4000645
:1070600007EB8303400846F40676CAF8003046F082
:107070000306CAF82030CAF818004CEA05034FEAA4
:107080005B006408CAF82C60CAF80420CAF814200F
:10709000CAF82420CAF80C30CAF81C30CAF82800F4
:1070A000B9F1000F00F0B6804B69CE690EEA4333A8
:1070B00043EA46464B6A00980EEA433ECB6A26F402
:1070C000F0364EEA434E0B69404446EA4338844E5C
:1070D00058444CEA0603CAF83C300B6AD1F818C091
:1070E0002EF4F03ECAF86070CAF8D07048EA05077E
:1070F000896A4EEA4333CAF83420400809EB840217
:10710000CAF86C7048EA0607CAF870201D43CAF82E
:107110003090CAF83840CAF864C0CAF874C0CAF8D7
:107120006800CAF8784002EB8402CAF87C703343E6
:10713000CAE939140124CAE936050AF14005CAF83A
:10714000D410CAF8E020CAF8EC309AE80F0085E8BD
:107150000F000AF15006CAF848409AE80F0086E886
:107160000F000AF1600ECAF858400AF1800B0AF1CC
:1071700090069EE80F008BE80F00CAF888409EE852
:107180000F0086E80F000AF1A009CAF898409EE8AF
:107190000F0089E80F000AF1B008CAF8A8409EE87D
:1071A0000F0088E80F000AF1C007CAF8B8409EE84F
:1071B0000F0087E80F000AF1D00CCAF8C8400AF1A6
:1071C000F0069CE80F0086E80F000AF58075CAF803
:1071D000F8409CE80F0085E80F00CAF808410AF55E
:1071E00088759CE80F0085E80F000AF59075CAF8CD
:1071F00018419CE80F0085E80F00CAF828410AF5FD
:1072000098759CE80F0085E80F00CAF8384103B074
:10721000BDE8F08F0198002838D0CAF83C304B699F
:10722000CAF83420CA690EEA43364B6A46EA424637
:10723000CA6A0EEA433343EA42430A69009826F4D5
:10724000F03646EA42360A6A404423F4F03343EA11
:1072500042335844234A4008CAF838402E43CAF8FB
:1072600060702B438D69896ACAF86450CAF87450FB
:10727000151DCAF83020CAF87050CAE91A061D4612
:10728000CAE91E46CAF8D070083251E7CAF83C3045
:107290004B69CAF83420CA690EEA43364B6A46EA9B
:1072A0004246CA6A0EEA433343EA42430A690098F7
:1072B00026F4F03646EA42360A6A404423F4F033B4
:1072C00043EA42335844084A4008CAF838402E433B
:1072D000CAF860702B43C5E79C1800201B02800091
:1072E0001B0080008418002090180020FFFF01FC84
:1072F0002DE9F04F05468BB010210068FFF78CF99F
:1073000078492868FFF78AF94FF0020BA946411C1B
:10731000C30143EA013323F0C0430493DFF8D0A153
:1073200005F1180305F10C0668620393059056F801
:10733000081CD9F80000FFF74BF9D9F8007056F88F
:10734000088C07F12F4101F5600156F8044F0D0D2F
:1073500006352046E9B2F9F731F8E9B2601CF9F7D1
:107360002DF84FF4803301250693049B62010793A7
:107370005D4B02F478720893A30203F4F8431343BD
:1073800043F090434146059A0993384606ABFFF710
:1073900033FA22460223414600953846FFF7E8F9C2
:1073A0000323A4F12002C4F1200123FA01F103FA1E
:1073B00002F20A43A34001920093A4F12002C4F117
:1073C00020030BFA02F22BFA03F3134341460BFAA4
:1073D00004F23846FFF794F9306899F820403B688A
:1073E000202808BF84F0010405FA08F523EA050304
:1073F0003B605AF820300AEB800283F0310303F03F
:10740000710302F5805213602146F8F7F5FF3068EA
:10741000214601305AF820300AEB800283F0310314
:1074200003F0710302F580521360F8F7E5FF039B48
:10743000B3427FF47CAFD9F81C401F2C4FEA5403B1
:1074400034D8002103F0070303EB83039B0003F10F
:10745000804303F528231960092799601026D96015
:1074600004204FF005111F615E601860D9601F4E47
:10747000A619B60020460421F8F7A0FF336806F5E8
:10748000805283F0310303F07103204699F82010F5
:107490001360F8F7B1FFD9F81C3001340133A3426F
:1074A00006F10406E6D20BB0BDE8F08F002103F030
:1074B0000303083303EB83039B0003F1804303F5CD
:1074C00028231960092799601026D96004204FF0FD
:1074D00005111F615E601860D960631CC7D10BB0D5
:1074E000BDE8F08F408E001000000E6801E0001033
:1074F000048003400123426810B4846803FA02F256
:1075000003FA04FCC46842EA0C02D0F81CC0A34091
:107510001A4300684FEA5C03D1B110BCBCF11F0FE5
:107520008ABF03F0030303F00703083303EB83036D
:107530009B0003F1804300F50050026003F5282210
:10754000126803F52923D24302F001021A60704742
:10755000BCF11F0F8ABF03F0030303F007030833D6
:1075600003EB83039B0003F1804300F5405002606E
:1075700003F52822126803F5292302F001021A609C
:1075800010BC70470023C0E900128360C3607047DD
:1075900010B59DF8084041EA42114FEA831C9DF95D
:1075A0000C204CEA041C42EA0C0C013218BF0122E8
:1075B000002341EA02119DF810E0C9B25FFA8CFC89
:1075C00001F191024FEA8E0E9DF814405FFA8EFE93
:1075D0006244724422445242D2B2C0F80930C0F828
:1075E0001D30C0F80D30C0F81130C0F81530C0F8AB
:1075F0001930036262F3070361F30F236CF317433F
:107600006EF31F6343600A4B04729A5C51405A5CEC
:107610008CEA020C13F80C208EEA020E13F80E20EE
:1076200054401A5D9A5C9B5CC372024B036010BDB0
:10763000FC1D002082020DE403BD00BF00B583B035
:107640000190FAF73BFC019803B05DF804EB0047AA
:1076500070B5054688B019200C460192F8F7E6FF90
:10766000002106461920F8F7CBFF0023019A19469E
:10767000059201221748CDE9023342704FF0504382
:107680000846CDE906450492A1B11A6D9507FCD5CF
:10769000596540BF1A6DD40703D420BF1A6DD207B5
:1076A000FBD59A6D8A420AD000200DEB80029168CA
:1076B000EAE79A6D1A6DD207FBD440BFE5E70130C7
:1076C0000628F2D13146192008B0BDE87040F8F71D
:1076D00097BF00BFD4B202200C4B0D4A93420ED389
:1076E0009C4603F2F4710B4A9268CCF8F4070A48FE
:1076F000CCF8F837CCF8FC070848FFF7A9BF4FF0E3
:10770000FF3340F2F3719C46EDE700BF000808200C
:107710006401082000ED00E03D760010397600108D
:10772000D0F800C043688268C1E900C3C368D0F8DC
:1077300010C0C1E90223C26A036BC1E904C28B61B4
:10774000704700BF70B5D1E904C2D1E90065D1E945
:10775000024E8B69066045608460C0F80CE0C0F89A
:1077600010C0C262036370BD024B0A46014618682E
:1077700000F002B8042A002010B5A1FB021482B068
:1077800054BB00F037F8034650B350F8042C22F0F5
:107790000302043A242A0CD8132A12D91B2AC0E95E
:1077A000004416D9242AC0E902441DD000F110017A
:1077B00008E02146019000F0CBFF019B184602B083
:1077C00010BD014600221846C1E900228A6002B0BD
:1077D00010BD00F10801F5E700F0A0FD0C230360E7
:1077E0000023184602B010BD00F11801C0E904449E
:1077F000E8E700BF01F10B03162B2DE9F04F80469F
:1078000085B02CD8102922D800F0C8FA18214FF0E2
:10781000020E1022B64C21444D68A1F108008542A9
:1078200000F05F816A68404622F00302D5E9024118
:107830002A44E1608C6005F10804516841F00101BF
:10784000516000F0B1FA204605B0BDE8F08F0C237E
:10785000C8F800300024204605B0BDE8F08F002BAA
:1078600023F00702F3DB9142F1D8009200F096FA80
:10787000009AB2F5FC7FC0F09F81530A73D0042BAD
:1078800000F26481930903F1390E03F138064FEADF
:10789000CE03974C2344A3F108055F68BD4207D18E
:1078A0000DE00028FB6880F20B819D421F4606D048
:1078B000796821F00301881A0F28F2DDB6462369A2
:1078C0008C498B4200F0E9805E6826F00306B11A0D
:1078D0000F2900F3838187480029C4E9040080F25E
:1078E0007081B6F5007F676880F01081F108012093
:1078F00076090131B04054F83150074304EBC10020
:1079000008386760C3E9025044F83130EB604FEA51
:10791000AE0301269E40BE422BD83E4206D12EF039
:10792000030E76000EF1040E3E42FAD004EBCE0AAE
:10793000F14604EBCE07F9680CE048680B46C968CD
:1079400020F0030CACEB02050F2D00F30C81002D91
:1079500080F222818F42F0D109F1010308379807A4
:107960009946E8D174E14FF400734FF0400E3F2682
:107970008FE7A768796821F003069642A6EB02001C
:1079800002D30F2800F38B805B490820096810316F
:107990001144CDE9001200F0CFFC00990346824665
:1079A000481E5D421844554B05401868B0F1FF3F32
:1079B00018BF29464046009100F08AFC411C05464C
:1079C000DDE9001200F0278107EB060C844500F288
:1079D0002081DFF834910AF1FF3ED9F80000084415
:1079E000C9F8000000F08381444B1B68013300F0AC
:1079F0008881A5EB0C0C6044C9F8000015F0070362
:107A0000CDE901299B4600F03F81C3F10800054400
:107A10000AEB000C40466B1803EA0E019A46ACEBE9
:107A2000010101EA0E031946009300F051FC421CCB
:107A3000DDE9012900F08081411B009BD9F800009D
:107A4000A7421944A560184441F00101C9F800009B
:107A5000696016D00F2E40F25781A6F10C01052661
:107A600021F0070C796801F00101BCF10F0F41EA28
:107A70000C01796007EB0C01C1E9016600F263813A
:107A800069681F4B1E68864238BF18601D4B1E6810
:107A9000864200D218602F46BFE0676837E7BD18FE
:107AA00042F0010240F0010140467A60A56007F112
:107AB0000804696000F078F9204605B0BDE8F08F51
:107AC000BA68394407F108044046D3609A604A68AE
:107AD00042F001024A6000F067F9204605B0BDE8B7
:107AE000F08FCD68A9427FF49DAE0EF1020EE6E65E
:107AF000F0250020F8250020188F0220E425002022
:107B0000108F0220148F0220E88E0220B6F5206F1D
:107B10004FEA562077D3142800F2CC8000F15C01A4
:107B20005B30C90065186158083D8D4203D1A4E05F
:107B300089688D4204D0486820F00300B042F7D82D
:107B4000CD68C3E90215AB60CB60E0E6142B71D9B8
:107B5000542B00F2B780130B03F16F0E03F16E0686
:107B60004FEACE0395E69E1842F001029F68404618
:107B70005A60874AF9608F600093C4E90466C6E9D9
:107B8000022245F00102726043F80C5000F00CF93B
:107B9000009B03F108045EE69C441C464046DCF86A
:107BA000043043F00103CCF8043054F8083FD960A6
:107BB0008B6000F0F9F84EE64FEAD20E02F10801B0
:107BC00028E61E4440460093726842F0010272604B
:107BD00000F0EAF8009B03F108043CE69D1842F02F
:107BE0000102404600935A60694AC4E90455C5E958
:107BF000022241F001026A60995100F0D5F8009B21
:107C000003F1080427E6B00900F139013830C90052
:107C100088E7A74261D0A768796821F00301914203
:107C2000A1EB020002D30F283FF739AF404600F026
:107C3000BBF80FE603F15C0E03F15B064FEACE03DF
:107C400027E6514651F808398B428A4640F09E801B
:107C50001EF0030F0EF1FF3EF3D1636823EA060323
:107C600063607600711E994203D382E6760009F1C3
:107C700004091E42FAD0CE4658E68010012606FAC4
:107C800000F0074367605CE76B18404603EA0E01AB
:107C90000393AAEB010101EA0E031946009300F0D9
:107CA00017FB431CDDE901297FF4C6AE0398CDF82C
:107CB00000B0C1E654282AD8300B00F16F016E30B5
:107CC000C9002FE7B3F5AA7F2AD8D30B03F1780EAA
:107CD00003F177064FEACE03DBE5DFF8BC900AF14B
:107CE000FF3ED9F800000844C9F800007CE615EA18
:107CF0000E0F7FF479AE3144A56841F0010169604F
:107D0000BFE6244B1D6079E601236B608EE7B0F57A
:107D1000AA7F27D8F00B00F178017730C90001E77E
:107D200040F254518B4227D8930C03F17D0E03F19E
:107D30007C064FEACE03ACE5ABF1080100230AEB69
:107D40000100009378E607F108014046CDE90029DB
:107D500000F084FBA568DDF804906968D9F800009C
:107D6000009A8EE640F2545188420BD8B00C00F1D4
:107D70007D017C30C900D5E64FF47E734FF07F0E55
:107D80007E2686E54FF47E717E20CBE6636868E749
:107D9000F8250020E4250020E88E0220014800F0AC
:107DA000C7BA00BFE08E0220014800F0C3BA00BF8E
:107DB000E08E0220B1F90C202DE9F0418046100739
:107DC0000C4650D4496842F400630029A38164DD65
:107DD000A66A002E44D0002112F48052D8F8005038
:107DE000C8F8001065D1E16901234046B047411C45
:107DF00002466CD0B4F90C30A66A5B0705D56368FF
:107E0000D21A236B0BB1E36BD21A0023E16940460F
:107E1000B047471CB4F90C304DD1D8F800101D29DB
:107E200040D8304ACA40D6073CD523F40062D90472
:107E3000A2814FF0000262602269226003D5D8F867
:107E40000030002B41D0216BC8F8005041B104F143
:107E50004003994202D0404600F000FB0023236318
:107E60000020BDE8F0810E69002EF9D092070D6860
:107E70000E600CBF4B690023AD1B8B600AE02B46E4
:107E80003246E1694046676AB8470028A5EB00051D
:107E9000064406DD002DF2DCE2E7E16B002997DC09
:107EA000DEE7A38943F040034FF0FF30A381BDE834
:107EB000F081226DA1E723F40062DB04A2814FF080
:107EC0000002626022692260BDD52065BBE7D8F858
:107ED0000030002B8ED01D2B01D0162BE1D1C8F81D
:107EE0000050BDE70100402000B5034683B008B153
:107EF000426B52B3B1F90C0098B14A6ED20701D46B
:107F0000820512D518460091FFF754FF00990346E9
:107F10004A6ED00702D48A8992050ED5184603B05E
:107F200000BD0346184603B000BD886D0193009163
:107F300000F0FEF9DDE90013E4E7886D009300F03E
:107F4000F9F9009B184603B000BDCDE9000100F02F
:107F5000EFF8DDE90031CDE7002838D01E4B0146AF
:107F60001B6800B583B00BB15A6BD2B1B1F90C00EC
:107F700098B14A6ED20701D482051AD518460091ED
:107F8000FFF718FF009903464A6ED00702D48A898A
:107F9000920516D5184603B000BD0346184603B037
:107FA00000BD01901846009300F0C2F8DDE90031F1
:107FB000DCE7886D0193009100F0BAF9DDE9001368
:107FC000DCE7886D009300F0B5F9009BE2E7034A17
:107FD0000349044800F0D6B8042A0020F8290020FC
:107FE000E97E0010082A0020024A0349034800F0F5
:107FF000C9B800BFF829002065860010082A0020B3
:108000000C4B4168994210B5044601D000F02AFBA0
:10801000A168094B994202D0204600F023FBE16899
:10802000064B994204D02046BDE8104000F01ABB30
:1080300010BD00BF1C8F0220848F0220EC8F022015
:108040002DE9F843314A0025314C04233149DFF84A
:10805000D89004F15C00DFF8D4802F4F2F4E1160D0
:108060002946082225606566C4E90335C4E901553F
:10807000C4E9055500F06CFB04F15800E662C4E960
:108080000749C4E9098700F04FF9254B2946082222
:1080900004F1C40063672567C4F8CC50C4F880506D
:1080A000C4E91A55C4E91E5500F052FB04F16803F7
:1080B00004F1C000C4F88430C4E92298C4E92476ED
:1080C00000F032F9174B294604F596700822C4F8DF
:1080D000DC30C4F8D850C4F83451C4F8E850C4E9CE
:1080E0003455C4E9385500F033FB04F1D00304F5EE
:1080F0009470C4F8F090C4F8FC60C4F8EC30C4E9A3
:108100003D87BDE8F84300F00FB900BF549002204E
:108110001C8F0220E97F00102D8200105582001074
:108120000900010012000200C9810010ED81001059
:1081300010B504460A4800F0FBF8636B23B9094BFD
:10814000094A1B68626323B10548BDE8104000F08E
:10815000F1B8FFF775FF0248BDE8104000F0EAB83B
:10816000E48E02205490022001800010014800F0AB
:10817000DFB800BFE48E0220014800F0DBB800BF8A
:10818000E48E02202DE9F843074688464FF00009A7
:1081900016467568013D10D4B468A389012B08D92F
:1081A000B4F90E3021463846013302D0C04749EABF
:1081B0000009013D68346B1CEFD13668002EE8D110
:1081C0004846BDE8F88300BF10B50C46B1F90E1063
:1081D00000F06AF8002803DB236D0344236510BD1B
:1081E000A38923F48053A38110BD00BF2DE9F04182
:1081F0001F46B1F90C3016460C46DA0505460BD47D
:1082000023F4805132463B462846A181B4F90E1032
:10821000BDE8F04100F06EB802230022B1F90E1063
:1082200000F02EF8B4F90C30EAE700BF10B50C46A8
:10823000B1F90E1000F024F8421CB4F90C3004D04F
:1082400043F480532065A38110BD23F48053A381A0
:1082500010BD00BFB1F90E1000F000B838B5002312
:10826000064C054608462360FBF75EFC431C00D025
:1082700038BD2368002BFBD02B6038BD10B3022023
:1082800038B5084C0546084611461A4600232360B7
:10829000FBF74EFC431C00D038BD2368002BFBD0FD
:1082A0002B6038BD10B3022038B5084C054608468F
:1082B00011461A4600232360FBF718FC431C00D02C
:1082C00038BD2368002BFBD02B6038BD10B30220D3
:1082D00038B50023064C054608462360FBF7F0FB43
:1082E000431C00D038BD2368002BFBD02B6038BD69
:1082F00010B3022038B5084C0546084611461A4608
:1083000000232360FBF700FC431C00D038BD23682A
:10831000002BFBD02B6038BD10B30220014B186836
:10832000704700BF042A0020704700BF704700BF9D
:10833000704700BF704700BF082802D14FF480503B
:10834000704708B5FFF7EAFF162203464FF0FF30EB
:108350001A6008BD20F0030110F00300C0F1000016
:1083600051F8043B00F1040C4FEACC0C6FF0000212
:108370001CBF22FA0CF213434FF0010C4CEA0C2CF8
:108380004CEA0C4CA3EB0C0222EA030212EACC12D8
:1083900004BF51F8043B0430F4D0C2F1000102EAFA
:1083A0000102B2FA82F2C2F11F0200EBD200704762
:1083B000F8B5064608200C46FFF7BEFF07463046D4
:1083C000FFF7ECFC224A93685D6825F00305A5F1F0
:1083D00011031C1B3C44B4FBF7F4013C07FB04F401
:1083E000A74208DC00213046FFF772FF184A936865
:1083F0002B44984204D03046FFF7D6FC0020F8BD4D
:1084000061423046FFF764FF0130114A0DD02D1B49
:1084100010499368304645F001055D600B681B1BF1
:108420000B60FFF7C1FC0120F8BD00213046FFF7CB
:108430004FFF074A9268831A0F2BDCDD43F00103DC
:1084400004495360044B1B68C01A0860D3E700BF9F
:10845000F0250020E88E0220E4250020002962D0CB
:108460002DE9F0410C460746FFF798FC7A4954F88D
:1084700004ECA4F1080C8D682EF001030EF0010647
:108480000CEB03025068954220F0030000F0878057
:10849000151850606D6805F00105A84696BB54F8A4
:1084A000084C01F1080EACEB040C2344DCF8084046
:1084B000744567D0DCF80C50E560AC60B8F1000F93
:1084C00000F0888043F00100CCF804001360B3F59D
:1084D000007F32D25809DA0801238340486801320C
:1084E000034351F832004B6001EBC203083BCCE977
:1084F000020341F832C0C0F80CC03846BDE8F04174
:10850000FFF752BC85B9034401F1080E906843F0AF
:108510000104704577D0D268C2609060CCF8044006
:108520004CF80330D3E770474EF00102B3F5007FFB
:1085300044F8042C4CF80330CCD3B3F5206F4FEA49
:10854000532249D29A0902F1390002F13804C200DB
:1085500088188A580838904203D15DE092689042AA
:1085600004D0516821F003019942F7D8D068CCE9D2
:108570000220C0F808C03846C2F80CC0BDE8F0417F
:10858000FFF712BC9DBB1844D2E90223D3609A6066
:1085900040F00103CCF804304CF80000ADE718447B
:1085A00046B954F8083CACEB030C1844DCE9022350
:1085B000D3609A6040F00103CCF80430274BC1F837
:1085C00008C01B68834298D8254B38461968FFF7C6
:1085D000EFFE92E7034499E7142A0ED9542A22D8D1
:1085E0001A0B02F16F0002F16E04C200B0E743F013
:1085F0000101CCF8041013607FE702F15C0002F186
:108600005B04C200A4E7C1E904CCCCE902EECCF8DB
:1086100004404CF8033070E7A4100123A3404C68D9
:1086200023434B60A3E7B2F5AA7F06D8DA0B02F129
:10863000780002F17704C2008AE740F25450824287
:1086400006D89A0C02F17D0002F17C04C2007FE79B
:108650004FF47E727E247BE7F0250020E825002081
:10866000188F022070B5002941D006460C4610B183
:10867000436B002B3ED0FFF779FD636EB4F90C20FD
:10868000DD0730D4900538D521463046FFF792FB00
:10869000E36A054633B1E169304698470028B8BF20
:1086A0004FF0FF35A3891A0639D4216B41B104F18B
:1086B0004003994202D03046FFF7D0FE00232363E7
:1086C000616C21B13046FFF7C9FE00236364636E1D
:1086D0000022DB07A2811ED5A06DFFF727FEFFF762
:1086E0004BFD284670BD002ACED1FFF745FD002581
:1086F000284670BDFFF71CFDBDE7A06DFFF718FE13
:10870000B4F90C30002BBFD1636ED907EDD4A06D46
:10871000FFF710FEE9E7A06DFFF70CFEDCE721692B
:108720003046FFF79BFEC0E75FF800F0F102002043
:108730005FF800F0410B00205FF800F039030020E3
:108740005FF800F0B12300205FF800F08102002004
:108750005FF800F0292300205FF800F0B902002044
:108760005FF800F0E50A00205FF800F0A1010020AA
:108770005FF800F0890B00205FF800F0B51F0020C3
:108780005FF800F00D0B00205FF800F011010020F1
:10879000651F0010DD1E00100D1F0010F51F0010DA
:1087A000451F0010451E00108D1F0010311E0010C7
:1087B000890B0010911F0010550F00108D1E001026
:1087C000791F0010291F001099050010C105001025
:0887D000C56500100D47001003
:1087D8000A5B6D696E5D20E69C80E5B08F2044568B
:1087E8004920E9AA8CE8AF81000000005B6D696E42
:1087F8005D20E5BC95E8849A20434C4B3D256420D8
:1088080044303D25642044313D25642044323D25D3
:10881800642020696E766572743D25640A00000044
:108828005B6D696E5D20436F72653120E5B7B2E517
:1088380090AFE58AA8EFBC8CE5BC80E5A78BE5BEC8
:10884800AAE78EAFE68DA2E889B200005379737467
:10885800656D20636C6F636B206F66202575206BD8
:10886800487A2063616E6E6F742062652065786156
:1088780063746C79206163686965766564000000DB
:108888000A5B6261636B646F6F725D20424F4F5485
:1088980053454C207265626F6F742E2E2E000000B7
:1088A8000A5B6261636B646F6F725D207265626FF1
:1088B8006F742E2E2E0000000A2A2A2A2050414EBC
:1088C8004943202A2A2A0A004E6F207370696E6C69
:1088D8006F636B732061726520617661696C616298
:1088E8006C6500004E6F2075736572204952517394
:1088F8002061726520617661696C61626C65000057
:10890800486172647761726520616C61726D2025BF
:108918006420616C726561647920636C61696D655E
:1089280064000000486172642061737365727400AA
:108938004F7574206F66206D656D6F727900000049
:1089480052656C6561736500626F6F74325F773270
:108958003571303830000000322E332E30000000E0
:108968007761766573686172655F7270323335302E
:108978005F706C75735F31366D6200006476695F95
:108988006D696E004F637420203220323032360019
:10899800666E692B00000000666E69006E616E00ED
:1089A800666E692D000000005541525420737464AE
:1089B800696E000055415254207374646F757400D9
:1089C8005541525420737464696E202F2073746467
:1089D8006F75740055534220737464696E202F209C
:1089E8007374646F7574000052617370626572729B
:1089F80079205069000000005069636F0000000092
:108A0800426F6172642043444300000052657365FD
:108A180074000000556E68616E646C65642049528C
:108A28005120307825780A0065702025303258208A
:108A380077617320616C7265616479206176616920
:108A48006C61626C6500000043616E277420636F7F
:108A58006E74696E75652078666572206F6E206920
:108A68006E61637469766520657020253032580020
:108A780050494F203020534D20256420616C726589
:108A880061647920636C61696D65640050494F20A9
:108A98003220534D20282564202D20382920616C50
:108AA800726561647920636C61696D6564000000BA
:108AB80050494F203120534D20282564202D203443
:108AC8002920616C726561647920636C61696D65E8
:108AD800640000004E6F20444D41206368616E6E53
:108AE800656C732061726520617661696C61626C86
:108AF800650000005B6476695D20743D256C756DCA
:108B08007320656E673D256C7520766374723D250C
:108B18006C75206972713D256C752068623D256C05
:108B2800752F256C752071763D25752F257520715B
:108B3800663D25752F257520656E633D256C752F5F
:108B4800256C752077616974667265653D256C755D
:108B580020656E6F6E6C793D256C75206E3D256CB9
:108B6800750A0000445649206D6F64652077696472
:108B78006572207468616E2073746174696320542F
:108B88004D445320706F6F6C20282575203E20259A
:108B980075290000544D445320667265652071752F
:108BA8006575652066756C6C20696E204952512187
:108BB8000000000001020304050607000000000091
:108BC800FFFFFFFFFFFFFF7F06005250D3F0754203
:108BD8004889001006005250E182887F50890010B1
:108BE80006005250ABB36053608900100600525023
:108BF800BBFF3CB66889001006005250861C030271
:108C080084890010060052505422A29D8C890010BD
:108C180005005250DE65F4689CBD0010000000009D
:108C2800000000000000F03F0000000000002440A9
:108C380000000000000059400000000000408F4084
:108C4800000000000088C34000000000006AF840EF
:108C58000000000080842E4100000000D012634113
:108C68000000000084D797410000000065CDCD4189
:108C78000D0A00000600525053B4F4A1C889001030
:108C880008005250120000000800525092100000D4
:108C98000600525053B4F4A1DC8900100000000013
:108CA800F0890010008A001028EE0220088A0010BF
:108CB800148A001009025400030100807D080B008B
:108CC8000202020000090400000102020004052457
:108CD80000200105240100010424020605240600E1
:108CE800010705810308001009040100020A0000B9
:108CF8000007050202400000070582024000000943
:108D080004020000FF00010512011002EF020140F9
:108D18008A2E090000010102030100000A00000078
:108D280000000306A6000800020002009C001400D0
:108D3800030057494E555342000000000000000050
:108D4800000080000400010028004400650076004F
:108D580069006300650049006E00740065007200D8
:108D68006600610063006500470055004900440043
:108D780000004E007B0062006300370033003900BA
:108D88003800630031002D003700330063006400B1
:108D98002D0034006300620037002D0039003800D0
:108DA800620038002D0039003100330061003800BE
:108DB80066006300610037006200660036007D00CF
:108DC80000000000050F2100011C100500DF60DD18
:108DD800D88945C74C9CD2659D9E648A9F00000334
:108DE80006A600010000000000000000C9480010AD
:108DF80000000000CD480010D948001005490010B7
:108E0800014900100000000000000000E15B0010B4
:108E1800555C0010855C0010D55C0010A55D001045
:108E2800755E001000000000010000000300000053
:108E38000600000005000000488E00100200010036
:108E4800A170A16896696996699696696996966906
:108E58009669699669969669966969969669699612
:048E68006996966908
:088E6C007891FF0F01000000E6
:108E7400D08B0010DC8B0010E88B0010F48B0010FA
:108E8400008C00100C8C0010188C0010908C0010BA
:0C8E9400888C00107C8C0010988C001062
:108EA0004FF0504330B5026893F90040EFF3108360
:108EB00072B6D2E8CF5F0121002DFAD1C2E8451F7A
:108EC000002DF6D1BFF35F8F90F90420002A24DB38
:108ED0004FF0000EDFF854C09CF800200168D2B2B9
:108EE000C1E88FEF83F310889CF80030934200D1E3
:108EF00020BF20BF0268EFF3108372B6D2E8CF5FC5
:108F00000121002DFAD1C2E8451F002DF6D1BFF393
:108F10005F8F90F90420002ADEDA002201680471D4
:108F2000C1E88F2F83F3108830BD00BF41EE0220CF
:108F3000034600B50268EFF3108C72B6D2E8CFEFAB
:108F40000120BEF1000FF9D1C2E84E0FBEF1000FB3
:108F5000F4D1BFF35F8F93F90420002A09DB01B13C
:108F60000A60002000221B68C3E88F2F8CF3108852
:108F700000BD4FF05042126801201A71F2E700BFA5
:108F80004FF050412DE9F8431F460B680446164642
:108F900000259946DFF874802368EFF3108272B6DB
:108FA000D3E8CF0F01210028FAD1C3E8401F0028E1
:108FB000F6D1BFF35F8F94F904302168002B1BDBDF
:108FC00098F80030DBB2C1E88F5F82F3108898F820
:108FD00000209A4208D03046394602F055F9002860
:108FE000DAD00020BDE8F88320BF3046394602F0D1
:108FF0004BF90028D0D0F4E7002384F80490C1E8AE
:109000008F3F82F310880120BDE8F88341EE0220F3
:1090100070B582B001A9064614461D46FFF788FFC9
:1090200038B94FF050439DF9042093F900309A422B
:1090300001D102B070BD22462B46304602B0BDE8D9
:109040007040FFF79DBF00BF70B505460C4602F0AB
:1090500013F902460B464FF47A704FF0FF3E6FF063
:10906000004CE4FB002396457CEB030138BF7246BD
:109070002846BDE8704038BF6346FFF781BF00BF98
:109080000368EFF3108172B6D3E8CFCF0122BCF1B1
:10909000000FF9D1C3E84C2FBCF1000FF4D1BFF39E
:1090A0005F8F4FF0FF0C074A80F804C0137801333C
:1090B000137000230268C2E88F3F81F3108840BF1D
:1090C000704700BF41EE0220002108B5134B4FF45A
:1090D000707299601248D960196159619961D961BA
:1090E000196259629962D962196359639963D963A4
:1090F000196459649964D964196559659965D96584
:10910000196659669966D966196759679967D96763
:1091100001F0D2FF034B044A1A6008BD0000105052
:1091200018B40220E0B70220800110502DE9F0476A
:109130001E4B84B0D3F858A0BAF1000F21D0002400
:1091400001254FF4E069DFF86C80194F05E0013428
:10915000E4B2202C4FEA450513D01AEA050FF6D0E9
:10916000E34304F0FE0603F001031E4407EB46163A
:109170003046C8F8585000F001FC28B93AEA050A10
:10918000E5D104B0BDE8F087B378F28A8DF80830F5
:10919000002301A80121ADF8049003928DF8093055
:1091A00000F00AFC304600F08DFBE7E700001150AC
:1091B000D8B302200030115070B5B24B86B0D3F84E
:1091C000984014F4003574D0AF4AB04B906A93F8CD
:1091D0003B20AF49022A086000F0E680002593F8A2
:1091E0007B20022A00F0B28193F8BB20022A00F013
:1091F000A28193F8FB20022A00F0928193F83B2190
:10920000022A00F0818193F87B21022A00F071810B
:1092100093F8BB21022A00F0618193F8FB21022A16
:1092200000F0508193F83B22022A00F03F8193F82E
:109230007B22022A00F01A8193F8BB22022A00F056
:10924000098193F8FB22022A00F0F88093F83B236F
:10925000022A00F0E78093F87B23022A00F0B7800F
:1092600093F8BB23022A00F07C8193F8FB23022AA7
:1092700000F0C7803DB9874B1B7823B94FF400320B
:10928000854BC3F890204FF440727E4B01219B6CBC
:1092900003A8C3F30A030493ADF80C2000F08CFB81
:1092A000E3064FF400357D4E07D5FFF73FFF354607
:1092B00003E0E3064FF01006F7D4E0031DD5734832
:1092C0000226837E45F4803533BB4FF00103012E27
:1092D000C37000F120001BD14FF4C062704BADF899
:1092E0000C2093E80300CDE90401314603A800F007
:1092F00063FB4FF40032684B1A65E1043ED462040C
:109300002ED423041DD4A54240F0BB8106B070BD0D
:10931000837E0126002BD8D0624B5A4A1E66536EBC
:1093200036EA0303FBD14FF440520021019000F0D4
:10933000CFFA019800F0C6FA574B01985E661E6698
:10934000C3E74FF4A063012103A8ADF80C3000F08F
:1093500033FB4FF40062504B45F400451A65D2E7E9
:109360004FF48063012103A8ADF80C3000F024FB1A
:109370001022494B45F480451A65C2E70026414B4F
:1093800045F480551E60FFF79FFE4FF48073012166
:1093900003A8ADF80C308DF8106000F00DFB4FF411
:1093A00000223D4B1A65AAE793F83A50002D3FF48E
:1093B00016AF93F83C20002A3FF411AF002203F1CE
:1093C000200083F83C2000F0A7FA304B07E793F821
:1093D0007A63002E3FF444AF93F87C23002A40F0D8
:1093E000408193F8BB23022A40F0C48093F8BA234B
:1093F000002A40F0BB8093F8FB23022A7FF443AF9E
:10940000354693F8FA23002A3FF434AF93F8FC234F
:10941000002A3FF438AF0022234883F8FC2300F0F1
:109420007BFA30E793F83A63002E3FF414AF93F8D9
:109430003C23002A40F0A98035460CE793F8FA62F5
:10944000002E3FF403AF93F8FC22002A40F0AF80D7
:109450003546FBE693F8BA62002E3FF4F2AE93F87D
:10946000BC22002A40F09A803546EAE693F87A62F8
:10947000002E3FF4E1AE93F87C22002A40F0CD802C
:109480003546D9E60000115000000B40D8B3022049
:109490000CB302203DEE02200030115010000200FB
:1094A0000000105000201150B8B7022093F83A6223
:1094B000002E3FF4BCAE93F83C22002A40F0A4807A
:1094C0003546B4E693F8FA61002E3FF4ABAE93F85C
:1094D000FC21002A40F08F803546A3E693F8BA615C
:1094E000002E3FF49AAE93F8BC21002A7AD135467B
:1094F00093E693F87A61002E3FF48AAE93F87C21CC
:10950000002A66D1354683E693F83A61002E3FF48F
:109510007AAE93F83C21002A40F09180354672E6FD
:1095200093F8FA60002E3FF469AE93F8FC20002A0D
:109530007CD1354662E693F8BA60002E3FF459AE0E
:1095400093F8BC20002A3BD1354652E693F87A6066
:10955000002E3FF449AE93F87C20002A78D135469E
:1095600042E693F8BA23002A3FF47FAE93F8BC2377
:10957000002A7ED193F8FB23022A7FF484AE93F86D
:10958000FA23002A3FF47FAE40E700223F4883F8E9
:109590003C23354600F0C0F93D4B5CE600223D48D7
:1095A00083F8BC22354600F0B7F9394B49E6002272
:1095B000394883F8FC22354600F0AEF9344B45E6D5
:1095C0000022364883F8BC20354600F0A5F9304B20
:1095D0000FE60022324883F87C21354600F09CF9E2
:1095E0002B4B15E600222F4883F8BC21354600F0AE
:1095F00093F9274B11E600222B4883F8FC213546CE
:1096000000F08AF9224B0DE60022284883F83C221C
:10961000354600F081F91E4B09E60022244883F804
:109620007C22354600F078F9194B05E600222148E6
:1096300083F8FC20354600F06FF9154BDEE500227B
:109640001D4883F83C21354600F066F9104BDAE5F9
:1096500000221A4883F87C20354600F05DF90C4B57
:10966000C2E50022164883F87C2300F055F9084B28
:10967000B7E60022134883F8BC2300F04DF9044BF1
:1096800078E7114885EA040101F0FAFDF8B60220F6
:10969000D8B3022078B60220B8B6022078B40220EF
:1096A00038B5022078B50220B8B50220F8B50220FE
:1096B00038B60220B8B40220F8B4022038B4022030
:1096C00038B7022078B702201C8A00102DE9F04339
:1096D000828AB0F818E003469645C07828BF9646BF
:1096E000041E18BF012480F001000D46A2EB0E02FB
:1096F0005978D87092B24EF480609A8240EA443031
:10970000A1BB1969BEF1000F2CD00EF1FF34DA684D
:10971000052CA14602EB85182FD9A8EB0104013CCA
:10972000022CC4460A4628D94FEA9E0701EB870659
:1097300052F8044B96424CF8044BF9D1BEEB870F1C
:109740000ED011F82720B9EB870108F8272008EB85
:10975000870205D074780129547001D0B1789170D6
:1097600019699A8A7144196140F400400AB940F4B9
:10977000804005B10004BDE8F08308F1FF3201EB41
:109780000E0611F8014BB14202F8014FF9D1E7E79B
:1097900083682DE9F0410546186801B1000C6A782C
:1097A000C0F309004AB9EB8A0344EB822B8B834256
:1097B00084BF0023AB82BDE8F081D5F810C088B328
:1097C000421EEB68052A164603EB811E31D989013A
:1097D0004C1C1C44ACEB0404022C624629D900F456
:1097E0007F7173460F464FEA90085C1853F8041BCC
:1097F000A34242F8041BF9D1B84211D01EF8283018
:10980000BE440CF82830F31BBC4409D09EF801205C
:10981000012B8CF8012003D09EF802308CF8023026
:10982000D5F810C0EA8A0CEB00030244EA822B61EF
:10983000BCE70CF1FF3C0EEB00021EF8013B724549
:109840000CF8013FF9D1EBE710B50446836800211D
:109850001B68FFF79DFF63681B685B0002D5238BC5
:10986000834200D010BD2046BDE810400121FFF723
:109870008FBF00BF084B1B6C13F0020302D182782C
:10988000D20901D100207047C07EA0F10200B0FAD9
:1098900080F04009704700BF0000115008B5FFF785
:1098A000E9FF50B1054A064B906A1B68A0F5487065
:1098B000C01AC6288CBF0020012008BD00000B4044
:1098C0000CB302200023C0E904338376704700BF45
:1098D00008B5836819B1D3F800C001EA0C018AB158
:1098E000114352050ED51A6852050DD4084A21F4C9
:1098F000806CC3F800C0126C920703D40C23033BA6
:10990000FDD28368196008BD8178024801F0B8FC77
:1099100000001150308A001030B54368002183B038
:1099200005461C68FFF7D2FE134B40F48052196CB9
:10993000AB7889070ED55B060ED024F0A04444F026
:109940000054002128466B681C6003B0BDE830401D
:10995000FFF7BEBFDB09F0D0AB8A002BEDD00121B1
:1099600028460192FFF7B2FE019A24F00054024308
:1099700044F0A044E5E700BF0000115038B5857EF3
:10998000044695B1FFF760FFA38A0BB9284638BD9E
:109990002046FFF783FF20B10123237700252846C7
:1099A00038BD2046FFF7B8FFF8E78178014801F09D
:1099B00067FC00BF508A001070B543780446023B34
:1099C0000E4686B0042B13D8DFE803F00349677016
:1099D00044000021774B1A7822F001021A701A789D
:1099E00022F002021A7059701A7861F382021A701A
:1099F000714B1B685A69EFF3108072B6D2E8CFCF73
:109A00000121BCF1000FF9D1C2E84C1FBCF1000FDD
:109A1000F4D1BFF35F8F214698611846019301F09E
:109A200027FC019B00225969C1E88F2F9B6983F3B2
:109A3000108840B94FF0E023D3F8F03DDB0707D59D
:109A400000BE06B070BD32466178207801F00CFC93
:109A500006B070BD594A137801331370C8E700226D
:109A6000574B1878134611E05649096811EB431318
:109A700008D0DB6933B12078616801929847504B78
:109A8000019A18780132D3B2834218D89842EBD8A1
:109A90004D491B1A01EB4313EBE7464B1A78D207EB
:109AA000D6D51A7842F004021A70A1E7414B1A7811
:109AB000D507CDD51A7822F004021A7098E73D4BED
:109AC0001A78500733D4DB78DA07C1D503223A4B32
:109AD000207861681B688DF80C008DF80D205A699C
:109AE0000491EFF3108172B6D2E8CF4F0120002C21
:109AF000FAD1C2E8440F002CF6D1BFF35F8F996111
:109B0000184603A9019301F0B3FB019B0022596998
:109B1000C1E88F2F9B6983F3108800288AD03246D2
:109B20009DF80D109DF80C0001F09EFB90E70025BC
:109B300005201978CDE9045521F004010395197029
:109B40008DF80D001C4A217812688DF80C105169AF
:109B5000EFF3108072B6D1E8CFEF5FF0010CBEF1E9
:109B6000000FF8D1C1E84ECFBEF1000FF3D1BFF323
:109B70005F8F906103A91046019201F079FB019A71
:109B80005169C1E88F5F926982F31088094B38B937
:109B90004FF0E022D2F8F02DD10794D500BE92E725
:109BA00032469DF80D109DF80C0001F05DFB014B55
:109BB00089E700BF68910220C09102203EEE02209A
:109BC0003CEE022060900220108E00100023F0B5C1
:109BD000324C85B002A93248A56AA66A029301F008
:109BE0002FFBA36A2F499B1B2F4A0B6011682B4C3C
:109BF0008B4288BF1360002303A92C48A66A0393F5
:109C000001F01EFBA36A2A499B1B2A4A0B601168BC
:109C1000224E8B4288BF1360274BB76A1B68DDE971
:109C200002011C690023640822460093042301F00A
:109C30002DF80523039922460298009301EB840135
:109C40000A2301F023F80B2303992246029800937C
:109C500001EBC4010F2301F019F8B36A1749DB1BAC
:109C6000174A0B60116817488B4203A988BF13601D
:109C700001F0F6FA02A9144801F0F2FA074B134A70
:109C80009B6A13495B1B13600A68124801320A6021
:109C90000268934288BF036005B0F0BD00000B402E
:109CA00044350020CCB30220D0B30220343500204C
:109CB000C4B30220C8B30220602E0020A4B3022047
:109CC000A8B302202435002054350020ACB3022074
:109CD000A0B30220B0B3022000242DE980480B215C
:109CE00050488FB001F0B4FA25464F480DA90D95A4
:109CF00001F0A6FA21460D9880F04AF84B480DA9CC
:109D000001F0AEFAFFF762FF631C022B4FF0010473
:109D1000EBD10025434E464C304601F09DFADFF86A
:109D20004CA1D4F828B0DFF8488100233E480DA9A3
:109D3000A76AD4F828900D9301F082FAA36A3D4AED
:109D4000A3EB09031360DAF80020294693420D982B
:109D500088BFCAF8003080F01BF834480DA901F024
:109D60007FFAFFF733FFD8F8003001350133B5F53E
:109D7000F07F314A3148C8F8003004D1002530491D
:109D80000B6801330B60A36A2E49DB1B2E4F0B605F
:109D900039688B4288BF3B60A76AA7EB0B039342ED
:109DA000C3D92A4B2A4AD3F800B0254BA2FB07217E
:109DB000D8F80020D3F800C0264B8909D3F800E07A
:109DC000254BD3F80090254BCDF82090D3F8009088
:109DD000234BCDF82490D3F80090224BCDF8289057
:109DE000D3F80090B6F8DE36CDE9012C0693B6F82C
:109DF000DC36D6F808270593B6F8CE36CDF800B095
:109E00000493B6F8CC36CDF81CE00393736BCDF811
:109E10002C9001F011FA144BBB461B68986801F0B6
:109E200013FA82E7602E00205435002044350020CC
:109E300000000B40BCB302203F420F00FC8A001020
:109E40002CB30220B4B30220B8B3022048B30220DE
:109E5000D34D6210ACB30220B0B30220C4B30220D1
:109E6000A4B30220A0B30220042A0020C0B3022021
:109E700030B3022038B5D0F87C377BB1D0F87028E9
:109E8000D0F8804790F838302244C0F870281BB9C9
:109E9000436BD3B1012B4CD0131601D1002038BD38
:109EA000042BA8BF04239E460446A2EB0E6C084672
:109EB0007246D4F8743804F50661C4F870C800F02E
:109EC00057FDC4F87408012038BDD0F808378C4617
:109ED000DB0718D500F20C7400F22C75A6460CF1C5
:109EE000100CBEE80F00AE4504F110044CF8100C45
:109EF0004CF80C1C4CF8082C4CF8043CEED12068B3
:109F0000CCF80000DFE700F2547400F27475A64646
:109F10000CF1100CBEE80F00AE4504F110044CF833
:109F2000100C4CF80C1C4CF8082C4CF8043CEED1EE
:109F3000E5E78C4600F5E66400F5EA65A6460CF117
:109F4000100CBEE80F00AE4504F110044CF8100CE4
:109F50004CF80C1C4CF8082C4CF8043CEED1CEE725
:109F600001462DE9F04F04460C4A0D4D136851F897
:109F7000340B013393B01360AE6A002700F00EFB80
:109F8000D5F828C025462368DFF818E0186940088E
:109F9000A96864230EEB811109E000BF48B30220D9
:109FA00000000B4000080050013B00F0B8814A68F7
:109FB0008242F9D10137032F05F11005E8D1AC4BEE
:109FC000AC4A9B6AA3EB0C031360AB4A116899423D
:109FD00038BF1360D4F8BC36002B34D0D4F8D43654
:109FE000EFF3108572B6D3E8CF1F01220029FAD112
:109FF000C3E8412F0029F6D1BFF35F8FB4F8E21612
:10A00000B4F8DC06B4F8DE364A1CC31A1A4433EA44
:10A01000230328BF13468B42D4F8D47600F0DC81AA
:10A02000431C9BB28B4288BF0023D4F8D826D4F8B7
:10A03000BC1642F82010A4F8DC360023C7E88F3F96
:10A0400085F3108840BF0027D4F8B826D4F8C0366E
:10A05000B446C4F8BC26C4F8B876002B63D0D4F854
:10A06000C436EFF3108172B6D3E8CF0F0122002877
:10A07000FAD1C3E8402F0028F6D1BFF35F8FB4F8C0
:10A08000CE26B4F8CC369B1A00F10E81002B00F0DE
:10A090001281B4F8D206531C9BB2984238BF0023F9
:10A0A000D4F8C856D4F8C40655F82260A4F8CE36C1
:10A0B000C0E88F7F81F3108840BFD4F8D436EFF327
:10A0C000108072B6D3E8CF1F01220029FAD1C3E86D
:10A0D000412F0029F6D1BFF35F8FB4F8DC26B4F826
:10A0E000DE36B4F8E216D31A00F1FD808B42D4F8C4
:10A0F000D45600F0FF80531C9BB28B4288BF0023D4
:10A10000D4F8D81641F82260A4F8DC36C5E88F7F71
:10A1100080F3108840BFD4F8C036013BC4F8C03685
:10A12000002B9CD1664694F83830012B00F0CF808C
:10A13000032B00F0E58004F5DC724FF0A04A4FF0ED
:10A14000010B4FF004084A4B4C499B6AD56D9B1B91
:10A150000B604B49D4F808E0086825F4F0359842C4
:10A1600038BF0B60424B45EA4E359B6A0595D2F8E5
:10A17000CC50D4F8189025F4F03545EA49350695C9
:10A180000AEB89150295D2F83C51D4F828C06068D2
:10A1900025F4F03545EA4C35616907954FEA4039B9
:10A1A000384D29F0607949EA050701934FEA4139B2
:10A1B000636A29F06079049749EA05074FEA433951
:10A1C000039729F06079049F49EA05050AEB8E1E82
:10A1D0000BFA00F90AEB80100260C0F804E0C0F846
:10A1E000088007610BFA03F00BFA01F749EA000057
:10A1F00040EA070902980AEB811102F1600E94F817
:10A200008477C1F800E0486003980AEB8313C1F833
:10A2100008800AEB8C1C086102F1D0011960C3F8B8
:10A2200004C0C3F808801D61059DD565069DC2F870
:10A23000CC50079DC2F83C51CAF85094002F40F012
:10A24000B0800B4B01989B6A0F491B1A0F4A0B6099
:10A250001168994238BF1360054B0D499B6A0D4A3E
:10A260009B1B0B60116899420B4938BF136015E0C6
:10A2700000000B4058B302205CB3022040B3022020
:10A2800044B3022059147E004CB3022050B3022084
:10A2900034B3022038B302203CB302200A681344CE
:10A2A0000B6013B0BDE8F08FB4F8D2060130034460
:10A2B000002B7FF4EEAE6646D4F8C426C2E88F3F8A
:10A2C00081F3108894F83830012B7FF431AF636B41
:10A2D00004F17802002B7FF430AFD4F80837013353
:10A2E000C4F8083729E74D1C2B448B42D4F8D456C8
:10A2F0007FF401AFC5E88F7F80F3108820BFDCE6D4
:10A30000636BE26E93426FD204F5AF62636F002B12
:10A310003FF413AF606B01929847019A0DE7854AAD
:10A3200085491368013313600B6801337FF442AE33
:10A330000F60A368814A8249DFF8209208601360A9
:10A340000EEB831149689B01C9F8001003F1A0438B
:10A35000D968DFF80C82C8F800109B6879490B6057
:10A36000A36953600EEB831ADAF804A09B01C9F8C5
:10A3700004A003F1A043D3F80CA0C8F804A09B6884
:10A380004B60A36A93600EEB831252689B01C9F87D
:10A39000082003F1A043DA68C8F808209B688B60A6
:10A3A00008E6204609A9FFF765FD002800F0958022
:10A3B00094F838202368A2F10102B2FA82F204F57F
:10A3C000F1601C7D5209121BB2FA82F21B7809A9B6
:10A3D000520900F0A1FB34E70023C7E88F3F85F363
:10A3E0001088594800F04CFF2268216F526A521AB7
:10A3F000934289D2D4F8C436EFF3108172B6D3E811
:10A40000CF0F01220028FAD1C3E8402F0028F6D14F
:10A41000BFF35F8FB4F8CC36B4F8CE269B1A75D450
:10A42000D4F8C426002B5ED00027C2E88F7F81F3CA
:10A430001088D4F8C436EFF3108072B6D3E8CF1F7B
:10A4400001220029FAD1C3E8412F0029F6D1BFF338
:10A450005F8FB4F8CE26B4F8CC369B1A002B5ADBAB
:10A46000D4F8C45660D0B4F8D216531C9BB29942AB
:10A4700038BF0023D4F8C81651F82210A4F8CE36FD
:10A480000023C5E88F3F80F3108840BF94F88537DC
:10A49000C4F8B8161BB1636BDB073FF535AF002975
:10A4A00031D02A4F04F53E7294F884372068D7F8EB
:10A4B0002880019200F094F8BB6A2549254DA3EB52
:10A4C00008030B6029682448013129600168019A5A
:10A4D0009942BFF41BAF036018E724210DEB010084
:10A4E00000F040FA64E7C2E88F3F81F31088D4F8A7
:10A4F000C03694F885270133C4F8C0361AB1636BAF
:10A50000DA073FF501AF04F58762FFE6B4F8D2261B
:10A510000132134484E7B4F8D216D4F8C45601F1DA
:10A52000010C1CEB030FA0D1C5E88F7F80F31088CE
:10A5300020BF7EE754B30220E025002060B3022054
:10A5400090B302206CB302209C8B001000000B40E3
:10A5500098B3022094B302209CB3022084B302205B
:10A5600078B3022001234FF0A04204494868816873
:10A570008B40C2F81C34FFF7F3BC00BF00B30220CD
:10A5800001234FF0A0420449086881688B40C2F85B
:10A590000C34FFF7E5BC00BF00B302200B680A795A
:10A5A00001330B601AB98069834205D07047012AD4
:10A5B00009D1C0698342F9D10023013202F00302BC
:10A5C0000A710B607047022A03D1006A8342F3D0FC
:10A5D0007047032AEAD1406A8342EDD0704700BF3A
:10A5E00000B5DFF82CE0D0F810C00EEBC3004068D7
:10A5F0005EF833300001115002EB03134FEA5C02A6
:10A6000001EB820201EB8C011A66C3F8D01000BD89
:10A61000308E001000FD070000FD070000FD070060
:10A6200000FD070000FD070001FA0B0054530D0068
:10A63000ABAC020054510500ABAE0A0000000000B4
:10A6400010000000600000003000000080020000E8
:10A65000000000000A0000000200000021000000CD
:10A66000E001000060D803008268C3689A4283BF9B
:10A670004068821A03FB0120981A704770B542F0B7
:10A68000080E002B08BF72460378DFF820C25C007A
:10A6900004F0040444EA0E043CF814509C0004F056
:10A6A000040422433CF8122042EA85220A605A0838
:10A6B00002F0040242EA0E023CF81250DA0802F0FC
:10A6C000040242EA0E023CF812609A0802F0040208
:10A6D00042EA0E023CF812405A0902F0040242EA31
:10A6E0000E0244EA86243CF812601A0903F00403BF
:10A6F00043EA0E033CF8133002F0040243EA8523D8
:10A7000042EA0E024B603CF812308C6043EA86232A
:10A71000CB6043785A0002F0040242EA0E023CF891
:10A7200012409A0002F0040242EA0E023CF81220A3
:10A7300042EA84220A615A0802F0040242EA0E0246
:10A740003CF81250DA0802F0040242EA0E023CF829
:10A7500012609A0802F0040242EA0E023CF812402B
:10A760005A0902F0040242EA0E0244EA86243CF846
:10A7700012601A0903F0040343EA0E033CF8133095
:10A7800002F0040243EA852342EA0E024B613CF8E0
:10A7900012308C6143EA8623CB6183785A0002F041
:10A7A000040242EA0E023CF812409A0002F004024F
:10A7B00042EA0E023CF8122042EA84220A625A0857
:10A7C00002F0040242EA0E023CF8124003F00402D6
:10A7D00042EA0E023CF8122042EA84224A62DA0877
:10A7E00002F0040242EA0E023CF812409A0802F01B
:10A7F000040242EA0E023CF8122042EA84228A62F3
:10A800005A091B0902F0040203F0040342EA0E0293
:10A8100043EA0E033CF812203CF8133043EA82234B
:10A82000CB62C3785A0002F0040242EA0E023CF8FE
:10A8300012009A0002F0040242EA0E023CF81220D2
:10A8400042EA80220A635A0802F0040242EA0E0237
:10A850003CF81200DA0802F0040242EA0E023CF868
:10A8600012409A0802F0040242EA0E023CF812205A
:10A8700042EA84228A635A0902F0040242EA0E0282
:10A880003CF812501A0902F0040203F0040343EAF0
:10A890000E0342EA0E023CF813403CF8123044EA40
:10A8A000802043EA85234863CB6370BDDC1D002014
:10A8B0002DE9F0474CF6CC44DFF8A4C001F1080EB6
:10A8C000033008324831437C477A46781B04457E82
:10A8D00043EA0723334343EA056383EAD31505F0CC
:10A8E000AA156B4083EAC51383EA933525406B4074
:10A8F00083EA8533C3F3034803F00F07C3F303165A
:10A90000C3F303553CF818A03CF815503CF81780E9
:10A910003CF81670C3F30369C3F3032647EA85279F
:10A92000C3F303351B0F3CF819903CF816603CF854
:10A9300015503CF8133048EA8A284EE902870EF198
:10A94000080E46EA892645EA8323714542E90263F7
:10A9500000F1010002F10802B5D1BDE8F08700BFA7
:10A96000DC1D00200A1E02DD002100F0A5BB70479F
:10A970002DE9F04F904601221C4602FA08F3013BF4
:10A9800085B0437083F04A03DB43A045D8BF002263
:10A990000E464FF002015D4DDBB2C8BFA240EB5C3A
:10A9A000C8BF120182705A40D2B2AB5C0170C37052
:10A9B000824601213046FFF757FEB8F1000F40F301
:10A9C0009380002840F39F8080454146A8BF014600
:10A9D00053464FF00009CDE9001ACDE90280DFF8B7
:10A9E00034E1B0687268B168013A01310A403168F7
:10A9F00001EB800731F92010B7F90200B260BFF314
:10AA00005F8F4FF000021A71DA71CAB2AA5CC1F30B
:10AA100007277A40AA5C9F7115F802C0C0F3C402F0
:10AA20001EF802B0C0F3C4221EF80280C1F3C402B3
:10AA30001EF802A0C1F3C4221EF8027000F0070243
:10AA40004BFA02F2C0F3022B48FA0BF882EA080232
:10AA50005FFA80F888EA0C0C15F80CC0C0F30720E8
:10AA6000597180EA0C0C587201F00700C1F3022101
:10AA70004AFA00F00F4182F04B02784002F00102E6
:10AA800080F04B00D20100F0010015F80CC042EA42
:10AA9000C00242F0110282EA0C0C9A7215F80C20E6
:10AAA000013CDA72009A09F1010948BFBF249145BF
:10AAB00083F8088003F1080393DBDDE901A803981C
:10AAC0001146804510DD00200AF10403104A03EB13
:10AAD000C103013C01F1010148BFBF248845186052
:10AAE0005A6003F10803F4DCC8F10402D200002A22
:10AAF00005DD0AEBC8000021043000F0DDFA204635
:10AB000005B0BDE8F08F0021DDE700BFFC1D00208F
:10AB1000000099334C8E001070B50446084643EA95
:10AB20004202104942F00C0531F815500E4E45EA2C
:10AB3000852582B00123211DA664C4F8906025609C
:10AB40000190FFF79BFD019804F1940204F14C0180
:10AB5000FFF7AEFE6564C4F88C60C4F8D46002B040
:10AB600070BD00BFDC1D002033CD04009C026302D9
:10AB7000E402E20271011E018E013C01CC023901A6
:10AB80009C01C6028E0271026301C30200D9B56C3A
:10AB90006DB4D801DA036FB6B76E02DBB36A06DFB5
:10ABA000DE076BB269B0DC0504DDB16861B8D40DB5
:10ABB0000CD5B960BB620ED7D60F63BAD20B67BE95
:10ABC000BF660AD308D1BD6465BCD009C21B77AE8D
:10ABD000AF761AC318C1AD7475ACC01971A8C41D85
:10ABE0001CC5A970AB721EC7C61F73AAA37A16CF65
:10ABF000CE177BA279A0CC1514CDA17810C9A57C65
:10AC00007DA4C811CA137FA6A77E12CB835A36EF44
:10AC1000EE375B825980EC3534ED815830E9855C44
:10AC20005D84E831EA335F86875E32EBE23B578E24
:10AC30008F563AE338E18D54558CE0395188E43D24
:10AC40003CE589508B523EE7E63F538A4198F42D0C
:10AC50002CF599409B422EF7F62F439AF22B479EF4
:10AC60009F462AF328F19D44459CF02920F9954CF4
:10AC70004D94F821FA234F96974E22FB934A26FFD4
:10AC8000FE274B924990FC2524FD914830B58BB0AE
:10AC900004460D46294803A9CDE9003200F0F8FA30
:10ACA000009B019AB3F1070E26D44FF0504C0E983A
:10ACB0000EF01F0EC11DC91A4901093301F4787144
:10ACC00003F01F034EEA010E0B4343F48E334EF4A0
:10ACD000E05ECCF8ACE0CCF8B030194B2946CCF8AB
:10ACE00088302046CCF88C307EF0D2F8134803A987
:10ACF00000F09EFA0BB030BD0E99204601F1070C12
:10AD0000ACEB030CCEF100034FF0504E4FEA4C1C5D
:10AD10000CF4787C4CF48E3444F010044CF4E05C79
:10AD2000CEF8ACC0CEF8B040054C2946CEF88840ED
:10AD3000CEF88C407EF0C4F8D8E700BF800000D089
:10AD40000000082053B94AB9002908BF00281CBFD9
:10AD50004FF0FF314FF0FF3000F0ACB9ADF1080C0F
:10AD60006DE904CE00F006F8DDF804E0DDE9022329
:10AD700004B070472DE9F047064682B017460846F2
:10AD80000A9AB4460D46002B4DD18F42BE4665D976
:10AD9000B7FA87F149B1C1F120038D4007FA01FEEE
:10ADA00006FA01FC26FA03F31D434FEA1E461FFA7A
:10ADB0008EF04FEA1C43B5FBF6F406FB145543EA4C
:10ADC000054304FB00F59D4206D91EEB030302D2A6
:10ADD0009D4200F24C81013C5B1B1FFA8CFCB3FBD3
:10ADE000F6F506FB153305FB00F04CEA034C604515
:10ADF0000AD91EEB0C0C2CBF01230023604502D99D
:10AE0000002B00F03781013DACEB000C45EA04401B
:10AE1000002422B12CFA01F30021C2E900312146BD
:10AE200002B0BDE8F0878B4208D90AB1C2E90061DF
:10AE300000242046214602B0BDE8F087B3FA83F42F
:10AE4000002C4DD18B42C0F00581B74240F2028107
:10AE50002046002AE3D0C2E900C5E0E7002F00F059
:10AE6000A2801946B7FA87F3002B40F0B480C31BC9
:10AE70001FFA8EF83F0C01244FEA1C40B3FBF7F594
:10AE800007FB153340EA034308FB05F098420AD953
:10AE90001EEB03032CBF01260026984202D9002E88
:10AEA00000F0E280013D1B1A1FFA8CFCB3FBF7F0A7
:10AEB00007FB10334CEA034C08FB00F363450AD947
:10AEC0001EEB0C0C2CBF01260026634502D9002E78
:10AED00000F0C7800138ACEB030C40EA054098E76E
:10AEE000C4F12008A34006FA04FAA14027FA08FC9E
:10AEF00020FA08F007FA04F94CEA030C26FA08F3E2
:10AF00004FEA1C460B431FFA8CFE190CB0FBF6F7F8
:10AF100006FB170041EA004107FB0EF088420AD900
:10AF20001CEB01012CBF01250025884202D9002D10
:10AF300000F0B280013F091A9BB2B1FBF6F006FBAC
:10AF4000101100FB0EFE43EA01439E450AD91CEB9B
:10AF500003032CBF012100219E4502D9002900F0E6
:10AF60009E80013840EA0740A3EB0E03A0FB09E1F5
:10AF70008B4276460F4602D307D1F24505D2BEEB8F
:10AF8000090661EB0C0101380F4652B1BAEB06011C
:10AF900063EB070303FA08F5E140E3400D43C2E920
:10AFA000005300243BE77308B8464908019743EA79
:10AFB000C0734FEAC67C1C0C9BB244EA014443EACE
:10AFC0000443B4FBF7F4B1FBF7F51F21019844EA01
:10AFD00005441B1A50E7194607FA03FEC3F1200384
:10AFE00000FA01F44FEA1E47D84026FA03F31FFA8D
:10AFF0008EF806FA01FC2343B0FBF7F51C0C07FBA7
:10B00000150044EA004005FB08F484424AD91EEBCF
:10B0100000002CBF01260026844200D98EB3001BFD
:10B02000013DB0FBF7F404FB08F6A146019607FBCF
:10B0300019009BB2019E43EA0043B342C6D21EEB05
:10B0400003032CBF01200020B34200D2A8B109F1B4
:10B05000FF34BBE7B6EB070C60EB030301201D4692
:10B06000F7E6F444023836E7023D73441BE7023C3E
:10B070007344B1E6F444023DC6E6A9F10204734408
:10B08000A4E7AEEB0404023D2044B0FBF7F404FB5C
:10B0900008F6A1460196CAE7023F61444BE7023831
:10B0A00063445FE7001BB0FBF7F404FB08F6A1461E
:10B0B0000196BCE7704700BF30B58407864603465B
:10B0C00006D0A2B303F8011B980702F1FF32F8D1B2
:10B0D000032A26D95FFA81FC0F2A0CEB0C2C0CEB0F
:10B0E0000C402AD922F00F0C9C44C3E90000C3E9AC
:10B0F000020010336345F8D112F00C0F02F00F0577
:10B1000017D04FEA950C1A460CF1FF3403EB8C0C68
:10B1100042F8040B6245FBD1043305F0030203EB54
:10B12000840322B11A4403F8011B9A42FBD17046F2
:10B1300030BD2A46002AF5D1F9E71546E1E700BF00
:10B14000844641EA000313F0030349D1403A23D374
:10B150000B6803604B6843608B688360CB68C36097
:10B160000B6903614B6943618B698361CB69C3617F
:10B170000B6A03624B6A43628B6A8362CB6AC36267
:10B180000B6B03634B6B43638B6B8363CB6BC3634F
:10B1900040304031403ADBD230320BD30B68036091
:10B1A0004B6843608B688360CB68C360103010319C
:10B1B000103AF3D20C3205D351F8043B40F8043B6B
:10B1C000043AF9D2043208D0D2071CBF11F8013B6F
:10B1D00000F8013B01D30B8803806046704700BF35
:10B1E000082A13D38B07B1D010F00303AED0C3F1FC
:10B1F0000403D21ADB071CBF11F8013B00F8013B26
:10B20000A4D331F8023B20F8023B9FE7043AD9D39C
:10B21000013A11F8013B00F8013BF9D20B780370B9
:10B220004B7843708B788370604670470000000055
:10B230005FF800F0457700105FF800F02140001043
:10B240005FF800F04D1600105FF800F0597F001015
:10B250005FF800F0ED6B00105FF800F09D6C0010DF
:10B260005FF800F0B91500105FF800F0194D0010FC
:10B270005FF800F0596300105FF800F0F11400105F
:10B280005FF800F0190400105FF800F0911300104F
:10B290005FF800F0217700101000000000000000AF
:10B2A000000001000000000000000000000002009B
:10B2B000000000000000000000000300000000008B
:10B2C000000000000000040000000000000000007A
:10B2D0000000050000000000000000000000FF006A
:10B2E0000000000001B5486801318E4600477046F5
:10B2F00009380149884701BD6D0A001000000000AF
:10B30000FFFFFFFFFFFFFF7F0000000000000000C5
:10B31000000000000000000000000000E02C002001
:10B320003D4000105141001091400010614100105B
:10B330000000000000010000B54300106143001050
:10B34000D942001049420010000000000001000036
:10B35000C491022010000C0000000000000000005A
:10B36000000000000000000000000000FF000000DE
:10B37000FFFFFFFFFFFFFFFF0000020000000000D3
:10B380000000000000000000F0250020F025002053
:10B39000F8250020F82500200026002000260020A7
:10B3A0000826002008260020102600201026002055
:10B3B0001826002018260020202600202026002005
:10B3C00028260020282600203026002030260020B5
:10B3D0003826002038260020402600204026002065
:10B3E0004826002048260020502600205026002015
:10B3F00058260020582600206026002060260020C5
:10B400006826002068260020702600207026002074
:10B410007826002078260020802600208026002024
:10B4200088260020882600209026002090260020D4
:10B430009826002098260020A0260020A026002084
:10B44000A8260020A8260020B0260020B026002034
:10B45000B8260020B8260020C0260020C0260020E4
:10B46000C8260020C8260020D0260020D026002094
:10B47000D8260020D8260020E0260020E026002044
:10B48000E8260020E8260020F0260020F0260020F4
:10B49000F8260020F82600200027002000270020A2
:10B4A0000827002008270020102700201027002050
:10B4B0001827002018270020202700202027002000
:10B4C00028270020282700203027002030270020B0
:10B4D0003827002038270020402700204027002060
:10B4E0004827002048270020502700205027002010
:10B4F00058270020582700206027002060270020C0
:10B50000682700206827002070270020702700206F
:10B51000782700207827002080270020802700201F
:10B5200088270020882700209027002090270020CF
:10B530009827002098270020A0270020A02700207F
:10B54000A8270020A8270020B0270020B02700202F
:10B55000B8270020B8270020C0270020C0270020DF
:10B56000C8270020C8270020D0270020D02700208F
:10B57000D8270020D8270020E0270020E02700203F
:10B58000E8270020E8270020F0270020F0270020EF
:10B59000F8270020F827002000280020002800209D
:10B5A000082800200828002010280020102800204B
:10B5B00018280020182800202028002020280020FB
:10B5C00028280020282800203028002030280020AB
:10B5D000382800203828002040280020402800205B
:10B5E000482800204828002050280020502800200B
:10B5F00058280020582800206028002060280020BB
:10B60000682800206828002070280020702800206A
:10B61000782800207828002080280020802800201A
:10B6200088280020882800209028002090280020CA
:10B630009828002098280020A0280020A02800207A
:10B64000A8280020A8280020B0280020B02800202A
:10B65000B8280020B8280020C0280020C0280020DA
:10B66000C8280020C8280020D0280020D02800208A
:10B67000D8280020D8280020E0280020E02800203A
:10B68000E8280020E8280020F0280020F0280020EA
:10B69000F8280020F8280020002900200029002098
:10B6A0000829002008290020102900201029002046
:10B6B00018290020182900202029002020290020F6
:10B6C00028290020282900203029002030290020A6
:10B6D0003829002038290020402900204029002056
:10B6E0004829002048290020502900205029002006
:10B6F00058290020582900206029002060290020B6
:10B700006829002068290020702900207029002065
:10B710007829002078290020802900208029002015
:10B7200088290020882900209029002090290020C5
:10B730009829002098290020A0290020A029002075
:10B74000A8290020A8290020B0290020B029002025
:10B75000B8290020B8290020C0290020C0290020D5
:10B76000C8290020C8290020D0290020D029002085
:10B77000D8290020D8290020E0290020E029002035
:10B78000E8290020E8290020000000000300000054
:10B790001C8F0220082A0020000000001C8F0220BD
:10B7A000848F0220EC8F02200000000000000000C7
:10B7B0000000000000000000000000000000000089
:10B7C0000000000000000000000000000000000079
:10B7D0000000000000000000000000000000000069
:10B7E0000000000000000000000000000000000059
:10B7F0000000000000000000000000000000000049
:10B800000000000000000000000000000000000038
:10B810000000000000000000000000000000000028
:10B820000000000000000000000000000000000018
:10B8300001000000000000000E33CDAB34126DE6B5
:10B84000ECDE05000B00000000000000000000001E
:10B8500000000000000000000000000000000000E8
:10B8600000000000000000000000000000000000D8
:10B8700000000000000000000000000000000000C8
:10B8800000000000000000000000000000000000B8
:10B8900000000000000000000000000000000000A8
:10B8A0000000000000000000000000000000000098
:10B8B0000000000000000000000000000000000088
:10B8C0000000000000000000000000000000000078
:10B8D0000000000000000000000000000000000068
:10B8E0000000000000000000000000000000000058
:10B8F0000000000000000000000000000000000048
:10B900000000000000000000000000000000000037
:10B910000000000000000000000000000000000027
:10B920000000000000000000000000000000000017
:10B930000000000000000000000000000000000007
:10B9400000000000000000000000000000000000F7
:10B9500000000000000000000000000000000000E7
:10B9600000000000000000000000000000000000D7
:10B9700000000000000000000000000000000000C7
:10B9800000000000000000000000000000000000B7
:10B9900000000000000000000000000000000000A7
:08B9A00000000000000000009F
:10B9A80000FD0700FC0D0400F81D040004ED07006D
:10B9B800F03D04000CCD070008DD0700F42D04005D
:10B9C800E07D04001C8D0700189D0700E46D04004D
:10B9D80010BD0700EC4D0400E85D040041FA0A00C0
:10B9E800C0FD04003C0D0700381D0700C4ED04002D
:10B9F800303D0700CCCD0400C8DD0400617A0A00A0
:10BA0800207D0700DC8D0400D89D0400713A0A00EF
:10BA1800D0BD0400791A0A007D0A0A0081FA0900DB
:10BA280080FD05007C0D0600781D060084ED0500EC
:10BA3800703D06008CCD050088DD0500217A0B00DD
:10BA4800607D06009C8D0500989D0500313A0B002D
:10BA580090BD0500391A0B003D0A0B00C1FA080019
:10BA680040FD0600BC0D0500B81D050011BA0B000D
:10BA7800B03D0500199A0B001D8A0B00E17A0800F9
:10BA8800A07D050009DA0B000DCA0B00F13A080089
:10BA980005EA0B00F91A0800FD0A080001FA0B0074
:10BAA800F0B592000A449446084A0BE050C8146066
:10BAB800146A2468556A2D681660166A3668576ACB
:10BAC8003F68F0C16145F1D1F0BD0000800000D0B1
:10BAD800F0B592000A449446094A0DE050C89C40CB
:10BAE8001460146A2468556A2D689E401660166AA8
:10BAF8003668576A3F68F0C16145EFD1F0BD000074
:04BB0800800000D0E9
:10BB0C00184B194A1B68DFF86CC01268C91ADCF8AC
:10BB1C0000C000EB42001FD4144B1B688B421BDD92
:10BB2C00134B1B68C3B1C2F5A0726245A8BF624635
:10BB3C00002A10DD013B00EB42020CFB0133DFF865
:10BB4C0038C00238023A13F8011F3CF8111020F8E3
:10BB5C00021F9042F7D1704700214FEA4C0281F747
:10BB6C0063B900BF24B3022020B3022018B3022013
:10BB7C0014B302201CB302207C100820000000002B
:10BB8C0000000000000000000000000000000000A9
:10BB9C000000000000000000000000000000000099
:10BBAC000000000000000000000000000000000089
:10BBBC000000000000000000000000000000000079
:10BBCC000000000000000000000000000000000069
:10BBDC000000000000000000000000000000000059
:10BBEC000000000000000000000000000000000049
:10BBFC000000000000000000000000000000000039
:10BC0C000000000000000000000000000000000028
:10BC1C000000000000000000000000000000000018
:10BC2C000000000000000000000000000000000008
:10BC3C0000000000000000000000000000000000F8
:10BC4C0000000000000000000000000000000000E8
:10BC5C0000000000000000000000000000000000D8
:10BC6C0000000000000000000000000000000000C8
:10BC7C0000000000000000000000000000000000B8
:10BC8C0000000000000000000000000000000000A8
:10BC9C000000000000000000000000000000000098
:10BCAC000000000000000000000000000000000088
:10BCBC000000000000000000000000000000000078
:10BCCC000000000000000000000000000000000068
:10BCDC000000000000000000000000000000000058
:10BCEC000000000000000000000000000000000048
:10BCFC000000000000000000000000000000000038
:10BD0C000000000000000000000000000000000027
:10BD1C000000000000000000000000000000000017
:10BD2C000000000000000000000000000000000007
:10BD3C0000000000000000000000000000000000F7
:10BD4C0000000000000000000000000000000000E7
:10BD5C0000000000000000000000000000000000D7
:10BD6C0000000000000000000000000000000000C7
:0CBD7C00000000000000000000000000BB
:10BD8800D3DEFFFFFE010000FF010000B043FFFF0C
:04BD9800793512AB3C
:040000051000014D99
:00000001FF
