
C:/Users/Chen/Desktop/Pico/PicoPhone/DeepSeekCode/wboard_dvi/build/dvi_min.elf:     file format elf32-littlearm

Sections:
Idx Name          Size      VMA       LMA       File off  Algn
  0 .text         000086d8  10000000  10000000  00001000  2**3
                  CONTENTS, ALLOC, LOAD, READONLY, CODE
  1 .rodata       0000065c  100086d8  100086d8  000096d8  2**3
                  CONTENTS, ALLOC, LOAD, READONLY, DATA
  2 .ARM.exidx    00000008  10008d34  10008d34  00009d34  2**2
                  CONTENTS, ALLOC, LOAD, READONLY, DATA
  3 .binary_info  0000002c  10008d3c  10008d3c  00009d3c  2**2
                  CONTENTS, ALLOC, LOAD, READONLY, DATA
  4 .psram_load   00000000  11000000  11000000  0000ec64  2**0
                  CONTENTS
  5 .psram_noload 00000000  11000000  11000000  0000ec64  2**0
                  CONTENTS
  6 .xip_ram      00000000  13ffc000  13ffc000  0000ec64  2**0
                  CONTENTS
  7 .ram_vector_table 00000110  20000000  20000000  0000f000  2**2
                  ALLOC
  8 .uninitialized_data 00000000  20000110  20000110  0000ec64  2**0
                  CONTENTS
  9 .data         00002b08  20000110  10008d68  0000a110  2**3
                  CONTENTS, ALLOC, LOAD, READONLY, CODE
 10 .tdata        00000000  20002c18  20002c18  0000ec64  2**0
                  CONTENTS, ALLOC, LOAD, DATA, THREAD_LOCAL
 11 .tbss         00000000  20002c18  20002c18  00000000  2**0
                  ALLOC, THREAD_LOCAL
 12 .tbss_space   00000000  20002c18  20002c18  0000ec64  2**0
                  CONTENTS
 13 .bss          0002c230  20002c18  1000b870  0000cc18  2**3
                  ALLOC
 14 .tls0         00000000  2002ee48  2002ee48  0000ec64  2**0
                  CONTENTS
 15 .tls1         00000000  2002ee48  2002ee48  0000ec64  2**0
                  CONTENTS
 16 .persistent_data 00000000  2002ee48  2002ee48  0000ec64  2**0
                  CONTENTS
 17 .dummy_pre_heap 00000000  2002ee48  2002ee48  0000ec64  2**0
                  CONTENTS
 18 .heap         00000800  2002ee48  2002ee48  0000ee48  2**2
                  ALLOC, READONLY
 19 .scratch_x    00000164  20080000  1000b870  0000d000  2**2
                  CONTENTS, ALLOC, LOAD, READONLY, CODE
 20 .scratch_y    0000027c  20081000  1000b9d4  0000e000  2**2
                  CONTENTS, ALLOC, LOAD, CODE
 21 .stack1_dummy 00000800  20080164  20080164  0000f164  2**2
                  ALLOC
 22 .stack_dummy  00000800  20081280  20081280  0000f280  2**5
                  ALLOC, READONLY
 23 .flash_end    00000014  1000bc50  1000bc50  0000ec50  2**2
                  CONTENTS, ALLOC, LOAD, READONLY, DATA
 24 .debug_info   0004f915  00000000  00000000  0000ec64  2**0
                  CONTENTS, READONLY, DEBUGGING, OCTETS
 25 .debug_abbrev 0000cd35  00000000  00000000  0005e579  2**0
                  CONTENTS, READONLY, DEBUGGING, OCTETS
 26 .debug_loclists 000275f4  00000000  00000000  0006b2ae  2**0
                  CONTENTS, READONLY, DEBUGGING, OCTETS
 27 .debug_aranges 00001960  00000000  00000000  000928a8  2**3
                  CONTENTS, READONLY, DEBUGGING, OCTETS
 28 .debug_rnglists 00008330  00000000  00000000  00094208  2**0
                  CONTENTS, READONLY, DEBUGGING, OCTETS
 29 .debug_line   00032bac  00000000  00000000  0009c538  2**0
                  CONTENTS, READONLY, DEBUGGING, OCTETS
 30 .debug_str    0000e076  00000000  00000000  000cf0e4  2**0
                  CONTENTS, READONLY, DEBUGGING, OCTETS
 31 .comment      00000045  00000000  00000000  000dd15a  2**0
                  CONTENTS, READONLY
 32 .ARM.attributes 00000036  00000000  00000000  000dd19f  2**0
                  CONTENTS, READONLY
 33 .debug_frame  000049c4  00000000  00000000  000dd1d8  2**2
                  CONTENTS, READONLY, DEBUGGING, OCTETS
 34 .debug_line_str 00000301  00000000  00000000  000e1b9c  2**0
                  CONTENTS, READONLY, DEBUGGING, OCTETS

C:/Users/Chen/Desktop/Pico/PicoPhone/DeepSeekCode/wboard_dvi/build/dvi_min.elf:     file format elf32-littlearm


Disassembly of section .text:

10000000 <__VECTOR_TABLE>:
10000000:	20082000 	.word	0x20082000
10000004:	1000015b 	.word	0x1000015b
10000008:	1000011b 	.word	0x1000011b
1000000c:	1000011d 	.word	0x1000011d
10000010:	10000111 	.word	0x10000111
10000014:	10000111 	.word	0x10000111
10000018:	10000111 	.word	0x10000111
1000001c:	10000111 	.word	0x10000111
10000020:	10000119 	.word	0x10000119
10000024:	10000119 	.word	0x10000119
10000028:	10000119 	.word	0x10000119
1000002c:	1000011f 	.word	0x1000011f
10000030:	10000111 	.word	0x10000111
10000034:	10000119 	.word	0x10000119
10000038:	10000121 	.word	0x10000121
1000003c:	10000123 	.word	0x10000123
10000040:	10000111 	.word	0x10000111
10000044:	10000111 	.word	0x10000111
10000048:	10000111 	.word	0x10000111
1000004c:	10000111 	.word	0x10000111
10000050:	10000111 	.word	0x10000111
10000054:	10000111 	.word	0x10000111
10000058:	10000111 	.word	0x10000111
1000005c:	10000111 	.word	0x10000111
10000060:	10000111 	.word	0x10000111
10000064:	10000111 	.word	0x10000111
10000068:	10000111 	.word	0x10000111
1000006c:	10000111 	.word	0x10000111
10000070:	10000111 	.word	0x10000111
10000074:	10000111 	.word	0x10000111
10000078:	10000111 	.word	0x10000111
1000007c:	10000111 	.word	0x10000111
10000080:	10000111 	.word	0x10000111
10000084:	10000111 	.word	0x10000111
10000088:	10000111 	.word	0x10000111
1000008c:	10000111 	.word	0x10000111
10000090:	10000111 	.word	0x10000111
10000094:	10000111 	.word	0x10000111
10000098:	10000111 	.word	0x10000111
1000009c:	10000111 	.word	0x10000111
100000a0:	10000111 	.word	0x10000111
100000a4:	10000111 	.word	0x10000111
100000a8:	10000111 	.word	0x10000111
100000ac:	10000111 	.word	0x10000111
100000b0:	10000111 	.word	0x10000111
100000b4:	10000111 	.word	0x10000111
100000b8:	10000111 	.word	0x10000111
100000bc:	10000111 	.word	0x10000111
100000c0:	10000111 	.word	0x10000111
100000c4:	10000111 	.word	0x10000111
100000c8:	10000111 	.word	0x10000111
100000cc:	10000111 	.word	0x10000111
100000d0:	10000111 	.word	0x10000111
100000d4:	10000111 	.word	0x10000111
100000d8:	10000111 	.word	0x10000111
100000dc:	10000111 	.word	0x10000111
100000e0:	10000111 	.word	0x10000111
100000e4:	10000111 	.word	0x10000111
100000e8:	10000111 	.word	0x10000111
100000ec:	10000111 	.word	0x10000111
100000f0:	10000111 	.word	0x10000111
100000f4:	10000111 	.word	0x10000111
100000f8:	10000111 	.word	0x10000111
100000fc:	10000111 	.word	0x10000111
10000100:	10000111 	.word	0x10000111
10000104:	10000111 	.word	0x10000111
10000108:	10000111 	.word	0x10000111
1000010c:	10000111 	.word	0x10000111

10000110 <__unhandled_user_irq>:
10000110:	f3ef 8005 	mrs	r0, IPSR
10000114:	3810      	subs	r0, #16

10000116 <unhandled_user_irq_num_in_r0>:
10000116:	be00      	bkpt	0x0000

10000118 <isr_invalid>:
10000118:	be00      	bkpt	0x0000

1000011a <isr_nmi>:
1000011a:	be00      	bkpt	0x0000

1000011c <isr_hardfault>:
1000011c:	be00      	bkpt	0x0000

1000011e <isr_svcall>:
1000011e:	be00      	bkpt	0x0000

10000120 <isr_pendsv>:
10000120:	be00      	bkpt	0x0000

10000122 <isr_systick>:
10000122:	be00      	bkpt	0x0000

10000124 <__default_isrs_end>:
10000124:	7188ebf2 	.word	0x7188ebf2
10000128:	10008d3c 	.word	0x10008d3c
1000012c:	10008d68 	.word	0x10008d68
10000130:	1000019c 	.word	0x1000019c
10000134:	e71aa390 	.word	0xe71aa390

10000138 <__binary_info_header_end>:
10000138:	ffffded3 	.word	0xffffded3
1000013c:	10210142 	.word	0x10210142
10000140:	000001ff 	.word	0x000001ff
10000144:	0000bb18 	.word	0x0000bb18
10000148:	ab123579 	.word	0xab123579

1000014c <_entry_point>:
1000014c:	2000      	movs	r0, #0

1000014e <_enter_vtable_in_r0>:
1000014e:	491e      	ldr	r1, [pc, #120]	@ (100001c8 <data_cpy_table+0x2c>)
10000150:	6008      	str	r0, [r1, #0]
10000152:	c806      	ldmia	r0!, {r1, r2}
10000154:	f381 8808 	msr	MSP, r1
10000158:	4710      	bx	r2

1000015a <_reset_handler>:
1000015a:	f04f 4050 	mov.w	r0, #3489660928	@ 0xd0000000
1000015e:	6800      	ldr	r0, [r0, #0]
10000160:	b108      	cbz	r0, 10000166 <hold_non_core0_in_bootrom+0x4>

10000162 <hold_non_core0_in_bootrom>:
10000162:	2000      	movs	r0, #0
10000164:	e7f3      	b.n	1000014e <_enter_vtable_in_r0>
10000166:	a40d      	add	r4, pc, #52	@ (adr r4, 1000019c <data_cpy_table>)
10000168:	cc0e      	ldmia	r4!, {r1, r2, r3}
1000016a:	2900      	cmp	r1, #0
1000016c:	d002      	beq.n	10000174 <hold_non_core0_in_bootrom+0x12>
1000016e:	f000 f812 	bl	10000196 <data_cpy>
10000172:	e7f9      	b.n	10000168 <hold_non_core0_in_bootrom+0x6>
10000174:	4915      	ldr	r1, [pc, #84]	@ (100001cc <data_cpy_table+0x30>)
10000176:	4a16      	ldr	r2, [pc, #88]	@ (100001d0 <data_cpy_table+0x34>)
10000178:	2000      	movs	r0, #0
1000017a:	e000      	b.n	1000017e <bss_fill_test>

1000017c <bss_fill_loop>:
1000017c:	c101      	stmia	r1!, {r0}

1000017e <bss_fill_test>:
1000017e:	4291      	cmp	r1, r2
10000180:	d1fc      	bne.n	1000017c <bss_fill_loop>

10000182 <platform_entry>:
10000182:	4914      	ldr	r1, [pc, #80]	@ (100001d4 <data_cpy_table+0x38>)
10000184:	4788      	blx	r1
10000186:	4914      	ldr	r1, [pc, #80]	@ (100001d8 <data_cpy_table+0x3c>)
10000188:	4788      	blx	r1
1000018a:	4914      	ldr	r1, [pc, #80]	@ (100001dc <data_cpy_table+0x40>)
1000018c:	4788      	blx	r1
1000018e:	be00      	bkpt	0x0000
10000190:	e7fd      	b.n	1000018e <platform_entry+0xc>

10000192 <data_cpy_loop>:
10000192:	c901      	ldmia	r1!, {r0}
10000194:	c201      	stmia	r2!, {r0}

10000196 <data_cpy>:
10000196:	429a      	cmp	r2, r3
10000198:	d3fb      	bcc.n	10000192 <data_cpy_loop>

1000019a <data_cpy_done>:
1000019a:	4770      	bx	lr

1000019c <data_cpy_table>:
1000019c:	10008d68 	.word	0x10008d68
100001a0:	20000110 	.word	0x20000110
100001a4:	20002c18 	.word	0x20002c18
100001a8:	1000b870 	.word	0x1000b870
100001ac:	20080000 	.word	0x20080000
100001b0:	20080164 	.word	0x20080164
100001b4:	1000b9d4 	.word	0x1000b9d4
100001b8:	20081000 	.word	0x20081000
100001bc:	2008127c 	.word	0x2008127c
100001c0:	00000000 	.word	0x00000000
100001c4:	4770      	bx	lr
100001c6:	0000      	.short	0x0000
100001c8:	e000ed08 	.word	0xe000ed08
100001cc:	20002c18 	.word	0x20002c18
100001d0:	2002ee48 	.word	0x2002ee48
100001d4:	10003ac9 	.word	0x10003ac9
100001d8:	100001e1 	.word	0x100001e1
100001dc:	10003ac1 	.word	0x10003ac1

100001e0 <main>:
100001e0:	e92d 41f0 	stmdb	sp!, {r4, r5, r6, r7, r8, lr}
100001e4:	200e      	movs	r0, #14
100001e6:	b086      	sub	sp, #24
100001e8:	f001 fd1e 	bl	10001c28 <vreg_set_voltage>
100001ec:	200a      	movs	r0, #10
100001ee:	f001 f82f 	bl	10001250 <sleep_ms>
100001f2:	4851      	ldr	r0, [pc, #324]	@ (10000338 <main+0x158>)
100001f4:	ab05      	add	r3, sp, #20
100001f6:	aa04      	add	r2, sp, #16
100001f8:	a903      	add	r1, sp, #12
100001fa:	f001 fc11 	bl	10001a20 <check_sys_clock_khz>
100001fe:	b918      	cbnz	r0, 10000208 <main+0x28>
10000200:	494d      	ldr	r1, [pc, #308]	@ (10000338 <main+0x158>)
10000202:	484e      	ldr	r0, [pc, #312]	@ (1000033c <main+0x15c>)
10000204:	f000 f8e2 	bl	100003cc <panic>
10000208:	2401      	movs	r4, #1
1000020a:	e9dd 1204 	ldrd	r1, r2, [sp, #16]
1000020e:	2700      	movs	r7, #0
10000210:	9803      	ldr	r0, [sp, #12]
10000212:	f001 fb41 	bl	10001898 <set_sys_clock_pll>
10000216:	4d4a      	ldr	r5, [pc, #296]	@ (10000340 <main+0x160>)
10000218:	f003 fdb8 	bl	10003d8c <stdio_init_all>
1000021c:	4849      	ldr	r0, [pc, #292]	@ (10000344 <main+0x164>)
1000021e:	f003 fdff 	bl	10003e20 <__wrap_puts>
10000222:	2204      	movs	r2, #4
10000224:	2106      	movs	r1, #6
10000226:	2302      	movs	r3, #2
10000228:	e9cd 7400 	strd	r7, r4, [sp]
1000022c:	4846      	ldr	r0, [pc, #280]	@ (10000348 <main+0x168>)
1000022e:	f003 fe75 	bl	10003f1c <__wrap_printf>
10000232:	682b      	ldr	r3, [r5, #0]
10000234:	f8df 8134 	ldr.w	r8, [pc, #308]	@ 1000036c <main+0x18c>
10000238:	6898      	ldr	r0, [r3, #8]
1000023a:	f007 fe0b 	bl	10007e54 <fflush>
1000023e:	4639      	mov	r1, r7
10000240:	4638      	mov	r0, r7
10000242:	f006 fae7 	bl	10006814 <frank_hdmi_set_palette>
10000246:	f06f 417f 	mvn.w	r1, #4278190080	@ 0xff000000
1000024a:	4620      	mov	r0, r4
1000024c:	f006 fae2 	bl	10006814 <frank_hdmi_set_palette>
10000250:	f44f 017f 	mov.w	r1, #16711680	@ 0xff0000
10000254:	2002      	movs	r0, #2
10000256:	f006 fadd 	bl	10006814 <frank_hdmi_set_palette>
1000025a:	f44f 417f 	mov.w	r1, #65280	@ 0xff00
1000025e:	2003      	movs	r0, #3
10000260:	f006 fad8 	bl	10006814 <frank_hdmi_set_palette>
10000264:	21ff      	movs	r1, #255	@ 0xff
10000266:	2004      	movs	r0, #4
10000268:	f006 fad4 	bl	10006814 <frank_hdmi_set_palette>
1000026c:	2005      	movs	r0, #5
1000026e:	4937      	ldr	r1, [pc, #220]	@ (1000034c <main+0x16c>)
10000270:	f006 fad0 	bl	10006814 <frank_hdmi_set_palette>
10000274:	f64f 71ff 	movw	r1, #65535	@ 0xffff
10000278:	2006      	movs	r0, #6
1000027a:	f006 facb 	bl	10006814 <frank_hdmi_set_palette>
1000027e:	f04f 11ff 	mov.w	r1, #16711935	@ 0xff00ff
10000282:	2007      	movs	r0, #7
10000284:	f006 fac6 	bl	10006814 <frank_hdmi_set_palette>
10000288:	f44f 3216 	mov.w	r2, #153600	@ 0x25800
1000028c:	4621      	mov	r1, r4
1000028e:	4830      	ldr	r0, [pc, #192]	@ (10000350 <main+0x170>)
10000290:	f008 f9de 	bl	10008650 <__memset_veneer>
10000294:	f006 fada 	bl	1000684c <frank_hdmi_init>
10000298:	f44f 72f0 	mov.w	r2, #480	@ 0x1e0
1000029c:	f44f 71a0 	mov.w	r1, #320	@ 0x140
100002a0:	482b      	ldr	r0, [pc, #172]	@ (10000350 <main+0x170>)
100002a2:	f006 fa8d 	bl	100067c0 <frank_hdmi_set_buffer>
100002a6:	482b      	ldr	r0, [pc, #172]	@ (10000354 <main+0x174>)
100002a8:	f007 f994 	bl	100075d4 <multicore_launch_core1>
100002ac:	482a      	ldr	r0, [pc, #168]	@ (10000358 <main+0x178>)
100002ae:	f003 fdb7 	bl	10003e20 <__wrap_puts>
100002b2:	682b      	ldr	r3, [r5, #0]
100002b4:	4d29      	ldr	r5, [pc, #164]	@ (1000035c <main+0x17c>)
100002b6:	6898      	ldr	r0, [r3, #8]
100002b8:	f007 fdcc 	bl	10007e54 <fflush>
100002bc:	f818 6007 	ldrb.w	r6, [r8, r7]
100002c0:	f04f 0400 	mov.w	r4, #0
100002c4:	4631      	mov	r1, r6
100002c6:	fab6 f686 	clz	r6, r6
100002ca:	f44f 3216 	mov.w	r2, #153600	@ 0x25800
100002ce:	0976      	lsrs	r6, r6, #5
100002d0:	481f      	ldr	r0, [pc, #124]	@ (10000350 <main+0x170>)
100002d2:	f008 f9bd 	bl	10008650 <__memset_veneer>
100002d6:	f44f 72a0 	mov.w	r2, #320	@ 0x140
100002da:	4631      	mov	r1, r6
100002dc:	481c      	ldr	r0, [pc, #112]	@ (10000350 <main+0x170>)
100002de:	f008 f9b7 	bl	10008650 <__memset_veneer>
100002e2:	f44f 72a0 	mov.w	r2, #320	@ 0x140
100002e6:	4631      	mov	r1, r6
100002e8:	481d      	ldr	r0, [pc, #116]	@ (10000360 <main+0x180>)
100002ea:	f008 f9b1 	bl	10008650 <__memset_veneer>
100002ee:	f44f 72a0 	mov.w	r2, #320	@ 0x140
100002f2:	4631      	mov	r1, r6
100002f4:	481b      	ldr	r0, [pc, #108]	@ (10000364 <main+0x184>)
100002f6:	f008 f9ab 	bl	10008650 <__memset_veneer>
100002fa:	f44f 72a0 	mov.w	r2, #320	@ 0x140
100002fe:	4631      	mov	r1, r6
10000300:	4819      	ldr	r0, [pc, #100]	@ (10000368 <main+0x188>)
10000302:	f008 f9a5 	bl	10008650 <__memset_veneer>
10000306:	f366 0407 	bfi	r4, r6, #0, #8
1000030a:	4b11      	ldr	r3, [pc, #68]	@ (10000350 <main+0x170>)
1000030c:	f366 240f 	bfi	r4, r6, #8, #8
10000310:	f8a3 413e 	strh.w	r4, [r3, #318]	@ 0x13e
10000314:	801c      	strh	r4, [r3, #0]
10000316:	f503 73a0 	add.w	r3, r3, #320	@ 0x140
1000031a:	42ab      	cmp	r3, r5
1000031c:	d1f8      	bne.n	10000310 <main+0x130>
1000031e:	3701      	adds	r7, #1
10000320:	427b      	negs	r3, r7
10000322:	f003 0307 	and.w	r3, r3, #7
10000326:	f44f 70fa 	mov.w	r0, #500	@ 0x1f4
1000032a:	f007 0707 	and.w	r7, r7, #7
1000032e:	bf58      	it	pl
10000330:	425f      	negpl	r7, r3
10000332:	f000 ff8d 	bl	10001250 <sleep_ms>
10000336:	e7c1      	b.n	100002bc <main+0xdc>
10000338:	0003d860 	.word	0x0003d860
1000033c:	10008754 	.word	0x10008754
10000340:	20002a04 	.word	0x20002a04
10000344:	100086d8 	.word	0x100086d8
10000348:	100086f4 	.word	0x100086f4
1000034c:	00ffff00 	.word	0x00ffff00
10000350:	200036d8 	.word	0x200036d8
10000354:	20000f49 	.word	0x20000f49
10000358:	10008728 	.word	0x10008728
1000035c:	20028ed8 	.word	0x20028ed8
10000360:	20003818 	.word	0x20003818
10000364:	20028c58 	.word	0x20028c58
10000368:	20028d98 	.word	0x20028d98
1000036c:	10008a84 	.word	0x10008a84

10000370 <gpio_set_function>:
10000370:	f44f 7c80 	mov.w	ip, #256	@ 0x100
10000374:	4b0c      	ldr	r3, [pc, #48]	@ (100003a8 <gpio_set_function+0x38>)
10000376:	b500      	push	{lr}
10000378:	f853 2020 	ldr.w	r2, [r3, r0, lsl #2]
1000037c:	eb03 0380 	add.w	r3, r3, r0, lsl #2
10000380:	00c0      	lsls	r0, r0, #3
10000382:	f082 0240 	eor.w	r2, r2, #64	@ 0x40
10000386:	f100 4080 	add.w	r0, r0, #1073741824	@ 0x40000000
1000038a:	f503 5e80 	add.w	lr, r3, #4096	@ 0x1000
1000038e:	f002 02c0 	and.w	r2, r2, #192	@ 0xc0
10000392:	f500 3020 	add.w	r0, r0, #163840	@ 0x28000
10000396:	f503 5340 	add.w	r3, r3, #12288	@ 0x3000
1000039a:	f8ce 2000 	str.w	r2, [lr]
1000039e:	6041      	str	r1, [r0, #4]
100003a0:	f8c3 c000 	str.w	ip, [r3]
100003a4:	bd00      	pop	{pc}
100003a6:	bf00      	nop
100003a8:	40038004 	.word	0x40038004

100003ac <gpio_set_outover>:
100003ac:	00c0      	lsls	r0, r0, #3
100003ae:	f100 4080 	add.w	r0, r0, #1073741824	@ 0x40000000
100003b2:	3004      	adds	r0, #4
100003b4:	f500 3320 	add.w	r3, r0, #163840	@ 0x28000
100003b8:	681b      	ldr	r3, [r3, #0]
100003ba:	f500 3024 	add.w	r0, r0, #167936	@ 0x29000
100003be:	ea83 3301 	eor.w	r3, r3, r1, lsl #12
100003c2:	f403 5340 	and.w	r3, r3, #12288	@ 0x3000
100003c6:	6003      	str	r3, [r0, #0]
100003c8:	4770      	bx	lr
100003ca:	bf00      	nop

100003cc <panic>:
100003cc:	b40f      	push	{r0, r1, r2, r3}
100003ce:	b500      	push	{lr}
100003d0:	4808      	ldr	r0, [pc, #32]	@ (100003f4 <panic+0x28>)
100003d2:	b083      	sub	sp, #12
100003d4:	f003 fd24 	bl	10003e20 <__wrap_puts>
100003d8:	9b04      	ldr	r3, [sp, #16]
100003da:	b13b      	cbz	r3, 100003ec <panic+0x20>
100003dc:	a905      	add	r1, sp, #20
100003de:	4618      	mov	r0, r3
100003e0:	9101      	str	r1, [sp, #4]
100003e2:	f003 fb15 	bl	10003a10 <weak_raw_vprintf>
100003e6:	4804      	ldr	r0, [pc, #16]	@ (100003f8 <panic+0x2c>)
100003e8:	f003 fd1a 	bl	10003e20 <__wrap_puts>
100003ec:	2001      	movs	r0, #1
100003ee:	f003 fb27 	bl	10003a40 <_exit>
100003f2:	bf00      	nop
100003f4:	10008788 	.word	0x10008788
100003f8:	10008a80 	.word	0x10008a80

100003fc <hw_claim_lock>:
100003fc:	f3ef 8010 	mrs	r0, PRIMASK
10000400:	b672      	cpsid	i
10000402:	4b06      	ldr	r3, [pc, #24]	@ (1000041c <hw_claim_lock+0x20>)
10000404:	e8d3 1fcf 	ldaexb	r1, [r3]
10000408:	2201      	movs	r2, #1
1000040a:	2900      	cmp	r1, #0
1000040c:	d1fa      	bne.n	10000404 <hw_claim_lock+0x8>
1000040e:	e8c3 2f41 	strexb	r1, r2, [r3]
10000412:	2900      	cmp	r1, #0
10000414:	d1f6      	bne.n	10000404 <hw_claim_lock+0x8>
10000416:	f3bf 8f5f 	dmb	sy
1000041a:	4770      	bx	lr
1000041c:	20029147 	.word	0x20029147

10000420 <hw_claim_unlock>:
10000420:	2300      	movs	r3, #0
10000422:	4a03      	ldr	r2, [pc, #12]	@ (10000430 <hw_claim_unlock+0x10>)
10000424:	e8c2 3f8f 	stlb	r3, [r2]
10000428:	f380 8810 	msr	PRIMASK, r0
1000042c:	4770      	bx	lr
1000042e:	bf00      	nop
10000430:	20029147 	.word	0x20029147

10000434 <hw_claim_or_assert>:
10000434:	b570      	push	{r4, r5, r6, lr}
10000436:	4616      	mov	r6, r2
10000438:	f3ef 8410 	mrs	r4, PRIMASK
1000043c:	b672      	cpsid	i
1000043e:	f8df e048 	ldr.w	lr, [pc, #72]	@ 10000488 <hw_claim_or_assert+0x54>
10000442:	e8de 2fcf 	ldaexb	r2, [lr]
10000446:	2301      	movs	r3, #1
10000448:	2a00      	cmp	r2, #0
1000044a:	d1fa      	bne.n	10000442 <hw_claim_or_assert+0xe>
1000044c:	e8ce 3f42 	strexb	r2, r3, [lr]
10000450:	2a00      	cmp	r2, #0
10000452:	d1f6      	bne.n	10000442 <hw_claim_or_assert+0xe>
10000454:	f3bf 8f5f 	dmb	sy
10000458:	2301      	movs	r3, #1
1000045a:	f001 0c07 	and.w	ip, r1, #7
1000045e:	08ca      	lsrs	r2, r1, #3
10000460:	fa03 f30c 	lsl.w	r3, r3, ip
10000464:	f810 c002 	ldrb.w	ip, [r0, r2]
10000468:	ea1c 0503 	ands.w	r5, ip, r3
1000046c:	d108      	bne.n	10000480 <hw_claim_or_assert+0x4c>
1000046e:	ea4c 0c03 	orr.w	ip, ip, r3
10000472:	f800 c002 	strb.w	ip, [r0, r2]
10000476:	e8ce 5f8f 	stlb	r5, [lr]
1000047a:	f384 8810 	msr	PRIMASK, r4
1000047e:	bd70      	pop	{r4, r5, r6, pc}
10000480:	4630      	mov	r0, r6
10000482:	f7ff ffa3 	bl	100003cc <panic>
10000486:	bf00      	nop
10000488:	20029147 	.word	0x20029147

1000048c <hw_claim_unused_from_range>:
1000048c:	b5f8      	push	{r3, r4, r5, r6, r7, lr}
1000048e:	460f      	mov	r7, r1
10000490:	4619      	mov	r1, r3
10000492:	f3ef 8610 	mrs	r6, PRIMASK
10000496:	b672      	cpsid	i
10000498:	4d1c      	ldr	r5, [pc, #112]	@ (1000050c <hw_claim_unused_from_range+0x80>)
1000049a:	e8d5 4fcf 	ldaexb	r4, [r5]
1000049e:	2301      	movs	r3, #1
100004a0:	2c00      	cmp	r4, #0
100004a2:	d1fa      	bne.n	1000049a <hw_claim_unused_from_range+0xe>
100004a4:	e8c5 3f44 	strexb	r4, r3, [r5]
100004a8:	2c00      	cmp	r4, #0
100004aa:	d1f6      	bne.n	1000049a <hw_claim_unused_from_range+0xe>
100004ac:	f3bf 8f5f 	dmb	sy
100004b0:	428a      	cmp	r2, r1
100004b2:	d81b      	bhi.n	100004ec <hw_claim_unused_from_range+0x60>
100004b4:	2401      	movs	r4, #1
100004b6:	e002      	b.n	100004be <hw_claim_unused_from_range+0x32>
100004b8:	3201      	adds	r2, #1
100004ba:	4291      	cmp	r1, r2
100004bc:	d322      	bcc.n	10000504 <hw_claim_unused_from_range+0x78>
100004be:	08d3      	lsrs	r3, r2, #3
100004c0:	f810 e003 	ldrb.w	lr, [r0, r3]
100004c4:	f002 0c07 	and.w	ip, r2, #7
100004c8:	fa04 fc0c 	lsl.w	ip, r4, ip
100004cc:	ea1e 0f0c 	tst.w	lr, ip
100004d0:	d1f2      	bne.n	100004b8 <hw_claim_unused_from_range+0x2c>
100004d2:	ea4e 0e0c 	orr.w	lr, lr, ip
100004d6:	f800 e003 	strb.w	lr, [r0, r3]
100004da:	4610      	mov	r0, r2
100004dc:	2300      	movs	r3, #0
100004de:	e8c5 3f8f 	stlb	r3, [r5]
100004e2:	f386 8810 	msr	PRIMASK, r6
100004e6:	4298      	cmp	r0, r3
100004e8:	db07      	blt.n	100004fa <hw_claim_unused_from_range+0x6e>
100004ea:	bdf8      	pop	{r3, r4, r5, r6, r7, pc}
100004ec:	2300      	movs	r3, #0
100004ee:	e8c5 3f8f 	stlb	r3, [r5]
100004f2:	f386 8810 	msr	PRIMASK, r6
100004f6:	f04f 30ff 	mov.w	r0, #4294967295
100004fa:	2f00      	cmp	r7, #0
100004fc:	d0f5      	beq.n	100004ea <hw_claim_unused_from_range+0x5e>
100004fe:	9806      	ldr	r0, [sp, #24]
10000500:	f7ff ff64 	bl	100003cc <panic>
10000504:	f04f 30ff 	mov.w	r0, #4294967295
10000508:	e7e8      	b.n	100004dc <hw_claim_unused_from_range+0x50>
1000050a:	bf00      	nop
1000050c:	20029147 	.word	0x20029147

10000510 <next_striped_spin_lock_num>:
10000510:	4a04      	ldr	r2, [pc, #16]	@ (10000524 <next_striped_spin_lock_num+0x14>)
10000512:	7810      	ldrb	r0, [r2, #0]
10000514:	1c43      	adds	r3, r0, #1
10000516:	b2db      	uxtb	r3, r3
10000518:	2b18      	cmp	r3, #24
1000051a:	bf28      	it	cs
1000051c:	2310      	movcs	r3, #16
1000051e:	7013      	strb	r3, [r2, #0]
10000520:	4770      	bx	lr
10000522:	bf00      	nop
10000524:	20002508 	.word	0x20002508

10000528 <spin_lock_claim_unused>:
10000528:	b500      	push	{lr}
1000052a:	f8df c01c 	ldr.w	ip, [pc, #28]	@ 10000548 <spin_lock_claim_unused+0x20>
1000052e:	b083      	sub	sp, #12
10000530:	4601      	mov	r1, r0
10000532:	231f      	movs	r3, #31
10000534:	2218      	movs	r2, #24
10000536:	f8cd c000 	str.w	ip, [sp]
1000053a:	4802      	ldr	r0, [pc, #8]	@ (10000544 <spin_lock_claim_unused+0x1c>)
1000053c:	f7ff ffa6 	bl	1000048c <hw_claim_unused_from_range>
10000540:	b003      	add	sp, #12
10000542:	bd00      	pop	{pc}
10000544:	2002b2a0 	.word	0x2002b2a0
10000548:	10008798 	.word	0x10008798

1000054c <spinlock_set_extexclall>:
1000054c:	f04f 22e0 	mov.w	r2, #3758153728	@ 0xe000e000
10000550:	6893      	ldr	r3, [r2, #8]
10000552:	f043 5300 	orr.w	r3, r3, #536870912	@ 0x20000000
10000556:	6093      	str	r3, [r2, #8]
10000558:	4770      	bx	lr
1000055a:	bf00      	nop

1000055c <spin_locks_reset>:
1000055c:	2100      	movs	r1, #0
1000055e:	4b04      	ldr	r3, [pc, #16]	@ (10000570 <spin_locks_reset+0x14>)
10000560:	f103 0220 	add.w	r2, r3, #32
10000564:	e8c3 1f8f 	stlb	r1, [r3]
10000568:	3301      	adds	r3, #1
1000056a:	4293      	cmp	r3, r2
1000056c:	d1fa      	bne.n	10000564 <spin_locks_reset+0x8>
1000056e:	4770      	bx	lr
10000570:	2002913c 	.word	0x2002913c

10000574 <runtime_init_per_core_irq_priorities>:
10000574:	f04f 23e0 	mov.w	r3, #3758153728	@ 0xe000e000
10000578:	f04f 3280 	mov.w	r2, #2155905152	@ 0x80808080
1000057c:	f8c3 2400 	str.w	r2, [r3, #1024]	@ 0x400
10000580:	f8c3 2404 	str.w	r2, [r3, #1028]	@ 0x404
10000584:	f8c3 2408 	str.w	r2, [r3, #1032]	@ 0x408
10000588:	f8c3 240c 	str.w	r2, [r3, #1036]	@ 0x40c
1000058c:	f8c3 2410 	str.w	r2, [r3, #1040]	@ 0x410
10000590:	f8c3 2414 	str.w	r2, [r3, #1044]	@ 0x414
10000594:	f8c3 2418 	str.w	r2, [r3, #1048]	@ 0x418
10000598:	f8c3 241c 	str.w	r2, [r3, #1052]	@ 0x41c
1000059c:	f8c3 2420 	str.w	r2, [r3, #1056]	@ 0x420
100005a0:	f8c3 2424 	str.w	r2, [r3, #1060]	@ 0x424
100005a4:	f8c3 2428 	str.w	r2, [r3, #1064]	@ 0x428
100005a8:	f8c3 242c 	str.w	r2, [r3, #1068]	@ 0x42c
100005ac:	f8c3 2430 	str.w	r2, [r3, #1072]	@ 0x430
100005b0:	b662      	cpsie	i
100005b2:	4770      	bx	lr

100005b4 <irq_set_enabled>:
100005b4:	2301      	movs	r3, #1
100005b6:	f000 021f 	and.w	r2, r0, #31
100005ba:	4093      	lsls	r3, r2
100005bc:	0940      	lsrs	r0, r0, #5
100005be:	b141      	cbz	r1, 100005d2 <irq_set_enabled+0x1e>
100005c0:	0080      	lsls	r0, r0, #2
100005c2:	f100 4060 	add.w	r0, r0, #3758096384	@ 0xe0000000
100005c6:	f500 4061 	add.w	r0, r0, #57600	@ 0xe100
100005ca:	f8c0 3180 	str.w	r3, [r0, #384]	@ 0x180
100005ce:	6003      	str	r3, [r0, #0]
100005d0:	4770      	bx	lr
100005d2:	4a02      	ldr	r2, [pc, #8]	@ (100005dc <irq_set_enabled+0x28>)
100005d4:	3020      	adds	r0, #32
100005d6:	f842 3020 	str.w	r3, [r2, r0, lsl #2]
100005da:	4770      	bx	lr
100005dc:	e000e100 	.word	0xe000e100

100005e0 <irq_is_enabled>:
100005e0:	2301      	movs	r3, #1
100005e2:	4a06      	ldr	r2, [pc, #24]	@ (100005fc <irq_is_enabled+0x1c>)
100005e4:	0941      	lsrs	r1, r0, #5
100005e6:	f852 2021 	ldr.w	r2, [r2, r1, lsl #2]
100005ea:	f000 001f 	and.w	r0, r0, #31
100005ee:	4083      	lsls	r3, r0
100005f0:	4213      	tst	r3, r2
100005f2:	bf14      	ite	ne
100005f4:	2001      	movne	r0, #1
100005f6:	2000      	moveq	r0, #0
100005f8:	4770      	bx	lr
100005fa:	bf00      	nop
100005fc:	e000e100 	.word	0xe000e100

10000600 <irq_set_pending>:
10000600:	2201      	movs	r2, #1
10000602:	0943      	lsrs	r3, r0, #5
10000604:	4903      	ldr	r1, [pc, #12]	@ (10000614 <irq_set_pending+0x14>)
10000606:	f000 001f 	and.w	r0, r0, #31
1000060a:	4082      	lsls	r2, r0
1000060c:	3340      	adds	r3, #64	@ 0x40
1000060e:	f841 2023 	str.w	r2, [r1, r3, lsl #2]
10000612:	4770      	bx	lr
10000614:	e000e100 	.word	0xe000e100

10000618 <irq_has_shared_handler>:
10000618:	4a05      	ldr	r2, [pc, #20]	@ (10000630 <irq_has_shared_handler+0x18>)
1000061a:	3010      	adds	r0, #16
1000061c:	6892      	ldr	r2, [r2, #8]
1000061e:	4b05      	ldr	r3, [pc, #20]	@ (10000634 <irq_has_shared_handler+0x1c>)
10000620:	f852 0020 	ldr.w	r0, [r2, r0, lsl #2]
10000624:	1ac0      	subs	r0, r0, r3
10000626:	2847      	cmp	r0, #71	@ 0x47
10000628:	bf8c      	ite	hi
1000062a:	2000      	movhi	r0, #0
1000062c:	2001      	movls	r0, #1
1000062e:	4770      	bx	lr
10000630:	e000ed00 	.word	0xe000ed00
10000634:	2000250c 	.word	0x2000250c

10000638 <irq_set_exclusive_handler>:
10000638:	b508      	push	{r3, lr}
1000063a:	f3ef 8e10 	mrs	lr, PRIMASK
1000063e:	b672      	cpsid	i
10000640:	4b13      	ldr	r3, [pc, #76]	@ (10000690 <irq_set_exclusive_handler+0x58>)
10000642:	e8d3 cfcf 	ldaexb	ip, [r3]
10000646:	2201      	movs	r2, #1
10000648:	f1bc 0f00 	cmp.w	ip, #0
1000064c:	d1f9      	bne.n	10000642 <irq_set_exclusive_handler+0xa>
1000064e:	e8c3 2f4c 	strexb	ip, r2, [r3]
10000652:	f1bc 0f00 	cmp.w	ip, #0
10000656:	d1f4      	bne.n	10000642 <irq_set_exclusive_handler+0xa>
10000658:	f3bf 8f5f 	dmb	sy
1000065c:	4a0d      	ldr	r2, [pc, #52]	@ (10000694 <irq_set_exclusive_handler+0x5c>)
1000065e:	3010      	adds	r0, #16
10000660:	6892      	ldr	r2, [r2, #8]
10000662:	f8df c034 	ldr.w	ip, [pc, #52]	@ 10000698 <irq_set_exclusive_handler+0x60>
10000666:	f852 2020 	ldr.w	r2, [r2, r0, lsl #2]
1000066a:	4562      	cmp	r2, ip
1000066c:	d001      	beq.n	10000672 <irq_set_exclusive_handler+0x3a>
1000066e:	4291      	cmp	r1, r2
10000670:	d10b      	bne.n	1000068a <irq_set_exclusive_handler+0x52>
10000672:	4a08      	ldr	r2, [pc, #32]	@ (10000694 <irq_set_exclusive_handler+0x5c>)
10000674:	6892      	ldr	r2, [r2, #8]
10000676:	f842 1020 	str.w	r1, [r2, r0, lsl #2]
1000067a:	f3bf 8f5f 	dmb	sy
1000067e:	2200      	movs	r2, #0
10000680:	e8c3 2f8f 	stlb	r2, [r3]
10000684:	f38e 8810 	msr	PRIMASK, lr
10000688:	bd08      	pop	{r3, pc}
1000068a:	f001 fbc5 	bl	10001e18 <hard_assertion_failure>
1000068e:	bf00      	nop
10000690:	20029145 	.word	0x20029145
10000694:	e000ed00 	.word	0xe000ed00
10000698:	10000111 	.word	0x10000111

1000069c <irq_add_shared_handler>:
1000069c:	e92d 4ff8 	stmdb	sp!, {r3, r4, r5, r6, r7, r8, r9, sl, fp, lr}
100006a0:	468b      	mov	fp, r1
100006a2:	4611      	mov	r1, r2
100006a4:	f3ef 8810 	mrs	r8, PRIMASK
100006a8:	b672      	cpsid	i
100006aa:	4f66      	ldr	r7, [pc, #408]	@ (10000844 <irq_add_shared_handler+0x1a8>)
100006ac:	e8d7 2fcf 	ldaexb	r2, [r7]
100006b0:	2301      	movs	r3, #1
100006b2:	2a00      	cmp	r2, #0
100006b4:	d1fa      	bne.n	100006ac <irq_add_shared_handler+0x10>
100006b6:	e8c7 3f42 	strexb	r2, r3, [r7]
100006ba:	2a00      	cmp	r2, #0
100006bc:	d1f6      	bne.n	100006ac <irq_add_shared_handler+0x10>
100006be:	f3bf 8f5f 	dmb	sy
100006c2:	4b61      	ldr	r3, [pc, #388]	@ (10000848 <irq_add_shared_handler+0x1ac>)
100006c4:	f993 4000 	ldrsb.w	r4, [r3]
100006c8:	2c00      	cmp	r4, #0
100006ca:	f2c0 80b8 	blt.w	1000083e <irq_add_shared_handler+0x1a2>
100006ce:	f100 0510 	add.w	r5, r0, #16
100006d2:	485e      	ldr	r0, [pc, #376]	@ (1000084c <irq_add_shared_handler+0x1b0>)
100006d4:	eb04 0944 	add.w	r9, r4, r4, lsl #1
100006d8:	eb00 0289 	add.w	r2, r0, r9, lsl #2
100006dc:	7996      	ldrb	r6, [r2, #6]
100006de:	ea4f 0989 	mov.w	r9, r9, lsl #2
100006e2:	701e      	strb	r6, [r3, #0]
100006e4:	4b5a      	ldr	r3, [pc, #360]	@ (10000850 <irq_add_shared_handler+0x1b4>)
100006e6:	689b      	ldr	r3, [r3, #8]
100006e8:	f853 6025 	ldr.w	r6, [r3, r5, lsl #2]
100006ec:	1a33      	subs	r3, r6, r0
100006ee:	2b47      	cmp	r3, #71	@ 0x47
100006f0:	d835      	bhi.n	1000075e <irq_add_shared_handler+0xc2>
100006f2:	f026 0e01 	bic.w	lr, r6, #1
100006f6:	f89e 3007 	ldrb.w	r3, [lr, #7]
100006fa:	428b      	cmp	r3, r1
100006fc:	d809      	bhi.n	10000712 <irq_add_shared_handler+0x76>
100006fe:	e06f      	b.n	100007e0 <irq_add_shared_handler+0x144>
10000700:	eb0c 034c 	add.w	r3, ip, ip, lsl #1
10000704:	eb00 0383 	add.w	r3, r0, r3, lsl #2
10000708:	f893 a007 	ldrb.w	sl, [r3, #7]
1000070c:	458a      	cmp	sl, r1
1000070e:	d951      	bls.n	100007b4 <irq_add_shared_handler+0x118>
10000710:	469e      	mov	lr, r3
10000712:	f99e c006 	ldrsb.w	ip, [lr, #6]
10000716:	f1bc 0f00 	cmp.w	ip, #0
1000071a:	daf1      	bge.n	10000700 <irq_add_shared_handler+0x64>
1000071c:	f64b 5901 	movw	r9, #48385	@ 0xbd01
10000720:	f10e 0a04 	add.w	sl, lr, #4
10000724:	1f13      	subs	r3, r2, #4
10000726:	eba3 030a 	sub.w	r3, r3, sl
1000072a:	f3c3 034a 	ubfx	r3, r3, #1, #11
1000072e:	ea6f 43c3 	mvn.w	r3, r3, lsl #19
10000732:	ea6f 43d3 	mvn.w	r3, r3, lsr #19
10000736:	f88e 4006 	strb.w	r4, [lr, #6]
1000073a:	f8df a120 	ldr.w	sl, [pc, #288]	@ 1000085c <irq_add_shared_handler+0x1c0>
1000073e:	eb04 0444 	add.w	r4, r4, r4, lsl #1
10000742:	eb00 0284 	add.w	r2, r0, r4, lsl #2
10000746:	f8ae 3004 	strh.w	r3, [lr, #4]
1000074a:	f840 a024 	str.w	sl, [r0, r4, lsl #2]
1000074e:	f8a2 9004 	strh.w	r9, [r2, #4]
10000752:	f882 c006 	strb.w	ip, [r2, #6]
10000756:	71d1      	strb	r1, [r2, #7]
10000758:	f8c2 b008 	str.w	fp, [r2, #8]
1000075c:	e01d      	b.n	1000079a <irq_add_shared_handler+0xfe>
1000075e:	4b3d      	ldr	r3, [pc, #244]	@ (10000854 <irq_add_shared_handler+0x1b8>)
10000760:	429e      	cmp	r6, r3
10000762:	d16c      	bne.n	1000083e <irq_add_shared_handler+0x1a2>
10000764:	4b3c      	ldr	r3, [pc, #240]	@ (10000858 <irq_add_shared_handler+0x1bc>)
10000766:	71d1      	strb	r1, [r2, #7]
10000768:	f109 0102 	add.w	r1, r9, #2
1000076c:	4401      	add	r1, r0
1000076e:	3b04      	subs	r3, #4
10000770:	1a5b      	subs	r3, r3, r1
10000772:	f3c3 034a 	ubfx	r3, r3, #1, #11
10000776:	ea6f 43c3 	mvn.w	r3, r3, lsl #19
1000077a:	f44f 4121 	mov.w	r1, #41216	@ 0xa100
1000077e:	ea6f 43d3 	mvn.w	r3, r3, lsr #19
10000782:	f820 1009 	strh.w	r1, [r0, r9]
10000786:	8053      	strh	r3, [r2, #2]
10000788:	21ff      	movs	r1, #255	@ 0xff
1000078a:	f64b 5301 	movw	r3, #48385	@ 0xbd01
1000078e:	f8c2 b008 	str.w	fp, [r2, #8]
10000792:	7191      	strb	r1, [r2, #6]
10000794:	8093      	strh	r3, [r2, #4]
10000796:	f042 0601 	orr.w	r6, r2, #1
1000079a:	4b2d      	ldr	r3, [pc, #180]	@ (10000850 <irq_add_shared_handler+0x1b4>)
1000079c:	689b      	ldr	r3, [r3, #8]
1000079e:	f843 6025 	str.w	r6, [r3, r5, lsl #2]
100007a2:	f3bf 8f5f 	dmb	sy
100007a6:	2300      	movs	r3, #0
100007a8:	e8c7 3f8f 	stlb	r3, [r7]
100007ac:	f388 8810 	msr	PRIMASK, r8
100007b0:	e8bd 8ff8 	ldmia.w	sp!, {r3, r4, r5, r6, r7, r8, r9, sl, fp, pc}
100007b4:	46f2      	mov	sl, lr
100007b6:	f06f 0307 	mvn.w	r3, #7
100007ba:	eba3 0309 	sub.w	r3, r3, r9
100007be:	f83a 9f04 	ldrh.w	r9, [sl, #4]!
100007c2:	1a1b      	subs	r3, r3, r0
100007c4:	f349 090a 	sbfx	r9, r9, #0, #11
100007c8:	f109 0902 	add.w	r9, r9, #2
100007cc:	eb0a 0949 	add.w	r9, sl, r9, lsl #1
100007d0:	4499      	add	r9, r3
100007d2:	f3c9 094a 	ubfx	r9, r9, #1, #11
100007d6:	ea6f 49c9 	mvn.w	r9, r9, lsl #19
100007da:	ea6f 49d9 	mvn.w	r9, r9, lsr #19
100007de:	e7a1      	b.n	10000724 <irq_add_shared_handler+0x88>
100007e0:	f06f 0307 	mvn.w	r3, #7
100007e4:	71d1      	strb	r1, [r2, #7]
100007e6:	491c      	ldr	r1, [pc, #112]	@ (10000858 <irq_add_shared_handler+0x1bc>)
100007e8:	f109 0402 	add.w	r4, r9, #2
100007ec:	4404      	add	r4, r0
100007ee:	3904      	subs	r1, #4
100007f0:	1b09      	subs	r1, r1, r4
100007f2:	eba3 0309 	sub.w	r3, r3, r9
100007f6:	f3c1 014a 	ubfx	r1, r1, #1, #11
100007fa:	1a1b      	subs	r3, r3, r0
100007fc:	ea6f 41c1 	mvn.w	r1, r1, lsl #19
10000800:	4473      	add	r3, lr
10000802:	f3c3 034a 	ubfx	r3, r3, #1, #11
10000806:	ea6f 43c3 	mvn.w	r3, r3, lsl #19
1000080a:	ea6f 41d1 	mvn.w	r1, r1, lsr #19
1000080e:	f44f 4621 	mov.w	r6, #41216	@ 0xa100
10000812:	ea6f 43d3 	mvn.w	r3, r3, lsr #19
10000816:	8051      	strh	r1, [r2, #2]
10000818:	4910      	ldr	r1, [pc, #64]	@ (1000085c <irq_add_shared_handler+0x1c0>)
1000081a:	f820 6009 	strh.w	r6, [r0, r9]
1000081e:	8093      	strh	r3, [r2, #4]
10000820:	f64a 24aa 	movw	r4, #43690	@ 0xaaaa
10000824:	4673      	mov	r3, lr
10000826:	1a1b      	subs	r3, r3, r0
10000828:	415b      	adcs	r3, r3
1000082a:	435c      	muls	r4, r3
1000082c:	0d24      	lsrs	r4, r4, #20
1000082e:	f8c2 b008 	str.w	fp, [r2, #8]
10000832:	7194      	strb	r4, [r2, #6]
10000834:	f042 0601 	orr.w	r6, r2, #1
10000838:	f8ce 1000 	str.w	r1, [lr]
1000083c:	e7ad      	b.n	1000079a <irq_add_shared_handler+0xfe>
1000083e:	f001 faeb 	bl	10001e18 <hard_assertion_failure>
10000842:	bf00      	nop
10000844:	20029145 	.word	0x20029145
10000848:	2002ee3f 	.word	0x2002ee3f
1000084c:	2000250c 	.word	0x2000250c
10000850:	e000ed00 	.word	0xe000ed00
10000854:	10000111 	.word	0x10000111
10000858:	20002554 	.word	0x20002554
1000085c:	47804801 	.word	0x47804801

10000860 <irq_remove_handler>:
10000860:	e92d 47f0 	stmdb	sp!, {r4, r5, r6, r7, r8, r9, sl, lr}
10000864:	b082      	sub	sp, #8
10000866:	f3ef 8510 	mrs	r5, PRIMASK
1000086a:	b672      	cpsid	i
1000086c:	f8df c1a8 	ldr.w	ip, [pc, #424]	@ 10000a18 <irq_remove_handler+0x1b8>
10000870:	e8dc 2fcf 	ldaexb	r2, [ip]
10000874:	2301      	movs	r3, #1
10000876:	2a00      	cmp	r2, #0
10000878:	d1fa      	bne.n	10000870 <irq_remove_handler+0x10>
1000087a:	e8cc 3f42 	strexb	r2, r3, [ip]
1000087e:	2a00      	cmp	r2, #0
10000880:	d1f6      	bne.n	10000870 <irq_remove_handler+0x10>
10000882:	f3bf 8f5f 	dmb	sy
10000886:	4b5e      	ldr	r3, [pc, #376]	@ (10000a00 <irq_remove_handler+0x1a0>)
10000888:	f100 0410 	add.w	r4, r0, #16
1000088c:	689b      	ldr	r3, [r3, #8]
1000088e:	f853 2024 	ldr.w	r2, [r3, r4, lsl #2]
10000892:	4b5c      	ldr	r3, [pc, #368]	@ (10000a04 <irq_remove_handler+0x1a4>)
10000894:	429a      	cmp	r2, r3
10000896:	d03d      	beq.n	10000914 <irq_remove_handler+0xb4>
10000898:	428a      	cmp	r2, r1
1000089a:	d049      	beq.n	10000930 <irq_remove_handler+0xd0>
1000089c:	f8df e17c 	ldr.w	lr, [pc, #380]	@ 10000a1c <irq_remove_handler+0x1bc>
100008a0:	eba2 030e 	sub.w	r3, r2, lr
100008a4:	2b47      	cmp	r3, #71	@ 0x47
100008a6:	d835      	bhi.n	10000914 <irq_remove_handler+0xb4>
100008a8:	2701      	movs	r7, #1
100008aa:	0943      	lsrs	r3, r0, #5
100008ac:	009b      	lsls	r3, r3, #2
100008ae:	f000 001f 	and.w	r0, r0, #31
100008b2:	f103 4360 	add.w	r3, r3, #3758096384	@ 0xe0000000
100008b6:	f503 4361 	add.w	r3, r3, #57600	@ 0xe100
100008ba:	4087      	lsls	r7, r0
100008bc:	681e      	ldr	r6, [r3, #0]
100008be:	469a      	mov	sl, r3
100008c0:	46b9      	mov	r9, r7
100008c2:	f8c3 7080 	str.w	r7, [r3, #128]	@ 0x80
100008c6:	f3bf 8f5f 	dmb	sy
100008ca:	f3ef 8305 	mrs	r3, IPSR
100008ce:	b2db      	uxtb	r3, r3
100008d0:	461f      	mov	r7, r3
100008d2:	bb7b      	cbnz	r3, 10000934 <irq_remove_handler+0xd4>
100008d4:	2301      	movs	r3, #1
100008d6:	4083      	lsls	r3, r0
100008d8:	f022 0001 	bic.w	r0, r2, #1
100008dc:	ea03 0806 	and.w	r8, r3, r6
100008e0:	6886      	ldr	r6, [r0, #8]
100008e2:	42b1      	cmp	r1, r6
100008e4:	d108      	bne.n	100008f8 <irq_remove_handler+0x98>
100008e6:	e081      	b.n	100009ec <irq_remove_handler+0x18c>
100008e8:	eb03 0343 	add.w	r3, r3, r3, lsl #1
100008ec:	eb0e 0383 	add.w	r3, lr, r3, lsl #2
100008f0:	689e      	ldr	r6, [r3, #8]
100008f2:	42b1      	cmp	r1, r6
100008f4:	d025      	beq.n	10000942 <irq_remove_handler+0xe2>
100008f6:	4618      	mov	r0, r3
100008f8:	f990 3006 	ldrsb.w	r3, [r0, #6]
100008fc:	2b00      	cmp	r3, #0
100008fe:	daf3      	bge.n	100008e8 <irq_remove_handler+0x88>
10000900:	42b1      	cmp	r1, r6
10000902:	d04e      	beq.n	100009a2 <irq_remove_handler+0x142>
10000904:	4653      	mov	r3, sl
10000906:	f1b8 0f00 	cmp.w	r8, #0
1000090a:	d017      	beq.n	1000093c <irq_remove_handler+0xdc>
1000090c:	f8c3 9180 	str.w	r9, [r3, #384]	@ 0x180
10000910:	f8c3 9000 	str.w	r9, [r3]
10000914:	4b3a      	ldr	r3, [pc, #232]	@ (10000a00 <irq_remove_handler+0x1a0>)
10000916:	689b      	ldr	r3, [r3, #8]
10000918:	f843 2024 	str.w	r2, [r3, r4, lsl #2]
1000091c:	f3bf 8f5f 	dmb	sy
10000920:	2300      	movs	r3, #0
10000922:	e8cc 3f8f 	stlb	r3, [ip]
10000926:	f385 8810 	msr	PRIMASK, r5
1000092a:	b002      	add	sp, #8
1000092c:	e8bd 87f0 	ldmia.w	sp!, {r4, r5, r6, r7, r8, r9, sl, pc}
10000930:	461a      	mov	r2, r3
10000932:	e7ef      	b.n	10000914 <irq_remove_handler+0xb4>
10000934:	429c      	cmp	r4, r3
10000936:	d0cd      	beq.n	100008d4 <irq_remove_handler+0x74>
10000938:	f001 fa6e 	bl	10001e18 <hard_assertion_failure>
1000093c:	f8c3 9080 	str.w	r9, [r3, #128]	@ 0x80
10000940:	e7e8      	b.n	10000914 <irq_remove_handler+0xb4>
10000942:	f993 6006 	ldrsb.w	r6, [r3, #6]
10000946:	2e00      	cmp	r6, #0
10000948:	db2c      	blt.n	100009a4 <irq_remove_handler+0x144>
1000094a:	eb06 0046 	add.w	r0, r6, r6, lsl #1
1000094e:	eb0e 0180 	add.w	r1, lr, r0, lsl #2
10000952:	0080      	lsls	r0, r0, #2
10000954:	9001      	str	r0, [sp, #4]
10000956:	79c8      	ldrb	r0, [r1, #7]
10000958:	688f      	ldr	r7, [r1, #8]
1000095a:	71d8      	strb	r0, [r3, #7]
1000095c:	f991 0006 	ldrsb.w	r0, [r1, #6]
10000960:	609f      	str	r7, [r3, #8]
10000962:	2800      	cmp	r0, #0
10000964:	7198      	strb	r0, [r3, #6]
10000966:	ea4f 0746 	mov.w	r7, r6, lsl #1
1000096a:	db2e      	blt.n	100009ca <irq_remove_handler+0x16a>
1000096c:	8889      	ldrh	r1, [r1, #4]
1000096e:	9801      	ldr	r0, [sp, #4]
10000970:	f341 010a 	sbfx	r1, r1, #0, #11
10000974:	eb00 0141 	add.w	r1, r0, r1, lsl #1
10000978:	f06f 0007 	mvn.w	r0, #7
1000097c:	3108      	adds	r1, #8
1000097e:	4471      	add	r1, lr
10000980:	1ac0      	subs	r0, r0, r3
10000982:	4401      	add	r1, r0
10000984:	f3c1 014a 	ubfx	r1, r1, #1, #11
10000988:	ea6f 41c1 	mvn.w	r1, r1, lsl #19
1000098c:	ea6f 41d1 	mvn.w	r1, r1, lsr #19
10000990:	8099      	strh	r1, [r3, #4]
10000992:	491d      	ldr	r1, [pc, #116]	@ (10000a08 <irq_remove_handler+0x1a8>)
10000994:	19bb      	adds	r3, r7, r6
10000996:	7808      	ldrb	r0, [r1, #0]
10000998:	eb0e 0383 	add.w	r3, lr, r3, lsl #2
1000099c:	700e      	strb	r6, [r1, #0]
1000099e:	7198      	strb	r0, [r3, #6]
100009a0:	e7b0      	b.n	10000904 <irq_remove_handler+0xa4>
100009a2:	4603      	mov	r3, r0
100009a4:	b99f      	cbnz	r7, 100009ce <irq_remove_handler+0x16e>
100009a6:	21ff      	movs	r1, #255	@ 0xff
100009a8:	7181      	strb	r1, [r0, #6]
100009aa:	f64b 5101 	movw	r1, #48385	@ 0xbd01
100009ae:	8081      	strh	r1, [r0, #4]
100009b0:	4e15      	ldr	r6, [pc, #84]	@ (10000a08 <irq_remove_handler+0x1a8>)
100009b2:	4618      	mov	r0, r3
100009b4:	7837      	ldrb	r7, [r6, #0]
100009b6:	f64a 21aa 	movw	r1, #43690	@ 0xaaaa
100009ba:	719f      	strb	r7, [r3, #6]
100009bc:	4673      	mov	r3, lr
100009be:	1ac0      	subs	r0, r0, r3
100009c0:	4140      	adcs	r0, r0
100009c2:	4341      	muls	r1, r0
100009c4:	0d09      	lsrs	r1, r1, #20
100009c6:	7031      	strb	r1, [r6, #0]
100009c8:	e79c      	b.n	10000904 <irq_remove_handler+0xa4>
100009ca:	4910      	ldr	r1, [pc, #64]	@ (10000a0c <irq_remove_handler+0x1ac>)
100009cc:	e7e0      	b.n	10000990 <irq_remove_handler+0x130>
100009ce:	4910      	ldr	r1, [pc, #64]	@ (10000a10 <irq_remove_handler+0x1b0>)
100009d0:	4e10      	ldr	r6, [pc, #64]	@ (10000a14 <irq_remove_handler+0x1b4>)
100009d2:	1ac9      	subs	r1, r1, r3
100009d4:	3908      	subs	r1, #8
100009d6:	f3c1 300a 	ubfx	r0, r1, #12, #11
100009da:	ea6f 5000 	mvn.w	r0, r0, lsl #20
100009de:	ea6f 5010 	mvn.w	r0, r0, lsr #20
100009e2:	ea46 0151 	orr.w	r1, r6, r1, lsr #1
100009e6:	80d9      	strh	r1, [r3, #6]
100009e8:	8098      	strh	r0, [r3, #4]
100009ea:	e78b      	b.n	10000904 <irq_remove_handler+0xa4>
100009ec:	f990 6006 	ldrsb.w	r6, [r0, #6]
100009f0:	4603      	mov	r3, r0
100009f2:	2e00      	cmp	r6, #0
100009f4:	daa9      	bge.n	1000094a <irq_remove_handler+0xea>
100009f6:	2f00      	cmp	r7, #0
100009f8:	d1e9      	bne.n	100009ce <irq_remove_handler+0x16e>
100009fa:	4a02      	ldr	r2, [pc, #8]	@ (10000a04 <irq_remove_handler+0x1a4>)
100009fc:	e7d8      	b.n	100009b0 <irq_remove_handler+0x150>
100009fe:	bf00      	nop
10000a00:	e000ed00 	.word	0xe000ed00
10000a04:	10000111 	.word	0x10000111
10000a08:	2002ee3f 	.word	0x2002ee3f
10000a0c:	ffffbd01 	.word	0xffffbd01
10000a10:	2000255e 	.word	0x2000255e
10000a14:	fffff800 	.word	0xfffff800
10000a18:	20029145 	.word	0x20029145
10000a1c:	2000250c 	.word	0x2000250c

10000a20 <irq_add_tail_to_free_list>:
10000a20:	e92d 41f0 	stmdb	sp!, {r4, r5, r6, r7, r8, lr}
10000a24:	f3ef 8305 	mrs	r3, IPSR
10000a28:	b2db      	uxtb	r3, r3
10000a2a:	469e      	mov	lr, r3
10000a2c:	f3ef 8510 	mrs	r5, PRIMASK
10000a30:	b672      	cpsid	i
10000a32:	492f      	ldr	r1, [pc, #188]	@ (10000af0 <irq_add_tail_to_free_list+0xd0>)
10000a34:	e8d1 2fcf 	ldaexb	r2, [r1]
10000a38:	2301      	movs	r3, #1
10000a3a:	2a00      	cmp	r2, #0
10000a3c:	d1fa      	bne.n	10000a34 <irq_add_tail_to_free_list+0x14>
10000a3e:	e8c1 3f42 	strexb	r2, r3, [r1]
10000a42:	2a00      	cmp	r2, #0
10000a44:	d1f6      	bne.n	10000a34 <irq_add_tail_to_free_list+0x14>
10000a46:	f3bf 8f5f 	dmb	sy
10000a4a:	f8df 80b4 	ldr.w	r8, [pc, #180]	@ 10000b00 <irq_add_tail_to_free_list+0xe0>
10000a4e:	f040 0601 	orr.w	r6, r0, #1
10000a52:	f8d8 7008 	ldr.w	r7, [r8, #8]
10000a56:	f64a 23aa 	movw	r3, #43690	@ 0xaaaa
10000a5a:	f857 702e 	ldr.w	r7, [r7, lr, lsl #2]
10000a5e:	4604      	mov	r4, r0
10000a60:	4a24      	ldr	r2, [pc, #144]	@ (10000af4 <irq_add_tail_to_free_list+0xd4>)
10000a62:	1aa4      	subs	r4, r4, r2
10000a64:	4164      	adcs	r4, r4
10000a66:	4363      	muls	r3, r4
10000a68:	0d1b      	lsrs	r3, r3, #20
10000a6a:	42b7      	cmp	r7, r6
10000a6c:	b25b      	sxtb	r3, r3
10000a6e:	d026      	beq.n	10000abe <irq_add_tail_to_free_list+0x9e>
10000a70:	f992 4006 	ldrsb.w	r4, [r2, #6]
10000a74:	429c      	cmp	r4, r3
10000a76:	d028      	beq.n	10000aca <irq_add_tail_to_free_list+0xaa>
10000a78:	f992 4012 	ldrsb.w	r4, [r2, #18]
10000a7c:	429c      	cmp	r4, r3
10000a7e:	d02f      	beq.n	10000ae0 <irq_add_tail_to_free_list+0xc0>
10000a80:	f992 401e 	ldrsb.w	r4, [r2, #30]
10000a84:	429c      	cmp	r4, r3
10000a86:	d02d      	beq.n	10000ae4 <irq_add_tail_to_free_list+0xc4>
10000a88:	f992 402a 	ldrsb.w	r4, [r2, #42]	@ 0x2a
10000a8c:	429c      	cmp	r4, r3
10000a8e:	d02b      	beq.n	10000ae8 <irq_add_tail_to_free_list+0xc8>
10000a90:	f992 4036 	ldrsb.w	r4, [r2, #54]	@ 0x36
10000a94:	429c      	cmp	r4, r3
10000a96:	d029      	beq.n	10000aec <irq_add_tail_to_free_list+0xcc>
10000a98:	f992 4042 	ldrsb.w	r4, [r2, #66]	@ 0x42
10000a9c:	429c      	cmp	r4, r3
10000a9e:	bf08      	it	eq
10000aa0:	2405      	moveq	r4, #5
10000aa2:	d013      	beq.n	10000acc <irq_add_tail_to_free_list+0xac>
10000aa4:	4a14      	ldr	r2, [pc, #80]	@ (10000af8 <irq_add_tail_to_free_list+0xd8>)
10000aa6:	2400      	movs	r4, #0
10000aa8:	f892 c000 	ldrb.w	ip, [r2]
10000aac:	7013      	strb	r3, [r2, #0]
10000aae:	f880 c006 	strb.w	ip, [r0, #6]
10000ab2:	e8c1 4f8f 	stlb	r4, [r1]
10000ab6:	f385 8810 	msr	PRIMASK, r5
10000aba:	e8bd 81f0 	ldmia.w	sp!, {r4, r5, r6, r7, r8, pc}
10000abe:	f8d8 2008 	ldr.w	r2, [r8, #8]
10000ac2:	4c0e      	ldr	r4, [pc, #56]	@ (10000afc <irq_add_tail_to_free_list+0xdc>)
10000ac4:	f842 402e 	str.w	r4, [r2, lr, lsl #2]
10000ac8:	e7ec      	b.n	10000aa4 <irq_add_tail_to_free_list+0x84>
10000aca:	2400      	movs	r4, #0
10000acc:	eb04 0444 	add.w	r4, r4, r4, lsl #1
10000ad0:	eb02 0284 	add.w	r2, r2, r4, lsl #2
10000ad4:	24ff      	movs	r4, #255	@ 0xff
10000ad6:	7194      	strb	r4, [r2, #6]
10000ad8:	f64b 5401 	movw	r4, #48385	@ 0xbd01
10000adc:	8094      	strh	r4, [r2, #4]
10000ade:	e7e1      	b.n	10000aa4 <irq_add_tail_to_free_list+0x84>
10000ae0:	2401      	movs	r4, #1
10000ae2:	e7f3      	b.n	10000acc <irq_add_tail_to_free_list+0xac>
10000ae4:	2402      	movs	r4, #2
10000ae6:	e7f1      	b.n	10000acc <irq_add_tail_to_free_list+0xac>
10000ae8:	2403      	movs	r4, #3
10000aea:	e7ef      	b.n	10000acc <irq_add_tail_to_free_list+0xac>
10000aec:	2404      	movs	r4, #4
10000aee:	e7ed      	b.n	10000acc <irq_add_tail_to_free_list+0xac>
10000af0:	20029145 	.word	0x20029145
10000af4:	2000250c 	.word	0x2000250c
10000af8:	2002ee3f 	.word	0x2002ee3f
10000afc:	10000111 	.word	0x10000111
10000b00:	e000ed00 	.word	0xe000ed00

10000b04 <user_irq_claim_unused>:
10000b04:	b500      	push	{lr}
10000b06:	f8df c024 	ldr.w	ip, [pc, #36]	@ 10000b2c <user_irq_claim_unused+0x28>
10000b0a:	b083      	sub	sp, #12
10000b0c:	4601      	mov	r1, r0
10000b0e:	2305      	movs	r3, #5
10000b10:	2200      	movs	r2, #0
10000b12:	f8cd c000 	str.w	ip, [sp]
10000b16:	4804      	ldr	r0, [pc, #16]	@ (10000b28 <user_irq_claim_unused+0x24>)
10000b18:	f7ff fcb8 	bl	1000048c <hw_claim_unused_from_range>
10000b1c:	2800      	cmp	r0, #0
10000b1e:	bfa8      	it	ge
10000b20:	f1c0 0033 	rsbge	r0, r0, #51	@ 0x33
10000b24:	b003      	add	sp, #12
10000b26:	bd00      	pop	{pc}
10000b28:	2002ee44 	.word	0x2002ee44
10000b2c:	100087b4 	.word	0x100087b4

10000b30 <lock_init>:
10000b30:	4b01      	ldr	r3, [pc, #4]	@ (10000b38 <lock_init+0x8>)
10000b32:	440b      	add	r3, r1
10000b34:	6003      	str	r3, [r0, #0]
10000b36:	4770      	bx	lr
10000b38:	2002913c 	.word	0x2002913c

10000b3c <runtime_init_mutex>:
10000b3c:	b570      	push	{r4, r5, r6, lr}
10000b3e:	4c10      	ldr	r4, [pc, #64]	@ (10000b80 <runtime_init_mutex+0x44>)
10000b40:	4d10      	ldr	r5, [pc, #64]	@ (10000b84 <runtime_init_mutex+0x48>)
10000b42:	42ac      	cmp	r4, r5
10000b44:	d20e      	bcs.n	10000b64 <runtime_init_mutex+0x28>
10000b46:	26ff      	movs	r6, #255	@ 0xff
10000b48:	6823      	ldr	r3, [r4, #0]
10000b4a:	b163      	cbz	r3, 10000b66 <runtime_init_mutex+0x2a>
10000b4c:	f7ff fce0 	bl	10000510 <next_striped_spin_lock_num>
10000b50:	4601      	mov	r1, r0
10000b52:	4620      	mov	r0, r4
10000b54:	f7ff ffec 	bl	10000b30 <lock_init>
10000b58:	80a6      	strh	r6, [r4, #4]
10000b5a:	f3bf 8f5f 	dmb	sy
10000b5e:	3408      	adds	r4, #8
10000b60:	42ac      	cmp	r4, r5
10000b62:	d3f1      	bcc.n	10000b48 <runtime_init_mutex+0xc>
10000b64:	bd70      	pop	{r4, r5, r6, pc}
10000b66:	f7ff fcd3 	bl	10000510 <next_striped_spin_lock_num>
10000b6a:	4601      	mov	r1, r0
10000b6c:	4620      	mov	r0, r4
10000b6e:	f7ff ffdf 	bl	10000b30 <lock_init>
10000b72:	7126      	strb	r6, [r4, #4]
10000b74:	f3bf 8f5f 	dmb	sy
10000b78:	3408      	adds	r4, #8
10000b7a:	42ac      	cmp	r4, r5
10000b7c:	d3e4      	bcc.n	10000b48 <runtime_init_mutex+0xc>
10000b7e:	bd70      	pop	{r4, r5, r6, pc}
10000b80:	20002c08 	.word	0x20002c08
10000b84:	20002c18 	.word	0x20002c18

10000b88 <mutex_init>:
10000b88:	b510      	push	{r4, lr}
10000b8a:	4604      	mov	r4, r0
10000b8c:	f7ff fcc0 	bl	10000510 <next_striped_spin_lock_num>
10000b90:	4601      	mov	r1, r0
10000b92:	4620      	mov	r0, r4
10000b94:	f7ff ffcc 	bl	10000b30 <lock_init>
10000b98:	23ff      	movs	r3, #255	@ 0xff
10000b9a:	7123      	strb	r3, [r4, #4]
10000b9c:	f3bf 8f5f 	dmb	sy
10000ba0:	bd10      	pop	{r4, pc}
10000ba2:	bf00      	nop

10000ba4 <critical_section_init>:
10000ba4:	b510      	push	{r4, lr}
10000ba6:	4604      	mov	r4, r0
10000ba8:	2001      	movs	r0, #1
10000baa:	f7ff fcbd 	bl	10000528 <spin_lock_claim_unused>
10000bae:	4b03      	ldr	r3, [pc, #12]	@ (10000bbc <critical_section_init+0x18>)
10000bb0:	4403      	add	r3, r0
10000bb2:	6023      	str	r3, [r4, #0]
10000bb4:	f3bf 8f5f 	dmb	sy
10000bb8:	bd10      	pop	{r4, pc}
10000bba:	bf00      	nop
10000bbc:	2002913c 	.word	0x2002913c

10000bc0 <critical_section_init_with_lock_num>:
10000bc0:	4b02      	ldr	r3, [pc, #8]	@ (10000bcc <critical_section_init_with_lock_num+0xc>)
10000bc2:	440b      	add	r3, r1
10000bc4:	6003      	str	r3, [r0, #0]
10000bc6:	f3bf 8f5f 	dmb	sy
10000bca:	4770      	bx	lr
10000bcc:	2002913c 	.word	0x2002913c

10000bd0 <sleep_until_callback>:
10000bd0:	4910      	ldr	r1, [pc, #64]	@ (10000c14 <sleep_until_callback+0x44>)
10000bd2:	680b      	ldr	r3, [r1, #0]
10000bd4:	f3ef 8010 	mrs	r0, PRIMASK
10000bd8:	b672      	cpsid	i
10000bda:	e8d3 cfcf 	ldaexb	ip, [r3]
10000bde:	2201      	movs	r2, #1
10000be0:	f1bc 0f00 	cmp.w	ip, #0
10000be4:	d1f9      	bne.n	10000bda <sleep_until_callback+0xa>
10000be6:	e8c3 2f4c 	strexb	ip, r2, [r3]
10000bea:	f1bc 0f00 	cmp.w	ip, #0
10000bee:	d1f4      	bne.n	10000bda <sleep_until_callback+0xa>
10000bf0:	f3bf 8f5f 	dmb	sy
10000bf4:	4a08      	ldr	r2, [pc, #32]	@ (10000c18 <sleep_until_callback+0x48>)
10000bf6:	f04f 0c00 	mov.w	ip, #0
10000bfa:	7813      	ldrb	r3, [r2, #0]
10000bfc:	6809      	ldr	r1, [r1, #0]
10000bfe:	3301      	adds	r3, #1
10000c00:	7013      	strb	r3, [r2, #0]
10000c02:	e8c1 cf8f 	stlb	ip, [r1]
10000c06:	f380 8810 	msr	PRIMASK, r0
10000c0a:	bf40      	sev
10000c0c:	2000      	movs	r0, #0
10000c0e:	2100      	movs	r1, #0
10000c10:	4770      	bx	lr
10000c12:	bf00      	nop
10000c14:	2002c114 	.word	0x2002c114
10000c18:	2002ee41 	.word	0x2002ee41
10000c1c:	00000000 	.word	0x00000000

10000c20 <alarm_pool_irq_handler>:
10000c20:	e92d 4ff0 	stmdb	sp!, {r4, r5, r6, r7, r8, r9, sl, fp, lr}
10000c24:	ed2d 8b02 	vpush	{d8}
10000c28:	b085      	sub	sp, #20
10000c2a:	f3ef 8305 	mrs	r3, IPSR
10000c2e:	b2db      	uxtb	r3, r3
10000c30:	3b10      	subs	r3, #16
10000c32:	089a      	lsrs	r2, r3, #2
10000c34:	bf18      	it	ne
10000c36:	2201      	movne	r2, #1
10000c38:	f04f 0101 	mov.w	r1, #1
10000c3c:	f003 0b03 	and.w	fp, r3, #3
10000c40:	bf18      	it	ne
10000c42:	4ca9      	ldrne	r4, [pc, #676]	@ (10000ee8 <alarm_pool_irq_handler+0x2c8>)
10000c44:	4ba9      	ldr	r3, [pc, #676]	@ (10000eec <alarm_pool_irq_handler+0x2cc>)
10000c46:	bf08      	it	eq
10000c48:	4ca9      	ldreq	r4, [pc, #676]	@ (10000ef0 <alarm_pool_irq_handler+0x2d0>)
10000c4a:	eb0b 0282 	add.w	r2, fp, r2, lsl #2
10000c4e:	f853 5022 	ldr.w	r5, [r3, r2, lsl #2]
10000c52:	fa01 f20b 	lsl.w	r2, r1, fp
10000c56:	f504 5341 	add.w	r3, r4, #12352	@ 0x3040
10000c5a:	ed9f 8ba1 	vldr	d8, [pc, #644]	@ 10000ee0 <alarm_pool_irq_handler+0x2c0>
10000c5e:	9202      	str	r2, [sp, #8]
10000c60:	605a      	str	r2, [r3, #4]
10000c62:	e02f      	b.n	10000cc4 <alarm_pool_irq_handler+0xa4>
10000c64:	88ab      	ldrh	r3, [r5, #4]
10000c66:	0419      	lsls	r1, r3, #16
10000c68:	f140 8094 	bpl.w	10000d94 <alarm_pool_irq_handler+0x174>
10000c6c:	79ab      	ldrb	r3, [r5, #6]
10000c6e:	2b00      	cmp	r3, #0
10000c70:	f040 80de 	bne.w	10000e30 <alarm_pool_irq_handler+0x210>
10000c74:	f9b5 6008 	ldrsh.w	r6, [r5, #8]
10000c78:	2e00      	cmp	r6, #0
10000c7a:	f2c0 811c 	blt.w	10000eb6 <alarm_pool_irq_handler+0x296>
10000c7e:	696b      	ldr	r3, [r5, #20]
10000c80:	eb06 0646 	add.w	r6, r6, r6, lsl #1
10000c84:	eb03 03c6 	add.w	r3, r3, r6, lsl #3
10000c88:	e9d3 6702 	ldrd	r6, r7, [r3, #8]
10000c8c:	f1b7 3fff 	cmp.w	r7, #4294967295
10000c90:	bf08      	it	eq
10000c92:	f1b6 3fff 	cmpeq.w	r6, #4294967295
10000c96:	d00e      	beq.n	10000cb6 <alarm_pool_irq_handler+0x96>
10000c98:	eb04 018b 	add.w	r1, r4, fp, lsl #2
10000c9c:	6aa3      	ldr	r3, [r4, #40]	@ 0x28
10000c9e:	690a      	ldr	r2, [r1, #16]
10000ca0:	1ad2      	subs	r2, r2, r3
10000ca2:	1af3      	subs	r3, r6, r3
10000ca4:	4293      	cmp	r3, r2
10000ca6:	d305      	bcc.n	10000cb4 <alarm_pool_irq_handler+0x94>
10000ca8:	2301      	movs	r3, #1
10000caa:	6a22      	ldr	r2, [r4, #32]
10000cac:	fa03 f30b 	lsl.w	r3, r3, fp
10000cb0:	4213      	tst	r3, r2
10000cb2:	d100      	bne.n	10000cb6 <alarm_pool_irq_handler+0x96>
10000cb4:	610e      	str	r6, [r1, #16]
10000cb6:	4620      	mov	r0, r4
10000cb8:	f000 fbee 	bl	10001498 <timer_time_us_64>
10000cbc:	42b0      	cmp	r0, r6
10000cbe:	41b9      	sbcs	r1, r7
10000cc0:	f2c0 80f9 	blt.w	10000eb6 <alarm_pool_irq_handler+0x296>
10000cc4:	f9b5 6008 	ldrsh.w	r6, [r5, #8]
10000cc8:	9b02      	ldr	r3, [sp, #8]
10000cca:	2e00      	cmp	r6, #0
10000ccc:	63e3      	str	r3, [r4, #60]	@ 0x3c
10000cce:	dbc9      	blt.n	10000c64 <alarm_pool_irq_handler+0x44>
10000cd0:	f8d5 9014 	ldr.w	r9, [r5, #20]
10000cd4:	eb06 0a46 	add.w	sl, r6, r6, lsl #1
10000cd8:	eb09 07ca 	add.w	r7, r9, sl, lsl #3
10000cdc:	68bb      	ldr	r3, [r7, #8]
10000cde:	4620      	mov	r0, r4
10000ce0:	f8d7 800c 	ldr.w	r8, [r7, #12]
10000ce4:	9301      	str	r3, [sp, #4]
10000ce6:	f000 fbd7 	bl	10001498 <timer_time_us_64>
10000cea:	9b01      	ldr	r3, [sp, #4]
10000cec:	4298      	cmp	r0, r3
10000cee:	eb71 0108 	sbcs.w	r1, r1, r8
10000cf2:	dbb7      	blt.n	10000c64 <alarm_pool_irq_handler+0x44>
10000cf4:	f1b8 0f00 	cmp.w	r8, #0
10000cf8:	f2c0 80c0 	blt.w	10000e7c <alarm_pool_irq_handler+0x25c>
10000cfc:	e9d7 3104 	ldrd	r3, r1, [r7, #16]
10000d00:	4a7c      	ldr	r2, [pc, #496]	@ (10000ef4 <alarm_pool_irq_handler+0x2d4>)
10000d02:	4293      	cmp	r3, r2
10000d04:	f000 80f8 	beq.w	10000ef8 <alarm_pool_irq_handler+0x2d8>
10000d08:	887a      	ldrh	r2, [r7, #2]
10000d0a:	f9b5 0008 	ldrsh.w	r0, [r5, #8]
10000d0e:	b292      	uxth	r2, r2
10000d10:	ea42 4000 	orr.w	r0, r2, r0, lsl #16
10000d14:	4798      	blx	r3
10000d16:	4602      	mov	r2, r0
10000d18:	460b      	mov	r3, r1
10000d1a:	ea52 0103 	orrs.w	r1, r2, r3
10000d1e:	f000 80ad 	beq.w	10000e7c <alarm_pool_irq_handler+0x25c>
10000d22:	2b00      	cmp	r3, #0
10000d24:	f280 80cd 	bge.w	10000ec2 <alarm_pool_irq_handler+0x2a2>
10000d28:	9901      	ldr	r1, [sp, #4]
10000d2a:	ebb1 0e02 	subs.w	lr, r1, r2
10000d2e:	eb68 0803 	sbc.w	r8, r8, r3
10000d32:	f939 303a 	ldrsh.w	r3, [r9, sl, lsl #3]
10000d36:	e9c7 e802 	strd	lr, r8, [r7, #8]
10000d3a:	2b00      	cmp	r3, #0
10000d3c:	db92      	blt.n	10000c64 <alarm_pool_irq_handler+0x44>
10000d3e:	6968      	ldr	r0, [r5, #20]
10000d40:	eb03 0243 	add.w	r2, r3, r3, lsl #1
10000d44:	eb00 02c2 	add.w	r2, r0, r2, lsl #3
10000d48:	e9d2 7102 	ldrd	r7, r1, [r2, #8]
10000d4c:	45be      	cmp	lr, r7
10000d4e:	eb78 0c01 	sbcs.w	ip, r8, r1
10000d52:	ea4f 0243 	mov.w	r2, r3, lsl #1
10000d56:	db85      	blt.n	10000c64 <alarm_pool_irq_handler+0x44>
10000d58:	46ac      	mov	ip, r5
10000d5a:	f82c 3f08 	strh.w	r3, [ip, #8]!
10000d5e:	e006      	b.n	10000d6e <alarm_pool_irq_handler+0x14e>
10000d60:	eb03 0143 	add.w	r1, r3, r3, lsl #1
10000d64:	eb00 01c1 	add.w	r1, r0, r1, lsl #3
10000d68:	005a      	lsls	r2, r3, #1
10000d6a:	e9d1 7102 	ldrd	r7, r1, [r1, #8]
10000d6e:	45be      	cmp	lr, r7
10000d70:	eb78 0101 	sbcs.w	r1, r8, r1
10000d74:	441a      	add	r2, r3
10000d76:	db05      	blt.n	10000d84 <alarm_pool_irq_handler+0x164>
10000d78:	f930 3032 	ldrsh.w	r3, [r0, r2, lsl #3]
10000d7c:	eb00 0cc2 	add.w	ip, r0, r2, lsl #3
10000d80:	2b00      	cmp	r3, #0
10000d82:	daed      	bge.n	10000d60 <alarm_pool_irq_handler+0x140>
10000d84:	f829 303a 	strh.w	r3, [r9, sl, lsl #3]
10000d88:	f8ac 6000 	strh.w	r6, [ip]
10000d8c:	88ab      	ldrh	r3, [r5, #4]
10000d8e:	0419      	lsls	r1, r3, #16
10000d90:	f53f af6c 	bmi.w	10000c6c <alarm_pool_irq_handler+0x4c>
10000d94:	692b      	ldr	r3, [r5, #16]
10000d96:	f3ef 8210 	mrs	r2, PRIMASK
10000d9a:	b672      	cpsid	i
10000d9c:	e8d3 0fcf 	ldaexb	r0, [r3]
10000da0:	2101      	movs	r1, #1
10000da2:	2800      	cmp	r0, #0
10000da4:	d1fa      	bne.n	10000d9c <alarm_pool_irq_handler+0x17c>
10000da6:	e8c3 1f40 	strexb	r0, r1, [r3]
10000daa:	2800      	cmp	r0, #0
10000dac:	d1f6      	bne.n	10000d9c <alarm_pool_irq_handler+0x17c>
10000dae:	f3bf 8f5f 	dmb	sy
10000db2:	f64f 76ff 	movw	r6, #65535	@ 0xffff
10000db6:	88a8      	ldrh	r0, [r5, #4]
10000db8:	2300      	movs	r3, #0
10000dba:	6929      	ldr	r1, [r5, #16]
10000dbc:	b200      	sxth	r0, r0
10000dbe:	80ae      	strh	r6, [r5, #4]
10000dc0:	e8c1 3f8f 	stlb	r3, [r1]
10000dc4:	f382 8810 	msr	PRIMASK, r2
10000dc8:	4298      	cmp	r0, r3
10000dca:	f6ff af4f 	blt.w	10000c6c <alarm_pool_irq_handler+0x4c>
10000dce:	4607      	mov	r7, r0
10000dd0:	46a1      	mov	r9, r4
10000dd2:	696e      	ldr	r6, [r5, #20]
10000dd4:	f105 0808 	add.w	r8, r5, #8
10000dd8:	f9b5 3008 	ldrsh.w	r3, [r5, #8]
10000ddc:	eb07 0e47 	add.w	lr, r7, r7, lsl #1
10000de0:	2b00      	cmp	r3, #0
10000de2:	46c4      	mov	ip, r8
10000de4:	eb06 02ce 	add.w	r2, r6, lr, lsl #3
10000de8:	db15      	blt.n	10000e16 <alarm_pool_irq_handler+0x1f6>
10000dea:	e9d2 4002 	ldrd	r4, r0, [r2, #8]
10000dee:	46aa      	mov	sl, r5
10000df0:	9701      	str	r7, [sp, #4]
10000df2:	e004      	b.n	10000dfe <alarm_pool_irq_handler+0x1de>
10000df4:	f936 3035 	ldrsh.w	r3, [r6, r5, lsl #3]
10000df8:	4694      	mov	ip, r2
10000dfa:	2b00      	cmp	r3, #0
10000dfc:	db09      	blt.n	10000e12 <alarm_pool_irq_handler+0x1f2>
10000dfe:	eb03 0543 	add.w	r5, r3, r3, lsl #1
10000e02:	eb06 02c5 	add.w	r2, r6, r5, lsl #3
10000e06:	e9d2 7102 	ldrd	r7, r1, [r2, #8]
10000e0a:	42bc      	cmp	r4, r7
10000e0c:	eb70 0101 	sbcs.w	r1, r0, r1
10000e10:	daf0      	bge.n	10000df4 <alarm_pool_irq_handler+0x1d4>
10000e12:	4655      	mov	r5, sl
10000e14:	9f01      	ldr	r7, [sp, #4]
10000e16:	f8ac 7000 	strh.w	r7, [ip]
10000e1a:	f936 703e 	ldrsh.w	r7, [r6, lr, lsl #3]
10000e1e:	f826 303e 	strh.w	r3, [r6, lr, lsl #3]
10000e22:	2f00      	cmp	r7, #0
10000e24:	dad8      	bge.n	10000dd8 <alarm_pool_irq_handler+0x1b8>
10000e26:	79ab      	ldrb	r3, [r5, #6]
10000e28:	464c      	mov	r4, r9
10000e2a:	2b00      	cmp	r3, #0
10000e2c:	f43f af22 	beq.w	10000c74 <alarm_pool_irq_handler+0x54>
10000e30:	2300      	movs	r3, #0
10000e32:	71ab      	strb	r3, [r5, #6]
10000e34:	f9b5 6008 	ldrsh.w	r6, [r5, #8]
10000e38:	1c72      	adds	r2, r6, #1
10000e3a:	4633      	mov	r3, r6
10000e3c:	d03b      	beq.n	10000eb6 <alarm_pool_irq_handler+0x296>
10000e3e:	6968      	ldr	r0, [r5, #20]
10000e40:	f105 0e08 	add.w	lr, r5, #8
10000e44:	e003      	b.n	10000e4e <alarm_pool_irq_handler+0x22e>
10000e46:	468e      	mov	lr, r1
10000e48:	1c5a      	adds	r2, r3, #1
10000e4a:	f43f af15 	beq.w	10000c78 <alarm_pool_irq_handler+0x58>
10000e4e:	eb03 0243 	add.w	r2, r3, r3, lsl #1
10000e52:	eb00 01c2 	add.w	r1, r0, r2, lsl #3
10000e56:	884f      	ldrh	r7, [r1, #2]
10000e58:	469c      	mov	ip, r3
10000e5a:	043f      	lsls	r7, r7, #16
10000e5c:	f930 3032 	ldrsh.w	r3, [r0, r2, lsl #3]
10000e60:	d5f1      	bpl.n	10000e46 <alarm_pool_irq_handler+0x226>
10000e62:	4566      	cmp	r6, ip
10000e64:	ed81 8b02 	vstr	d8, [r1, #8]
10000e68:	d0ee      	beq.n	10000e48 <alarm_pool_irq_handler+0x228>
10000e6a:	f8ae 3000 	strh.w	r3, [lr]
10000e6e:	8929      	ldrh	r1, [r5, #8]
10000e70:	4666      	mov	r6, ip
10000e72:	f820 1032 	strh.w	r1, [r0, r2, lsl #3]
10000e76:	f8a5 c008 	strh.w	ip, [r5, #8]
10000e7a:	e7e5      	b.n	10000e48 <alarm_pool_irq_handler+0x228>
10000e7c:	f839 303a 	ldrh.w	r3, [r9, sl, lsl #3]
10000e80:	812b      	strh	r3, [r5, #8]
10000e82:	692b      	ldr	r3, [r5, #16]
10000e84:	f3ef 8210 	mrs	r2, PRIMASK
10000e88:	b672      	cpsid	i
10000e8a:	e8d3 0fcf 	ldaexb	r0, [r3]
10000e8e:	2101      	movs	r1, #1
10000e90:	2800      	cmp	r0, #0
10000e92:	d1fa      	bne.n	10000e8a <alarm_pool_irq_handler+0x26a>
10000e94:	e8c3 1f40 	strexb	r0, r1, [r3]
10000e98:	2800      	cmp	r0, #0
10000e9a:	d1f6      	bne.n	10000e8a <alarm_pool_irq_handler+0x26a>
10000e9c:	f3bf 8f5f 	dmb	sy
10000ea0:	886b      	ldrh	r3, [r5, #2]
10000ea2:	6929      	ldr	r1, [r5, #16]
10000ea4:	f829 303a 	strh.w	r3, [r9, sl, lsl #3]
10000ea8:	2300      	movs	r3, #0
10000eaa:	806e      	strh	r6, [r5, #2]
10000eac:	e8c1 3f8f 	stlb	r3, [r1]
10000eb0:	f382 8810 	msr	PRIMASK, r2
10000eb4:	e6d6      	b.n	10000c64 <alarm_pool_irq_handler+0x44>
10000eb6:	bf40      	sev
10000eb8:	b005      	add	sp, #20
10000eba:	ecbd 8b02 	vpop	{d8}
10000ebe:	e8bd 8ff0 	ldmia.w	sp!, {r4, r5, r6, r7, r8, r9, sl, fp, pc}
10000ec2:	4620      	mov	r0, r4
10000ec4:	9303      	str	r3, [sp, #12]
10000ec6:	9201      	str	r2, [sp, #4]
10000ec8:	f000 fae6 	bl	10001498 <timer_time_us_64>
10000ecc:	9a01      	ldr	r2, [sp, #4]
10000ece:	9b03      	ldr	r3, [sp, #12]
10000ed0:	eb10 0e02 	adds.w	lr, r0, r2
10000ed4:	eb43 0801 	adc.w	r8, r3, r1
10000ed8:	e72b      	b.n	10000d32 <alarm_pool_irq_handler+0x112>
10000eda:	bf00      	nop
10000edc:	f3af 8000 	nop.w
10000ee0:	ffffffff 	.word	0xffffffff
10000ee4:	ffffffff 	.word	0xffffffff
10000ee8:	400b8000 	.word	0x400b8000
10000eec:	2002bbec 	.word	0x2002bbec
10000ef0:	400b0000 	.word	0x400b0000
10000ef4:	10000c21 	.word	0x10000c21
10000ef8:	4608      	mov	r0, r1
10000efa:	690b      	ldr	r3, [r1, #16]
10000efc:	9103      	str	r1, [sp, #12]
10000efe:	4798      	blx	r3
10000f00:	2800      	cmp	r0, #0
10000f02:	d0bb      	beq.n	10000e7c <alarm_pool_irq_handler+0x25c>
10000f04:	9903      	ldr	r1, [sp, #12]
10000f06:	e9d1 2300 	ldrd	r2, r3, [r1]
10000f0a:	e706      	b.n	10000d1a <alarm_pool_irq_handler+0xfa>

10000f0c <runtime_init_default_alarm_pool>:
10000f0c:	b538      	push	{r3, r4, r5, lr}
10000f0e:	4b38      	ldr	r3, [pc, #224]	@ (10000ff0 <runtime_init_default_alarm_pool+0xe4>)
10000f10:	691c      	ldr	r4, [r3, #16]
10000f12:	b12c      	cbz	r4, 10000f20 <runtime_init_default_alarm_pool+0x14>
10000f14:	e8bd 4038 	ldmia.w	sp!, {r3, r4, r5, lr}
10000f18:	210a      	movs	r1, #10
10000f1a:	4836      	ldr	r0, [pc, #216]	@ (10000ff4 <runtime_init_default_alarm_pool+0xe8>)
10000f1c:	f7ff be08 	b.w	10000b30 <lock_init>
10000f20:	2103      	movs	r1, #3
10000f22:	4835      	ldr	r0, [pc, #212]	@ (10000ff8 <runtime_init_default_alarm_pool+0xec>)
10000f24:	f000 faa6 	bl	10001474 <timer_hardware_alarm_claim>
10000f28:	4d33      	ldr	r5, [pc, #204]	@ (10000ff8 <runtime_init_default_alarm_pool+0xec>)
10000f2a:	4b31      	ldr	r3, [pc, #196]	@ (10000ff0 <runtime_init_default_alarm_pool+0xe4>)
10000f2c:	60dd      	str	r5, [r3, #12]
10000f2e:	f7ff faef 	bl	10000510 <next_striped_spin_lock_num>
10000f32:	4a32      	ldr	r2, [pc, #200]	@ (10000ffc <runtime_init_default_alarm_pool+0xf0>)
10000f34:	f04f 4e50 	mov.w	lr, #3489660928	@ 0xd0000000
10000f38:	4402      	add	r2, r0
10000f3a:	2003      	movs	r0, #3
10000f3c:	4b2c      	ldr	r3, [pc, #176]	@ (10000ff0 <runtime_init_default_alarm_pool+0xe4>)
10000f3e:	f04f 0c0f 	mov.w	ip, #15
10000f42:	7018      	strb	r0, [r3, #0]
10000f44:	611a      	str	r2, [r3, #16]
10000f46:	f8de 2000 	ldr.w	r2, [lr]
10000f4a:	f64f 71ff 	movw	r1, #65535	@ 0xffff
10000f4e:	705a      	strb	r2, [r3, #1]
10000f50:	695a      	ldr	r2, [r3, #20]
10000f52:	f8a3 c002 	strh.w	ip, [r3, #2]
10000f56:	8314      	strh	r4, [r2, #24]
10000f58:	f04f 0402 	mov.w	r4, #2
10000f5c:	f8a2 4048 	strh.w	r4, [r2, #72]	@ 0x48
10000f60:	f04f 0404 	mov.w	r4, #4
10000f64:	f8a2 4078 	strh.w	r4, [r2, #120]	@ 0x78
10000f68:	f04f 0405 	mov.w	r4, #5
10000f6c:	f8a2 4090 	strh.w	r4, [r2, #144]	@ 0x90
10000f70:	f04f 0406 	mov.w	r4, #6
10000f74:	f8a2 40a8 	strh.w	r4, [r2, #168]	@ 0xa8
10000f78:	f04f 0407 	mov.w	r4, #7
10000f7c:	f8a2 40c0 	strh.w	r4, [r2, #192]	@ 0xc0
10000f80:	f04f 0409 	mov.w	r4, #9
10000f84:	f8a2 40f0 	strh.w	r4, [r2, #240]	@ 0xf0
10000f88:	f04f 040a 	mov.w	r4, #10
10000f8c:	f8a2 4108 	strh.w	r4, [r2, #264]	@ 0x108
10000f90:	f04f 040b 	mov.w	r4, #11
10000f94:	f8a2 4120 	strh.w	r4, [r2, #288]	@ 0x120
10000f98:	f04f 040c 	mov.w	r4, #12
10000f9c:	f8a2 4138 	strh.w	r4, [r2, #312]	@ 0x138
10000fa0:	f04f 0401 	mov.w	r4, #1
10000fa4:	8614      	strh	r4, [r2, #48]	@ 0x30
10000fa6:	f04f 0408 	mov.w	r4, #8
10000faa:	f8a2 40d8 	strh.w	r4, [r2, #216]	@ 0xd8
10000fae:	4c14      	ldr	r4, [pc, #80]	@ (10001000 <runtime_init_default_alarm_pool+0xf4>)
10000fb0:	f04f 0e0d 	mov.w	lr, #13
10000fb4:	f04f 0c0e 	mov.w	ip, #14
10000fb8:	609c      	str	r4, [r3, #8]
10000fba:	2408      	movs	r4, #8
10000fbc:	8099      	strh	r1, [r3, #4]
10000fbe:	f8a2 e150 	strh.w	lr, [r2, #336]	@ 0x150
10000fc2:	f8a2 c168 	strh.w	ip, [r2, #360]	@ 0x168
10000fc6:	f8a2 0060 	strh.w	r0, [r2, #96]	@ 0x60
10000fca:	8011      	strh	r1, [r2, #0]
10000fcc:	4a0d      	ldr	r2, [pc, #52]	@ (10001004 <runtime_init_default_alarm_pool+0xf8>)
10000fce:	622c      	str	r4, [r5, #32]
10000fd0:	490d      	ldr	r1, [pc, #52]	@ (10001008 <runtime_init_default_alarm_pool+0xfc>)
10000fd2:	60d3      	str	r3, [r2, #12]
10000fd4:	f7ff fb30 	bl	10000638 <irq_set_exclusive_handler>
10000fd8:	2101      	movs	r1, #1
10000fda:	2003      	movs	r0, #3
10000fdc:	f7ff faea 	bl	100005b4 <irq_set_enabled>
10000fe0:	4b0a      	ldr	r3, [pc, #40]	@ (1000100c <runtime_init_default_alarm_pool+0x100>)
10000fe2:	210a      	movs	r1, #10
10000fe4:	641c      	str	r4, [r3, #64]	@ 0x40
10000fe6:	4803      	ldr	r0, [pc, #12]	@ (10000ff4 <runtime_init_default_alarm_pool+0xe8>)
10000fe8:	e8bd 4038 	ldmia.w	sp!, {r3, r4, r5, lr}
10000fec:	f7ff bda0 	b.w	10000b30 <lock_init>
10000ff0:	20002578 	.word	0x20002578
10000ff4:	2002c114 	.word	0x2002c114
10000ff8:	400b0000 	.word	0x400b0000
10000ffc:	2002913c 	.word	0x2002913c
10001000:	0010ffff 	.word	0x0010ffff
10001004:	2002bbec 	.word	0x2002bbec
10001008:	10000c21 	.word	0x10000c21
1000100c:	400b2000 	.word	0x400b2000

10001010 <alarm_pool_get_default>:
10001010:	4800      	ldr	r0, [pc, #0]	@ (10001014 <alarm_pool_get_default+0x4>)
10001012:	4770      	bx	lr
10001014:	20002578 	.word	0x20002578

10001018 <alarm_pool_add_alarm_at>:
10001018:	b5f0      	push	{r4, r5, r6, r7, lr}
1000101a:	b083      	sub	sp, #12
1000101c:	f89d 4028 	ldrb.w	r4, [sp, #40]	@ 0x28
10001020:	461d      	mov	r5, r3
10001022:	4603      	mov	r3, r0
10001024:	b954      	cbnz	r4, 1000103c <alarm_pool_add_alarm_at+0x24>
10001026:	e9cd 0200 	strd	r0, r2, [sp]
1000102a:	f000 fa3d 	bl	100014a8 <time_us_64>
1000102e:	9a01      	ldr	r2, [sp, #4]
10001030:	9b00      	ldr	r3, [sp, #0]
10001032:	4282      	cmp	r2, r0
10001034:	eb65 0101 	sbc.w	r1, r5, r1
10001038:	42a1      	cmp	r1, r4
1000103a:	db5b      	blt.n	100010f4 <alarm_pool_add_alarm_at+0xdc>
1000103c:	6919      	ldr	r1, [r3, #16]
1000103e:	f3ef 8010 	mrs	r0, PRIMASK
10001042:	b672      	cpsid	i
10001044:	e8d1 6fcf 	ldaexb	r6, [r1]
10001048:	2401      	movs	r4, #1
1000104a:	2e00      	cmp	r6, #0
1000104c:	d1fa      	bne.n	10001044 <alarm_pool_add_alarm_at+0x2c>
1000104e:	e8c1 4f46 	strexb	r6, r4, [r1]
10001052:	2e00      	cmp	r6, #0
10001054:	d1f6      	bne.n	10001044 <alarm_pool_add_alarm_at+0x2c>
10001056:	f3bf 8f5f 	dmb	sy
1000105a:	f9b3 4002 	ldrsh.w	r4, [r3, #2]
1000105e:	691f      	ldr	r7, [r3, #16]
10001060:	2c00      	cmp	r4, #0
10001062:	db3e      	blt.n	100010e2 <alarm_pool_add_alarm_at+0xca>
10001064:	f8d3 c014 	ldr.w	ip, [r3, #20]
10001068:	eb04 0e44 	add.w	lr, r4, r4, lsl #1
1000106c:	f83c 103e 	ldrh.w	r1, [ip, lr, lsl #3]
10001070:	2600      	movs	r6, #0
10001072:	8059      	strh	r1, [r3, #2]
10001074:	eb0c 01ce 	add.w	r1, ip, lr, lsl #3
10001078:	e8c7 6f8f 	stlb	r6, [r7]
1000107c:	f380 8810 	msr	PRIMASK, r0
10001080:	8848      	ldrh	r0, [r1, #2]
10001082:	e9c1 2502 	strd	r2, r5, [r1, #8]
10001086:	3001      	adds	r0, #1
10001088:	f3c0 000e 	ubfx	r0, r0, #0, #15
1000108c:	2801      	cmp	r0, #1
1000108e:	bf38      	it	cc
10001090:	2001      	movcc	r0, #1
10001092:	9a08      	ldr	r2, [sp, #32]
10001094:	8048      	strh	r0, [r1, #2]
10001096:	610a      	str	r2, [r1, #16]
10001098:	9a09      	ldr	r2, [sp, #36]	@ 0x24
1000109a:	ea40 4004 	orr.w	r0, r0, r4, lsl #16
1000109e:	614a      	str	r2, [r1, #20]
100010a0:	691a      	ldr	r2, [r3, #16]
100010a2:	f3ef 8110 	mrs	r1, PRIMASK
100010a6:	b672      	cpsid	i
100010a8:	e8d2 7fcf 	ldaexb	r7, [r2]
100010ac:	2501      	movs	r5, #1
100010ae:	2f00      	cmp	r7, #0
100010b0:	d1fa      	bne.n	100010a8 <alarm_pool_add_alarm_at+0x90>
100010b2:	e8c2 5f47 	strexb	r7, r5, [r2]
100010b6:	2f00      	cmp	r7, #0
100010b8:	d1f6      	bne.n	100010a8 <alarm_pool_add_alarm_at+0x90>
100010ba:	f3bf 8f5f 	dmb	sy
100010be:	889a      	ldrh	r2, [r3, #4]
100010c0:	f82c 203e 	strh.w	r2, [ip, lr, lsl #3]
100010c4:	691a      	ldr	r2, [r3, #16]
100010c6:	809c      	strh	r4, [r3, #4]
100010c8:	e8c2 6f8f 	stlb	r6, [r2]
100010cc:	f381 8810 	msr	PRIMASK, r1
100010d0:	2101      	movs	r1, #1
100010d2:	781c      	ldrb	r4, [r3, #0]
100010d4:	68da      	ldr	r2, [r3, #12]
100010d6:	40a1      	lsls	r1, r4
100010d8:	f502 5301 	add.w	r3, r2, #8256	@ 0x2040
100010dc:	6059      	str	r1, [r3, #4]
100010de:	b003      	add	sp, #12
100010e0:	bdf0      	pop	{r4, r5, r6, r7, pc}
100010e2:	2300      	movs	r3, #0
100010e4:	e8c7 3f8f 	stlb	r3, [r7]
100010e8:	f380 8810 	msr	PRIMASK, r0
100010ec:	f04f 30ff 	mov.w	r0, #4294967295
100010f0:	b003      	add	sp, #12
100010f2:	bdf0      	pop	{r4, r5, r6, r7, pc}
100010f4:	4620      	mov	r0, r4
100010f6:	b003      	add	sp, #12
100010f8:	bdf0      	pop	{r4, r5, r6, r7, pc}
100010fa:	bf00      	nop

100010fc <alarm_pool_add_alarm_at_force_in_context>:
100010fc:	b5f0      	push	{r4, r5, r6, r7, lr}
100010fe:	4616      	mov	r6, r2
10001100:	461f      	mov	r7, r3
10001102:	6902      	ldr	r2, [r0, #16]
10001104:	4603      	mov	r3, r0
10001106:	f3ef 8010 	mrs	r0, PRIMASK
1000110a:	b672      	cpsid	i
1000110c:	e8d2 4fcf 	ldaexb	r4, [r2]
10001110:	2101      	movs	r1, #1
10001112:	2c00      	cmp	r4, #0
10001114:	d1fa      	bne.n	1000110c <alarm_pool_add_alarm_at_force_in_context+0x10>
10001116:	e8c2 1f44 	strexb	r4, r1, [r2]
1000111a:	2c00      	cmp	r4, #0
1000111c:	d1f6      	bne.n	1000110c <alarm_pool_add_alarm_at_force_in_context+0x10>
1000111e:	f3bf 8f5f 	dmb	sy
10001122:	f9b3 1002 	ldrsh.w	r1, [r3, #2]
10001126:	691d      	ldr	r5, [r3, #16]
10001128:	2900      	cmp	r1, #0
1000112a:	db45      	blt.n	100011b8 <alarm_pool_add_alarm_at_force_in_context+0xbc>
1000112c:	f8d3 e014 	ldr.w	lr, [r3, #20]
10001130:	eb01 0241 	add.w	r2, r1, r1, lsl #1
10001134:	f83e 4032 	ldrh.w	r4, [lr, r2, lsl #3]
10001138:	eb0e 0cc2 	add.w	ip, lr, r2, lsl #3
1000113c:	805c      	strh	r4, [r3, #2]
1000113e:	2400      	movs	r4, #0
10001140:	e8c5 4f8f 	stlb	r4, [r5]
10001144:	f380 8810 	msr	PRIMASK, r0
10001148:	9805      	ldr	r0, [sp, #20]
1000114a:	4635      	mov	r5, r6
1000114c:	f8cc 0010 	str.w	r0, [ip, #16]
10001150:	9806      	ldr	r0, [sp, #24]
10001152:	463e      	mov	r6, r7
10001154:	f8cc 0014 	str.w	r0, [ip, #20]
10001158:	f8bc 0002 	ldrh.w	r0, [ip, #2]
1000115c:	e9cc 5602 	strd	r5, r6, [ip, #8]
10001160:	3001      	adds	r0, #1
10001162:	f3c0 000e 	ubfx	r0, r0, #0, #15
10001166:	2801      	cmp	r0, #1
10001168:	bf38      	it	cc
1000116a:	2001      	movcc	r0, #1
1000116c:	f8ac 0002 	strh.w	r0, [ip, #2]
10001170:	ea40 4001 	orr.w	r0, r0, r1, lsl #16
10001174:	f8d3 c010 	ldr.w	ip, [r3, #16]
10001178:	f3ef 8510 	mrs	r5, PRIMASK
1000117c:	b672      	cpsid	i
1000117e:	e8dc 7fcf 	ldaexb	r7, [ip]
10001182:	2601      	movs	r6, #1
10001184:	2f00      	cmp	r7, #0
10001186:	d1fa      	bne.n	1000117e <alarm_pool_add_alarm_at_force_in_context+0x82>
10001188:	e8cc 6f47 	strexb	r7, r6, [ip]
1000118c:	2f00      	cmp	r7, #0
1000118e:	d1f6      	bne.n	1000117e <alarm_pool_add_alarm_at_force_in_context+0x82>
10001190:	f3bf 8f5f 	dmb	sy
10001194:	f8b3 c004 	ldrh.w	ip, [r3, #4]
10001198:	f82e c032 	strh.w	ip, [lr, r2, lsl #3]
1000119c:	8099      	strh	r1, [r3, #4]
1000119e:	691a      	ldr	r2, [r3, #16]
100011a0:	e8c2 4f8f 	stlb	r4, [r2]
100011a4:	f385 8810 	msr	PRIMASK, r5
100011a8:	2101      	movs	r1, #1
100011aa:	781c      	ldrb	r4, [r3, #0]
100011ac:	68da      	ldr	r2, [r3, #12]
100011ae:	40a1      	lsls	r1, r4
100011b0:	f502 5301 	add.w	r3, r2, #8256	@ 0x2040
100011b4:	6059      	str	r1, [r3, #4]
100011b6:	bdf0      	pop	{r4, r5, r6, r7, pc}
100011b8:	2300      	movs	r3, #0
100011ba:	e8c5 3f8f 	stlb	r3, [r5]
100011be:	f380 8810 	msr	PRIMASK, r0
100011c2:	f04f 30ff 	mov.w	r0, #4294967295
100011c6:	bdf0      	pop	{r4, r5, r6, r7, pc}

100011c8 <alarm_pool_cancel_alarm>:
100011c8:	4603      	mov	r3, r0
100011ca:	8940      	ldrh	r0, [r0, #10]
100011cc:	ebb0 4f21 	cmp.w	r0, r1, asr #16
100011d0:	dd3a      	ble.n	10001248 <alarm_pool_cancel_alarm+0x80>
100011d2:	6958      	ldr	r0, [r3, #20]
100011d4:	140a      	asrs	r2, r1, #16
100011d6:	eb02 0242 	add.w	r2, r2, r2, lsl #1
100011da:	b510      	push	{r4, lr}
100011dc:	f8d3 c010 	ldr.w	ip, [r3, #16]
100011e0:	eb00 00c2 	add.w	r0, r0, r2, lsl #3
100011e4:	f3ef 8e10 	mrs	lr, PRIMASK
100011e8:	b672      	cpsid	i
100011ea:	e8dc 4fcf 	ldaexb	r4, [ip]
100011ee:	2201      	movs	r2, #1
100011f0:	2c00      	cmp	r4, #0
100011f2:	d1fa      	bne.n	100011ea <alarm_pool_cancel_alarm+0x22>
100011f4:	e8cc 2f44 	strexb	r4, r2, [ip]
100011f8:	2c00      	cmp	r4, #0
100011fa:	d1f6      	bne.n	100011ea <alarm_pool_cancel_alarm+0x22>
100011fc:	f3bf 8f5f 	dmb	sy
10001200:	8842      	ldrh	r2, [r0, #2]
10001202:	b289      	uxth	r1, r1
10001204:	b292      	uxth	r2, r2
10001206:	428a      	cmp	r2, r1
10001208:	d007      	beq.n	1000121a <alarm_pool_cancel_alarm+0x52>
1000120a:	2200      	movs	r2, #0
1000120c:	691b      	ldr	r3, [r3, #16]
1000120e:	e8c3 2f8f 	stlb	r2, [r3]
10001212:	f38e 8810 	msr	PRIMASK, lr
10001216:	2000      	movs	r0, #0
10001218:	bd10      	pop	{r4, pc}
1000121a:	ea6f 4242 	mvn.w	r2, r2, lsl #17
1000121e:	ea6f 4252 	mvn.w	r2, r2, lsr #17
10001222:	8042      	strh	r2, [r0, #2]
10001224:	2101      	movs	r1, #1
10001226:	2200      	movs	r2, #0
10001228:	6918      	ldr	r0, [r3, #16]
1000122a:	7199      	strb	r1, [r3, #6]
1000122c:	e8c0 2f8f 	stlb	r2, [r0]
10001230:	f38e 8810 	msr	PRIMASK, lr
10001234:	f893 c000 	ldrb.w	ip, [r3]
10001238:	68da      	ldr	r2, [r3, #12]
1000123a:	4608      	mov	r0, r1
1000123c:	f502 5301 	add.w	r3, r2, #8256	@ 0x2040
10001240:	fa01 f10c 	lsl.w	r1, r1, ip
10001244:	6059      	str	r1, [r3, #4]
10001246:	bd10      	pop	{r4, pc}
10001248:	2000      	movs	r0, #0
1000124a:	4770      	bx	lr

1000124c <alarm_pool_core_num>:
1000124c:	7840      	ldrb	r0, [r0, #1]
1000124e:	4770      	bx	lr

10001250 <sleep_ms>:
10001250:	e92d 43f0 	stmdb	sp!, {r4, r5, r6, r7, r8, r9, lr}
10001254:	b083      	sub	sp, #12
10001256:	4606      	mov	r6, r0
10001258:	f000 f926 	bl	100014a8 <time_us_64>
1000125c:	f44f 737a 	mov.w	r3, #1000	@ 0x3e8
10001260:	4604      	mov	r4, r0
10001262:	f04f 30ff 	mov.w	r0, #4294967295
10001266:	f06f 4200 	mvn.w	r2, #2147483648	@ 0x80000000
1000126a:	fbe6 4103 	umlal	r4, r1, r6, r3
1000126e:	42a0      	cmp	r0, r4
10001270:	eb72 0301 	sbcs.w	r3, r2, r1
10001274:	bf3a      	itte	cc
10001276:	4604      	movcc	r4, r0
10001278:	4615      	movcc	r5, r2
1000127a:	460d      	movcs	r5, r1
1000127c:	1fa6      	subs	r6, r4, #6
1000127e:	f145 37ff 	adc.w	r7, r5, #4294967295
10001282:	42b4      	cmp	r4, r6
10001284:	eb75 0307 	sbcs.w	r3, r5, r7
10001288:	bf3c      	itt	cc
1000128a:	2600      	movcc	r6, #0
1000128c:	4637      	movcc	r7, r6
1000128e:	f000 f90b 	bl	100014a8 <time_us_64>
10001292:	1a30      	subs	r0, r6, r0
10001294:	eb67 0101 	sbc.w	r1, r7, r1
10001298:	2801      	cmp	r0, #1
1000129a:	f171 0100 	sbcs.w	r1, r1, #0
1000129e:	da06      	bge.n	100012ae <sleep_ms+0x5e>
100012a0:	4620      	mov	r0, r4
100012a2:	4629      	mov	r1, r5
100012a4:	b003      	add	sp, #12
100012a6:	e8bd 43f0 	ldmia.w	sp!, {r4, r5, r6, r7, r8, r9, lr}
100012aa:	f000 b937 	b.w	1000151c <busy_wait_until>
100012ae:	f000 f8fb 	bl	100014a8 <time_us_64>
100012b2:	4286      	cmp	r6, r0
100012b4:	eb67 0101 	sbc.w	r1, r7, r1
100012b8:	2900      	cmp	r1, #0
100012ba:	db0a      	blt.n	100012d2 <sleep_ms+0x82>
100012bc:	2100      	movs	r1, #0
100012be:	4b1d      	ldr	r3, [pc, #116]	@ (10001334 <sleep_ms+0xe4>)
100012c0:	4632      	mov	r2, r6
100012c2:	9300      	str	r3, [sp, #0]
100012c4:	481c      	ldr	r0, [pc, #112]	@ (10001338 <sleep_ms+0xe8>)
100012c6:	463b      	mov	r3, r7
100012c8:	9101      	str	r1, [sp, #4]
100012ca:	f7ff ff17 	bl	100010fc <alarm_pool_add_alarm_at_force_in_context>
100012ce:	3001      	adds	r0, #1
100012d0:	d0e6      	beq.n	100012a0 <sleep_ms+0x50>
100012d2:	f04f 0e00 	mov.w	lr, #0
100012d6:	4a19      	ldr	r2, [pc, #100]	@ (1000133c <sleep_ms+0xec>)
100012d8:	f8df c068 	ldr.w	ip, [pc, #104]	@ 10001344 <sleep_ms+0xf4>
100012dc:	4918      	ldr	r1, [pc, #96]	@ (10001340 <sleep_ms+0xf0>)
100012de:	6a53      	ldr	r3, [r2, #36]	@ 0x24
100012e0:	429f      	cmp	r7, r3
100012e2:	d804      	bhi.n	100012ee <sleep_ms+0x9e>
100012e4:	6a90      	ldr	r0, [r2, #40]	@ 0x28
100012e6:	42b0      	cmp	r0, r6
100012e8:	d2da      	bcs.n	100012a0 <sleep_ms+0x50>
100012ea:	429f      	cmp	r7, r3
100012ec:	d1d8      	bne.n	100012a0 <sleep_ms+0x50>
100012ee:	f8dc 3000 	ldr.w	r3, [ip]
100012f2:	f3ef 8010 	mrs	r0, PRIMASK
100012f6:	b672      	cpsid	i
100012f8:	e8d3 9fcf 	ldaexb	r9, [r3]
100012fc:	f05f 0801 	movs.w	r8, #1
10001300:	f1b9 0f00 	cmp.w	r9, #0
10001304:	d1f8      	bne.n	100012f8 <sleep_ms+0xa8>
10001306:	e8c3 8f49 	strexb	r9, r8, [r3]
1000130a:	f1b9 0f00 	cmp.w	r9, #0
1000130e:	d1f3      	bne.n	100012f8 <sleep_ms+0xa8>
10001310:	f3bf 8f5f 	dmb	sy
10001314:	780b      	ldrb	r3, [r1, #0]
10001316:	fa5f f883 	uxtb.w	r8, r3
1000131a:	f8dc 3000 	ldr.w	r3, [ip]
1000131e:	e8c3 ef8f 	stlb	lr, [r3]
10001322:	f380 8810 	msr	PRIMASK, r0
10001326:	7808      	ldrb	r0, [r1, #0]
10001328:	4580      	cmp	r8, r0
1000132a:	d100      	bne.n	1000132e <sleep_ms+0xde>
1000132c:	bf20      	wfe
1000132e:	bf20      	wfe
10001330:	e7d5      	b.n	100012de <sleep_ms+0x8e>
10001332:	bf00      	nop
10001334:	10000bd1 	.word	0x10000bd1
10001338:	20002578 	.word	0x20002578
1000133c:	400b0000 	.word	0x400b0000
10001340:	2002ee41 	.word	0x2002ee41
10001344:	2002c114 	.word	0x2002c114

10001348 <best_effort_wfe_or_timeout>:
10001348:	b5f0      	push	{r4, r5, r6, r7, lr}
1000134a:	4602      	mov	r2, r0
1000134c:	b085      	sub	sp, #20
1000134e:	f3ef 8505 	mrs	r5, IPSR
10001352:	b2ed      	uxtb	r5, r5
10001354:	2d00      	cmp	r5, #0
10001356:	d161      	bne.n	1000141c <best_effort_wfe_or_timeout+0xd4>
10001358:	460b      	mov	r3, r1
1000135a:	4c42      	ldr	r4, [pc, #264]	@ (10001464 <best_effort_wfe_or_timeout+0x11c>)
1000135c:	e9d4 0100 	ldrd	r0, r1, [r4]
10001360:	4299      	cmp	r1, r3
10001362:	bf08      	it	eq
10001364:	4290      	cmpeq	r0, r2
10001366:	d04a      	beq.n	100013fe <best_effort_wfe_or_timeout+0xb6>
10001368:	e9cd 2302 	strd	r2, r3, [sp, #8]
1000136c:	4b3e      	ldr	r3, [pc, #248]	@ (10001468 <best_effort_wfe_or_timeout+0x120>)
1000136e:	68df      	ldr	r7, [r3, #12]
10001370:	781e      	ldrb	r6, [r3, #0]
10001372:	4638      	mov	r0, r7
10001374:	f000 f890 	bl	10001498 <timer_time_us_64>
10001378:	f106 0c04 	add.w	ip, r6, #4
1000137c:	f857 c02c 	ldr.w	ip, [r7, ip, lsl #2]
10001380:	9a02      	ldr	r2, [sp, #8]
10001382:	9b03      	ldr	r3, [sp, #12]
10001384:	ebac 0c00 	sub.w	ip, ip, r0
10001388:	1a10      	subs	r0, r2, r0
1000138a:	eb63 0101 	sbc.w	r1, r3, r1
1000138e:	4560      	cmp	r0, ip
10001390:	f171 0100 	sbcs.w	r1, r1, #0
10001394:	da33      	bge.n	100013fe <best_effort_wfe_or_timeout+0xb6>
10001396:	e9cd 2302 	strd	r2, r3, [sp, #8]
1000139a:	f000 f885 	bl	100014a8 <time_us_64>
1000139e:	9a02      	ldr	r2, [sp, #8]
100013a0:	9b03      	ldr	r3, [sp, #12]
100013a2:	4282      	cmp	r2, r0
100013a4:	eb63 0101 	sbc.w	r1, r3, r1
100013a8:	2900      	cmp	r1, #0
100013aa:	db49      	blt.n	10001440 <best_effort_wfe_or_timeout+0xf8>
100013ac:	492f      	ldr	r1, [pc, #188]	@ (1000146c <best_effort_wfe_or_timeout+0x124>)
100013ae:	482e      	ldr	r0, [pc, #184]	@ (10001468 <best_effort_wfe_or_timeout+0x120>)
100013b0:	9100      	str	r1, [sp, #0]
100013b2:	9501      	str	r5, [sp, #4]
100013b4:	e9cd 3202 	strd	r3, r2, [sp, #8]
100013b8:	f7ff fea0 	bl	100010fc <alarm_pool_add_alarm_at_force_in_context>
100013bc:	e9dd 3202 	ldrd	r3, r2, [sp, #8]
100013c0:	1e01      	subs	r1, r0, #0
100013c2:	dd3d      	ble.n	10001440 <best_effort_wfe_or_timeout+0xf8>
100013c4:	482a      	ldr	r0, [pc, #168]	@ (10001470 <best_effort_wfe_or_timeout+0x128>)
100013c6:	e9c4 2300 	strd	r2, r3, [r4]
100013ca:	6a44      	ldr	r4, [r0, #36]	@ 0x24
100013cc:	429c      	cmp	r4, r3
100013ce:	d346      	bcc.n	1000145e <best_effort_wfe_or_timeout+0x116>
100013d0:	6a80      	ldr	r0, [r0, #40]	@ 0x28
100013d2:	4290      	cmp	r0, r2
100013d4:	d341      	bcc.n	1000145a <best_effort_wfe_or_timeout+0x112>
100013d6:	4824      	ldr	r0, [pc, #144]	@ (10001468 <best_effort_wfe_or_timeout+0x120>)
100013d8:	e9cd 3202 	strd	r3, r2, [sp, #8]
100013dc:	f7ff fef4 	bl	100011c8 <alarm_pool_cancel_alarm>
100013e0:	4923      	ldr	r1, [pc, #140]	@ (10001470 <best_effort_wfe_or_timeout+0x128>)
100013e2:	9b02      	ldr	r3, [sp, #8]
100013e4:	6a48      	ldr	r0, [r1, #36]	@ 0x24
100013e6:	4298      	cmp	r0, r3
100013e8:	d31c      	bcc.n	10001424 <best_effort_wfe_or_timeout+0xdc>
100013ea:	bf14      	ite	ne
100013ec:	2001      	movne	r0, #1
100013ee:	2000      	moveq	r0, #0
100013f0:	6a8b      	ldr	r3, [r1, #40]	@ 0x28
100013f2:	9a03      	ldr	r2, [sp, #12]
100013f4:	4293      	cmp	r3, r2
100013f6:	bf28      	it	cs
100013f8:	f040 0001 	orrcs.w	r0, r0, #1
100013fc:	e00c      	b.n	10001418 <best_effort_wfe_or_timeout+0xd0>
100013fe:	bf20      	wfe
10001400:	491b      	ldr	r1, [pc, #108]	@ (10001470 <best_effort_wfe_or_timeout+0x128>)
10001402:	6a48      	ldr	r0, [r1, #36]	@ 0x24
10001404:	4298      	cmp	r0, r3
10001406:	d30d      	bcc.n	10001424 <best_effort_wfe_or_timeout+0xdc>
10001408:	bf14      	ite	ne
1000140a:	2001      	movne	r0, #1
1000140c:	2000      	moveq	r0, #0
1000140e:	6a8b      	ldr	r3, [r1, #40]	@ 0x28
10001410:	4293      	cmp	r3, r2
10001412:	bf28      	it	cs
10001414:	f040 0001 	orrcs.w	r0, r0, #1
10001418:	b005      	add	sp, #20
1000141a:	bdf0      	pop	{r4, r5, r6, r7, pc}
1000141c:	4814      	ldr	r0, [pc, #80]	@ (10001470 <best_effort_wfe_or_timeout+0x128>)
1000141e:	6a43      	ldr	r3, [r0, #36]	@ 0x24
10001420:	428b      	cmp	r3, r1
10001422:	d202      	bcs.n	1000142a <best_effort_wfe_or_timeout+0xe2>
10001424:	2000      	movs	r0, #0
10001426:	b005      	add	sp, #20
10001428:	bdf0      	pop	{r4, r5, r6, r7, pc}
1000142a:	bf14      	ite	ne
1000142c:	2301      	movne	r3, #1
1000142e:	2300      	moveq	r3, #0
10001430:	6a81      	ldr	r1, [r0, #40]	@ 0x28
10001432:	4291      	cmp	r1, r2
10001434:	bf34      	ite	cc
10001436:	4618      	movcc	r0, r3
10001438:	f043 0001 	orrcs.w	r0, r3, #1
1000143c:	b005      	add	sp, #20
1000143e:	bdf0      	pop	{r4, r5, r6, r7, pc}
10001440:	490b      	ldr	r1, [pc, #44]	@ (10001470 <best_effort_wfe_or_timeout+0x128>)
10001442:	6a48      	ldr	r0, [r1, #36]	@ 0x24
10001444:	4298      	cmp	r0, r3
10001446:	d3ed      	bcc.n	10001424 <best_effort_wfe_or_timeout+0xdc>
10001448:	1ac0      	subs	r0, r0, r3
1000144a:	bf18      	it	ne
1000144c:	2001      	movne	r0, #1
1000144e:	6a8b      	ldr	r3, [r1, #40]	@ 0x28
10001450:	4293      	cmp	r3, r2
10001452:	bf28      	it	cs
10001454:	f040 0001 	orrcs.w	r0, r0, #1
10001458:	e7de      	b.n	10001418 <best_effort_wfe_or_timeout+0xd0>
1000145a:	429c      	cmp	r4, r3
1000145c:	d1bb      	bne.n	100013d6 <best_effort_wfe_or_timeout+0x8e>
1000145e:	bf20      	wfe
10001460:	e7b9      	b.n	100013d6 <best_effort_wfe_or_timeout+0x8e>
10001462:	bf00      	nop
10001464:	20002570 	.word	0x20002570
10001468:	20002578 	.word	0x20002578
1000146c:	10000bd1 	.word	0x10000bd1
10001470:	400b0000 	.word	0x400b0000

10001474 <timer_hardware_alarm_claim>:
10001474:	b410      	push	{r4}
10001476:	4b05      	ldr	r3, [pc, #20]	@ (1000148c <timer_hardware_alarm_claim+0x18>)
10001478:	4c05      	ldr	r4, [pc, #20]	@ (10001490 <timer_hardware_alarm_claim+0x1c>)
1000147a:	4a06      	ldr	r2, [pc, #24]	@ (10001494 <timer_hardware_alarm_claim+0x20>)
1000147c:	42a0      	cmp	r0, r4
1000147e:	bf14      	ite	ne
10001480:	4618      	movne	r0, r3
10001482:	1c58      	addeq	r0, r3, #1
10001484:	bc10      	pop	{r4}
10001486:	f7fe bfd5 	b.w	10000434 <hw_claim_or_assert>
1000148a:	bf00      	nop
1000148c:	2002b2a4 	.word	0x2002b2a4
10001490:	400b8000 	.word	0x400b8000
10001494:	100087d0 	.word	0x100087d0

10001498 <timer_time_us_64>:
10001498:	4603      	mov	r3, r0
1000149a:	6a41      	ldr	r1, [r0, #36]	@ 0x24
1000149c:	460a      	mov	r2, r1
1000149e:	6a98      	ldr	r0, [r3, #40]	@ 0x28
100014a0:	6a59      	ldr	r1, [r3, #36]	@ 0x24
100014a2:	428a      	cmp	r2, r1
100014a4:	d1fa      	bne.n	1000149c <timer_time_us_64+0x4>
100014a6:	4770      	bx	lr

100014a8 <time_us_64>:
100014a8:	4b03      	ldr	r3, [pc, #12]	@ (100014b8 <time_us_64+0x10>)
100014aa:	6a59      	ldr	r1, [r3, #36]	@ 0x24
100014ac:	460a      	mov	r2, r1
100014ae:	6a98      	ldr	r0, [r3, #40]	@ 0x28
100014b0:	6a59      	ldr	r1, [r3, #36]	@ 0x24
100014b2:	4291      	cmp	r1, r2
100014b4:	d1fa      	bne.n	100014ac <time_us_64+0x4>
100014b6:	4770      	bx	lr
100014b8:	400b0000 	.word	0x400b0000

100014bc <busy_wait_us>:
100014bc:	b500      	push	{lr}
100014be:	468e      	mov	lr, r1
100014c0:	4a15      	ldr	r2, [pc, #84]	@ (10001518 <busy_wait_us+0x5c>)
100014c2:	6a53      	ldr	r3, [r2, #36]	@ 0x24
100014c4:	469c      	mov	ip, r3
100014c6:	6a91      	ldr	r1, [r2, #40]	@ 0x28
100014c8:	6a53      	ldr	r3, [r2, #36]	@ 0x24
100014ca:	4563      	cmp	r3, ip
100014cc:	d1fa      	bne.n	100014c4 <busy_wait_us+0x8>
100014ce:	1840      	adds	r0, r0, r1
100014d0:	eb53 030e 	adcs.w	r3, r3, lr
100014d4:	f04f 0200 	mov.w	r2, #0
100014d8:	bf28      	it	cs
100014da:	2201      	movcs	r2, #1
100014dc:	b1ba      	cbz	r2, 1000150e <busy_wait_us+0x52>
100014de:	4b0e      	ldr	r3, [pc, #56]	@ (10001518 <busy_wait_us+0x5c>)
100014e0:	6a5a      	ldr	r2, [r3, #36]	@ 0x24
100014e2:	1c53      	adds	r3, r2, #1
100014e4:	bf08      	it	eq
100014e6:	4610      	moveq	r0, r2
100014e8:	d008      	beq.n	100014fc <busy_wait_us+0x40>
100014ea:	f04f 33ff 	mov.w	r3, #4294967295
100014ee:	4618      	mov	r0, r3
100014f0:	4909      	ldr	r1, [pc, #36]	@ (10001518 <busy_wait_us+0x5c>)
100014f2:	6a4a      	ldr	r2, [r1, #36]	@ 0x24
100014f4:	429a      	cmp	r2, r3
100014f6:	d3fc      	bcc.n	100014f2 <busy_wait_us+0x36>
100014f8:	429a      	cmp	r2, r3
100014fa:	d107      	bne.n	1000150c <busy_wait_us+0x50>
100014fc:	4b06      	ldr	r3, [pc, #24]	@ (10001518 <busy_wait_us+0x5c>)
100014fe:	e002      	b.n	10001506 <busy_wait_us+0x4a>
10001500:	6a59      	ldr	r1, [r3, #36]	@ 0x24
10001502:	4291      	cmp	r1, r2
10001504:	d102      	bne.n	1000150c <busy_wait_us+0x50>
10001506:	6a99      	ldr	r1, [r3, #40]	@ 0x28
10001508:	4281      	cmp	r1, r0
1000150a:	d3f9      	bcc.n	10001500 <busy_wait_us+0x44>
1000150c:	bd00      	pop	{pc}
1000150e:	4a02      	ldr	r2, [pc, #8]	@ (10001518 <busy_wait_us+0x5c>)
10001510:	6a52      	ldr	r2, [r2, #36]	@ 0x24
10001512:	4293      	cmp	r3, r2
10001514:	d8ec      	bhi.n	100014f0 <busy_wait_us+0x34>
10001516:	e7ef      	b.n	100014f8 <busy_wait_us+0x3c>
10001518:	400b0000 	.word	0x400b0000

1000151c <busy_wait_until>:
1000151c:	4a07      	ldr	r2, [pc, #28]	@ (1000153c <busy_wait_until+0x20>)
1000151e:	6a53      	ldr	r3, [r2, #36]	@ 0x24
10001520:	4299      	cmp	r1, r3
10001522:	d8fc      	bhi.n	1000151e <busy_wait_until+0x2>
10001524:	4299      	cmp	r1, r3
10001526:	d107      	bne.n	10001538 <busy_wait_until+0x1c>
10001528:	4b04      	ldr	r3, [pc, #16]	@ (1000153c <busy_wait_until+0x20>)
1000152a:	e002      	b.n	10001532 <busy_wait_until+0x16>
1000152c:	6a5a      	ldr	r2, [r3, #36]	@ 0x24
1000152e:	4291      	cmp	r1, r2
10001530:	d102      	bne.n	10001538 <busy_wait_until+0x1c>
10001532:	6a9a      	ldr	r2, [r3, #40]	@ 0x28
10001534:	4290      	cmp	r0, r2
10001536:	d8f9      	bhi.n	1000152c <busy_wait_until+0x10>
10001538:	4770      	bx	lr
1000153a:	bf00      	nop
1000153c:	400b0000 	.word	0x400b0000

10001540 <queue_init_with_spinlock>:
10001540:	b530      	push	{r4, r5, lr}
10001542:	460d      	mov	r5, r1
10001544:	b083      	sub	sp, #12
10001546:	4619      	mov	r1, r3
10001548:	4604      	mov	r4, r0
1000154a:	9201      	str	r2, [sp, #4]
1000154c:	f7ff faf0 	bl	10000b30 <lock_init>
10001550:	2300      	movs	r3, #0
10001552:	9a01      	ldr	r2, [sp, #4]
10001554:	4629      	mov	r1, r5
10001556:	81e2      	strh	r2, [r4, #14]
10001558:	81a5      	strh	r5, [r4, #12]
1000155a:	60a3      	str	r3, [r4, #8]
1000155c:	1c50      	adds	r0, r2, #1
1000155e:	f000 fedd 	bl	1000231c <__wrap_calloc>
10001562:	6060      	str	r0, [r4, #4]
10001564:	3800      	subs	r0, #0
10001566:	bf18      	it	ne
10001568:	2001      	movne	r0, #1
1000156a:	b003      	add	sp, #12
1000156c:	bd30      	pop	{r4, r5, pc}
1000156e:	bf00      	nop

10001570 <queue_add_blocking>:
10001570:	b570      	push	{r4, r5, r6, lr}
10001572:	4604      	mov	r4, r0
10001574:	f04f 0e00 	mov.w	lr, #0
10001578:	4d21      	ldr	r5, [pc, #132]	@ (10001600 <queue_add_blocking+0x90>)
1000157a:	e00b      	b.n	10001594 <queue_add_blocking+0x24>
1000157c:	782b      	ldrb	r3, [r5, #0]
1000157e:	6822      	ldr	r2, [r4, #0]
10001580:	b2db      	uxtb	r3, r3
10001582:	e8c2 ef8f 	stlb	lr, [r2]
10001586:	f386 8810 	msr	PRIMASK, r6
1000158a:	782a      	ldrb	r2, [r5, #0]
1000158c:	4293      	cmp	r3, r2
1000158e:	d100      	bne.n	10001592 <queue_add_blocking+0x22>
10001590:	bf20      	wfe
10001592:	bf20      	wfe
10001594:	6823      	ldr	r3, [r4, #0]
10001596:	f3ef 8610 	mrs	r6, PRIMASK
1000159a:	b672      	cpsid	i
1000159c:	e8d3 0fcf 	ldaexb	r0, [r3]
100015a0:	2201      	movs	r2, #1
100015a2:	2800      	cmp	r0, #0
100015a4:	d1fa      	bne.n	1000159c <queue_add_blocking+0x2c>
100015a6:	e8c3 2f40 	strexb	r0, r2, [r3]
100015aa:	2800      	cmp	r0, #0
100015ac:	d1f6      	bne.n	1000159c <queue_add_blocking+0x2c>
100015ae:	f3bf 8f5f 	dmb	sy
100015b2:	f8b4 c00e 	ldrh.w	ip, [r4, #14]
100015b6:	8920      	ldrh	r0, [r4, #8]
100015b8:	8963      	ldrh	r3, [r4, #10]
100015ba:	f10c 0201 	add.w	r2, ip, #1
100015be:	1ac3      	subs	r3, r0, r3
100015c0:	441a      	add	r2, r3
100015c2:	ea33 0323 	bics.w	r3, r3, r3, asr #32
100015c6:	bf28      	it	cs
100015c8:	4613      	movcs	r3, r2
100015ca:	4563      	cmp	r3, ip
100015cc:	d0d6      	beq.n	1000157c <queue_add_blocking+0xc>
100015ce:	89a2      	ldrh	r2, [r4, #12]
100015d0:	6863      	ldr	r3, [r4, #4]
100015d2:	fb02 3000 	mla	r0, r2, r0, r3
100015d6:	f007 f833 	bl	10008640 <__memcpy_veneer>
100015da:	2100      	movs	r1, #0
100015dc:	8923      	ldrh	r3, [r4, #8]
100015de:	89e2      	ldrh	r2, [r4, #14]
100015e0:	3301      	adds	r3, #1
100015e2:	b29b      	uxth	r3, r3
100015e4:	429a      	cmp	r2, r3
100015e6:	bf38      	it	cc
100015e8:	460b      	movcc	r3, r1
100015ea:	782a      	ldrb	r2, [r5, #0]
100015ec:	8123      	strh	r3, [r4, #8]
100015ee:	3201      	adds	r2, #1
100015f0:	702a      	strb	r2, [r5, #0]
100015f2:	6822      	ldr	r2, [r4, #0]
100015f4:	e8c2 1f8f 	stlb	r1, [r2]
100015f8:	f386 8810 	msr	PRIMASK, r6
100015fc:	bf40      	sev
100015fe:	bd70      	pop	{r4, r5, r6, pc}
10001600:	2002ee41 	.word	0x2002ee41

10001604 <queue_remove_blocking>:
10001604:	b570      	push	{r4, r5, r6, lr}
10001606:	4604      	mov	r4, r0
10001608:	4d24      	ldr	r5, [pc, #144]	@ (1000169c <queue_remove_blocking+0x98>)
1000160a:	6823      	ldr	r3, [r4, #0]
1000160c:	f3ef 8610 	mrs	r6, PRIMASK
10001610:	b672      	cpsid	i
10001612:	e8d3 0fcf 	ldaexb	r0, [r3]
10001616:	2201      	movs	r2, #1
10001618:	2800      	cmp	r0, #0
1000161a:	d1fa      	bne.n	10001612 <queue_remove_blocking+0xe>
1000161c:	e8c3 2f40 	strexb	r0, r2, [r3]
10001620:	2800      	cmp	r0, #0
10001622:	d1f6      	bne.n	10001612 <queue_remove_blocking+0xe>
10001624:	f3bf 8f5f 	dmb	sy
10001628:	f8b4 c00a 	ldrh.w	ip, [r4, #10]
1000162c:	8923      	ldrh	r3, [r4, #8]
1000162e:	ebb3 030c 	subs.w	r3, r3, ip
10001632:	d40d      	bmi.n	10001650 <queue_remove_blocking+0x4c>
10001634:	b98b      	cbnz	r3, 1000165a <queue_remove_blocking+0x56>
10001636:	782a      	ldrb	r2, [r5, #0]
10001638:	6820      	ldr	r0, [r4, #0]
1000163a:	b2d2      	uxtb	r2, r2
1000163c:	e8c0 3f8f 	stlb	r3, [r0]
10001640:	f386 8810 	msr	PRIMASK, r6
10001644:	782b      	ldrb	r3, [r5, #0]
10001646:	429a      	cmp	r2, r3
10001648:	d100      	bne.n	1000164c <queue_remove_blocking+0x48>
1000164a:	bf20      	wfe
1000164c:	bf20      	wfe
1000164e:	e7dc      	b.n	1000160a <queue_remove_blocking+0x6>
10001650:	89e2      	ldrh	r2, [r4, #14]
10001652:	3201      	adds	r2, #1
10001654:	4413      	add	r3, r2
10001656:	2b00      	cmp	r3, #0
10001658:	d0ed      	beq.n	10001636 <queue_remove_blocking+0x32>
1000165a:	b141      	cbz	r1, 1000166e <queue_remove_blocking+0x6a>
1000165c:	4608      	mov	r0, r1
1000165e:	89a2      	ldrh	r2, [r4, #12]
10001660:	6861      	ldr	r1, [r4, #4]
10001662:	fb02 110c 	mla	r1, r2, ip, r1
10001666:	f006 ffeb 	bl	10008640 <__memcpy_veneer>
1000166a:	f8b4 c00a 	ldrh.w	ip, [r4, #10]
1000166e:	89e3      	ldrh	r3, [r4, #14]
10001670:	f10c 0c01 	add.w	ip, ip, #1
10001674:	fa1f fc8c 	uxth.w	ip, ip
10001678:	4563      	cmp	r3, ip
1000167a:	bf38      	it	cc
1000167c:	f04f 0c00 	movcc.w	ip, #0
10001680:	782b      	ldrb	r3, [r5, #0]
10001682:	6822      	ldr	r2, [r4, #0]
10001684:	3301      	adds	r3, #1
10001686:	702b      	strb	r3, [r5, #0]
10001688:	f8a4 c00a 	strh.w	ip, [r4, #10]
1000168c:	2300      	movs	r3, #0
1000168e:	e8c2 3f8f 	stlb	r3, [r2]
10001692:	f386 8810 	msr	PRIMASK, r6
10001696:	bf40      	sev
10001698:	bd70      	pop	{r4, r5, r6, pc}
1000169a:	bf00      	nop
1000169c:	2002ee41 	.word	0x2002ee41

100016a0 <uart_init>:
100016a0:	b570      	push	{r4, r5, r6, lr}
100016a2:	4604      	mov	r4, r0
100016a4:	b082      	sub	sp, #8
100016a6:	2006      	movs	r0, #6
100016a8:	460e      	mov	r6, r1
100016aa:	f000 f8ef 	bl	1000188c <clock_get_hz>
100016ae:	2800      	cmp	r0, #0
100016b0:	d044      	beq.n	1000173c <uart_init+0x9c>
100016b2:	4a38      	ldr	r2, [pc, #224]	@ (10001794 <uart_init+0xf4>)
100016b4:	4838      	ldr	r0, [pc, #224]	@ (10001798 <uart_init+0xf8>)
100016b6:	4294      	cmp	r4, r2
100016b8:	bf14      	ite	ne
100016ba:	f04f 6280 	movne.w	r2, #67108864	@ 0x4000000
100016be:	f04f 6200 	moveq.w	r2, #134217728	@ 0x8000000
100016c2:	4b36      	ldr	r3, [pc, #216]	@ (1000179c <uart_init+0xfc>)
100016c4:	4936      	ldr	r1, [pc, #216]	@ (100017a0 <uart_init+0x100>)
100016c6:	6002      	str	r2, [r0, #0]
100016c8:	601a      	str	r2, [r3, #0]
100016ca:	688d      	ldr	r5, [r1, #8]
100016cc:	ea32 0505 	bics.w	r5, r2, r5
100016d0:	d1fb      	bne.n	100016ca <uart_init+0x2a>
100016d2:	4a30      	ldr	r2, [pc, #192]	@ (10001794 <uart_init+0xf4>)
100016d4:	f44f 7080 	mov.w	r0, #256	@ 0x100
100016d8:	1aa2      	subs	r2, r4, r2
100016da:	fab2 f282 	clz	r2, r2
100016de:	4931      	ldr	r1, [pc, #196]	@ (100017a4 <uart_init+0x104>)
100016e0:	0952      	lsrs	r2, r2, #5
100016e2:	f821 0012 	strh.w	r0, [r1, r2, lsl #1]
100016e6:	2006      	movs	r0, #6
100016e8:	f000 f8d0 	bl	1000188c <clock_get_hz>
100016ec:	00c2      	lsls	r2, r0, #3
100016ee:	fbb2 f2f6 	udiv	r2, r2, r6
100016f2:	3201      	adds	r2, #1
100016f4:	09d1      	lsrs	r1, r2, #7
100016f6:	d123      	bne.n	10001740 <uart_init+0xa0>
100016f8:	2640      	movs	r6, #64	@ 0x40
100016fa:	2301      	movs	r3, #1
100016fc:	6263      	str	r3, [r4, #36]	@ 0x24
100016fe:	62a1      	str	r1, [r4, #40]	@ 0x28
10001700:	6b25      	ldr	r5, [r4, #48]	@ 0x30
10001702:	07eb      	lsls	r3, r5, #31
10001704:	d425      	bmi.n	10001752 <uart_init+0xb2>
10001706:	4623      	mov	r3, r4
10001708:	2100      	movs	r1, #0
1000170a:	f853 2f2c 	ldr.w	r2, [r3, #44]!
1000170e:	2006      	movs	r0, #6
10001710:	f503 5280 	add.w	r2, r3, #4096	@ 0x1000
10001714:	6011      	str	r1, [r2, #0]
10001716:	6325      	str	r5, [r4, #48]	@ 0x30
10001718:	9201      	str	r2, [sp, #4]
1000171a:	f000 f8b7 	bl	1000188c <clock_get_hz>
1000171e:	f240 3501 	movw	r5, #769	@ 0x301
10001722:	2103      	movs	r1, #3
10001724:	0080      	lsls	r0, r0, #2
10001726:	fbb0 f0f6 	udiv	r0, r0, r6
1000172a:	6ae3      	ldr	r3, [r4, #44]	@ 0x2c
1000172c:	9a01      	ldr	r2, [sp, #4]
1000172e:	f083 0370 	eor.w	r3, r3, #112	@ 0x70
10001732:	f003 037e 	and.w	r3, r3, #126	@ 0x7e
10001736:	6013      	str	r3, [r2, #0]
10001738:	6325      	str	r5, [r4, #48]	@ 0x30
1000173a:	64a1      	str	r1, [r4, #72]	@ 0x48
1000173c:	b002      	add	sp, #8
1000173e:	bd70      	pop	{r4, r5, r6, pc}
10001740:	f64f 70fe 	movw	r0, #65534	@ 0xfffe
10001744:	4281      	cmp	r1, r0
10001746:	d91d      	bls.n	10001784 <uart_init+0xe4>
10001748:	4629      	mov	r1, r5
1000174a:	f64f 73ff 	movw	r3, #65535	@ 0xffff
1000174e:	4e16      	ldr	r6, [pc, #88]	@ (100017a8 <uart_init+0x108>)
10001750:	e7d4      	b.n	100016fc <uart_init+0x5c>
10001752:	f240 3201 	movw	r2, #769	@ 0x301
10001756:	f504 5340 	add.w	r3, r4, #12288	@ 0x3000
1000175a:	631a      	str	r2, [r3, #48]	@ 0x30
1000175c:	6a63      	ldr	r3, [r4, #36]	@ 0x24
1000175e:	6aa2      	ldr	r2, [r4, #40]	@ 0x28
10001760:	2006      	movs	r0, #6
10001762:	eb02 1283 	add.w	r2, r2, r3, lsl #6
10001766:	9201      	str	r2, [sp, #4]
10001768:	f000 f890 	bl	1000188c <clock_get_hz>
1000176c:	4b0f      	ldr	r3, [pc, #60]	@ (100017ac <uart_init+0x10c>)
1000176e:	9a01      	ldr	r2, [sp, #4]
10001770:	fba3 1300 	umull	r1, r3, r3, r0
10001774:	0290      	lsls	r0, r2, #10
10001776:	0adb      	lsrs	r3, r3, #11
10001778:	fbb0 f0f3 	udiv	r0, r0, r3
1000177c:	2100      	movs	r1, #0
1000177e:	f7ff fe9d 	bl	100014bc <busy_wait_us>
10001782:	e7c0      	b.n	10001706 <uart_init+0x66>
10001784:	f3c2 0245 	ubfx	r2, r2, #1, #6
10001788:	460b      	mov	r3, r1
1000178a:	eb02 1681 	add.w	r6, r2, r1, lsl #6
1000178e:	4611      	mov	r1, r2
10001790:	e7b4      	b.n	100016fc <uart_init+0x5c>
10001792:	bf00      	nop
10001794:	40078000 	.word	0x40078000
10001798:	40022000 	.word	0x40022000
1000179c:	40023000 	.word	0x40023000
100017a0:	40020000 	.word	0x40020000
100017a4:	2002ee20 	.word	0x2002ee20
100017a8:	003fffc0 	.word	0x003fffc0
100017ac:	8f2b7b75 	.word	0x8f2b7b75

100017b0 <clock_configure_undivided>:
100017b0:	eb00 0c40 	add.w	ip, r0, r0, lsl #1
100017b4:	ea4f 0c8c 	mov.w	ip, ip, lsl #2
100017b8:	f10c 4c80 	add.w	ip, ip, #1073741824	@ 0x40000000
100017bc:	f50c 3c80 	add.w	ip, ip, #65536	@ 0x10000
100017c0:	b570      	push	{r4, r5, r6, lr}
100017c2:	461e      	mov	r6, r3
100017c4:	f8dc 3004 	ldr.w	r3, [ip, #4]
100017c8:	1f04      	subs	r4, r0, #4
100017ca:	f5b3 3f80 	cmp.w	r3, #65536	@ 0x10000
100017ce:	bf38      	it	cc
100017d0:	f44f 3380 	movcc.w	r3, #65536	@ 0x10000
100017d4:	b2e4      	uxtb	r4, r4
100017d6:	bf38      	it	cc
100017d8:	f8cc 3004 	strcc.w	r3, [ip, #4]
100017dc:	2c01      	cmp	r4, #1
100017de:	d92e      	bls.n	1000183e <clock_configure_undivided+0x8e>
100017e0:	f44f 6500 	mov.w	r5, #2048	@ 0x800
100017e4:	4b28      	ldr	r3, [pc, #160]	@ (10001888 <clock_configure_undivided+0xd8>)
100017e6:	f50c 5e40 	add.w	lr, ip, #12288	@ 0x3000
100017ea:	f8ce 5000 	str.w	r5, [lr]
100017ee:	f853 e020 	ldr.w	lr, [r3, r0, lsl #2]
100017f2:	f1be 0f00 	cmp.w	lr, #0
100017f6:	d117      	bne.n	10001828 <clock_configure_undivided+0x78>
100017f8:	f8dc e000 	ldr.w	lr, [ip]
100017fc:	2c01      	cmp	r4, #1
100017fe:	ea8e 1242 	eor.w	r2, lr, r2, lsl #5
10001802:	f002 02e0 	and.w	r2, r2, #224	@ 0xe0
10001806:	f50c 5e80 	add.w	lr, ip, #4096	@ 0x1000
1000180a:	f8ce 2000 	str.w	r2, [lr]
1000180e:	d92b      	bls.n	10001868 <clock_configure_undivided+0xb8>
10001810:	f44f 6100 	mov.w	r1, #2048	@ 0x800
10001814:	f843 6020 	str.w	r6, [r3, r0, lsl #2]
10001818:	f44f 3380 	mov.w	r3, #65536	@ 0x10000
1000181c:	f50c 5200 	add.w	r2, ip, #8192	@ 0x2000
10001820:	6011      	str	r1, [r2, #0]
10001822:	f8cc 3004 	str.w	r3, [ip, #4]
10001826:	bd70      	pop	{r4, r5, r6, pc}
10001828:	695d      	ldr	r5, [r3, #20]
1000182a:	fbb5 fefe 	udiv	lr, r5, lr
1000182e:	f10e 0e01 	add.w	lr, lr, #1
10001832:	eb0e 0e4e 	add.w	lr, lr, lr, lsl #1
10001836:	f1be 0e03 	subs.w	lr, lr, #3
1000183a:	d2fc      	bcs.n	10001836 <clock_configure_undivided+0x86>
1000183c:	e7dc      	b.n	100017f8 <clock_configure_undivided+0x48>
1000183e:	2901      	cmp	r1, #1
10001840:	d1ce      	bne.n	100017e0 <clock_configure_undivided+0x30>
10001842:	2403      	movs	r4, #3
10001844:	f50c 5340 	add.w	r3, ip, #12288	@ 0x3000
10001848:	601c      	str	r4, [r3, #0]
1000184a:	f8dc 3008 	ldr.w	r3, [ip, #8]
1000184e:	07db      	lsls	r3, r3, #31
10001850:	d5fb      	bpl.n	1000184a <clock_configure_undivided+0x9a>
10001852:	f8dc 3000 	ldr.w	r3, [ip]
10001856:	f50c 5e80 	add.w	lr, ip, #4096	@ 0x1000
1000185a:	ea83 1342 	eor.w	r3, r3, r2, lsl #5
1000185e:	f003 03e0 	and.w	r3, r3, #224	@ 0xe0
10001862:	f8ce 3000 	str.w	r3, [lr]
10001866:	4b08      	ldr	r3, [pc, #32]	@ (10001888 <clock_configure_undivided+0xd8>)
10001868:	2201      	movs	r2, #1
1000186a:	f8dc 4000 	ldr.w	r4, [ip]
1000186e:	404c      	eors	r4, r1
10001870:	f004 0403 	and.w	r4, r4, #3
10001874:	f8ce 4000 	str.w	r4, [lr]
10001878:	fa02 f101 	lsl.w	r1, r2, r1
1000187c:	f8dc 2008 	ldr.w	r2, [ip, #8]
10001880:	420a      	tst	r2, r1
10001882:	d0fb      	beq.n	1000187c <clock_configure_undivided+0xcc>
10001884:	e7c4      	b.n	10001810 <clock_configure_undivided+0x60>
10001886:	bf00      	nop
10001888:	2002b2ac 	.word	0x2002b2ac

1000188c <clock_get_hz>:
1000188c:	4b01      	ldr	r3, [pc, #4]	@ (10001894 <clock_get_hz+0x8>)
1000188e:	f853 0020 	ldr.w	r0, [r3, r0, lsl #2]
10001892:	4770      	bx	lr
10001894:	2002b2ac 	.word	0x2002b2ac

10001898 <set_sys_clock_pll>:
10001898:	e92d 41f0 	stmdb	sp!, {r4, r5, r6, r7, r8, lr}
1000189c:	4c58      	ldr	r4, [pc, #352]	@ (10001a00 <set_sys_clock_pll+0x168>)
1000189e:	4606      	mov	r6, r0
100018a0:	6c20      	ldr	r0, [r4, #64]	@ 0x40
100018a2:	4617      	mov	r7, r2
100018a4:	f5b0 3f80 	cmp.w	r0, #65536	@ 0x10000
100018a8:	bf38      	it	cc
100018aa:	f44f 3280 	movcc.w	r2, #65536	@ 0x10000
100018ae:	460b      	mov	r3, r1
100018b0:	f04f 0103 	mov.w	r1, #3
100018b4:	b084      	sub	sp, #16
100018b6:	bf38      	it	cc
100018b8:	6422      	strcc	r2, [r4, #64]	@ 0x40
100018ba:	4a52      	ldr	r2, [pc, #328]	@ (10001a04 <set_sys_clock_pll+0x16c>)
100018bc:	4c50      	ldr	r4, [pc, #320]	@ (10001a00 <set_sys_clock_pll+0x168>)
100018be:	63d1      	str	r1, [r2, #60]	@ 0x3c
100018c0:	6c62      	ldr	r2, [r4, #68]	@ 0x44
100018c2:	07d2      	lsls	r2, r2, #31
100018c4:	d5fc      	bpl.n	100018c0 <set_sys_clock_pll+0x28>
100018c6:	6be2      	ldr	r2, [r4, #60]	@ 0x3c
100018c8:	494f      	ldr	r1, [pc, #316]	@ (10001a08 <set_sys_clock_pll+0x170>)
100018ca:	f082 0220 	eor.w	r2, r2, #32
100018ce:	f002 02e0 	and.w	r2, r2, #224	@ 0xe0
100018d2:	63ca      	str	r2, [r1, #60]	@ 0x3c
100018d4:	6be2      	ldr	r2, [r4, #60]	@ 0x3c
100018d6:	4c4a      	ldr	r4, [pc, #296]	@ (10001a00 <set_sys_clock_pll+0x168>)
100018d8:	f082 0201 	eor.w	r2, r2, #1
100018dc:	f002 0203 	and.w	r2, r2, #3
100018e0:	63ca      	str	r2, [r1, #60]	@ 0x3c
100018e2:	6c62      	ldr	r2, [r4, #68]	@ 0x44
100018e4:	0795      	lsls	r5, r2, #30
100018e6:	d5fc      	bpl.n	100018e2 <set_sys_clock_pll+0x4a>
100018e8:	f44f 6100 	mov.w	r1, #2048	@ 0x800
100018ec:	f44f 3880 	mov.w	r8, #65536	@ 0x10000
100018f0:	4a46      	ldr	r2, [pc, #280]	@ (10001a0c <set_sys_clock_pll+0x174>)
100018f2:	4d47      	ldr	r5, [pc, #284]	@ (10001a10 <set_sys_clock_pll+0x178>)
100018f4:	63d1      	str	r1, [r2, #60]	@ 0x3c
100018f6:	4a47      	ldr	r2, [pc, #284]	@ (10001a14 <set_sys_clock_pll+0x17c>)
100018f8:	9303      	str	r3, [sp, #12]
100018fa:	616a      	str	r2, [r5, #20]
100018fc:	2101      	movs	r1, #1
100018fe:	4632      	mov	r2, r6
10001900:	f8c4 8040 	str.w	r8, [r4, #64]	@ 0x40
10001904:	4844      	ldr	r0, [pc, #272]	@ (10001a18 <set_sys_clock_pll+0x180>)
10001906:	9700      	str	r7, [sp, #0]
10001908:	f000 f946 	bl	10001b98 <pll_init>
1000190c:	f44f 6100 	mov.w	r1, #2048	@ 0x800
10001910:	9b03      	ldr	r3, [sp, #12]
10001912:	fb07 f303 	mul.w	r3, r7, r3
10001916:	fbb6 f6f3 	udiv	r6, r6, r3
1000191a:	6b63      	ldr	r3, [r4, #52]	@ 0x34
1000191c:	4543      	cmp	r3, r8
1000191e:	bf38      	it	cc
10001920:	f8c4 8034 	strcc.w	r8, [r4, #52]	@ 0x34
10001924:	4b37      	ldr	r3, [pc, #220]	@ (10001a04 <set_sys_clock_pll+0x16c>)
10001926:	692a      	ldr	r2, [r5, #16]
10001928:	6319      	str	r1, [r3, #48]	@ 0x30
1000192a:	b13a      	cbz	r2, 1000193c <set_sys_clock_pll+0xa4>
1000192c:	696b      	ldr	r3, [r5, #20]
1000192e:	fbb3 f3f2 	udiv	r3, r3, r2
10001932:	3301      	adds	r3, #1
10001934:	eb03 0343 	add.w	r3, r3, r3, lsl #1
10001938:	3b03      	subs	r3, #3
1000193a:	d2fd      	bcs.n	10001938 <set_sys_clock_pll+0xa0>
1000193c:	4930      	ldr	r1, [pc, #192]	@ (10001a00 <set_sys_clock_pll+0x168>)
1000193e:	4a32      	ldr	r2, [pc, #200]	@ (10001a08 <set_sys_clock_pll+0x170>)
10001940:	6b0b      	ldr	r3, [r1, #48]	@ 0x30
10001942:	f003 03e0 	and.w	r3, r3, #224	@ 0xe0
10001946:	6313      	str	r3, [r2, #48]	@ 0x30
10001948:	6b0b      	ldr	r3, [r1, #48]	@ 0x30
1000194a:	f083 0302 	eor.w	r3, r3, #2
1000194e:	f003 0303 	and.w	r3, r3, #3
10001952:	6313      	str	r3, [r2, #48]	@ 0x30
10001954:	6b8b      	ldr	r3, [r1, #56]	@ 0x38
10001956:	0758      	lsls	r0, r3, #29
10001958:	d5fc      	bpl.n	10001954 <set_sys_clock_pll+0xbc>
1000195a:	f44f 6400 	mov.w	r4, #2048	@ 0x800
1000195e:	f44f 3380 	mov.w	r3, #65536	@ 0x10000
10001962:	4a2a      	ldr	r2, [pc, #168]	@ (10001a0c <set_sys_clock_pll+0x174>)
10001964:	6314      	str	r4, [r2, #48]	@ 0x30
10001966:	4a2d      	ldr	r2, [pc, #180]	@ (10001a1c <set_sys_clock_pll+0x184>)
10001968:	634b      	str	r3, [r1, #52]	@ 0x34
1000196a:	612a      	str	r2, [r5, #16]
1000196c:	6c0a      	ldr	r2, [r1, #64]	@ 0x40
1000196e:	4c24      	ldr	r4, [pc, #144]	@ (10001a00 <set_sys_clock_pll+0x168>)
10001970:	429a      	cmp	r2, r3
10001972:	f04f 0203 	mov.w	r2, #3
10001976:	bf38      	it	cc
10001978:	640b      	strcc	r3, [r1, #64]	@ 0x40
1000197a:	4b22      	ldr	r3, [pc, #136]	@ (10001a04 <set_sys_clock_pll+0x16c>)
1000197c:	63da      	str	r2, [r3, #60]	@ 0x3c
1000197e:	6c63      	ldr	r3, [r4, #68]	@ 0x44
10001980:	07da      	lsls	r2, r3, #31
10001982:	d5fc      	bpl.n	1000197e <set_sys_clock_pll+0xe6>
10001984:	6be3      	ldr	r3, [r4, #60]	@ 0x3c
10001986:	4a20      	ldr	r2, [pc, #128]	@ (10001a08 <set_sys_clock_pll+0x170>)
10001988:	f003 03e0 	and.w	r3, r3, #224	@ 0xe0
1000198c:	63d3      	str	r3, [r2, #60]	@ 0x3c
1000198e:	6be3      	ldr	r3, [r4, #60]	@ 0x3c
10001990:	491b      	ldr	r1, [pc, #108]	@ (10001a00 <set_sys_clock_pll+0x168>)
10001992:	f083 0301 	eor.w	r3, r3, #1
10001996:	f003 0303 	and.w	r3, r3, #3
1000199a:	63d3      	str	r3, [r2, #60]	@ 0x3c
1000199c:	6c4b      	ldr	r3, [r1, #68]	@ 0x44
1000199e:	079b      	lsls	r3, r3, #30
100019a0:	d5fc      	bpl.n	1000199c <set_sys_clock_pll+0x104>
100019a2:	f44f 3380 	mov.w	r3, #65536	@ 0x10000
100019a6:	f44f 6400 	mov.w	r4, #2048	@ 0x800
100019aa:	4a18      	ldr	r2, [pc, #96]	@ (10001a0c <set_sys_clock_pll+0x174>)
100019ac:	616e      	str	r6, [r5, #20]
100019ae:	63d4      	str	r4, [r2, #60]	@ 0x3c
100019b0:	640b      	str	r3, [r1, #64]	@ 0x40
100019b2:	6cca      	ldr	r2, [r1, #76]	@ 0x4c
100019b4:	429a      	cmp	r2, r3
100019b6:	bf38      	it	cc
100019b8:	64cb      	strcc	r3, [r1, #76]	@ 0x4c
100019ba:	f44f 6100 	mov.w	r1, #2048	@ 0x800
100019be:	4b11      	ldr	r3, [pc, #68]	@ (10001a04 <set_sys_clock_pll+0x16c>)
100019c0:	69aa      	ldr	r2, [r5, #24]
100019c2:	6499      	str	r1, [r3, #72]	@ 0x48
100019c4:	b13a      	cbz	r2, 100019d6 <set_sys_clock_pll+0x13e>
100019c6:	696b      	ldr	r3, [r5, #20]
100019c8:	fbb3 f3f2 	udiv	r3, r3, r2
100019cc:	3301      	adds	r3, #1
100019ce:	eb03 0343 	add.w	r3, r3, r3, lsl #1
100019d2:	3b03      	subs	r3, #3
100019d4:	d2fd      	bcs.n	100019d2 <set_sys_clock_pll+0x13a>
100019d6:	f44f 6000 	mov.w	r0, #2048	@ 0x800
100019da:	f44f 3180 	mov.w	r1, #65536	@ 0x10000
100019de:	4a08      	ldr	r2, [pc, #32]	@ (10001a00 <set_sys_clock_pll+0x168>)
100019e0:	4c09      	ldr	r4, [pc, #36]	@ (10001a08 <set_sys_clock_pll+0x170>)
100019e2:	6c93      	ldr	r3, [r2, #72]	@ 0x48
100019e4:	f083 0340 	eor.w	r3, r3, #64	@ 0x40
100019e8:	f003 03e0 	and.w	r3, r3, #224	@ 0xe0
100019ec:	64a3      	str	r3, [r4, #72]	@ 0x48
100019ee:	4b07      	ldr	r3, [pc, #28]	@ (10001a0c <set_sys_clock_pll+0x174>)
100019f0:	4c08      	ldr	r4, [pc, #32]	@ (10001a14 <set_sys_clock_pll+0x17c>)
100019f2:	61ac      	str	r4, [r5, #24]
100019f4:	6498      	str	r0, [r3, #72]	@ 0x48
100019f6:	64d1      	str	r1, [r2, #76]	@ 0x4c
100019f8:	b004      	add	sp, #16
100019fa:	e8bd 81f0 	ldmia.w	sp!, {r4, r5, r6, r7, r8, pc}
100019fe:	bf00      	nop
10001a00:	40010000 	.word	0x40010000
10001a04:	40013000 	.word	0x40013000
10001a08:	40011000 	.word	0x40011000
10001a0c:	40012000 	.word	0x40012000
10001a10:	2002b2ac 	.word	0x2002b2ac
10001a14:	02dc6c00 	.word	0x02dc6c00
10001a18:	40050000 	.word	0x40050000
10001a1c:	00b71b00 	.word	0x00b71b00

10001a20 <check_sys_clock_khz>:
10001a20:	e92d 4ff0 	stmdb	sp!, {r4, r5, r6, r7, r8, r9, sl, fp, lr}
10001a24:	f44f 78a0 	mov.w	r8, #320	@ 0x140
10001a28:	4696      	mov	lr, r2
10001a2a:	b085      	sub	sp, #20
10001a2c:	9103      	str	r1, [sp, #12]
10001a2e:	f8df 9164 	ldr.w	r9, [pc, #356]	@ 10001b94 <check_sys_clock_khz+0x174>
10001a32:	4956      	ldr	r1, [pc, #344]	@ (10001b8c <check_sys_clock_khz+0x16c>)
10001a34:	9301      	str	r3, [sp, #4]
10001a36:	4549      	cmp	r1, r9
10001a38:	d90a      	bls.n	10001a50 <check_sys_clock_khz+0x30>
10001a3a:	f108 38ff 	add.w	r8, r8, #4294967295
10001a3e:	f5a1 513b 	sub.w	r1, r1, #11968	@ 0x2ec0
10001a42:	f1b8 0f0f 	cmp.w	r8, #15
10001a46:	f1a1 0120 	sub.w	r1, r1, #32
10001a4a:	d1f4      	bne.n	10001a36 <check_sys_clock_khz+0x16>
10001a4c:	2000      	movs	r0, #0
10001a4e:	e066      	b.n	10001b1e <check_sys_clock_khz+0xfe>
10001a50:	2307      	movs	r3, #7
10001a52:	f501 2237 	add.w	r2, r1, #749568	@ 0xb7000
10001a56:	9102      	str	r1, [sp, #8]
10001a58:	fb03 f103 	mul.w	r1, r3, r3
10001a5c:	f502 72d8 	add.w	r2, r2, #432	@ 0x1b0
10001a60:	fbb2 faf1 	udiv	sl, r2, r1
10001a64:	4582      	cmp	sl, r0
10001a66:	f04f 0c01 	mov.w	ip, #1
10001a6a:	f04f 0702 	mov.w	r7, #2
10001a6e:	f04f 0603 	mov.w	r6, #3
10001a72:	f04f 0504 	mov.w	r5, #4
10001a76:	f04f 0405 	mov.w	r4, #5
10001a7a:	d03f      	beq.n	10001afc <check_sys_clock_khz+0xdc>
10001a7c:	f1b3 0a01 	subs.w	sl, r3, #1
10001a80:	f000 8082 	beq.w	10001b88 <check_sys_clock_khz+0x168>
10001a84:	fb0a f103 	mul.w	r1, sl, r3
10001a88:	fbb2 fbf1 	udiv	fp, r2, r1
10001a8c:	4558      	cmp	r0, fp
10001a8e:	d049      	beq.n	10001b24 <check_sys_clock_khz+0x104>
10001a90:	b31c      	cbz	r4, 10001ada <check_sys_clock_khz+0xba>
10001a92:	fb03 f104 	mul.w	r1, r3, r4
10001a96:	fbb2 fbf1 	udiv	fp, r2, r1
10001a9a:	4558      	cmp	r0, fp
10001a9c:	d04b      	beq.n	10001b36 <check_sys_clock_khz+0x116>
10001a9e:	b1e5      	cbz	r5, 10001ada <check_sys_clock_khz+0xba>
10001aa0:	fb05 f103 	mul.w	r1, r5, r3
10001aa4:	fbb2 fbf1 	udiv	fp, r2, r1
10001aa8:	4558      	cmp	r0, fp
10001aaa:	d04d      	beq.n	10001b48 <check_sys_clock_khz+0x128>
10001aac:	b1ae      	cbz	r6, 10001ada <check_sys_clock_khz+0xba>
10001aae:	fb06 f103 	mul.w	r1, r6, r3
10001ab2:	fbb2 fbf1 	udiv	fp, r2, r1
10001ab6:	4558      	cmp	r0, fp
10001ab8:	d04f      	beq.n	10001b5a <check_sys_clock_khz+0x13a>
10001aba:	b177      	cbz	r7, 10001ada <check_sys_clock_khz+0xba>
10001abc:	fb07 f103 	mul.w	r1, r7, r3
10001ac0:	fbb2 fbf1 	udiv	fp, r2, r1
10001ac4:	4558      	cmp	r0, fp
10001ac6:	d051      	beq.n	10001b6c <check_sys_clock_khz+0x14c>
10001ac8:	f1bc 0f00 	cmp.w	ip, #0
10001acc:	d005      	beq.n	10001ada <check_sys_clock_khz+0xba>
10001ace:	fb0c f103 	mul.w	r1, ip, r3
10001ad2:	fbb2 fbf1 	udiv	fp, r2, r1
10001ad6:	4583      	cmp	fp, r0
10001ad8:	d04d      	beq.n	10001b76 <check_sys_clock_khz+0x156>
10001ada:	4653      	mov	r3, sl
10001adc:	fb03 f103 	mul.w	r1, r3, r3
10001ae0:	fbb2 faf1 	udiv	sl, r2, r1
10001ae4:	4582      	cmp	sl, r0
10001ae6:	f104 34ff 	add.w	r4, r4, #4294967295
10001aea:	f105 35ff 	add.w	r5, r5, #4294967295
10001aee:	f106 36ff 	add.w	r6, r6, #4294967295
10001af2:	f107 37ff 	add.w	r7, r7, #4294967295
10001af6:	f10c 3cff 	add.w	ip, ip, #4294967295
10001afa:	d1bf      	bne.n	10001a7c <check_sys_clock_khz+0x5c>
10001afc:	fb01 2110 	mls	r1, r1, r0, r2
10001b00:	2900      	cmp	r1, #0
10001b02:	d1bb      	bne.n	10001a7c <check_sys_clock_khz+0x5c>
10001b04:	4672      	mov	r2, lr
10001b06:	461f      	mov	r7, r3
10001b08:	f8dd a00c 	ldr.w	sl, [sp, #12]
10001b0c:	2001      	movs	r0, #1
10001b0e:	4920      	ldr	r1, [pc, #128]	@ (10001b90 <check_sys_clock_khz+0x170>)
10001b10:	fb01 f108 	mul.w	r1, r1, r8
10001b14:	f8ca 1000 	str.w	r1, [sl]
10001b18:	6013      	str	r3, [r2, #0]
10001b1a:	9b01      	ldr	r3, [sp, #4]
10001b1c:	601f      	str	r7, [r3, #0]
10001b1e:	b005      	add	sp, #20
10001b20:	e8bd 8ff0 	ldmia.w	sp!, {r4, r5, r6, r7, r8, r9, sl, fp, pc}
10001b24:	fb01 2110 	mls	r1, r1, r0, r2
10001b28:	2900      	cmp	r1, #0
10001b2a:	d1b1      	bne.n	10001a90 <check_sys_clock_khz+0x70>
10001b2c:	4657      	mov	r7, sl
10001b2e:	4672      	mov	r2, lr
10001b30:	f8dd a00c 	ldr.w	sl, [sp, #12]
10001b34:	e7ea      	b.n	10001b0c <check_sys_clock_khz+0xec>
10001b36:	fb01 2110 	mls	r1, r1, r0, r2
10001b3a:	2900      	cmp	r1, #0
10001b3c:	d1af      	bne.n	10001a9e <check_sys_clock_khz+0x7e>
10001b3e:	4672      	mov	r2, lr
10001b40:	4627      	mov	r7, r4
10001b42:	f8dd a00c 	ldr.w	sl, [sp, #12]
10001b46:	e7e1      	b.n	10001b0c <check_sys_clock_khz+0xec>
10001b48:	fb01 2110 	mls	r1, r1, r0, r2
10001b4c:	2900      	cmp	r1, #0
10001b4e:	d1ad      	bne.n	10001aac <check_sys_clock_khz+0x8c>
10001b50:	4672      	mov	r2, lr
10001b52:	462f      	mov	r7, r5
10001b54:	f8dd a00c 	ldr.w	sl, [sp, #12]
10001b58:	e7d8      	b.n	10001b0c <check_sys_clock_khz+0xec>
10001b5a:	fb01 2110 	mls	r1, r1, r0, r2
10001b5e:	2900      	cmp	r1, #0
10001b60:	d1ab      	bne.n	10001aba <check_sys_clock_khz+0x9a>
10001b62:	4672      	mov	r2, lr
10001b64:	4637      	mov	r7, r6
10001b66:	f8dd a00c 	ldr.w	sl, [sp, #12]
10001b6a:	e7cf      	b.n	10001b0c <check_sys_clock_khz+0xec>
10001b6c:	fb01 2110 	mls	r1, r1, r0, r2
10001b70:	2900      	cmp	r1, #0
10001b72:	d1a9      	bne.n	10001ac8 <check_sys_clock_khz+0xa8>
10001b74:	e7db      	b.n	10001b2e <check_sys_clock_khz+0x10e>
10001b76:	fb01 2110 	mls	r1, r1, r0, r2
10001b7a:	2900      	cmp	r1, #0
10001b7c:	d1ad      	bne.n	10001ada <check_sys_clock_khz+0xba>
10001b7e:	4672      	mov	r2, lr
10001b80:	4667      	mov	r7, ip
10001b82:	f8dd a00c 	ldr.w	sl, [sp, #12]
10001b86:	e7c1      	b.n	10001b0c <check_sys_clock_khz+0xec>
10001b88:	9902      	ldr	r1, [sp, #8]
10001b8a:	e756      	b.n	10001a3a <check_sys_clock_khz+0x1a>
10001b8c:	002f2650 	.word	0x002f2650
10001b90:	00b71b00 	.word	0x00b71b00
10001b94:	000cf850 	.word	0x000cf850

10001b98 <pll_init>:
10001b98:	b510      	push	{r4, lr}
10001b9a:	9c02      	ldr	r4, [sp, #8]
10001b9c:	468e      	mov	lr, r1
10001b9e:	ea4f 3c04 	mov.w	ip, r4, lsl #12
10001ba2:	ea4c 4c03 	orr.w	ip, ip, r3, lsl #16
10001ba6:	4b1c      	ldr	r3, [pc, #112]	@ (10001c18 <pll_init+0x80>)
10001ba8:	fbb3 f3f1 	udiv	r3, r3, r1
10001bac:	6801      	ldr	r1, [r0, #0]
10001bae:	fbb2 f4f3 	udiv	r4, r2, r3
10001bb2:	2900      	cmp	r1, #0
10001bb4:	db20      	blt.n	10001bf8 <pll_init+0x60>
10001bb6:	4a19      	ldr	r2, [pc, #100]	@ (10001c1c <pll_init+0x84>)
10001bb8:	4b19      	ldr	r3, [pc, #100]	@ (10001c20 <pll_init+0x88>)
10001bba:	4290      	cmp	r0, r2
10001bbc:	bf14      	ite	ne
10001bbe:	f44f 4280 	movne.w	r2, #16384	@ 0x4000
10001bc2:	f44f 4200 	moveq.w	r2, #32768	@ 0x8000
10001bc6:	4917      	ldr	r1, [pc, #92]	@ (10001c24 <pll_init+0x8c>)
10001bc8:	601a      	str	r2, [r3, #0]
10001bca:	f503 5380 	add.w	r3, r3, #4096	@ 0x1000
10001bce:	601a      	str	r2, [r3, #0]
10001bd0:	688b      	ldr	r3, [r1, #8]
10001bd2:	ea32 0303 	bics.w	r3, r2, r3
10001bd6:	d1fb      	bne.n	10001bd0 <pll_init+0x38>
10001bd8:	2221      	movs	r2, #33	@ 0x21
10001bda:	f500 5340 	add.w	r3, r0, #12288	@ 0x3000
10001bde:	3304      	adds	r3, #4
10001be0:	f8c0 e000 	str.w	lr, [r0]
10001be4:	6084      	str	r4, [r0, #8]
10001be6:	601a      	str	r2, [r3, #0]
10001be8:	6802      	ldr	r2, [r0, #0]
10001bea:	2a00      	cmp	r2, #0
10001bec:	dafc      	bge.n	10001be8 <pll_init+0x50>
10001bee:	2208      	movs	r2, #8
10001bf0:	f8c0 c00c 	str.w	ip, [r0, #12]
10001bf4:	601a      	str	r2, [r3, #0]
10001bf6:	bd10      	pop	{r4, pc}
10001bf8:	6803      	ldr	r3, [r0, #0]
10001bfa:	f003 033f 	and.w	r3, r3, #63	@ 0x3f
10001bfe:	4573      	cmp	r3, lr
10001c00:	d1d9      	bne.n	10001bb6 <pll_init+0x1e>
10001c02:	6883      	ldr	r3, [r0, #8]
10001c04:	f3c3 030b 	ubfx	r3, r3, #0, #12
10001c08:	42a3      	cmp	r3, r4
10001c0a:	d1d4      	bne.n	10001bb6 <pll_init+0x1e>
10001c0c:	68c3      	ldr	r3, [r0, #12]
10001c0e:	f403 23ee 	and.w	r3, r3, #487424	@ 0x77000
10001c12:	4563      	cmp	r3, ip
10001c14:	d1cf      	bne.n	10001bb6 <pll_init+0x1e>
10001c16:	bd10      	pop	{r4, pc}
10001c18:	00b71b00 	.word	0x00b71b00
10001c1c:	40058000 	.word	0x40058000
10001c20:	40022000 	.word	0x40022000
10001c24:	40020000 	.word	0x40020000

10001c28 <vreg_set_voltage>:
10001c28:	4b0a      	ldr	r3, [pc, #40]	@ (10001c54 <vreg_set_voltage+0x2c>)
10001c2a:	490b      	ldr	r1, [pc, #44]	@ (10001c58 <vreg_set_voltage+0x30>)
10001c2c:	4a0b      	ldr	r2, [pc, #44]	@ (10001c5c <vreg_set_voltage+0x34>)
10001c2e:	6059      	str	r1, [r3, #4]
10001c30:	68d3      	ldr	r3, [r2, #12]
10001c32:	0419      	lsls	r1, r3, #16
10001c34:	d4fc      	bmi.n	10001c30 <vreg_set_voltage+0x8>
10001c36:	4b0a      	ldr	r3, [pc, #40]	@ (10001c60 <vreg_set_voltage+0x38>)
10001c38:	68d2      	ldr	r2, [r2, #12]
10001c3a:	ea43 1300 	orr.w	r3, r3, r0, lsl #4
10001c3e:	4909      	ldr	r1, [pc, #36]	@ (10001c64 <vreg_set_voltage+0x3c>)
10001c40:	4053      	eors	r3, r2
10001c42:	4809      	ldr	r0, [pc, #36]	@ (10001c68 <vreg_set_voltage+0x40>)
10001c44:	4019      	ands	r1, r3
10001c46:	4a05      	ldr	r2, [pc, #20]	@ (10001c5c <vreg_set_voltage+0x34>)
10001c48:	60c1      	str	r1, [r0, #12]
10001c4a:	68d3      	ldr	r3, [r2, #12]
10001c4c:	041b      	lsls	r3, r3, #16
10001c4e:	d4fc      	bmi.n	10001c4a <vreg_set_voltage+0x22>
10001c50:	4770      	bx	lr
10001c52:	bf00      	nop
10001c54:	40102000 	.word	0x40102000
10001c58:	5afe2000 	.word	0x5afe2000
10001c5c:	40100000 	.word	0x40100000
10001c60:	5afe0000 	.word	0x5afe0000
10001c64:	5afe01f0 	.word	0x5afe01f0
10001c68:	40101000 	.word	0x40101000

10001c6c <watchdog_reboot>:
10001c6c:	f04f 4c80 	mov.w	ip, #1073741824	@ 0x40000000
10001c70:	4b21      	ldr	r3, [pc, #132]	@ (10001cf8 <watchdog_reboot+0x8c>)
10001c72:	b500      	push	{lr}
10001c74:	f8c3 c000 	str.w	ip, [r3]
10001c78:	2800      	cmp	r0, #0
10001c7a:	d039      	beq.n	10001cf0 <watchdog_reboot+0x84>
10001c7c:	f8df c088 	ldr.w	ip, [pc, #136]	@ 10001d08 <watchdog_reboot+0x9c>
10001c80:	f5a3 5340 	sub.w	r3, r3, #12288	@ 0x3000
10001c84:	f8c3 c01c 	str.w	ip, [r3, #28]
10001c88:	f8df c080 	ldr.w	ip, [pc, #128]	@ 10001d0c <watchdog_reboot+0xa0>
10001c8c:	f040 0001 	orr.w	r0, r0, #1
10001c90:	ea80 0c0c 	eor.w	ip, r0, ip
10001c94:	f8c3 c020 	str.w	ip, [r3, #32]
10001c98:	6259      	str	r1, [r3, #36]	@ 0x24
10001c9a:	6298      	str	r0, [r3, #40]	@ 0x28
10001c9c:	f04f 4e80 	mov.w	lr, #1073741824	@ 0x40000000
10001ca0:	f04f 61e0 	mov.w	r1, #117440512	@ 0x7000000
10001ca4:	4b14      	ldr	r3, [pc, #80]	@ (10001cf8 <watchdog_reboot+0x8c>)
10001ca6:	4815      	ldr	r0, [pc, #84]	@ (10001cfc <watchdog_reboot+0x90>)
10001ca8:	f8df c064 	ldr.w	ip, [pc, #100]	@ 10001d10 <watchdog_reboot+0xa4>
10001cac:	f8c3 e000 	str.w	lr, [r3]
10001cb0:	f8c0 c008 	str.w	ip, [r0, #8]
10001cb4:	6019      	str	r1, [r3, #0]
10001cb6:	b92a      	cbnz	r2, 10001cc4 <watchdog_reboot+0x58>
10001cb8:	f04f 4200 	mov.w	r2, #2147483648	@ 0x80000000
10001cbc:	f5a3 5380 	sub.w	r3, r3, #4096	@ 0x1000
10001cc0:	601a      	str	r2, [r3, #0]
10001cc2:	bd00      	pop	{pc}
10001cc4:	f44f 737a 	mov.w	r3, #1000	@ 0x3e8
10001cc8:	fb03 f202 	mul.w	r2, r3, r2
10001ccc:	f1b2 7f80 	cmp.w	r2, #16777216	@ 0x1000000
10001cd0:	bf2a      	itet	cs
10001cd2:	f06f 437f 	mvncs.w	r3, #4278190080	@ 0xff000000
10001cd6:	4613      	movcc	r3, r2
10001cd8:	461a      	movcs	r2, r3
10001cda:	f04f 4180 	mov.w	r1, #1073741824	@ 0x40000000
10001cde:	f8df c034 	ldr.w	ip, [pc, #52]	@ 10001d14 <watchdog_reboot+0xa8>
10001ce2:	4807      	ldr	r0, [pc, #28]	@ (10001d00 <watchdog_reboot+0x94>)
10001ce4:	f8cc 3000 	str.w	r3, [ip]
10001ce8:	4b06      	ldr	r3, [pc, #24]	@ (10001d04 <watchdog_reboot+0x98>)
10001cea:	6042      	str	r2, [r0, #4]
10001cec:	6019      	str	r1, [r3, #0]
10001cee:	bd00      	pop	{pc}
10001cf0:	4b03      	ldr	r3, [pc, #12]	@ (10001d00 <watchdog_reboot+0x94>)
10001cf2:	61d8      	str	r0, [r3, #28]
10001cf4:	e7d2      	b.n	10001c9c <watchdog_reboot+0x30>
10001cf6:	bf00      	nop
10001cf8:	400db000 	.word	0x400db000
10001cfc:	4001a000 	.word	0x4001a000
10001d00:	400d8000 	.word	0x400d8000
10001d04:	400da000 	.word	0x400da000
10001d08:	b007c0d3 	.word	0xb007c0d3
10001d0c:	4ff83f2d 	.word	0x4ff83f2d
10001d10:	01fffff3 	.word	0x01fffff3
10001d14:	2002b7dc 	.word	0x2002b7dc

10001d18 <tick_start>:
10001d18:	2301      	movs	r3, #1
10001d1a:	eb00 0040 	add.w	r0, r0, r0, lsl #1
10001d1e:	0080      	lsls	r0, r0, #2
10001d20:	f100 4080 	add.w	r0, r0, #1073741824	@ 0x40000000
10001d24:	f500 1084 	add.w	r0, r0, #1081344	@ 0x108000
10001d28:	6041      	str	r1, [r0, #4]
10001d2a:	6003      	str	r3, [r0, #0]
10001d2c:	4770      	bx	lr
10001d2e:	bf00      	nop

10001d30 <rom_reboot.constprop.0.isra.0>:
10001d30:	f04f 0c00 	mov.w	ip, #0
10001d34:	b530      	push	{r4, r5, lr}
10001d36:	4613      	mov	r3, r2
10001d38:	b083      	sub	sp, #12
10001d3a:	4604      	mov	r4, r0
10001d3c:	460d      	mov	r5, r1
10001d3e:	f8bc 2016 	ldrh.w	r2, [ip, #22]
10001d42:	2100      	movs	r1, #0
10001d44:	e841 f100 	tt	r1, r1
10001d48:	9301      	str	r3, [sp, #4]
10001d4a:	024b      	lsls	r3, r1, #9
10001d4c:	bf54      	ite	pl
10001d4e:	2110      	movpl	r1, #16
10001d50:	2104      	movmi	r1, #4
10001d52:	f244 2052 	movw	r0, #16978	@ 0x4252
10001d56:	4790      	blx	r2
10001d58:	4686      	mov	lr, r0
10001d5a:	462a      	mov	r2, r5
10001d5c:	210a      	movs	r1, #10
10001d5e:	4620      	mov	r0, r4
10001d60:	46f4      	mov	ip, lr
10001d62:	9b01      	ldr	r3, [sp, #4]
10001d64:	b003      	add	sp, #12
10001d66:	e8bd 4030 	ldmia.w	sp!, {r4, r5, lr}
10001d6a:	4760      	bx	ip

10001d6c <rom_func_lookup>:
10001d6c:	2300      	movs	r3, #0
10001d6e:	8adb      	ldrh	r3, [r3, #22]
10001d70:	2200      	movs	r2, #0
10001d72:	e842 f200 	tt	r2, r2
10001d76:	0252      	lsls	r2, r2, #9
10001d78:	d401      	bmi.n	10001d7e <rom_func_lookup+0x12>
10001d7a:	2110      	movs	r1, #16
10001d7c:	4718      	bx	r3
10001d7e:	2104      	movs	r1, #4
10001d80:	4718      	bx	r3
10001d82:	bf00      	nop

10001d84 <rom_reset_usb_boot_extra>:
10001d84:	2800      	cmp	r0, #0
10001d86:	b508      	push	{r3, lr}
10001d88:	db0e      	blt.n	10001da8 <rom_reset_usb_boot_extra+0x24>
10001d8a:	b952      	cbnz	r2, 10001da2 <rom_reset_usb_boot_extra+0x1e>
10001d8c:	f041 0120 	orr.w	r1, r1, #32
10001d90:	2300      	movs	r3, #0
10001d92:	7cdb      	ldrb	r3, [r3, #19]
10001d94:	2b02      	cmp	r3, #2
10001d96:	d00a      	beq.n	10001dae <rom_reset_usb_boot_extra+0x2a>
10001d98:	4602      	mov	r2, r0
10001d9a:	f44f 7081 	mov.w	r0, #258	@ 0x102
10001d9e:	f7ff ffc7 	bl	10001d30 <rom_reboot.constprop.0.isra.0>
10001da2:	f041 0130 	orr.w	r1, r1, #48	@ 0x30
10001da6:	e7f3      	b.n	10001d90 <rom_reset_usb_boot_extra+0xc>
10001da8:	068b      	lsls	r3, r1, #26
10001daa:	d5f5      	bpl.n	10001d98 <rom_reset_usb_boot_extra+0x14>
10001dac:	e7f0      	b.n	10001d90 <rom_reset_usb_boot_extra+0xc>
10001dae:	4602      	mov	r2, r0
10001db0:	f44f 7091 	mov.w	r0, #290	@ 0x122
10001db4:	f7ff ffbc 	bl	10001d30 <rom_reboot.constprop.0.isra.0>

10001db8 <runtime_init_bootrom_locking_enable>:
10001db8:	4a03      	ldr	r2, [pc, #12]	@ (10001dc8 <runtime_init_bootrom_locking_enable+0x10>)
10001dba:	f8d2 3828 	ldr.w	r3, [r2, #2088]	@ 0x828
10001dbe:	2b00      	cmp	r3, #0
10001dc0:	d0fb      	beq.n	10001dba <runtime_init_bootrom_locking_enable+0x2>
10001dc2:	f3bf 8f5f 	dmb	sy
10001dc6:	4770      	bx	lr
10001dc8:	400e0000 	.word	0x400e0000

10001dcc <runtime_init_boot_locks_reset>:
10001dcc:	2100      	movs	r1, #0
10001dce:	4b04      	ldr	r3, [pc, #16]	@ (10001de0 <runtime_init_boot_locks_reset+0x14>)
10001dd0:	4a04      	ldr	r2, [pc, #16]	@ (10001de4 <runtime_init_boot_locks_reset+0x18>)
10001dd2:	f3bf 8f5f 	dmb	sy
10001dd6:	f843 1b04 	str.w	r1, [r3], #4
10001dda:	4293      	cmp	r3, r2
10001ddc:	d1f9      	bne.n	10001dd2 <runtime_init_boot_locks_reset+0x6>
10001dde:	4770      	bx	lr
10001de0:	400e080c 	.word	0x400e080c
10001de4:	400e082c 	.word	0x400e082c

10001de8 <xosc_init>:
10001de8:	f44f 6c2a 	mov.w	ip, #2720	@ 0xaa0
10001dec:	f44f 708d 	mov.w	r0, #282	@ 0x11a
10001df0:	4a05      	ldr	r2, [pc, #20]	@ (10001e08 <xosc_init+0x20>)
10001df2:	4b06      	ldr	r3, [pc, #24]	@ (10001e0c <xosc_init+0x24>)
10001df4:	4906      	ldr	r1, [pc, #24]	@ (10001e10 <xosc_init+0x28>)
10001df6:	f8c2 c000 	str.w	ip, [r2]
10001dfa:	60d0      	str	r0, [r2, #12]
10001dfc:	6019      	str	r1, [r3, #0]
10001dfe:	6853      	ldr	r3, [r2, #4]
10001e00:	2b00      	cmp	r3, #0
10001e02:	dafc      	bge.n	10001dfe <xosc_init+0x16>
10001e04:	4770      	bx	lr
10001e06:	bf00      	nop
10001e08:	40048000 	.word	0x40048000
10001e0c:	4004a000 	.word	0x4004a000
10001e10:	00fab000 	.word	0x00fab000

10001e14 <first_per_core_initializer>:
10001e14:	4770      	bx	lr
10001e16:	bf00      	nop

10001e18 <hard_assertion_failure>:
10001e18:	b508      	push	{r3, lr}
10001e1a:	4801      	ldr	r0, [pc, #4]	@ (10001e20 <hard_assertion_failure+0x8>)
10001e1c:	f7fe fad6 	bl	100003cc <panic>
10001e20:	100087f4 	.word	0x100087f4

10001e24 <runtime_run_initializers>:
10001e24:	b538      	push	{r3, r4, r5, lr}
10001e26:	4c05      	ldr	r4, [pc, #20]	@ (10001e3c <runtime_run_initializers+0x18>)
10001e28:	4d05      	ldr	r5, [pc, #20]	@ (10001e40 <runtime_run_initializers+0x1c>)
10001e2a:	42ac      	cmp	r4, r5
10001e2c:	d204      	bcs.n	10001e38 <runtime_run_initializers+0x14>
10001e2e:	f854 3b04 	ldr.w	r3, [r4], #4
10001e32:	4798      	blx	r3
10001e34:	42ac      	cmp	r4, r5
10001e36:	d3fa      	bcc.n	10001e2e <runtime_run_initializers+0xa>
10001e38:	bd38      	pop	{r3, r4, r5, pc}
10001e3a:	bf00      	nop
10001e3c:	10008690 	.word	0x10008690
10001e40:	100086d4 	.word	0x100086d4

10001e44 <runtime_run_per_core_initializers>:
10001e44:	b538      	push	{r3, r4, r5, lr}
10001e46:	4c05      	ldr	r4, [pc, #20]	@ (10001e5c <runtime_run_per_core_initializers+0x18>)
10001e48:	4d05      	ldr	r5, [pc, #20]	@ (10001e60 <runtime_run_per_core_initializers+0x1c>)
10001e4a:	42ac      	cmp	r4, r5
10001e4c:	d204      	bcs.n	10001e58 <runtime_run_per_core_initializers+0x14>
10001e4e:	f854 3b04 	ldr.w	r3, [r4], #4
10001e52:	4798      	blx	r3
10001e54:	42ac      	cmp	r4, r5
10001e56:	d3fa      	bcc.n	10001e4e <runtime_run_per_core_initializers+0xa>
10001e58:	bd38      	pop	{r3, r4, r5, pc}
10001e5a:	bf00      	nop
10001e5c:	100086bc 	.word	0x100086bc
10001e60:	100086d4 	.word	0x100086d4

10001e64 <runtime_init_early_resets>:
10001e64:	4806      	ldr	r0, [pc, #24]	@ (10001e80 <runtime_init_early_resets+0x1c>)
10001e66:	f8df c028 	ldr.w	ip, [pc, #40]	@ 10001e90 <runtime_init_early_resets+0x2c>
10001e6a:	4b06      	ldr	r3, [pc, #24]	@ (10001e84 <runtime_init_early_resets+0x20>)
10001e6c:	4a06      	ldr	r2, [pc, #24]	@ (10001e88 <runtime_init_early_resets+0x24>)
10001e6e:	4907      	ldr	r1, [pc, #28]	@ (10001e8c <runtime_init_early_resets+0x28>)
10001e70:	f8c0 c000 	str.w	ip, [r0]
10001e74:	601a      	str	r2, [r3, #0]
10001e76:	688b      	ldr	r3, [r1, #8]
10001e78:	ea32 0303 	bics.w	r3, r2, r3
10001e7c:	d1fb      	bne.n	10001e76 <runtime_init_early_resets+0x12>
10001e7e:	4770      	bx	lr
10001e80:	40022000 	.word	0x40022000
10001e84:	40023000 	.word	0x40023000
10001e88:	03f3fff6 	.word	0x03f3fff6
10001e8c:	40020000 	.word	0x40020000
10001e90:	efef3b7f 	.word	0xefef3b7f

10001e94 <runtime_init_usb_power_down>:
10001e94:	4b04      	ldr	r3, [pc, #16]	@ (10001ea8 <runtime_init_usb_power_down+0x14>)
10001e96:	6cdb      	ldr	r3, [r3, #76]	@ 0x4c
10001e98:	f5b3 4f00 	cmp.w	r3, #32768	@ 0x8000
10001e9c:	d103      	bne.n	10001ea6 <runtime_init_usb_power_down+0x12>
10001e9e:	f44f 2280 	mov.w	r2, #262144	@ 0x40000
10001ea2:	4b02      	ldr	r3, [pc, #8]	@ (10001eac <runtime_init_usb_power_down+0x18>)
10001ea4:	64da      	str	r2, [r3, #76]	@ 0x4c
10001ea6:	4770      	bx	lr
10001ea8:	50110000 	.word	0x50110000
10001eac:	50112000 	.word	0x50112000

10001eb0 <runtime_init_per_core_enable_coprocessors>:
10001eb0:	f04f 22e0 	mov.w	r2, #3758153728	@ 0xe000e000
10001eb4:	4b04      	ldr	r3, [pc, #16]	@ (10001ec8 <runtime_init_per_core_enable_coprocessors+0x18>)
10001eb6:	f8d2 1d88 	ldr.w	r1, [r2, #3464]	@ 0xd88
10001eba:	430b      	orrs	r3, r1
10001ebc:	f8c2 3d88 	str.w	r3, [r2, #3464]	@ 0xd88
10001ec0:	ee10 0430 			dcp_rcmp r0
10001ec4:	4770      	bx	lr
10001ec6:	bf00      	nop
10001ec8:	00300303 	.word	0x00300303

10001ecc <runtime_init_post_clock_resets>:
10001ecc:	f06f 4160 	mvn.w	r1, #3758096384	@ 0xe0000000
10001ed0:	4b04      	ldr	r3, [pc, #16]	@ (10001ee4 <runtime_init_post_clock_resets+0x18>)
10001ed2:	4a05      	ldr	r2, [pc, #20]	@ (10001ee8 <runtime_init_post_clock_resets+0x1c>)
10001ed4:	6019      	str	r1, [r3, #0]
10001ed6:	6893      	ldr	r3, [r2, #8]
10001ed8:	43db      	mvns	r3, r3
10001eda:	f033 4360 	bics.w	r3, r3, #3758096384	@ 0xe0000000
10001ede:	d1fa      	bne.n	10001ed6 <runtime_init_post_clock_resets+0xa>
10001ee0:	4770      	bx	lr
10001ee2:	bf00      	nop
10001ee4:	40023000 	.word	0x40023000
10001ee8:	40020000 	.word	0x40020000

10001eec <runtime_init_bootrom_reset>:
10001eec:	b510      	push	{r4, lr}
10001eee:	f245 2053 	movw	r0, #21075	@ 0x5253
10001ef2:	f7ff ff3b 	bl	10001d6c <rom_func_lookup>
10001ef6:	e8bd 4010 	ldmia.w	sp!, {r4, lr}
10001efa:	4603      	mov	r3, r0
10001efc:	2004      	movs	r0, #4
10001efe:	4718      	bx	r3

10001f00 <runtime_init_per_core_bootrom_reset>:
10001f00:	b510      	push	{r4, lr}
10001f02:	f245 2053 	movw	r0, #21075	@ 0x5253
10001f06:	f7ff ff31 	bl	10001d6c <rom_func_lookup>
10001f0a:	e8bd 4010 	ldmia.w	sp!, {r4, lr}
10001f0e:	4603      	mov	r3, r0
10001f10:	2001      	movs	r0, #1
10001f12:	4718      	bx	r3

10001f14 <runtime_init_spin_locks_reset>:
10001f14:	f7fe bb22 	b.w	1000055c <spin_locks_reset>

10001f18 <runtime_init_install_ram_vector_table>:
10001f18:	4913      	ldr	r1, [pc, #76]	@ (10001f68 <runtime_init_install_ram_vector_table+0x50>)
10001f1a:	4b14      	ldr	r3, [pc, #80]	@ (10001f6c <runtime_init_install_ram_vector_table+0x54>)
10001f1c:	b570      	push	{r4, r5, r6, lr}
10001f1e:	1a5c      	subs	r4, r3, r1
10001f20:	08a5      	lsrs	r5, r4, #2
10001f22:	2d44      	cmp	r5, #68	@ 0x44
10001f24:	462a      	mov	r2, r5
10001f26:	bf28      	it	cs
10001f28:	2244      	movcs	r2, #68	@ 0x44
10001f2a:	4e11      	ldr	r6, [pc, #68]	@ (10001f70 <runtime_init_install_ram_vector_table+0x58>)
10001f2c:	0092      	lsls	r2, r2, #2
10001f2e:	4630      	mov	r0, r6
10001f30:	f006 fb86 	bl	10008640 <__memcpy_veneer>
10001f34:	2d43      	cmp	r5, #67	@ 0x43
10001f36:	d813      	bhi.n	10001f60 <runtime_init_install_ram_vector_table+0x48>
10001f38:	4a0e      	ldr	r2, [pc, #56]	@ (10001f74 <runtime_init_install_ram_vector_table+0x5c>)
10001f3a:	d00f      	beq.n	10001f5c <runtime_init_install_ram_vector_table+0x44>
10001f3c:	f1c5 0044 	rsb	r0, r5, #68	@ 0x44
10001f40:	1933      	adds	r3, r6, r4
10001f42:	0841      	lsrs	r1, r0, #1
10001f44:	eb03 01c1 	add.w	r1, r3, r1, lsl #3
10001f48:	e9c3 2200 	strd	r2, r2, [r3]
10001f4c:	3308      	adds	r3, #8
10001f4e:	428b      	cmp	r3, r1
10001f50:	d1fa      	bne.n	10001f48 <runtime_init_install_ram_vector_table+0x30>
10001f52:	07c3      	lsls	r3, r0, #31
10001f54:	d504      	bpl.n	10001f60 <runtime_init_install_ram_vector_table+0x48>
10001f56:	f020 0001 	bic.w	r0, r0, #1
10001f5a:	4405      	add	r5, r0
10001f5c:	f846 2025 	str.w	r2, [r6, r5, lsl #2]
10001f60:	4b05      	ldr	r3, [pc, #20]	@ (10001f78 <runtime_init_install_ram_vector_table+0x60>)
10001f62:	609e      	str	r6, [r3, #8]
10001f64:	bd70      	pop	{r4, r5, r6, pc}
10001f66:	bf00      	nop
10001f68:	10000000 	.word	0x10000000
10001f6c:	10000110 	.word	0x10000110
10001f70:	20000000 	.word	0x20000000
10001f74:	10000111 	.word	0x10000111
10001f78:	e000ed00 	.word	0xe000ed00

10001f7c <runtime_init_clocks>:
10001f7c:	2300      	movs	r3, #0
10001f7e:	b570      	push	{r4, r5, r6, lr}
10001f80:	4c2b      	ldr	r4, [pc, #172]	@ (10002030 <runtime_init_clocks+0xb4>)
10001f82:	b082      	sub	sp, #8
10001f84:	f8c4 3084 	str.w	r3, [r4, #132]	@ 0x84
10001f88:	f7ff ff2e 	bl	10001de8 <xosc_init>
10001f8c:	2201      	movs	r2, #1
10001f8e:	4b29      	ldr	r3, [pc, #164]	@ (10002034 <runtime_init_clocks+0xb8>)
10001f90:	63da      	str	r2, [r3, #60]	@ 0x3c
10001f92:	6c63      	ldr	r3, [r4, #68]	@ 0x44
10001f94:	2b01      	cmp	r3, #1
10001f96:	d1fc      	bne.n	10001f92 <runtime_init_clocks+0x16>
10001f98:	2103      	movs	r1, #3
10001f9a:	4a26      	ldr	r2, [pc, #152]	@ (10002034 <runtime_init_clocks+0xb8>)
10001f9c:	4b24      	ldr	r3, [pc, #144]	@ (10002030 <runtime_init_clocks+0xb4>)
10001f9e:	6311      	str	r1, [r2, #48]	@ 0x30
10001fa0:	6b9c      	ldr	r4, [r3, #56]	@ 0x38
10001fa2:	2c01      	cmp	r4, #1
10001fa4:	d1fc      	bne.n	10001fa0 <runtime_init_clocks+0x24>
10001fa6:	2602      	movs	r6, #2
10001fa8:	2505      	movs	r5, #5
10001faa:	4621      	mov	r1, r4
10001fac:	2305      	movs	r3, #5
10001fae:	4a22      	ldr	r2, [pc, #136]	@ (10002038 <runtime_init_clocks+0xbc>)
10001fb0:	4822      	ldr	r0, [pc, #136]	@ (1000203c <runtime_init_clocks+0xc0>)
10001fb2:	9600      	str	r6, [sp, #0]
10001fb4:	f7ff fdf0 	bl	10001b98 <pll_init>
10001fb8:	4621      	mov	r1, r4
10001fba:	462b      	mov	r3, r5
10001fbc:	4a20      	ldr	r2, [pc, #128]	@ (10002040 <runtime_init_clocks+0xc4>)
10001fbe:	4821      	ldr	r0, [pc, #132]	@ (10002044 <runtime_init_clocks+0xc8>)
10001fc0:	9500      	str	r5, [sp, #0]
10001fc2:	f7ff fde9 	bl	10001b98 <pll_init>
10001fc6:	2200      	movs	r2, #0
10001fc8:	2004      	movs	r0, #4
10001fca:	4631      	mov	r1, r6
10001fcc:	4b1e      	ldr	r3, [pc, #120]	@ (10002048 <runtime_init_clocks+0xcc>)
10001fce:	f7ff fbef 	bl	100017b0 <clock_configure_undivided>
10001fd2:	4621      	mov	r1, r4
10001fd4:	4628      	mov	r0, r5
10001fd6:	2200      	movs	r2, #0
10001fd8:	4b1c      	ldr	r3, [pc, #112]	@ (1000204c <runtime_init_clocks+0xd0>)
10001fda:	f7ff fbe9 	bl	100017b0 <clock_configure_undivided>
10001fde:	2200      	movs	r2, #0
10001fe0:	2008      	movs	r0, #8
10001fe2:	4611      	mov	r1, r2
10001fe4:	4b1a      	ldr	r3, [pc, #104]	@ (10002050 <runtime_init_clocks+0xd4>)
10001fe6:	f7ff fbe3 	bl	100017b0 <clock_configure_undivided>
10001fea:	2200      	movs	r2, #0
10001fec:	2009      	movs	r0, #9
10001fee:	4611      	mov	r1, r2
10001ff0:	4b17      	ldr	r3, [pc, #92]	@ (10002050 <runtime_init_clocks+0xd4>)
10001ff2:	f7ff fbdd 	bl	100017b0 <clock_configure_undivided>
10001ff6:	2200      	movs	r2, #0
10001ff8:	2006      	movs	r0, #6
10001ffa:	4611      	mov	r1, r2
10001ffc:	4b13      	ldr	r3, [pc, #76]	@ (1000204c <runtime_init_clocks+0xd0>)
10001ffe:	f7ff fbd7 	bl	100017b0 <clock_configure_undivided>
10002002:	2200      	movs	r2, #0
10002004:	4b11      	ldr	r3, [pc, #68]	@ (1000204c <runtime_init_clocks+0xd0>)
10002006:	2007      	movs	r0, #7
10002008:	4611      	mov	r1, r2
1000200a:	f7ff fbd1 	bl	100017b0 <clock_configure_undivided>
1000200e:	2004      	movs	r0, #4
10002010:	f7ff fc3c 	bl	1000188c <clock_get_hz>
10002014:	2400      	movs	r4, #0
10002016:	4b0f      	ldr	r3, [pc, #60]	@ (10002054 <runtime_init_clocks+0xd8>)
10002018:	fba3 3500 	umull	r3, r5, r3, r0
1000201c:	0cad      	lsrs	r5, r5, #18
1000201e:	b2e0      	uxtb	r0, r4
10002020:	4629      	mov	r1, r5
10002022:	3401      	adds	r4, #1
10002024:	f7ff fe78 	bl	10001d18 <tick_start>
10002028:	2c06      	cmp	r4, #6
1000202a:	d1f8      	bne.n	1000201e <runtime_init_clocks+0xa2>
1000202c:	b002      	add	sp, #8
1000202e:	bd70      	pop	{r4, r5, r6, pc}
10002030:	40010000 	.word	0x40010000
10002034:	40013000 	.word	0x40013000
10002038:	59682f00 	.word	0x59682f00
1000203c:	40050000 	.word	0x40050000
10002040:	47868c00 	.word	0x47868c00
10002044:	40058000 	.word	0x40058000
10002048:	00b71b00 	.word	0x00b71b00
1000204c:	08f0d180 	.word	0x08f0d180
10002050:	02dc6c00 	.word	0x02dc6c00
10002054:	431bde83 	.word	0x431bde83

10002058 <generic_save_state>:
10002058:	b086      	sub	sp, #24
1000205a:	b403      	push	{r0, r1}
1000205c:	fc51 0408 	dcp_pxmd r0, r1
10002060:	e9cd 0102 	strd	r0, r1, [sp, #8]
10002064:	fc51 0409 	dcp_pymd r0, r1
10002068:	e9cd 0104 	strd	r0, r1, [sp, #16]
1000206c:	ec51 040a 	dcp_refd r0, r1
10002070:	e9cd 0106 	strd	r0, r1, [sp, #24]
10002074:	bc03      	pop	{r0, r1}
10002076:	47f0      	blx	lr

10002078 <generic_restore_state>:
10002078:	e8bd 5000 	ldmia.w	sp!, {ip, lr}
1000207c:	ec4e c400 	dcp_wxmd ip, lr
10002080:	e8bd 5000 	ldmia.w	sp!, {ip, lr}
10002084:	ec4e c401 	dcp_wymd ip, lr
10002088:	e8bd 5000 	ldmia.w	sp!, {ip, lr}
1000208c:	ec4e c402 	dcp_wefd ip, lr
10002090:	bd00      	pop	{pc}
10002092:	0000      	movs	r0, r0
10002094:	b500      	push	{lr}
10002096:	f7ff ffdf 	bl	10002058 <generic_save_state>
1000209a:	e002      	b.n	100020a2 <__wrap___aeabi_dadd+0x6>

1000209c <__wrap___aeabi_dadd>:
1000209c:	fe10 f430 	dcp_pcmp APSR_nzcv
100020a0:	d4f8      	bmi.n	10002094 <generic_restore_state+0x1c>
100020a2:	ec41 0410 	dcp_wxup r0, r1
100020a6:	ec43 2411 	dcp_wyup r2, r3
100020aa:	ee00 0401 			dcp_add0
100020ae:	ee10 0401 			dcp_add1
100020b2:	ee80 0420 			dcp_nrdd
100020b6:	ec51 0410 	dcp_rdda r0, r1
100020ba:	4770      	bx	lr
100020bc:	b500      	push	{lr}
100020be:	f7ff ffcb 	bl	10002058 <generic_save_state>
100020c2:	e002      	b.n	100020ca <__wrap___aeabi_dsub+0x6>

100020c4 <__wrap___aeabi_dsub>:
100020c4:	fe10 f430 	dcp_pcmp APSR_nzcv
100020c8:	d4f8      	bmi.n	100020bc <__wrap___aeabi_dadd+0x20>
100020ca:	ec41 0410 	dcp_wxup r0, r1
100020ce:	ec43 2411 	dcp_wyup r2, r3
100020d2:	ee00 0401 			dcp_add0
100020d6:	ee10 0421 			dcp_sub1
100020da:	ee80 0420 			dcp_nrdd
100020de:	ec51 0430 	dcp_rdds r0, r1
100020e2:	4770      	bx	lr
100020e4:	b500      	push	{lr}
100020e6:	f7ff ffb7 	bl	10002058 <generic_save_state>
100020ea:	e002      	b.n	100020f2 <__wrap___aeabi_dmul+0x6>

100020ec <__wrap___aeabi_dmul>:
100020ec:	fe10 f430 	dcp_pcmp APSR_nzcv
100020f0:	d4f8      	bmi.n	100020e4 <__wrap___aeabi_dsub+0x20>
100020f2:	b510      	push	{r4, lr}
100020f4:	ec41 0410 	dcp_wxup r0, r1
100020f8:	ec43 2411 	dcp_wyup r2, r3
100020fc:	ec51 0404 	dcp_rxms r0, r1, #0x0
10002100:	ec53 2405 	dcp_ryms r2, r3, #0x0
10002104:	fba0 4c02 	umull	r4, ip, r0, r2
10002108:	f05f 0e00 	movs.w	lr, #0
1000210c:	fbe0 ce03 	umlal	ip, lr, r0, r3
10002110:	fbe1 ce02 	umlal	ip, lr, r1, r2
10002114:	ec4c 4420 	dcp_wxms r4, ip
10002118:	2400      	movs	r4, #0
1000211a:	fbe1 e403 	umlal	lr, r4, r1, r3
1000211e:	ec44 e430 	dcp_wxmo lr, r4
10002122:	ee80 0420 			dcp_nrdd
10002126:	ec51 0450 	dcp_rddm r0, r1
1000212a:	bd10      	pop	{r4, pc}
1000212c:	b500      	push	{lr}
1000212e:	f7ff ff93 	bl	10002058 <generic_save_state>
10002132:	e002      	b.n	1000213a <__wrap___aeabi_ddiv+0x6>

10002134 <__wrap___aeabi_ddiv>:
10002134:	fe10 f430 	dcp_pcmp APSR_nzcv
10002138:	d4f8      	bmi.n	1000212c <__wrap___aeabi_dmul+0x40>
1000213a:	ec41 0410 	dcp_wxup r0, r1
1000213e:	ec43 2411 	dcp_wyup r2, r3
10002142:	ec51 0421 	dcp_rymr r0, r1
10002146:	fba0 1201 	umull	r1, r2, r0, r1
1000214a:	ea6f 0282 	mvn.w	r2, r2, lsl #2
1000214e:	fb52 0010 	smmlar	r0, r2, r0, r0
10002152:	fb52 f212 	smmulr	r2, r2, r2
10002156:	fb52 0010 	smmlar	r0, r2, r0, r0
1000215a:	eba0 7cd0 	sub.w	ip, r0, r0, lsr #31
1000215e:	ec53 2404 	dcp_rxms r2, r3, #0x0
10002162:	fb5c f113 	smmulr	r1, ip, r3
10002166:	ec53 2415 	dcp_ryms r2, r3, #0x1
1000216a:	fba1 2002 	umull	r2, r0, r1, r2
1000216e:	fb01 0003 	mla	r0, r1, r3, r0
10002172:	ec53 2444 	dcp_rxms r2, r3, #0x4
10002176:	eba2 0000 	sub.w	r0, r2, r0
1000217a:	fb50 f21c 	smmulr	r2, r0, ip
1000217e:	ea4f 1311 	mov.w	r3, r1, lsr #4
10002182:	eb12 7001 	adds.w	r0, r2, r1, lsl #28
10002186:	eb43 71e2 	adc.w	r1, r3, r2, asr #31
1000218a:	ea40 5051 	orr.w	r0, r0, r1, lsr #21
1000218e:	ea20 5091 	bic.w	r0, r0, r1, lsr #22
10002192:	f020 0007 	bic.w	r0, r0, #7
10002196:	ec53 2475 	dcp_ryms r2, r3, #0x7
1000219a:	fba0 3c02 	umull	r3, ip, r0, r2
1000219e:	ec53 2475 	dcp_ryms r2, r3, #0x7
100021a2:	fb00 cc03 	mla	ip, r0, r3, ip
100021a6:	fb01 cc02 	mla	ip, r1, r2, ip
100021aa:	ec53 2404 	dcp_rxms r2, r3, #0x0
100021ae:	ebac 4c82 	sub.w	ip, ip, r2, lsl #18
100021b2:	ea40 705c 	orr.w	r0, r0, ip, lsr #29
100021b6:	f1a0 0001 	sub.w	r0, r0, #1
100021ba:	ec41 0440 	dcp_wxdd r0, r1
100021be:	ee80 0420 			dcp_nrdd
100021c2:	ec51 0470 	dcp_rddd r0, r1
100021c6:	4770      	bx	lr
100021c8:	b500      	push	{lr}
100021ca:	f7ff ff45 	bl	10002058 <generic_save_state>
100021ce:	e002      	b.n	100021d6 <__wrap___aeabi_i2d+0x6>

100021d0 <__wrap___aeabi_i2d>:
100021d0:	fe10 f430 	dcp_pcmp APSR_nzcv
100021d4:	d4f8      	bmi.n	100021c8 <__wrap___aeabi_ddiv+0x94>
100021d6:	ec40 0470 	dcp_wxic r0, r0
100021da:	ee00 0401 			dcp_add0
100021de:	ee10 0421 			dcp_sub1
100021e2:	ee80 0420 			dcp_nrdd
100021e6:	ec51 0430 	dcp_rdds r0, r1
100021ea:	4770      	bx	lr
100021ec:	b500      	push	{lr}
100021ee:	f7ff ff33 	bl	10002058 <generic_save_state>
100021f2:	e002      	b.n	100021fa <__wrap___aeabi_ui2d+0x6>

100021f4 <__wrap___aeabi_ui2d>:
100021f4:	fe10 f430 	dcp_pcmp APSR_nzcv
100021f8:	d4f8      	bmi.n	100021ec <__wrap___aeabi_i2d+0x1c>
100021fa:	ec40 0460 	dcp_wxuc r0, r0
100021fe:	ee00 0401 			dcp_add0
10002202:	ee10 0421 			dcp_sub1
10002206:	ee80 0420 			dcp_nrdd
1000220a:	ec51 0430 	dcp_rdds r0, r1
1000220e:	4770      	bx	lr
10002210:	b500      	push	{lr}
10002212:	f7ff ff21 	bl	10002058 <generic_save_state>
10002216:	e002      	b.n	1000221e <double2int_z_entry>

10002218 <__wrap___aeabi_d2iz>:
10002218:	fe10 f430 	dcp_pcmp APSR_nzcv
1000221c:	d4f8      	bmi.n	10002210 <__wrap___aeabi_ui2d+0x1c>

1000221e <double2int_z_entry>:
1000221e:	ec41 0480 	dcp_wxdc r0, r1
10002222:	ee00 0401 			dcp_add0
10002226:	ee10 0401 			dcp_add1
1000222a:	ee80 0440 			dcp_ntdc
1000222e:	ee10 0413 			dcp_rdic r0
10002232:	4770      	bx	lr
10002234:	b500      	push	{lr}
10002236:	f7ff ff0f 	bl	10002058 <generic_save_state>
1000223a:	e002      	b.n	10002242 <double2uint_z_entry>

1000223c <__wrap___aeabi_d2uiz>:
1000223c:	fe10 f430 	dcp_pcmp APSR_nzcv
10002240:	d4f8      	bmi.n	10002234 <double2int_z_entry+0x16>

10002242 <double2uint_z_entry>:
10002242:	ec41 0480 	dcp_wxdc r0, r1
10002246:	ee00 0401 			dcp_add0
1000224a:	ee10 0401 			dcp_add1
1000224e:	ee80 0440 			dcp_ntdc
10002252:	ee10 0433 			dcp_rduc r0
10002256:	4770      	bx	lr
10002258:	b500      	push	{lr}
1000225a:	f7ff fefd 	bl	10002058 <generic_save_state>
1000225e:	e002      	b.n	10002266 <__wrap___aeabi_dcmpun+0x6>

10002260 <__wrap___aeabi_dcmpun>:
10002260:	fe10 f430 	dcp_pcmp APSR_nzcv
10002264:	d4f8      	bmi.n	10002258 <double2uint_z_entry+0x16>
10002266:	ec41 0410 	dcp_wxup r0, r1
1000226a:	ec43 2411 	dcp_wyup r2, r3
1000226e:	ee00 0401 			dcp_add0
10002272:	ee10 0430 			dcp_rcmp r0
10002276:	f3c0 7000 	ubfx	r0, r0, #28, #1
1000227a:	4770      	bx	lr
1000227c:	b500      	push	{lr}
1000227e:	f7ff feeb 	bl	10002058 <generic_save_state>
10002282:	e002      	b.n	1000228a <__wrap___aeabi_dcmplt+0x6>

10002284 <__wrap___aeabi_dcmplt>:
10002284:	fe10 f430 	dcp_pcmp APSR_nzcv
10002288:	d4f8      	bmi.n	1000227c <__wrap___aeabi_dcmpun+0x1c>
1000228a:	ec43 2410 	dcp_wxup r2, r3
1000228e:	ec41 0411 	dcp_wyup r0, r1
10002292:	ee00 0401 			dcp_add0
10002296:	ee10 f430 			dcp_rcmp APSR_nzcv
1000229a:	bf8c      	ite	hi
1000229c:	2001      	movhi	r0, #1
1000229e:	2000      	movls	r0, #0
100022a0:	4770      	bx	lr
100022a2:	bf00      	nop
100022a4:	b500      	push	{lr}
100022a6:	f7ff fed7 	bl	10002058 <generic_save_state>
100022aa:	e002      	b.n	100022b2 <__wrap___aeabi_dcmple+0x6>

100022ac <__wrap___aeabi_dcmple>:
100022ac:	fe10 f430 	dcp_pcmp APSR_nzcv
100022b0:	d4f8      	bmi.n	100022a4 <__wrap___aeabi_dcmplt+0x20>
100022b2:	ec43 2410 	dcp_wxup r2, r3
100022b6:	ec41 0411 	dcp_wyup r0, r1
100022ba:	ee00 0401 			dcp_add0
100022be:	ee10 f430 			dcp_rcmp APSR_nzcv
100022c2:	bf2c      	ite	cs
100022c4:	2001      	movcs	r0, #1
100022c6:	2000      	movcc	r0, #0
100022c8:	4770      	bx	lr
100022ca:	bf00      	nop
100022cc:	b500      	push	{lr}
100022ce:	f7ff fec3 	bl	10002058 <generic_save_state>
100022d2:	e002      	b.n	100022da <__wrap___aeabi_dcmpge+0x6>

100022d4 <__wrap___aeabi_dcmpge>:
100022d4:	fe10 f430 	dcp_pcmp APSR_nzcv
100022d8:	d4f8      	bmi.n	100022cc <__wrap___aeabi_dcmple+0x20>
100022da:	ec41 0410 	dcp_wxup r0, r1
100022de:	ec43 2411 	dcp_wyup r2, r3
100022e2:	ee00 0401 			dcp_add0
100022e6:	ee10 f430 			dcp_rcmp APSR_nzcv
100022ea:	bf2c      	ite	cs
100022ec:	2001      	movcs	r0, #1
100022ee:	2000      	movcc	r0, #0
100022f0:	4770      	bx	lr
100022f2:	bf00      	nop
100022f4:	b500      	push	{lr}
100022f6:	f7ff feaf 	bl	10002058 <generic_save_state>
100022fa:	e002      	b.n	10002302 <__wrap___aeabi_dcmpgt+0x6>

100022fc <__wrap___aeabi_dcmpgt>:
100022fc:	fe10 f430 	dcp_pcmp APSR_nzcv
10002300:	d4f8      	bmi.n	100022f4 <__wrap___aeabi_dcmpge+0x20>
10002302:	ec41 0410 	dcp_wxup r0, r1
10002306:	ec43 2411 	dcp_wyup r2, r3
1000230a:	ee00 0401 			dcp_add0
1000230e:	ee10 f430 			dcp_rcmp APSR_nzcv
10002312:	bf8c      	ite	hi
10002314:	2001      	movhi	r0, #1
10002316:	2000      	movls	r0, #0
10002318:	4770      	bx	lr
1000231a:	bf00      	nop

1000231c <__wrap_calloc>:
1000231c:	b570      	push	{r4, r5, r6, lr}
1000231e:	4604      	mov	r4, r0
10002320:	460e      	mov	r6, r1
10002322:	480b      	ldr	r0, [pc, #44]	@ (10002350 <__wrap_calloc+0x34>)
10002324:	f006 f9b0 	bl	10008688 <__mutex_enter_blocking_veneer>
10002328:	4631      	mov	r1, r6
1000232a:	4620      	mov	r0, r4
1000232c:	f005 f99a 	bl	10007664 <calloc>
10002330:	4605      	mov	r5, r0
10002332:	4807      	ldr	r0, [pc, #28]	@ (10002350 <__wrap_calloc+0x34>)
10002334:	f006 f978 	bl	10008628 <__mutex_exit_veneer>
10002338:	b135      	cbz	r5, 10002348 <__wrap_calloc+0x2c>
1000233a:	fb06 5404 	mla	r4, r6, r4, r5
1000233e:	4b05      	ldr	r3, [pc, #20]	@ (10002354 <__wrap_calloc+0x38>)
10002340:	429c      	cmp	r4, r3
10002342:	d801      	bhi.n	10002348 <__wrap_calloc+0x2c>
10002344:	4628      	mov	r0, r5
10002346:	bd70      	pop	{r4, r5, r6, pc}
10002348:	4803      	ldr	r0, [pc, #12]	@ (10002358 <__wrap_calloc+0x3c>)
1000234a:	f7fe f83f 	bl	100003cc <panic>
1000234e:	bf00      	nop
10002350:	20002c08 	.word	0x20002c08
10002354:	20080000 	.word	0x20080000
10002358:	10008800 	.word	0x10008800

1000235c <_out_null>:
1000235c:	4770      	bx	lr
1000235e:	bf00      	nop

10002360 <_out_rev>:
10002360:	e92d 4ff0 	stmdb	sp!, {r4, r5, r6, r7, r8, r9, sl, fp, lr}
10002364:	b083      	sub	sp, #12
10002366:	460f      	mov	r7, r1
10002368:	4611      	mov	r1, r2
1000236a:	e9dd b20e 	ldrd	fp, r2, [sp, #56]	@ 0x38
1000236e:	0792      	lsls	r2, r2, #30
10002370:	4698      	mov	r8, r3
10002372:	e9dd 930c 	ldrd	r9, r3, [sp, #48]	@ 0x30
10002376:	4606      	mov	r6, r0
10002378:	d029      	beq.n	100023ce <_out_rev+0x6e>
1000237a:	460d      	mov	r5, r1
1000237c:	b19b      	cbz	r3, 100023a6 <_out_rev+0x46>
1000237e:	eb09 0403 	add.w	r4, r9, r3
10002382:	eb05 0a04 	add.w	sl, r5, r4
10002386:	9501      	str	r5, [sp, #4]
10002388:	460d      	mov	r5, r1
1000238a:	930d      	str	r3, [sp, #52]	@ 0x34
1000238c:	ebaa 0204 	sub.w	r2, sl, r4
10002390:	f814 0d01 	ldrb.w	r0, [r4, #-1]!
10002394:	4643      	mov	r3, r8
10002396:	4639      	mov	r1, r7
10002398:	47b0      	blx	r6
1000239a:	45a1      	cmp	r9, r4
1000239c:	d1f6      	bne.n	1000238c <_out_rev+0x2c>
1000239e:	4629      	mov	r1, r5
100023a0:	9b0d      	ldr	r3, [sp, #52]	@ 0x34
100023a2:	9d01      	ldr	r5, [sp, #4]
100023a4:	441d      	add	r5, r3
100023a6:	9b0f      	ldr	r3, [sp, #60]	@ 0x3c
100023a8:	079b      	lsls	r3, r3, #30
100023aa:	d50c      	bpl.n	100023c6 <_out_rev+0x66>
100023ac:	1a6c      	subs	r4, r5, r1
100023ae:	45a3      	cmp	fp, r4
100023b0:	d909      	bls.n	100023c6 <_out_rev+0x66>
100023b2:	462a      	mov	r2, r5
100023b4:	4643      	mov	r3, r8
100023b6:	4639      	mov	r1, r7
100023b8:	2020      	movs	r0, #32
100023ba:	3401      	adds	r4, #1
100023bc:	47b0      	blx	r6
100023be:	455c      	cmp	r4, fp
100023c0:	f105 0501 	add.w	r5, r5, #1
100023c4:	d3f5      	bcc.n	100023b2 <_out_rev+0x52>
100023c6:	4628      	mov	r0, r5
100023c8:	b003      	add	sp, #12
100023ca:	e8bd 8ff0 	ldmia.w	sp!, {r4, r5, r6, r7, r8, r9, sl, fp, pc}
100023ce:	455b      	cmp	r3, fp
100023d0:	d215      	bcs.n	100023fe <_out_rev+0x9e>
100023d2:	468a      	mov	sl, r1
100023d4:	461c      	mov	r4, r3
100023d6:	4689      	mov	r9, r1
100023d8:	ebab 0503 	sub.w	r5, fp, r3
100023dc:	440d      	add	r5, r1
100023de:	4652      	mov	r2, sl
100023e0:	4643      	mov	r3, r8
100023e2:	4639      	mov	r1, r7
100023e4:	2020      	movs	r0, #32
100023e6:	f10a 0a01 	add.w	sl, sl, #1
100023ea:	47b0      	blx	r6
100023ec:	45aa      	cmp	sl, r5
100023ee:	d1f6      	bne.n	100023de <_out_rev+0x7e>
100023f0:	4649      	mov	r1, r9
100023f2:	4623      	mov	r3, r4
100023f4:	f8dd 9030 	ldr.w	r9, [sp, #48]	@ 0x30
100023f8:	2c00      	cmp	r4, #0
100023fa:	d1c0      	bne.n	1000237e <_out_rev+0x1e>
100023fc:	e7e3      	b.n	100023c6 <_out_rev+0x66>
100023fe:	460d      	mov	r5, r1
10002400:	2b00      	cmp	r3, #0
10002402:	d1bc      	bne.n	1000237e <_out_rev+0x1e>
10002404:	e7df      	b.n	100023c6 <_out_rev+0x66>
10002406:	bf00      	nop

10002408 <_ntoa_format>:
10002408:	e92d 4ff0 	stmdb	sp!, {r4, r5, r6, r7, r8, r9, sl, fp, lr}
1000240c:	460f      	mov	r7, r1
1000240e:	990f      	ldr	r1, [sp, #60]	@ 0x3c
10002410:	4606      	mov	r6, r0
10002412:	f89d 002c 	ldrb.w	r0, [sp, #44]	@ 0x2c
10002416:	078d      	lsls	r5, r1, #30
10002418:	4690      	mov	r8, r2
1000241a:	e9dd a20c 	ldrd	sl, r2, [sp, #48]	@ 0x30
1000241e:	4699      	mov	r9, r3
10002420:	4683      	mov	fp, r0
10002422:	9c09      	ldr	r4, [sp, #36]	@ 0x24
10002424:	f8dd c028 	ldr.w	ip, [sp, #40]	@ 0x28
10002428:	9b0e      	ldr	r3, [sp, #56]	@ 0x38
1000242a:	d449      	bmi.n	100024c0 <_ntoa_format+0xb8>
1000242c:	2b00      	cmp	r3, #0
1000242e:	d142      	bne.n	100024b6 <_ntoa_format+0xae>
10002430:	4594      	cmp	ip, r2
10002432:	d245      	bcs.n	100024c0 <_ntoa_format+0xb8>
10002434:	f001 0501 	and.w	r5, r1, #1
10002438:	f104 3eff 	add.w	lr, r4, #4294967295
1000243c:	2030      	movs	r0, #48	@ 0x30
1000243e:	44e6      	add	lr, ip
10002440:	e005      	b.n	1000244e <_ntoa_format+0x46>
10002442:	f10c 0c01 	add.w	ip, ip, #1
10002446:	4562      	cmp	r2, ip
10002448:	f80e 0f01 	strb.w	r0, [lr, #1]!
1000244c:	d902      	bls.n	10002454 <_ntoa_format+0x4c>
1000244e:	f1bc 0f20 	cmp.w	ip, #32
10002452:	d1f6      	bne.n	10002442 <_ntoa_format+0x3a>
10002454:	2d00      	cmp	r5, #0
10002456:	f000 8087 	beq.w	10002568 <_ntoa_format+0x160>
1000245a:	4563      	cmp	r3, ip
1000245c:	d930      	bls.n	100024c0 <_ntoa_format+0xb8>
1000245e:	1e60      	subs	r0, r4, #1
10002460:	f04f 0e30 	mov.w	lr, #48	@ 0x30
10002464:	4460      	add	r0, ip
10002466:	e005      	b.n	10002474 <_ntoa_format+0x6c>
10002468:	f10c 0c01 	add.w	ip, ip, #1
1000246c:	459c      	cmp	ip, r3
1000246e:	f800 ef01 	strb.w	lr, [r0, #1]!
10002472:	d025      	beq.n	100024c0 <_ntoa_format+0xb8>
10002474:	f1bc 0f20 	cmp.w	ip, #32
10002478:	d1f6      	bne.n	10002468 <_ntoa_format+0x60>
1000247a:	06cd      	lsls	r5, r1, #27
1000247c:	d50e      	bpl.n	1000249c <_ntoa_format+0x94>
1000247e:	0548      	lsls	r0, r1, #21
10002480:	d451      	bmi.n	10002526 <_ntoa_format+0x11e>
10002482:	4562      	cmp	r2, ip
10002484:	d064      	beq.n	10002550 <_ntoa_format+0x148>
10002486:	4563      	cmp	r3, ip
10002488:	d062      	beq.n	10002550 <_ntoa_format+0x148>
1000248a:	f1ba 0f10 	cmp.w	sl, #16
1000248e:	d04d      	beq.n	1000252c <_ntoa_format+0x124>
10002490:	f1ba 0f02 	cmp.w	sl, #2
10002494:	d055      	beq.n	10002542 <_ntoa_format+0x13a>
10002496:	f1bc 0f20 	cmp.w	ip, #32
1000249a:	d12d      	bne.n	100024f8 <_ntoa_format+0xf0>
1000249c:	2220      	movs	r2, #32
1000249e:	e9cd 310b 	strd	r3, r1, [sp, #44]	@ 0x2c
100024a2:	920a      	str	r2, [sp, #40]	@ 0x28
100024a4:	464b      	mov	r3, r9
100024a6:	4642      	mov	r2, r8
100024a8:	4639      	mov	r1, r7
100024aa:	4630      	mov	r0, r6
100024ac:	9409      	str	r4, [sp, #36]	@ 0x24
100024ae:	e8bd 4ff0 	ldmia.w	sp!, {r4, r5, r6, r7, r8, r9, sl, fp, lr}
100024b2:	f7ff bf55 	b.w	10002360 <_out_rev>
100024b6:	f011 0501 	ands.w	r5, r1, #1
100024ba:	d12e      	bne.n	1000251a <_ntoa_format+0x112>
100024bc:	4594      	cmp	ip, r2
100024be:	d3bb      	bcc.n	10002438 <_ntoa_format+0x30>
100024c0:	06cd      	lsls	r5, r1, #27
100024c2:	d51e      	bpl.n	10002502 <_ntoa_format+0xfa>
100024c4:	0548      	lsls	r0, r1, #21
100024c6:	d4e0      	bmi.n	1000248a <_ntoa_format+0x82>
100024c8:	f1bc 0f00 	cmp.w	ip, #0
100024cc:	d1d9      	bne.n	10002482 <_ntoa_format+0x7a>
100024ce:	f1ba 0f10 	cmp.w	sl, #16
100024d2:	d05f      	beq.n	10002594 <_ntoa_format+0x18c>
100024d4:	f1ba 0f02 	cmp.w	sl, #2
100024d8:	d074      	beq.n	100025c4 <_ntoa_format+0x1bc>
100024da:	2230      	movs	r2, #48	@ 0x30
100024dc:	f04f 0c01 	mov.w	ip, #1
100024e0:	7022      	strb	r2, [r4, #0]
100024e2:	f1bb 0f00 	cmp.w	fp, #0
100024e6:	d112      	bne.n	1000250e <_ntoa_format+0x106>
100024e8:	0748      	lsls	r0, r1, #29
100024ea:	d542      	bpl.n	10002572 <_ntoa_format+0x16a>
100024ec:	222b      	movs	r2, #43	@ 0x2b
100024ee:	f804 200c 	strb.w	r2, [r4, ip]
100024f2:	f10c 0201 	add.w	r2, ip, #1
100024f6:	e7d2      	b.n	1000249e <_ntoa_format+0x96>
100024f8:	4662      	mov	r2, ip
100024fa:	f10c 0c01 	add.w	ip, ip, #1
100024fe:	2030      	movs	r0, #48	@ 0x30
10002500:	54a0      	strb	r0, [r4, r2]
10002502:	f1bc 0f20 	cmp.w	ip, #32
10002506:	d0c9      	beq.n	1000249c <_ntoa_format+0x94>
10002508:	f1bb 0f00 	cmp.w	fp, #0
1000250c:	d0ec      	beq.n	100024e8 <_ntoa_format+0xe0>
1000250e:	222d      	movs	r2, #45	@ 0x2d
10002510:	f804 200c 	strb.w	r2, [r4, ip]
10002514:	f10c 0201 	add.w	r2, ip, #1
10002518:	e7c1      	b.n	1000249e <_ntoa_format+0x96>
1000251a:	b398      	cbz	r0, 10002584 <_ntoa_format+0x17c>
1000251c:	4594      	cmp	ip, r2
1000251e:	f103 33ff 	add.w	r3, r3, #4294967295
10002522:	d389      	bcc.n	10002438 <_ntoa_format+0x30>
10002524:	e799      	b.n	1000245a <_ntoa_format+0x52>
10002526:	f1ba 0f10 	cmp.w	sl, #16
1000252a:	d1b7      	bne.n	1000249c <_ntoa_format+0x94>
1000252c:	068d      	lsls	r5, r1, #26
1000252e:	d53d      	bpl.n	100025ac <_ntoa_format+0x1a4>
10002530:	f1bc 0f20 	cmp.w	ip, #32
10002534:	d0b2      	beq.n	1000249c <_ntoa_format+0x94>
10002536:	2258      	movs	r2, #88	@ 0x58
10002538:	f804 200c 	strb.w	r2, [r4, ip]
1000253c:	f10c 0c01 	add.w	ip, ip, #1
10002540:	e7a9      	b.n	10002496 <_ntoa_format+0x8e>
10002542:	f1bc 0f20 	cmp.w	ip, #32
10002546:	d0a9      	beq.n	1000249c <_ntoa_format+0x94>
10002548:	4662      	mov	r2, ip
1000254a:	f10c 0c01 	add.w	ip, ip, #1
1000254e:	e008      	b.n	10002562 <_ntoa_format+0x15a>
10002550:	f1bc 0201 	subs.w	r2, ip, #1
10002554:	d0bb      	beq.n	100024ce <_ntoa_format+0xc6>
10002556:	f1ba 0f10 	cmp.w	sl, #16
1000255a:	d035      	beq.n	100025c8 <_ntoa_format+0x1c0>
1000255c:	f1ba 0f02 	cmp.w	sl, #2
10002560:	d1cd      	bne.n	100024fe <_ntoa_format+0xf6>
10002562:	2062      	movs	r0, #98	@ 0x62
10002564:	54a0      	strb	r0, [r4, r2]
10002566:	e796      	b.n	10002496 <_ntoa_format+0x8e>
10002568:	06cd      	lsls	r5, r1, #27
1000256a:	d5ca      	bpl.n	10002502 <_ntoa_format+0xfa>
1000256c:	0548      	lsls	r0, r1, #21
1000256e:	d588      	bpl.n	10002482 <_ntoa_format+0x7a>
10002570:	e78b      	b.n	1000248a <_ntoa_format+0x82>
10002572:	070a      	lsls	r2, r1, #28
10002574:	bf49      	itett	mi
10002576:	2220      	movmi	r2, #32
10002578:	4662      	movpl	r2, ip
1000257a:	f804 200c 	strbmi.w	r2, [r4, ip]
1000257e:	f10c 0201 	addmi.w	r2, ip, #1
10002582:	e78c      	b.n	1000249e <_ntoa_format+0x96>
10002584:	f011 0f0c 	tst.w	r1, #12
10002588:	d000      	beq.n	1000258c <_ntoa_format+0x184>
1000258a:	3b01      	subs	r3, #1
1000258c:	4594      	cmp	ip, r2
1000258e:	f4ff af53 	bcc.w	10002438 <_ntoa_format+0x30>
10002592:	e762      	b.n	1000245a <_ntoa_format+0x52>
10002594:	068a      	lsls	r2, r1, #26
10002596:	d413      	bmi.n	100025c0 <_ntoa_format+0x1b8>
10002598:	2278      	movs	r2, #120	@ 0x78
1000259a:	7022      	strb	r2, [r4, #0]
1000259c:	2230      	movs	r2, #48	@ 0x30
1000259e:	f04f 0c02 	mov.w	ip, #2
100025a2:	7062      	strb	r2, [r4, #1]
100025a4:	f1bb 0f00 	cmp.w	fp, #0
100025a8:	d09e      	beq.n	100024e8 <_ntoa_format+0xe0>
100025aa:	e7b0      	b.n	1000250e <_ntoa_format+0x106>
100025ac:	f1bc 0f20 	cmp.w	ip, #32
100025b0:	f43f af74 	beq.w	1000249c <_ntoa_format+0x94>
100025b4:	2278      	movs	r2, #120	@ 0x78
100025b6:	f804 200c 	strb.w	r2, [r4, ip]
100025ba:	f10c 0c01 	add.w	ip, ip, #1
100025be:	e76a      	b.n	10002496 <_ntoa_format+0x8e>
100025c0:	2258      	movs	r2, #88	@ 0x58
100025c2:	e7ea      	b.n	1000259a <_ntoa_format+0x192>
100025c4:	2262      	movs	r2, #98	@ 0x62
100025c6:	e7e8      	b.n	1000259a <_ntoa_format+0x192>
100025c8:	068d      	lsls	r5, r1, #26
100025ca:	f1ac 0002 	sub.w	r0, ip, #2
100025ce:	d504      	bpl.n	100025da <_ntoa_format+0x1d2>
100025d0:	f04f 0e58 	mov.w	lr, #88	@ 0x58
100025d4:	f804 e000 	strb.w	lr, [r4, r0]
100025d8:	e791      	b.n	100024fe <_ntoa_format+0xf6>
100025da:	f04f 0e78 	mov.w	lr, #120	@ 0x78
100025de:	f804 e000 	strb.w	lr, [r4, r0]
100025e2:	e78c      	b.n	100024fe <_ntoa_format+0xf6>

100025e4 <_out_char>:
100025e4:	b900      	cbnz	r0, 100025e8 <_out_char+0x4>
100025e6:	4770      	bx	lr
100025e8:	f001 bbd8 	b.w	10003d9c <__wrap_putchar>

100025ec <_out_fct>:
100025ec:	b110      	cbz	r0, 100025f4 <_out_fct+0x8>
100025ee:	e9d1 3100 	ldrd	r3, r1, [r1]
100025f2:	4718      	bx	r3
100025f4:	4770      	bx	lr
100025f6:	bf00      	nop

100025f8 <_ftoa>:
100025f8:	e92d 4ff0 	stmdb	sp!, {r4, r5, r6, r7, r8, r9, sl, fp, lr}
100025fc:	b097      	sub	sp, #92	@ 0x5c
100025fe:	ed9d 7b20 	vldr	d7, [sp, #128]	@ 0x80
10002602:	e9dd 5b22 	ldrd	r5, fp, [sp, #136]	@ 0x88
10002606:	4680      	mov	r8, r0
10002608:	4689      	mov	r9, r1
1000260a:	ec51 0b17 	vmov	r0, r1, d7
1000260e:	469a      	mov	sl, r3
10002610:	9b24      	ldr	r3, [sp, #144]	@ 0x90
10002612:	920c      	str	r2, [sp, #48]	@ 0x30
10002614:	9307      	str	r3, [sp, #28]
10002616:	4602      	mov	r2, r0
10002618:	460b      	mov	r3, r1
1000261a:	ed8d 7b04 	vstr	d7, [sp, #16]
1000261e:	f7ff fe1f 	bl	10002260 <__wrap___aeabi_dcmpun>
10002622:	2800      	cmp	r0, #0
10002624:	f040 81e3 	bne.w	100029ee <_ftoa+0x3f6>
10002628:	e9dd 0104 	ldrd	r0, r1, [sp, #16]
1000262c:	f04f 32ff 	mov.w	r2, #4294967295
10002630:	f46f 1380 	mvn.w	r3, #1048576	@ 0x100000
10002634:	f7ff fe26 	bl	10002284 <__wrap___aeabi_dcmplt>
10002638:	2800      	cmp	r0, #0
1000263a:	f040 80cb 	bne.w	100027d4 <_ftoa+0x1dc>
1000263e:	e9dd 0104 	ldrd	r0, r1, [sp, #16]
10002642:	f04f 32ff 	mov.w	r2, #4294967295
10002646:	4bb2      	ldr	r3, [pc, #712]	@ (10002910 <_ftoa+0x318>)
10002648:	f7ff fe58 	bl	100022fc <__wrap___aeabi_dcmpgt>
1000264c:	2800      	cmp	r0, #0
1000264e:	f040 809f 	bne.w	10002790 <_ftoa+0x198>
10002652:	e9dd 6704 	ldrd	r6, r7, [sp, #16]
10002656:	a3aa      	add	r3, pc, #680	@ (adr r3, 10002900 <_ftoa+0x308>)
10002658:	e9d3 2300 	ldrd	r2, r3, [r3]
1000265c:	4630      	mov	r0, r6
1000265e:	4639      	mov	r1, r7
10002660:	f7ff fe4c 	bl	100022fc <__wrap___aeabi_dcmpgt>
10002664:	2800      	cmp	r0, #0
10002666:	f040 8082 	bne.w	1000276e <_ftoa+0x176>
1000266a:	a3a7      	add	r3, pc, #668	@ (adr r3, 10002908 <_ftoa+0x310>)
1000266c:	e9d3 2300 	ldrd	r2, r3, [r3]
10002670:	4630      	mov	r0, r6
10002672:	4639      	mov	r1, r7
10002674:	f7ff fe06 	bl	10002284 <__wrap___aeabi_dcmplt>
10002678:	2800      	cmp	r0, #0
1000267a:	d178      	bne.n	1000276e <_ftoa+0x176>
1000267c:	4630      	mov	r0, r6
1000267e:	4639      	mov	r1, r7
10002680:	2200      	movs	r2, #0
10002682:	2300      	movs	r3, #0
10002684:	f7ff fdfe 	bl	10002284 <__wrap___aeabi_dcmplt>
10002688:	2800      	cmp	r0, #0
1000268a:	f040 8098 	bne.w	100027be <_ftoa+0x1c6>
1000268e:	900d      	str	r0, [sp, #52]	@ 0x34
10002690:	9b07      	ldr	r3, [sp, #28]
10002692:	2130      	movs	r1, #48	@ 0x30
10002694:	f413 6f80 	tst.w	r3, #1024	@ 0x400
10002698:	bf08      	it	eq
1000269a:	2506      	moveq	r5, #6
1000269c:	aa0e      	add	r2, sp, #56	@ 0x38
1000269e:	462b      	mov	r3, r5
100026a0:	f1a5 0620 	sub.w	r6, r5, #32
100026a4:	e005      	b.n	100026b2 <_ftoa+0xba>
100026a6:	3b01      	subs	r3, #1
100026a8:	42b3      	cmp	r3, r6
100026aa:	f802 1b01 	strb.w	r1, [r2], #1
100026ae:	f000 8165 	beq.w	1000297c <_ftoa+0x384>
100026b2:	2b09      	cmp	r3, #9
100026b4:	d8f7      	bhi.n	100026a6 <_ftoa+0xae>
100026b6:	461e      	mov	r6, r3
100026b8:	1aed      	subs	r5, r5, r3
100026ba:	e9dd 0104 	ldrd	r0, r1, [sp, #16]
100026be:	f7ff fdab 	bl	10002218 <__wrap___aeabi_d2iz>
100026c2:	4b94      	ldr	r3, [pc, #592]	@ (10002914 <_ftoa+0x31c>)
100026c4:	4604      	mov	r4, r0
100026c6:	eb03 03c6 	add.w	r3, r3, r6, lsl #3
100026ca:	ed93 7b00 	vldr	d7, [r3]
100026ce:	ed8d 7b08 	vstr	d7, [sp, #32]
100026d2:	f7ff fd7d 	bl	100021d0 <__wrap___aeabi_i2d>
100026d6:	4602      	mov	r2, r0
100026d8:	460b      	mov	r3, r1
100026da:	e9dd 0104 	ldrd	r0, r1, [sp, #16]
100026de:	f7ff fcf1 	bl	100020c4 <__wrap___aeabi_dsub>
100026e2:	e9dd 2308 	ldrd	r2, r3, [sp, #32]
100026e6:	f7ff fd01 	bl	100020ec <__wrap___aeabi_dmul>
100026ea:	e9cd 010a 	strd	r0, r1, [sp, #40]	@ 0x28
100026ee:	f7ff fda5 	bl	1000223c <__wrap___aeabi_d2uiz>
100026f2:	4607      	mov	r7, r0
100026f4:	f7ff fd7e 	bl	100021f4 <__wrap___aeabi_ui2d>
100026f8:	4602      	mov	r2, r0
100026fa:	460b      	mov	r3, r1
100026fc:	e9dd 010a 	ldrd	r0, r1, [sp, #40]	@ 0x28
10002700:	f7ff fce0 	bl	100020c4 <__wrap___aeabi_dsub>
10002704:	2200      	movs	r2, #0
10002706:	4b84      	ldr	r3, [pc, #528]	@ (10002918 <_ftoa+0x320>)
10002708:	e9cd 010a 	strd	r0, r1, [sp, #40]	@ 0x28
1000270c:	f7ff fdf6 	bl	100022fc <__wrap___aeabi_dcmpgt>
10002710:	2800      	cmp	r0, #0
10002712:	f000 8088 	beq.w	10002826 <_ftoa+0x22e>
10002716:	3701      	adds	r7, #1
10002718:	4638      	mov	r0, r7
1000271a:	f7ff fd6b 	bl	100021f4 <__wrap___aeabi_ui2d>
1000271e:	4602      	mov	r2, r0
10002720:	460b      	mov	r3, r1
10002722:	e9dd 0108 	ldrd	r0, r1, [sp, #32]
10002726:	f7ff fdc1 	bl	100022ac <__wrap___aeabi_dcmple>
1000272a:	b108      	cbz	r0, 10002730 <_ftoa+0x138>
1000272c:	2700      	movs	r7, #0
1000272e:	3401      	adds	r4, #1
10002730:	2e00      	cmp	r6, #0
10002732:	f000 8088 	beq.w	10002846 <_ftoa+0x24e>
10002736:	f10d 0337 	add.w	r3, sp, #55	@ 0x37
1000273a:	f8df c1f0 	ldr.w	ip, [pc, #496]	@ 1000292c <_ftoa+0x334>
1000273e:	1958      	adds	r0, r3, r5
10002740:	e00d      	b.n	1000275e <_ftoa+0x166>
10002742:	fbac 2107 	umull	r2, r1, ip, r7
10002746:	08c9      	lsrs	r1, r1, #3
10002748:	eb01 0281 	add.w	r2, r1, r1, lsl #2
1000274c:	eba7 0242 	sub.w	r2, r7, r2, lsl #1
10002750:	3230      	adds	r2, #48	@ 0x30
10002752:	2f09      	cmp	r7, #9
10002754:	f800 2f01 	strb.w	r2, [r0, #1]!
10002758:	f240 80fb 	bls.w	10002952 <_ftoa+0x35a>
1000275c:	460f      	mov	r7, r1
1000275e:	2d20      	cmp	r5, #32
10002760:	f106 36ff 	add.w	r6, r6, #4294967295
10002764:	f105 0501 	add.w	r5, r5, #1
10002768:	d1eb      	bne.n	10002742 <_ftoa+0x14a>
1000276a:	2520      	movs	r5, #32
1000276c:	e086      	b.n	1000287c <_ftoa+0x284>
1000276e:	9b07      	ldr	r3, [sp, #28]
10002770:	ed9d 7b04 	vldr	d7, [sp, #16]
10002774:	e9cd b323 	strd	fp, r3, [sp, #140]	@ 0x8c
10002778:	4649      	mov	r1, r9
1000277a:	4653      	mov	r3, sl
1000277c:	4640      	mov	r0, r8
1000277e:	9a0c      	ldr	r2, [sp, #48]	@ 0x30
10002780:	ed8d 7b20 	vstr	d7, [sp, #128]	@ 0x80
10002784:	9522      	str	r5, [sp, #136]	@ 0x88
10002786:	b017      	add	sp, #92	@ 0x5c
10002788:	e8bd 4ff0 	ldmia.w	sp!, {r4, r5, r6, r7, r8, r9, sl, fp, lr}
1000278c:	f000 b980 	b.w	10002a90 <_etoa>
10002790:	9b07      	ldr	r3, [sp, #28]
10002792:	4649      	mov	r1, r9
10002794:	0758      	lsls	r0, r3, #29
10002796:	bf4c      	ite	mi
10002798:	2304      	movmi	r3, #4
1000279a:	2303      	movpl	r3, #3
1000279c:	4640      	mov	r0, r8
1000279e:	9321      	str	r3, [sp, #132]	@ 0x84
100027a0:	4653      	mov	r3, sl
100027a2:	9a07      	ldr	r2, [sp, #28]
100027a4:	bf48      	it	mi
100027a6:	4c5d      	ldrmi	r4, [pc, #372]	@ (1000291c <_ftoa+0x324>)
100027a8:	e9cd b222 	strd	fp, r2, [sp, #136]	@ 0x88
100027ac:	bf58      	it	pl
100027ae:	4c5c      	ldrpl	r4, [pc, #368]	@ (10002920 <_ftoa+0x328>)
100027b0:	9a0c      	ldr	r2, [sp, #48]	@ 0x30
100027b2:	9420      	str	r4, [sp, #128]	@ 0x80
100027b4:	b017      	add	sp, #92	@ 0x5c
100027b6:	e8bd 4ff0 	ldmia.w	sp!, {r4, r5, r6, r7, r8, r9, sl, fp, lr}
100027ba:	f7ff bdd1 	b.w	10002360 <_out_rev>
100027be:	463b      	mov	r3, r7
100027c0:	4632      	mov	r2, r6
100027c2:	2000      	movs	r0, #0
100027c4:	2100      	movs	r1, #0
100027c6:	f7ff fc7d 	bl	100020c4 <__wrap___aeabi_dsub>
100027ca:	2301      	movs	r3, #1
100027cc:	e9cd 0104 	strd	r0, r1, [sp, #16]
100027d0:	930d      	str	r3, [sp, #52]	@ 0x34
100027d2:	e75d      	b.n	10002690 <_ftoa+0x98>
100027d4:	9b07      	ldr	r3, [sp, #28]
100027d6:	f003 0202 	and.w	r2, r3, #2
100027da:	079c      	lsls	r4, r3, #30
100027dc:	9204      	str	r2, [sp, #16]
100027de:	f000 80f4 	beq.w	100029ca <_ftoa+0x3d2>
100027e2:	9f0c      	ldr	r7, [sp, #48]	@ 0x30
100027e4:	463d      	mov	r5, r7
100027e6:	4e4f      	ldr	r6, [pc, #316]	@ (10002924 <_ftoa+0x32c>)
100027e8:	1d34      	adds	r4, r6, #4
100027ea:	f814 0d01 	ldrb.w	r0, [r4, #-1]!
100027ee:	462a      	mov	r2, r5
100027f0:	4653      	mov	r3, sl
100027f2:	4649      	mov	r1, r9
100027f4:	47c0      	blx	r8
100027f6:	42a6      	cmp	r6, r4
100027f8:	f105 0501 	add.w	r5, r5, #1
100027fc:	d1f5      	bne.n	100027ea <_ftoa+0x1f2>
100027fe:	9b04      	ldr	r3, [sp, #16]
10002800:	1d3c      	adds	r4, r7, #4
10002802:	b163      	cbz	r3, 1000281e <_ftoa+0x226>
10002804:	9d0c      	ldr	r5, [sp, #48]	@ 0x30
10002806:	1b63      	subs	r3, r4, r5
10002808:	459b      	cmp	fp, r3
1000280a:	d908      	bls.n	1000281e <_ftoa+0x226>
1000280c:	4622      	mov	r2, r4
1000280e:	4653      	mov	r3, sl
10002810:	4649      	mov	r1, r9
10002812:	2020      	movs	r0, #32
10002814:	3401      	adds	r4, #1
10002816:	47c0      	blx	r8
10002818:	1b63      	subs	r3, r4, r5
1000281a:	459b      	cmp	fp, r3
1000281c:	d8f6      	bhi.n	1000280c <_ftoa+0x214>
1000281e:	4620      	mov	r0, r4
10002820:	b017      	add	sp, #92	@ 0x5c
10002822:	e8bd 8ff0 	ldmia.w	sp!, {r4, r5, r6, r7, r8, r9, sl, fp, pc}
10002826:	2200      	movs	r2, #0
10002828:	e9dd 010a 	ldrd	r0, r1, [sp, #40]	@ 0x28
1000282c:	4b3a      	ldr	r3, [pc, #232]	@ (10002918 <_ftoa+0x320>)
1000282e:	f7ff fd29 	bl	10002284 <__wrap___aeabi_dcmplt>
10002832:	2800      	cmp	r0, #0
10002834:	f47f af7c 	bne.w	10002730 <_ftoa+0x138>
10002838:	2f00      	cmp	r7, #0
1000283a:	f040 80c2 	bne.w	100029c2 <_ftoa+0x3ca>
1000283e:	3701      	adds	r7, #1
10002840:	2e00      	cmp	r6, #0
10002842:	f47f af78 	bne.w	10002736 <_ftoa+0x13e>
10002846:	4620      	mov	r0, r4
10002848:	f7ff fcc2 	bl	100021d0 <__wrap___aeabi_i2d>
1000284c:	4602      	mov	r2, r0
1000284e:	460b      	mov	r3, r1
10002850:	e9dd 0104 	ldrd	r0, r1, [sp, #16]
10002854:	f7ff fc36 	bl	100020c4 <__wrap___aeabi_dsub>
10002858:	2200      	movs	r2, #0
1000285a:	4b2f      	ldr	r3, [pc, #188]	@ (10002918 <_ftoa+0x320>)
1000285c:	4606      	mov	r6, r0
1000285e:	460f      	mov	r7, r1
10002860:	f7ff fd10 	bl	10002284 <__wrap___aeabi_dcmplt>
10002864:	b940      	cbnz	r0, 10002878 <_ftoa+0x280>
10002866:	4630      	mov	r0, r6
10002868:	4639      	mov	r1, r7
1000286a:	2200      	movs	r2, #0
1000286c:	4b2a      	ldr	r3, [pc, #168]	@ (10002918 <_ftoa+0x320>)
1000286e:	f7ff fd45 	bl	100022fc <__wrap___aeabi_dcmpgt>
10002872:	2800      	cmp	r0, #0
10002874:	f000 80a1 	beq.w	100029ba <_ftoa+0x3c2>
10002878:	f10d 0337 	add.w	r3, sp, #55	@ 0x37
1000287c:	482a      	ldr	r0, [pc, #168]	@ (10002928 <_ftoa+0x330>)
1000287e:	1959      	adds	r1, r3, r5
10002880:	e00e      	b.n	100028a0 <_ftoa+0x2a8>
10002882:	fb80 7604 	smull	r7, r6, r0, r4
10002886:	ebc2 02a6 	rsb	r2, r2, r6, asr #2
1000288a:	eb02 0682 	add.w	r6, r2, r2, lsl #2
1000288e:	eba4 0646 	sub.w	r6, r4, r6, lsl #1
10002892:	3630      	adds	r6, #48	@ 0x30
10002894:	4614      	mov	r4, r2
10002896:	3501      	adds	r5, #1
10002898:	f801 6f01 	strb.w	r6, [r1, #1]!
1000289c:	2a00      	cmp	r2, #0
1000289e:	d047      	beq.n	10002930 <_ftoa+0x338>
100028a0:	2d20      	cmp	r5, #32
100028a2:	ea4f 72e4 	mov.w	r2, r4, asr #31
100028a6:	d1ec      	bne.n	10002882 <_ftoa+0x28a>
100028a8:	9a07      	ldr	r2, [sp, #28]
100028aa:	f002 0203 	and.w	r2, r2, #3
100028ae:	2a01      	cmp	r2, #1
100028b0:	d114      	bne.n	100028dc <_ftoa+0x2e4>
100028b2:	f1bb 0f00 	cmp.w	fp, #0
100028b6:	d011      	beq.n	100028dc <_ftoa+0x2e4>
100028b8:	9a0d      	ldr	r2, [sp, #52]	@ 0x34
100028ba:	2a00      	cmp	r2, #0
100028bc:	d060      	beq.n	10002980 <_ftoa+0x388>
100028be:	f10b 3bff 	add.w	fp, fp, #4294967295
100028c2:	f1bb 0f20 	cmp.w	fp, #32
100028c6:	d909      	bls.n	100028dc <_ftoa+0x2e4>
100028c8:	2230      	movs	r2, #48	@ 0x30
100028ca:	442b      	add	r3, r5
100028cc:	e004      	b.n	100028d8 <_ftoa+0x2e0>
100028ce:	3501      	adds	r5, #1
100028d0:	455d      	cmp	r5, fp
100028d2:	f803 2f01 	strb.w	r2, [r3, #1]!
100028d6:	d231      	bcs.n	1000293c <_ftoa+0x344>
100028d8:	2d20      	cmp	r5, #32
100028da:	d1f8      	bne.n	100028ce <_ftoa+0x2d6>
100028dc:	9b07      	ldr	r3, [sp, #28]
100028de:	ac0e      	add	r4, sp, #56	@ 0x38
100028e0:	e9cd b302 	strd	fp, r3, [sp, #8]
100028e4:	9400      	str	r4, [sp, #0]
100028e6:	4653      	mov	r3, sl
100028e8:	4649      	mov	r1, r9
100028ea:	4640      	mov	r0, r8
100028ec:	9a0c      	ldr	r2, [sp, #48]	@ 0x30
100028ee:	9501      	str	r5, [sp, #4]
100028f0:	f7ff fd36 	bl	10002360 <_out_rev>
100028f4:	4604      	mov	r4, r0
100028f6:	4620      	mov	r0, r4
100028f8:	b017      	add	sp, #92	@ 0x5c
100028fa:	e8bd 8ff0 	ldmia.w	sp!, {r4, r5, r6, r7, r8, r9, sl, fp, pc}
100028fe:	bf00      	nop
10002900:	00000000 	.word	0x00000000
10002904:	41cdcd65 	.word	0x41cdcd65
10002908:	00000000 	.word	0x00000000
1000290c:	c1cdcd65 	.word	0xc1cdcd65
10002910:	7fefffff 	.word	0x7fefffff
10002914:	10008af0 	.word	0x10008af0
10002918:	3fe00000 	.word	0x3fe00000
1000291c:	10008860 	.word	0x10008860
10002920:	10008868 	.word	0x10008868
10002924:	10008870 	.word	0x10008870
10002928:	66666667 	.word	0x66666667
1000292c:	cccccccd 	.word	0xcccccccd
10002930:	9a07      	ldr	r2, [sp, #28]
10002932:	f002 0203 	and.w	r2, r2, #3
10002936:	2a01      	cmp	r2, #1
10002938:	f000 8096 	beq.w	10002a68 <_ftoa+0x470>
1000293c:	2d20      	cmp	r5, #32
1000293e:	d0cd      	beq.n	100028dc <_ftoa+0x2e4>
10002940:	9b0d      	ldr	r3, [sp, #52]	@ 0x34
10002942:	b33b      	cbz	r3, 10002994 <_ftoa+0x39c>
10002944:	222d      	movs	r2, #45	@ 0x2d
10002946:	eb0d 0305 	add.w	r3, sp, r5
1000294a:	f883 2038 	strb.w	r2, [r3, #56]	@ 0x38
1000294e:	3501      	adds	r5, #1
10002950:	e7c4      	b.n	100028dc <_ftoa+0x2e4>
10002952:	2d20      	cmp	r5, #32
10002954:	f43f af09 	beq.w	1000276a <_ftoa+0x172>
10002958:	2130      	movs	r1, #48	@ 0x30
1000295a:	442e      	add	r6, r5
1000295c:	195a      	adds	r2, r3, r5
1000295e:	e005      	b.n	1000296c <_ftoa+0x374>
10002960:	3501      	adds	r5, #1
10002962:	2d20      	cmp	r5, #32
10002964:	f802 1f01 	strb.w	r1, [r2, #1]!
10002968:	f43f aeff 	beq.w	1000276a <_ftoa+0x172>
1000296c:	42ae      	cmp	r6, r5
1000296e:	d1f7      	bne.n	10002960 <_ftoa+0x368>
10002970:	222e      	movs	r2, #46	@ 0x2e
10002972:	446e      	add	r6, sp
10002974:	3501      	adds	r5, #1
10002976:	f886 2038 	strb.w	r2, [r6, #56]	@ 0x38
1000297a:	e77f      	b.n	1000287c <_ftoa+0x284>
1000297c:	2520      	movs	r5, #32
1000297e:	e69c      	b.n	100026ba <_ftoa+0xc2>
10002980:	9a07      	ldr	r2, [sp, #28]
10002982:	f012 0f0c 	tst.w	r2, #12
10002986:	d05a      	beq.n	10002a3e <_ftoa+0x446>
10002988:	f10b 3bff 	add.w	fp, fp, #4294967295
1000298c:	45ab      	cmp	fp, r5
1000298e:	d89b      	bhi.n	100028c8 <_ftoa+0x2d0>
10002990:	2d20      	cmp	r5, #32
10002992:	d0a3      	beq.n	100028dc <_ftoa+0x2e4>
10002994:	9b07      	ldr	r3, [sp, #28]
10002996:	075a      	lsls	r2, r3, #29
10002998:	d506      	bpl.n	100029a8 <_ftoa+0x3b0>
1000299a:	222b      	movs	r2, #43	@ 0x2b
1000299c:	eb0d 0305 	add.w	r3, sp, r5
100029a0:	f883 2038 	strb.w	r2, [r3, #56]	@ 0x38
100029a4:	3501      	adds	r5, #1
100029a6:	e799      	b.n	100028dc <_ftoa+0x2e4>
100029a8:	071b      	lsls	r3, r3, #28
100029aa:	d597      	bpl.n	100028dc <_ftoa+0x2e4>
100029ac:	2220      	movs	r2, #32
100029ae:	eb0d 0305 	add.w	r3, sp, r5
100029b2:	f883 2038 	strb.w	r2, [r3, #56]	@ 0x38
100029b6:	3501      	adds	r5, #1
100029b8:	e790      	b.n	100028dc <_ftoa+0x2e4>
100029ba:	3401      	adds	r4, #1
100029bc:	f024 0401 	bic.w	r4, r4, #1
100029c0:	e75a      	b.n	10002878 <_ftoa+0x280>
100029c2:	07f9      	lsls	r1, r7, #31
100029c4:	f57f aeb4 	bpl.w	10002730 <_ftoa+0x138>
100029c8:	e739      	b.n	1000283e <_ftoa+0x246>
100029ca:	f1bb 0f04 	cmp.w	fp, #4
100029ce:	f67f af08 	bls.w	100027e2 <_ftoa+0x1ea>
100029d2:	9b0c      	ldr	r3, [sp, #48]	@ 0x30
100029d4:	461d      	mov	r5, r3
100029d6:	3b04      	subs	r3, #4
100029d8:	eb03 070b 	add.w	r7, r3, fp
100029dc:	462a      	mov	r2, r5
100029de:	4653      	mov	r3, sl
100029e0:	4649      	mov	r1, r9
100029e2:	2020      	movs	r0, #32
100029e4:	3501      	adds	r5, #1
100029e6:	47c0      	blx	r8
100029e8:	42af      	cmp	r7, r5
100029ea:	d1f7      	bne.n	100029dc <_ftoa+0x3e4>
100029ec:	e6fa      	b.n	100027e4 <_ftoa+0x1ec>
100029ee:	9b07      	ldr	r3, [sp, #28]
100029f0:	f003 0202 	and.w	r2, r3, #2
100029f4:	079d      	lsls	r5, r3, #30
100029f6:	9204      	str	r2, [sp, #16]
100029f8:	d025      	beq.n	10002a46 <_ftoa+0x44e>
100029fa:	9f0c      	ldr	r7, [sp, #48]	@ 0x30
100029fc:	463d      	mov	r5, r7
100029fe:	4e22      	ldr	r6, [pc, #136]	@ (10002a88 <_ftoa+0x490>)
10002a00:	1cf4      	adds	r4, r6, #3
10002a02:	f814 0d01 	ldrb.w	r0, [r4, #-1]!
10002a06:	462a      	mov	r2, r5
10002a08:	4653      	mov	r3, sl
10002a0a:	4649      	mov	r1, r9
10002a0c:	47c0      	blx	r8
10002a0e:	42a6      	cmp	r6, r4
10002a10:	f105 0501 	add.w	r5, r5, #1
10002a14:	d1f5      	bne.n	10002a02 <_ftoa+0x40a>
10002a16:	9b04      	ldr	r3, [sp, #16]
10002a18:	1cfc      	adds	r4, r7, #3
10002a1a:	2b00      	cmp	r3, #0
10002a1c:	f43f aeff 	beq.w	1000281e <_ftoa+0x226>
10002a20:	9d0c      	ldr	r5, [sp, #48]	@ 0x30
10002a22:	1b63      	subs	r3, r4, r5
10002a24:	459b      	cmp	fp, r3
10002a26:	f67f aefa 	bls.w	1000281e <_ftoa+0x226>
10002a2a:	4622      	mov	r2, r4
10002a2c:	4653      	mov	r3, sl
10002a2e:	4649      	mov	r1, r9
10002a30:	2020      	movs	r0, #32
10002a32:	3401      	adds	r4, #1
10002a34:	47c0      	blx	r8
10002a36:	1b63      	subs	r3, r4, r5
10002a38:	459b      	cmp	fp, r3
10002a3a:	d8f6      	bhi.n	10002a2a <_ftoa+0x432>
10002a3c:	e6ef      	b.n	1000281e <_ftoa+0x226>
10002a3e:	45ab      	cmp	fp, r5
10002a40:	f63f af42 	bhi.w	100028c8 <_ftoa+0x2d0>
10002a44:	e74a      	b.n	100028dc <_ftoa+0x2e4>
10002a46:	f1bb 0f03 	cmp.w	fp, #3
10002a4a:	d9d6      	bls.n	100029fa <_ftoa+0x402>
10002a4c:	9b0c      	ldr	r3, [sp, #48]	@ 0x30
10002a4e:	461d      	mov	r5, r3
10002a50:	3b03      	subs	r3, #3
10002a52:	eb03 070b 	add.w	r7, r3, fp
10002a56:	462a      	mov	r2, r5
10002a58:	4653      	mov	r3, sl
10002a5a:	4649      	mov	r1, r9
10002a5c:	2020      	movs	r0, #32
10002a5e:	3501      	adds	r5, #1
10002a60:	47c0      	blx	r8
10002a62:	42bd      	cmp	r5, r7
10002a64:	d1f7      	bne.n	10002a56 <_ftoa+0x45e>
10002a66:	e7c9      	b.n	100029fc <_ftoa+0x404>
10002a68:	f1bb 0f00 	cmp.w	fp, #0
10002a6c:	f43f af66 	beq.w	1000293c <_ftoa+0x344>
10002a70:	9a0d      	ldr	r2, [sp, #52]	@ 0x34
10002a72:	2a00      	cmp	r2, #0
10002a74:	d084      	beq.n	10002980 <_ftoa+0x388>
10002a76:	f10b 3bff 	add.w	fp, fp, #4294967295
10002a7a:	455d      	cmp	r5, fp
10002a7c:	f4ff af24 	bcc.w	100028c8 <_ftoa+0x2d0>
10002a80:	2d20      	cmp	r5, #32
10002a82:	f47f af5f 	bne.w	10002944 <_ftoa+0x34c>
10002a86:	e729      	b.n	100028dc <_ftoa+0x2e4>
10002a88:	1000886c 	.word	0x1000886c
10002a8c:	00000000 	.word	0x00000000

10002a90 <_etoa>:
10002a90:	e92d 4ff0 	stmdb	sp!, {r4, r5, r6, r7, r8, r9, sl, fp, lr}
10002a94:	b09f      	sub	sp, #124	@ 0x7c
10002a96:	461e      	mov	r6, r3
10002a98:	e9dd ab28 	ldrd	sl, fp, [sp, #160]	@ 0xa0
10002a9c:	e9dd 982b 	ldrd	r9, r8, [sp, #172]	@ 0xac
10002aa0:	9b2a      	ldr	r3, [sp, #168]	@ 0xa8
10002aa2:	4604      	mov	r4, r0
10002aa4:	460d      	mov	r5, r1
10002aa6:	920b      	str	r2, [sp, #44]	@ 0x2c
10002aa8:	930a      	str	r3, [sp, #40]	@ 0x28
10002aaa:	4652      	mov	r2, sl
10002aac:	465b      	mov	r3, fp
10002aae:	4650      	mov	r0, sl
10002ab0:	4659      	mov	r1, fp
10002ab2:	f7ff fbd5 	bl	10002260 <__wrap___aeabi_dcmpun>
10002ab6:	2800      	cmp	r0, #0
10002ab8:	f040 80c6 	bne.w	10002c48 <_etoa+0x1b8>
10002abc:	4650      	mov	r0, sl
10002abe:	4659      	mov	r1, fp
10002ac0:	f04f 32ff 	mov.w	r2, #4294967295
10002ac4:	4b7b      	ldr	r3, [pc, #492]	@ (10002cb4 <_etoa+0x224>)
10002ac6:	f7ff fc19 	bl	100022fc <__wrap___aeabi_dcmpgt>
10002aca:	2800      	cmp	r0, #0
10002acc:	f040 80bc 	bne.w	10002c48 <_etoa+0x1b8>
10002ad0:	4650      	mov	r0, sl
10002ad2:	4659      	mov	r1, fp
10002ad4:	f04f 32ff 	mov.w	r2, #4294967295
10002ad8:	f46f 1380 	mvn.w	r3, #1048576	@ 0x100000
10002adc:	f7ff fbd2 	bl	10002284 <__wrap___aeabi_dcmplt>
10002ae0:	2800      	cmp	r0, #0
10002ae2:	f040 80b1 	bne.w	10002c48 <_etoa+0x1b8>
10002ae6:	4650      	mov	r0, sl
10002ae8:	4659      	mov	r1, fp
10002aea:	2200      	movs	r2, #0
10002aec:	2300      	movs	r3, #0
10002aee:	f7ff fbc9 	bl	10002284 <__wrap___aeabi_dcmplt>
10002af2:	2800      	cmp	r0, #0
10002af4:	f040 81dd 	bne.w	10002eb2 <_etoa+0x422>
10002af8:	e9cd ab08 	strd	sl, fp, [sp, #32]
10002afc:	e9dd 1208 	ldrd	r1, r2, [sp, #32]
10002b00:	f418 6080 	ands.w	r0, r8, #1024	@ 0x400
10002b04:	460b      	mov	r3, r1
10002b06:	460f      	mov	r7, r1
10002b08:	f408 6100 	and.w	r1, r8, #2048	@ 0x800
10002b0c:	920c      	str	r2, [sp, #48]	@ 0x30
10002b0e:	9114      	str	r1, [sp, #80]	@ 0x50
10002b10:	9015      	str	r0, [sp, #84]	@ 0x54
10002b12:	f040 80a8 	bne.w	10002c66 <_etoa+0x1d6>
10002b16:	4313      	orrs	r3, r2
10002b18:	f040 80d0 	bne.w	10002cbc <_etoa+0x22c>
10002b1c:	2900      	cmp	r1, #0
10002b1e:	f040 81ec 	bne.w	10002efa <_etoa+0x46a>
10002b22:	2306      	movs	r3, #6
10002b24:	930a      	str	r3, [sp, #40]	@ 0x28
10002b26:	f018 0202 	ands.w	r2, r8, #2
10002b2a:	9210      	str	r2, [sp, #64]	@ 0x40
10002b2c:	f040 81dd 	bne.w	10002eea <_etoa+0x45a>
10002b30:	464b      	mov	r3, r9
10002b32:	2b04      	cmp	r3, #4
10002b34:	bf38      	it	cc
10002b36:	2304      	movcc	r3, #4
10002b38:	920e      	str	r2, [sp, #56]	@ 0x38
10002b3a:	2204      	movs	r2, #4
10002b3c:	3b04      	subs	r3, #4
10002b3e:	9212      	str	r2, [sp, #72]	@ 0x48
10002b40:	9314      	str	r3, [sp, #80]	@ 0x50
10002b42:	4650      	mov	r0, sl
10002b44:	4659      	mov	r1, fp
10002b46:	2200      	movs	r2, #0
10002b48:	2300      	movs	r3, #0
10002b4a:	f7ff fb9b 	bl	10002284 <__wrap___aeabi_dcmplt>
10002b4e:	2800      	cmp	r0, #0
10002b50:	f040 822a 	bne.w	10002fa8 <_etoa+0x518>
10002b54:	ed9d 7b08 	vldr	d7, [sp, #32]
10002b58:	9b14      	ldr	r3, [sp, #80]	@ 0x50
10002b5a:	9a0b      	ldr	r2, [sp, #44]	@ 0x2c
10002b5c:	9303      	str	r3, [sp, #12]
10002b5e:	9b0a      	ldr	r3, [sp, #40]	@ 0x28
10002b60:	ed8d 7b00 	vstr	d7, [sp]
10002b64:	9302      	str	r3, [sp, #8]
10002b66:	f428 6300 	bic.w	r3, r8, #2048	@ 0x800
10002b6a:	9304      	str	r3, [sp, #16]
10002b6c:	4629      	mov	r1, r5
10002b6e:	4633      	mov	r3, r6
10002b70:	4620      	mov	r0, r4
10002b72:	f7ff fd41 	bl	100025f8 <_ftoa>
10002b76:	4602      	mov	r2, r0
10002b78:	f018 0f20 	tst.w	r8, #32
10002b7c:	4633      	mov	r3, r6
10002b7e:	4629      	mov	r1, r5
10002b80:	bf0c      	ite	eq
10002b82:	2065      	moveq	r0, #101	@ 0x65
10002b84:	2045      	movne	r0, #69	@ 0x45
10002b86:	f102 0801 	add.w	r8, r2, #1
10002b8a:	47a0      	blx	r4
10002b8c:	9b12      	ldr	r3, [sp, #72]	@ 0x48
10002b8e:	f10d 0a58 	add.w	sl, sp, #88	@ 0x58
10002b92:	f103 3bff 	add.w	fp, r3, #4294967295
10002b96:	9b0e      	ldr	r3, [sp, #56]	@ 0x38
10002b98:	2200      	movs	r2, #0
10002b9a:	ea83 7ce3 	eor.w	ip, r3, r3, asr #31
10002b9e:	4650      	mov	r0, sl
10002ba0:	f8df e114 	ldr.w	lr, [pc, #276]	@ 10002cb8 <_etoa+0x228>
10002ba4:	9f0b      	ldr	r7, [sp, #44]	@ 0x2c
10002ba6:	ebac 7ce3 	sub.w	ip, ip, r3, asr #31
10002baa:	0fd9      	lsrs	r1, r3, #31
10002bac:	f8cd 8020 	str.w	r8, [sp, #32]
10002bb0:	e002      	b.n	10002bb8 <_etoa+0x128>
10002bb2:	2a20      	cmp	r2, #32
10002bb4:	46c4      	mov	ip, r8
10002bb6:	d010      	beq.n	10002bda <_etoa+0x14a>
10002bb8:	fbae 380c 	umull	r3, r8, lr, ip
10002bbc:	ea4f 08d8 	mov.w	r8, r8, lsr #3
10002bc0:	eb08 0388 	add.w	r3, r8, r8, lsl #2
10002bc4:	ebac 0343 	sub.w	r3, ip, r3, lsl #1
10002bc8:	3001      	adds	r0, #1
10002bca:	3330      	adds	r3, #48	@ 0x30
10002bcc:	f1bc 0f09 	cmp.w	ip, #9
10002bd0:	f102 0201 	add.w	r2, r2, #1
10002bd4:	f800 3c01 	strb.w	r3, [r0, #-1]
10002bd8:	d8eb      	bhi.n	10002bb2 <_etoa+0x122>
10002bda:	2305      	movs	r3, #5
10002bdc:	f04f 0c00 	mov.w	ip, #0
10002be0:	9306      	str	r3, [sp, #24]
10002be2:	230a      	movs	r3, #10
10002be4:	f8dd 8020 	ldr.w	r8, [sp, #32]
10002be8:	e9cd 2101 	strd	r2, r1, [sp, #4]
10002bec:	e9cd 3c03 	strd	r3, ip, [sp, #12]
10002bf0:	f8cd a000 	str.w	sl, [sp]
10002bf4:	4633      	mov	r3, r6
10002bf6:	4642      	mov	r2, r8
10002bf8:	4629      	mov	r1, r5
10002bfa:	4620      	mov	r0, r4
10002bfc:	f8cd b014 	str.w	fp, [sp, #20]
10002c00:	f7ff fc02 	bl	10002408 <_ntoa_format>
10002c04:	9b10      	ldr	r3, [sp, #64]	@ 0x40
10002c06:	4682      	mov	sl, r0
10002c08:	b1d3      	cbz	r3, 10002c40 <_etoa+0x1b0>
10002c0a:	eba0 0807 	sub.w	r8, r0, r7
10002c0e:	45c1      	cmp	r9, r8
10002c10:	d916      	bls.n	10002c40 <_etoa+0x1b0>
10002c12:	eb07 0208 	add.w	r2, r7, r8
10002c16:	4633      	mov	r3, r6
10002c18:	4629      	mov	r1, r5
10002c1a:	2020      	movs	r0, #32
10002c1c:	f108 0801 	add.w	r8, r8, #1
10002c20:	47a0      	blx	r4
10002c22:	45c1      	cmp	r9, r8
10002c24:	d8f5      	bhi.n	10002c12 <_etoa+0x182>
10002c26:	1e7b      	subs	r3, r7, #1
10002c28:	444b      	add	r3, r9
10002c2a:	f1c7 0201 	rsb	r2, r7, #1
10002c2e:	eba3 030a 	sub.w	r3, r3, sl
10002c32:	4452      	add	r2, sl
10002c34:	4591      	cmp	r9, r2
10002c36:	bf38      	it	cc
10002c38:	2300      	movcc	r3, #0
10002c3a:	f10a 0a01 	add.w	sl, sl, #1
10002c3e:	449a      	add	sl, r3
10002c40:	4650      	mov	r0, sl
10002c42:	b01f      	add	sp, #124	@ 0x7c
10002c44:	e8bd 8ff0 	ldmia.w	sp!, {r4, r5, r6, r7, r8, r9, sl, fp, pc}
10002c48:	4633      	mov	r3, r6
10002c4a:	4629      	mov	r1, r5
10002c4c:	4620      	mov	r0, r4
10002c4e:	e9cd ab28 	strd	sl, fp, [sp, #160]	@ 0xa0
10002c52:	9c0a      	ldr	r4, [sp, #40]	@ 0x28
10002c54:	e9cd 982b 	strd	r9, r8, [sp, #172]	@ 0xac
10002c58:	9a0b      	ldr	r2, [sp, #44]	@ 0x2c
10002c5a:	942a      	str	r4, [sp, #168]	@ 0xa8
10002c5c:	b01f      	add	sp, #124	@ 0x7c
10002c5e:	e8bd 4ff0 	ldmia.w	sp!, {r4, r5, r6, r7, r8, r9, sl, fp, lr}
10002c62:	f7ff bcc9 	b.w	100025f8 <_ftoa>
10002c66:	ea57 0302 	orrs.w	r3, r7, r2
10002c6a:	d129      	bne.n	10002cc0 <_etoa+0x230>
10002c6c:	2900      	cmp	r1, #0
10002c6e:	f43f af5a 	beq.w	10002b26 <_etoa+0x96>
10002c72:	2300      	movs	r3, #0
10002c74:	930e      	str	r3, [sp, #56]	@ 0x38
10002c76:	9b0a      	ldr	r3, [sp, #40]	@ 0x28
10002c78:	9a0e      	ldr	r2, [sp, #56]	@ 0x38
10002c7a:	4293      	cmp	r3, r2
10002c7c:	f300 81ba 	bgt.w	10002ff4 <_etoa+0x564>
10002c80:	2700      	movs	r7, #0
10002c82:	4650      	mov	r0, sl
10002c84:	4659      	mov	r1, fp
10002c86:	2200      	movs	r2, #0
10002c88:	2300      	movs	r3, #0
10002c8a:	f7ff fafb 	bl	10002284 <__wrap___aeabi_dcmplt>
10002c8e:	2800      	cmp	r0, #0
10002c90:	f040 8115 	bne.w	10002ebe <_etoa+0x42e>
10002c94:	ed9d 7b08 	vldr	d7, [sp, #32]
10002c98:	f428 6300 	bic.w	r3, r8, #2048	@ 0x800
10002c9c:	f443 6380 	orr.w	r3, r3, #1024	@ 0x400
10002ca0:	932c      	str	r3, [sp, #176]	@ 0xb0
10002ca2:	ed8d 7b28 	vstr	d7, [sp, #160]	@ 0xa0
10002ca6:	4633      	mov	r3, r6
10002ca8:	4629      	mov	r1, r5
10002caa:	4620      	mov	r0, r4
10002cac:	e9cd 792a 	strd	r7, r9, [sp, #168]	@ 0xa8
10002cb0:	9a0b      	ldr	r2, [sp, #44]	@ 0x2c
10002cb2:	e7d3      	b.n	10002c5c <_etoa+0x1cc>
10002cb4:	7fefffff 	.word	0x7fefffff
10002cb8:	cccccccd 	.word	0xcccccccd
10002cbc:	2306      	movs	r3, #6
10002cbe:	930a      	str	r3, [sp, #40]	@ 0x28
10002cc0:	9b0c      	ldr	r3, [sp, #48]	@ 0x30
10002cc2:	f3c3 500a 	ubfx	r0, r3, #20, #11
10002cc6:	f2a0 30ff 	subw	r0, r0, #1023	@ 0x3ff
10002cca:	f7ff fa81 	bl	100021d0 <__wrap___aeabi_i2d>
10002cce:	a3b2      	add	r3, pc, #712	@ (adr r3, 10002f98 <_etoa+0x508>)
10002cd0:	e9d3 2300 	ldrd	r2, r3, [r3]
10002cd4:	f7ff fa0a 	bl	100020ec <__wrap___aeabi_dmul>
10002cd8:	a3b1      	add	r3, pc, #708	@ (adr r3, 10002fa0 <_etoa+0x510>)
10002cda:	e9d3 2300 	ldrd	r2, r3, [r3]
10002cde:	f7ff f9dd 	bl	1000209c <__wrap___aeabi_dadd>
10002ce2:	9b0c      	ldr	r3, [sp, #48]	@ 0x30
10002ce4:	e9cd 010e 	strd	r0, r1, [sp, #56]	@ 0x38
10002ce8:	f3c3 0313 	ubfx	r3, r3, #0, #20
10002cec:	f043 517f 	orr.w	r1, r3, #1069547520	@ 0x3fc00000
10002cf0:	4638      	mov	r0, r7
10002cf2:	2200      	movs	r2, #0
10002cf4:	4ba2      	ldr	r3, [pc, #648]	@ (10002f80 <_etoa+0x4f0>)
10002cf6:	f441 1140 	orr.w	r1, r1, #3145728	@ 0x300000
10002cfa:	f7ff f9e3 	bl	100020c4 <__wrap___aeabi_dsub>
10002cfe:	a394      	add	r3, pc, #592	@ (adr r3, 10002f50 <_etoa+0x4c0>)
10002d00:	e9d3 2300 	ldrd	r2, r3, [r3]
10002d04:	f7ff f9f2 	bl	100020ec <__wrap___aeabi_dmul>
10002d08:	4602      	mov	r2, r0
10002d0a:	460b      	mov	r3, r1
10002d0c:	e9dd 010e 	ldrd	r0, r1, [sp, #56]	@ 0x38
10002d10:	f7ff f9c4 	bl	1000209c <__wrap___aeabi_dadd>
10002d14:	f7ff fa80 	bl	10002218 <__wrap___aeabi_d2iz>
10002d18:	900e      	str	r0, [sp, #56]	@ 0x38
10002d1a:	f7ff fa59 	bl	100021d0 <__wrap___aeabi_i2d>
10002d1e:	a38e      	add	r3, pc, #568	@ (adr r3, 10002f58 <_etoa+0x4c8>)
10002d20:	e9d3 2300 	ldrd	r2, r3, [r3]
10002d24:	e9cd 010c 	strd	r0, r1, [sp, #48]	@ 0x30
10002d28:	f7ff f9e0 	bl	100020ec <__wrap___aeabi_dmul>
10002d2c:	2200      	movs	r2, #0
10002d2e:	4b95      	ldr	r3, [pc, #596]	@ (10002f84 <_etoa+0x4f4>)
10002d30:	f7ff f9b4 	bl	1000209c <__wrap___aeabi_dadd>
10002d34:	f7ff fa70 	bl	10002218 <__wrap___aeabi_d2iz>
10002d38:	a389      	add	r3, pc, #548	@ (adr r3, 10002f60 <_etoa+0x4d0>)
10002d3a:	e9d3 2300 	ldrd	r2, r3, [r3]
10002d3e:	4607      	mov	r7, r0
10002d40:	e9dd 010c 	ldrd	r0, r1, [sp, #48]	@ 0x30
10002d44:	f7ff f9d2 	bl	100020ec <__wrap___aeabi_dmul>
10002d48:	e9cd 010c 	strd	r0, r1, [sp, #48]	@ 0x30
10002d4c:	4638      	mov	r0, r7
10002d4e:	f7ff fa3f 	bl	100021d0 <__wrap___aeabi_i2d>
10002d52:	a385      	add	r3, pc, #532	@ (adr r3, 10002f68 <_etoa+0x4d8>)
10002d54:	e9d3 2300 	ldrd	r2, r3, [r3]
10002d58:	f7ff f9c8 	bl	100020ec <__wrap___aeabi_dmul>
10002d5c:	4602      	mov	r2, r0
10002d5e:	460b      	mov	r3, r1
10002d60:	e9dd 010c 	ldrd	r0, r1, [sp, #48]	@ 0x30
10002d64:	f7ff f9ae 	bl	100020c4 <__wrap___aeabi_dsub>
10002d68:	4602      	mov	r2, r0
10002d6a:	460b      	mov	r3, r1
10002d6c:	e9cd 230c 	strd	r2, r3, [sp, #48]	@ 0x30
10002d70:	f7ff f9bc 	bl	100020ec <__wrap___aeabi_dmul>
10002d74:	e9cd 0110 	strd	r0, r1, [sp, #64]	@ 0x40
10002d78:	e9dd 010c 	ldrd	r0, r1, [sp, #48]	@ 0x30
10002d7c:	4602      	mov	r2, r0
10002d7e:	460b      	mov	r3, r1
10002d80:	f7ff f98c 	bl	1000209c <__wrap___aeabi_dadd>
10002d84:	2200      	movs	r2, #0
10002d86:	e9cd 0112 	strd	r0, r1, [sp, #72]	@ 0x48
10002d8a:	e9dd 0110 	ldrd	r0, r1, [sp, #64]	@ 0x40
10002d8e:	4b7e      	ldr	r3, [pc, #504]	@ (10002f88 <_etoa+0x4f8>)
10002d90:	f7ff f9d0 	bl	10002134 <__wrap___aeabi_ddiv>
10002d94:	2200      	movs	r2, #0
10002d96:	4b7d      	ldr	r3, [pc, #500]	@ (10002f8c <_etoa+0x4fc>)
10002d98:	f7ff f980 	bl	1000209c <__wrap___aeabi_dadd>
10002d9c:	4602      	mov	r2, r0
10002d9e:	460b      	mov	r3, r1
10002da0:	e9dd 0110 	ldrd	r0, r1, [sp, #64]	@ 0x40
10002da4:	f7ff f9c6 	bl	10002134 <__wrap___aeabi_ddiv>
10002da8:	2200      	movs	r2, #0
10002daa:	4b79      	ldr	r3, [pc, #484]	@ (10002f90 <_etoa+0x500>)
10002dac:	f7ff f976 	bl	1000209c <__wrap___aeabi_dadd>
10002db0:	4602      	mov	r2, r0
10002db2:	460b      	mov	r3, r1
10002db4:	e9dd 0110 	ldrd	r0, r1, [sp, #64]	@ 0x40
10002db8:	f7ff f9bc 	bl	10002134 <__wrap___aeabi_ddiv>
10002dbc:	e9cd 0110 	strd	r0, r1, [sp, #64]	@ 0x40
10002dc0:	e9dd 230c 	ldrd	r2, r3, [sp, #48]	@ 0x30
10002dc4:	2000      	movs	r0, #0
10002dc6:	f04f 4180 	mov.w	r1, #1073741824	@ 0x40000000
10002dca:	f7ff f97b 	bl	100020c4 <__wrap___aeabi_dsub>
10002dce:	4602      	mov	r2, r0
10002dd0:	460b      	mov	r3, r1
10002dd2:	e9dd 0110 	ldrd	r0, r1, [sp, #64]	@ 0x40
10002dd6:	f7ff f961 	bl	1000209c <__wrap___aeabi_dadd>
10002dda:	4602      	mov	r2, r0
10002ddc:	460b      	mov	r3, r1
10002dde:	e9dd 0112 	ldrd	r0, r1, [sp, #72]	@ 0x48
10002de2:	f7ff f9a7 	bl	10002134 <__wrap___aeabi_ddiv>
10002de6:	2200      	movs	r2, #0
10002de8:	4b6a      	ldr	r3, [pc, #424]	@ (10002f94 <_etoa+0x504>)
10002dea:	f7ff f957 	bl	1000209c <__wrap___aeabi_dadd>
10002dee:	f207 3cff 	addw	ip, r7, #1023	@ 0x3ff
10002df2:	2200      	movs	r2, #0
10002df4:	ea4f 530c 	mov.w	r3, ip, lsl #20
10002df8:	f7ff f978 	bl	100020ec <__wrap___aeabi_dmul>
10002dfc:	4602      	mov	r2, r0
10002dfe:	460b      	mov	r3, r1
10002e00:	e9dd 0108 	ldrd	r0, r1, [sp, #32]
10002e04:	e9cd 230c 	strd	r2, r3, [sp, #48]	@ 0x30
10002e08:	f7ff fa3c 	bl	10002284 <__wrap___aeabi_dcmplt>
10002e0c:	b150      	cbz	r0, 10002e24 <_etoa+0x394>
10002e0e:	e9dd 010c 	ldrd	r0, r1, [sp, #48]	@ 0x30
10002e12:	9b0e      	ldr	r3, [sp, #56]	@ 0x38
10002e14:	2200      	movs	r2, #0
10002e16:	3b01      	subs	r3, #1
10002e18:	930e      	str	r3, [sp, #56]	@ 0x38
10002e1a:	4b5c      	ldr	r3, [pc, #368]	@ (10002f8c <_etoa+0x4fc>)
10002e1c:	f7ff f98a 	bl	10002134 <__wrap___aeabi_ddiv>
10002e20:	e9cd 010c 	strd	r0, r1, [sp, #48]	@ 0x30
10002e24:	e9dd 010c 	ldrd	r0, r1, [sp, #48]	@ 0x30
10002e28:	9b0e      	ldr	r3, [sp, #56]	@ 0x38
10002e2a:	4602      	mov	r2, r0
10002e2c:	3363      	adds	r3, #99	@ 0x63
10002e2e:	2bc6      	cmp	r3, #198	@ 0xc6
10002e30:	f008 0302 	and.w	r3, r8, #2
10002e34:	9310      	str	r3, [sp, #64]	@ 0x40
10002e36:	9b14      	ldr	r3, [sp, #80]	@ 0x50
10002e38:	d82d      	bhi.n	10002e96 <_etoa+0x406>
10002e3a:	2b00      	cmp	r3, #0
10002e3c:	d05f      	beq.n	10002efe <_etoa+0x46e>
10002e3e:	2304      	movs	r3, #4
10002e40:	9312      	str	r3, [sp, #72]	@ 0x48
10002e42:	430a      	orrs	r2, r1
10002e44:	f43f af17 	beq.w	10002c76 <_etoa+0x1e6>
10002e48:	e9dd 0108 	ldrd	r0, r1, [sp, #32]
10002e4c:	a348      	add	r3, pc, #288	@ (adr r3, 10002f70 <_etoa+0x4e0>)
10002e4e:	e9d3 2300 	ldrd	r2, r3, [r3]
10002e52:	f7ff fa3f 	bl	100022d4 <__wrap___aeabi_dcmpge>
10002e56:	b148      	cbz	r0, 10002e6c <_etoa+0x3dc>
10002e58:	e9dd 0108 	ldrd	r0, r1, [sp, #32]
10002e5c:	a346      	add	r3, pc, #280	@ (adr r3, 10002f78 <_etoa+0x4e8>)
10002e5e:	e9d3 2300 	ldrd	r2, r3, [r3]
10002e62:	f7ff fa0f 	bl	10002284 <__wrap___aeabi_dcmplt>
10002e66:	2800      	cmp	r0, #0
10002e68:	f47f af05 	bne.w	10002c76 <_etoa+0x1e6>
10002e6c:	9b0a      	ldr	r3, [sp, #40]	@ 0x28
10002e6e:	2b00      	cmp	r3, #0
10002e70:	d051      	beq.n	10002f16 <_etoa+0x486>
10002e72:	9a15      	ldr	r2, [sp, #84]	@ 0x54
10002e74:	2a00      	cmp	r2, #0
10002e76:	f000 80ac 	beq.w	10002fd2 <_etoa+0x542>
10002e7a:	3b01      	subs	r3, #1
10002e7c:	930a      	str	r3, [sp, #40]	@ 0x28
10002e7e:	9b12      	ldr	r3, [sp, #72]	@ 0x48
10002e80:	4599      	cmp	r9, r3
10002e82:	d905      	bls.n	10002e90 <_etoa+0x400>
10002e84:	9b10      	ldr	r3, [sp, #64]	@ 0x40
10002e86:	2b00      	cmp	r3, #0
10002e88:	f000 80af 	beq.w	10002fea <_etoa+0x55a>
10002e8c:	2302      	movs	r3, #2
10002e8e:	9310      	str	r3, [sp, #64]	@ 0x40
10002e90:	2300      	movs	r3, #0
10002e92:	9314      	str	r3, [sp, #80]	@ 0x50
10002e94:	e044      	b.n	10002f20 <_etoa+0x490>
10002e96:	bb2b      	cbnz	r3, 10002ee4 <_etoa+0x454>
10002e98:	f1b9 0f05 	cmp.w	r9, #5
10002e9c:	d94f      	bls.n	10002f3e <_etoa+0x4ae>
10002e9e:	f008 0302 	and.w	r3, r8, #2
10002ea2:	2b00      	cmp	r3, #0
10002ea4:	d149      	bne.n	10002f3a <_etoa+0x4aa>
10002ea6:	2305      	movs	r3, #5
10002ea8:	9312      	str	r3, [sp, #72]	@ 0x48
10002eaa:	f1a9 0305 	sub.w	r3, r9, #5
10002eae:	9314      	str	r3, [sp, #80]	@ 0x50
10002eb0:	e03a      	b.n	10002f28 <_etoa+0x498>
10002eb2:	f10b 4300 	add.w	r3, fp, #2147483648	@ 0x80000000
10002eb6:	f8cd a020 	str.w	sl, [sp, #32]
10002eba:	9309      	str	r3, [sp, #36]	@ 0x24
10002ebc:	e61e      	b.n	10002afc <_etoa+0x6c>
10002ebe:	f428 6300 	bic.w	r3, r8, #2048	@ 0x800
10002ec2:	f443 6380 	orr.w	r3, r3, #1024	@ 0x400
10002ec6:	4620      	mov	r0, r4
10002ec8:	e9cd 792a 	strd	r7, r9, [sp, #168]	@ 0xa8
10002ecc:	932c      	str	r3, [sp, #176]	@ 0xb0
10002ece:	4633      	mov	r3, r6
10002ed0:	e9dd 6708 	ldrd	r6, r7, [sp, #32]
10002ed4:	4634      	mov	r4, r6
10002ed6:	4629      	mov	r1, r5
10002ed8:	f107 4500 	add.w	r5, r7, #2147483648	@ 0x80000000
10002edc:	e9cd 4528 	strd	r4, r5, [sp, #160]	@ 0xa0
10002ee0:	9a0b      	ldr	r2, [sp, #44]	@ 0x2c
10002ee2:	e6bb      	b.n	10002c5c <_etoa+0x1cc>
10002ee4:	2305      	movs	r3, #5
10002ee6:	9312      	str	r3, [sp, #72]	@ 0x48
10002ee8:	e7ab      	b.n	10002e42 <_etoa+0x3b2>
10002eea:	2202      	movs	r2, #2
10002eec:	2300      	movs	r3, #0
10002eee:	9210      	str	r2, [sp, #64]	@ 0x40
10002ef0:	2204      	movs	r2, #4
10002ef2:	9314      	str	r3, [sp, #80]	@ 0x50
10002ef4:	9212      	str	r2, [sp, #72]	@ 0x48
10002ef6:	930e      	str	r3, [sp, #56]	@ 0x38
10002ef8:	e623      	b.n	10002b42 <_etoa+0xb2>
10002efa:	2705      	movs	r7, #5
10002efc:	e6c1      	b.n	10002c82 <_etoa+0x1f2>
10002efe:	f1b9 0f04 	cmp.w	r9, #4
10002f02:	d91f      	bls.n	10002f44 <_etoa+0x4b4>
10002f04:	9b10      	ldr	r3, [sp, #64]	@ 0x40
10002f06:	2b00      	cmp	r3, #0
10002f08:	d177      	bne.n	10002ffa <_etoa+0x56a>
10002f0a:	2304      	movs	r3, #4
10002f0c:	9312      	str	r3, [sp, #72]	@ 0x48
10002f0e:	f1a9 0304 	sub.w	r3, r9, #4
10002f12:	9314      	str	r3, [sp, #80]	@ 0x50
10002f14:	e004      	b.n	10002f20 <_etoa+0x490>
10002f16:	9b12      	ldr	r3, [sp, #72]	@ 0x48
10002f18:	4599      	cmp	r9, r3
10002f1a:	d85f      	bhi.n	10002fdc <_etoa+0x54c>
10002f1c:	9b0a      	ldr	r3, [sp, #40]	@ 0x28
10002f1e:	9314      	str	r3, [sp, #80]	@ 0x50
10002f20:	9b0e      	ldr	r3, [sp, #56]	@ 0x38
10002f22:	2b00      	cmp	r3, #0
10002f24:	f43f ae0d 	beq.w	10002b42 <_etoa+0xb2>
10002f28:	e9dd 0108 	ldrd	r0, r1, [sp, #32]
10002f2c:	e9dd 230c 	ldrd	r2, r3, [sp, #48]	@ 0x30
10002f30:	f7ff f900 	bl	10002134 <__wrap___aeabi_ddiv>
10002f34:	e9cd 0108 	strd	r0, r1, [sp, #32]
10002f38:	e603      	b.n	10002b42 <_etoa+0xb2>
10002f3a:	2302      	movs	r3, #2
10002f3c:	9310      	str	r3, [sp, #64]	@ 0x40
10002f3e:	2305      	movs	r3, #5
10002f40:	9312      	str	r3, [sp, #72]	@ 0x48
10002f42:	e7f1      	b.n	10002f28 <_etoa+0x498>
10002f44:	2304      	movs	r3, #4
10002f46:	9312      	str	r3, [sp, #72]	@ 0x48
10002f48:	e7ea      	b.n	10002f20 <_etoa+0x490>
10002f4a:	bf00      	nop
10002f4c:	f3af 8000 	nop.w
10002f50:	636f4361 	.word	0x636f4361
10002f54:	3fd287a7 	.word	0x3fd287a7
10002f58:	0979a371 	.word	0x0979a371
10002f5c:	400a934f 	.word	0x400a934f
10002f60:	bbb55516 	.word	0xbbb55516
10002f64:	40026bb1 	.word	0x40026bb1
10002f68:	fefa39ef 	.word	0xfefa39ef
10002f6c:	3fe62e42 	.word	0x3fe62e42
10002f70:	eb1c432d 	.word	0xeb1c432d
10002f74:	3f1a36e2 	.word	0x3f1a36e2
10002f78:	00000000 	.word	0x00000000
10002f7c:	412e8480 	.word	0x412e8480
10002f80:	3ff80000 	.word	0x3ff80000
10002f84:	3fe00000 	.word	0x3fe00000
10002f88:	402c0000 	.word	0x402c0000
10002f8c:	40240000 	.word	0x40240000
10002f90:	40180000 	.word	0x40180000
10002f94:	3ff00000 	.word	0x3ff00000
10002f98:	509f79fb 	.word	0x509f79fb
10002f9c:	3fd34413 	.word	0x3fd34413
10002fa0:	8b60c8b3 	.word	0x8b60c8b3
10002fa4:	3fc68a28 	.word	0x3fc68a28
10002fa8:	9b14      	ldr	r3, [sp, #80]	@ 0x50
10002faa:	e9dd a708 	ldrd	sl, r7, [sp, #32]
10002fae:	9303      	str	r3, [sp, #12]
10002fb0:	9b0a      	ldr	r3, [sp, #40]	@ 0x28
10002fb2:	f107 4b00 	add.w	fp, r7, #2147483648	@ 0x80000000
10002fb6:	9302      	str	r3, [sp, #8]
10002fb8:	f428 6300 	bic.w	r3, r8, #2048	@ 0x800
10002fbc:	9a0b      	ldr	r2, [sp, #44]	@ 0x2c
10002fbe:	9304      	str	r3, [sp, #16]
10002fc0:	4629      	mov	r1, r5
10002fc2:	4633      	mov	r3, r6
10002fc4:	4620      	mov	r0, r4
10002fc6:	e9cd ab00 	strd	sl, fp, [sp]
10002fca:	f7ff fb15 	bl	100025f8 <_ftoa>
10002fce:	4602      	mov	r2, r0
10002fd0:	e5d2      	b.n	10002b78 <_etoa+0xe8>
10002fd2:	9b12      	ldr	r3, [sp, #72]	@ 0x48
10002fd4:	4599      	cmp	r9, r3
10002fd6:	d815      	bhi.n	10003004 <_etoa+0x574>
10002fd8:	9214      	str	r2, [sp, #80]	@ 0x50
10002fda:	e7a1      	b.n	10002f20 <_etoa+0x490>
10002fdc:	9b10      	ldr	r3, [sp, #64]	@ 0x40
10002fde:	b123      	cbz	r3, 10002fea <_etoa+0x55a>
10002fe0:	9b0a      	ldr	r3, [sp, #40]	@ 0x28
10002fe2:	9314      	str	r3, [sp, #80]	@ 0x50
10002fe4:	2302      	movs	r3, #2
10002fe6:	9310      	str	r3, [sp, #64]	@ 0x40
10002fe8:	e79a      	b.n	10002f20 <_etoa+0x490>
10002fea:	9b12      	ldr	r3, [sp, #72]	@ 0x48
10002fec:	eba9 0303 	sub.w	r3, r9, r3
10002ff0:	9314      	str	r3, [sp, #80]	@ 0x50
10002ff2:	e795      	b.n	10002f20 <_etoa+0x490>
10002ff4:	1a9b      	subs	r3, r3, r2
10002ff6:	1e5f      	subs	r7, r3, #1
10002ff8:	e643      	b.n	10002c82 <_etoa+0x1f2>
10002ffa:	2304      	movs	r3, #4
10002ffc:	9312      	str	r3, [sp, #72]	@ 0x48
10002ffe:	2302      	movs	r3, #2
10003000:	9310      	str	r3, [sp, #64]	@ 0x40
10003002:	e78d      	b.n	10002f20 <_etoa+0x490>
10003004:	9b10      	ldr	r3, [sp, #64]	@ 0x40
10003006:	2b00      	cmp	r3, #0
10003008:	d0ef      	beq.n	10002fea <_etoa+0x55a>
1000300a:	2302      	movs	r3, #2
1000300c:	9214      	str	r2, [sp, #80]	@ 0x50
1000300e:	9310      	str	r3, [sp, #64]	@ 0x40
10003010:	e786      	b.n	10002f20 <_etoa+0x490>
10003012:	bf00      	nop

10003014 <_vsnprintf>:
10003014:	e92d 4ff0 	stmdb	sp!, {r4, r5, r6, r7, r8, r9, sl, fp, lr}
10003018:	4691      	mov	r9, r2
1000301a:	4c9a      	ldr	r4, [pc, #616]	@ (10003284 <_vsnprintf+0x270>)
1000301c:	4a9a      	ldr	r2, [pc, #616]	@ (10003288 <_vsnprintf+0x274>)
1000301e:	f1b1 0a00 	subs.w	sl, r1, #0
10003022:	b09b      	sub	sp, #108	@ 0x6c
10003024:	bf18      	it	ne
10003026:	4683      	movne	fp, r0
10003028:	6014      	str	r4, [r2, #0]
1000302a:	7818      	ldrb	r0, [r3, #0]
1000302c:	4a97      	ldr	r2, [pc, #604]	@ (1000328c <_vsnprintf+0x278>)
1000302e:	f8dd 8090 	ldr.w	r8, [sp, #144]	@ 0x90
10003032:	bf08      	it	eq
10003034:	4693      	moveq	fp, r2
10003036:	2800      	cmp	r0, #0
10003038:	f000 828a 	beq.w	10003550 <_vsnprintf+0x53c>
1000303c:	461d      	mov	r5, r3
1000303e:	2600      	movs	r6, #0
10003040:	f8cd 9020 	str.w	r9, [sp, #32]
10003044:	e008      	b.n	10003058 <_vsnprintf+0x44>
10003046:	4632      	mov	r2, r6
10003048:	4651      	mov	r1, sl
1000304a:	9b08      	ldr	r3, [sp, #32]
1000304c:	47d8      	blx	fp
1000304e:	3601      	adds	r6, #1
10003050:	7828      	ldrb	r0, [r5, #0]
10003052:	2800      	cmp	r0, #0
10003054:	f000 80c7 	beq.w	100031e6 <_vsnprintf+0x1d2>
10003058:	2825      	cmp	r0, #37	@ 0x25
1000305a:	f105 0501 	add.w	r5, r5, #1
1000305e:	d1f2      	bne.n	10003046 <_vsnprintf+0x32>
10003060:	2200      	movs	r2, #0
10003062:	462b      	mov	r3, r5
10003064:	f813 1b01 	ldrb.w	r1, [r3], #1
10003068:	f1a1 0020 	sub.w	r0, r1, #32
1000306c:	2810      	cmp	r0, #16
1000306e:	d80a      	bhi.n	10003086 <_vsnprintf+0x72>
10003070:	e8df f000 	tbb	[pc, r0]
10003074:	3b09093f 	.word	0x3b09093f
10003078:	09090909 	.word	0x09090909
1000307c:	37090909 	.word	0x37090909
10003080:	09093309 	.word	0x09093309
10003084:	2f          	.byte	0x2f
10003085:	00          	.byte	0x00
10003086:	f1a1 0030 	sub.w	r0, r1, #48	@ 0x30
1000308a:	2809      	cmp	r0, #9
1000308c:	f240 8089 	bls.w	100031a2 <_vsnprintf+0x18e>
10003090:	292a      	cmp	r1, #42	@ 0x2a
10003092:	f000 80e9 	beq.w	10003268 <_vsnprintf+0x254>
10003096:	2400      	movs	r4, #0
10003098:	292e      	cmp	r1, #46	@ 0x2e
1000309a:	f000 8094 	beq.w	100031c6 <_vsnprintf+0x1b2>
1000309e:	2700      	movs	r7, #0
100030a0:	f1a1 0068 	sub.w	r0, r1, #104	@ 0x68
100030a4:	2812      	cmp	r0, #18
100030a6:	d82c      	bhi.n	10003102 <_vsnprintf+0xee>
100030a8:	e8df f010 	tbh	[pc, r0, lsl #1]
100030ac:	002b014e 	.word	0x002b014e
100030b0:	002b0149 	.word	0x002b0149
100030b4:	002b0140 	.word	0x002b0140
100030b8:	002b002b 	.word	0x002b002b
100030bc:	002b002b 	.word	0x002b002b
100030c0:	002b002b 	.word	0x002b002b
100030c4:	002b0027 	.word	0x002b0027
100030c8:	002b002b 	.word	0x002b002b
100030cc:	002b002b 	.word	0x002b002b
100030d0:	0027      	.short	0x0027
100030d2:	461d      	mov	r5, r3
100030d4:	f042 0201 	orr.w	r2, r2, #1
100030d8:	e7c3      	b.n	10003062 <_vsnprintf+0x4e>
100030da:	461d      	mov	r5, r3
100030dc:	f042 0202 	orr.w	r2, r2, #2
100030e0:	e7bf      	b.n	10003062 <_vsnprintf+0x4e>
100030e2:	461d      	mov	r5, r3
100030e4:	f042 0204 	orr.w	r2, r2, #4
100030e8:	e7bb      	b.n	10003062 <_vsnprintf+0x4e>
100030ea:	461d      	mov	r5, r3
100030ec:	f042 0210 	orr.w	r2, r2, #16
100030f0:	e7b7      	b.n	10003062 <_vsnprintf+0x4e>
100030f2:	461d      	mov	r5, r3
100030f4:	f042 0208 	orr.w	r2, r2, #8
100030f8:	e7b3      	b.n	10003062 <_vsnprintf+0x4e>
100030fa:	7869      	ldrb	r1, [r5, #1]
100030fc:	f442 7280 	orr.w	r2, r2, #256	@ 0x100
10003100:	3301      	adds	r3, #1
10003102:	2967      	cmp	r1, #103	@ 0x67
10003104:	461d      	mov	r5, r3
10003106:	d87e      	bhi.n	10003206 <_vsnprintf+0x1f2>
10003108:	2924      	cmp	r1, #36	@ 0x24
1000310a:	f240 80b8 	bls.w	1000327e <_vsnprintf+0x26a>
1000310e:	f1a1 0325 	sub.w	r3, r1, #37	@ 0x25
10003112:	2b42      	cmp	r3, #66	@ 0x42
10003114:	f200 80b3 	bhi.w	1000327e <_vsnprintf+0x26a>
10003118:	e8df f013 	tbh	[pc, r3, lsl #1]
1000311c:	00b10151 	.word	0x00b10151
10003120:	00b100b1 	.word	0x00b100b1
10003124:	00b100b1 	.word	0x00b100b1
10003128:	00b100b1 	.word	0x00b100b1
1000312c:	00b100b1 	.word	0x00b100b1
10003130:	00b100b1 	.word	0x00b100b1
10003134:	00b100b1 	.word	0x00b100b1
10003138:	00b100b1 	.word	0x00b100b1
1000313c:	00b100b1 	.word	0x00b100b1
10003140:	00b100b1 	.word	0x00b100b1
10003144:	00b100b1 	.word	0x00b100b1
10003148:	00b100b1 	.word	0x00b100b1
1000314c:	00b100b1 	.word	0x00b100b1
10003150:	00b100b1 	.word	0x00b100b1
10003154:	00b100b1 	.word	0x00b100b1
10003158:	00b100b1 	.word	0x00b100b1
1000315c:	013a011e 	.word	0x013a011e
10003160:	00b1011e 	.word	0x00b1011e
10003164:	00b100b1 	.word	0x00b100b1
10003168:	00b100b1 	.word	0x00b100b1
1000316c:	00b100b1 	.word	0x00b100b1
10003170:	00b100b1 	.word	0x00b100b1
10003174:	00b100b1 	.word	0x00b100b1
10003178:	00b100b1 	.word	0x00b100b1
1000317c:	00b100b1 	.word	0x00b100b1
10003180:	01b400b1 	.word	0x01b400b1
10003184:	00b100b1 	.word	0x00b100b1
10003188:	00b100b1 	.word	0x00b100b1
1000318c:	00b100b1 	.word	0x00b100b1
10003190:	00b100b1 	.word	0x00b100b1
10003194:	01b400b1 	.word	0x01b400b1
10003198:	01b40158 	.word	0x01b40158
1000319c:	013a011e 	.word	0x013a011e
100031a0:	011e      	.short	0x011e
100031a2:	2400      	movs	r4, #0
100031a4:	eb04 0484 	add.w	r4, r4, r4, lsl #2
100031a8:	eb01 0444 	add.w	r4, r1, r4, lsl #1
100031ac:	7819      	ldrb	r1, [r3, #0]
100031ae:	461d      	mov	r5, r3
100031b0:	f1a1 0030 	sub.w	r0, r1, #48	@ 0x30
100031b4:	2809      	cmp	r0, #9
100031b6:	f1a4 0430 	sub.w	r4, r4, #48	@ 0x30
100031ba:	f103 0301 	add.w	r3, r3, #1
100031be:	d9f1      	bls.n	100031a4 <_vsnprintf+0x190>
100031c0:	292e      	cmp	r1, #46	@ 0x2e
100031c2:	f47f af6c 	bne.w	1000309e <_vsnprintf+0x8a>
100031c6:	7869      	ldrb	r1, [r5, #1]
100031c8:	4618      	mov	r0, r3
100031ca:	f1a1 0730 	sub.w	r7, r1, #48	@ 0x30
100031ce:	2f09      	cmp	r7, #9
100031d0:	f442 6280 	orr.w	r2, r2, #1024	@ 0x400
100031d4:	f240 8125 	bls.w	10003422 <_vsnprintf+0x40e>
100031d8:	292a      	cmp	r1, #42	@ 0x2a
100031da:	f000 8132 	beq.w	10003442 <_vsnprintf+0x42e>
100031de:	461d      	mov	r5, r3
100031e0:	2700      	movs	r7, #0
100031e2:	3301      	adds	r3, #1
100031e4:	e75c      	b.n	100030a0 <_vsnprintf+0x8c>
100031e6:	4634      	mov	r4, r6
100031e8:	f8dd 9020 	ldr.w	r9, [sp, #32]
100031ec:	45b1      	cmp	r9, r6
100031ee:	d801      	bhi.n	100031f4 <_vsnprintf+0x1e0>
100031f0:	f109 36ff 	add.w	r6, r9, #4294967295
100031f4:	464b      	mov	r3, r9
100031f6:	4632      	mov	r2, r6
100031f8:	4651      	mov	r1, sl
100031fa:	2000      	movs	r0, #0
100031fc:	47d8      	blx	fp
100031fe:	4620      	mov	r0, r4
10003200:	b01b      	add	sp, #108	@ 0x6c
10003202:	e8bd 8ff0 	ldmia.w	sp!, {r4, r5, r6, r7, r8, r9, sl, fp, pc}
10003206:	f1a1 0369 	sub.w	r3, r1, #105	@ 0x69
1000320a:	b2db      	uxtb	r3, r3
1000320c:	2b0f      	cmp	r3, #15
1000320e:	d836      	bhi.n	1000327e <_vsnprintf+0x26a>
10003210:	2001      	movs	r0, #1
10003212:	f249 0c41 	movw	ip, #36929	@ 0x9041
10003216:	4098      	lsls	r0, r3
10003218:	ea10 000c 	ands.w	r0, r0, ip
1000321c:	f040 80f4 	bne.w	10003408 <_vsnprintf+0x3f4>
10003220:	2b0a      	cmp	r3, #10
10003222:	d035      	beq.n	10003290 <_vsnprintf+0x27c>
10003224:	2b07      	cmp	r3, #7
10003226:	d12a      	bne.n	1000327e <_vsnprintf+0x26a>
10003228:	f858 1b04 	ldr.w	r1, [r8], #4
1000322c:	2900      	cmp	r1, #0
1000322e:	f040 8110 	bne.w	10003452 <_vsnprintf+0x43e>
10003232:	f022 0410 	bic.w	r4, r2, #16
10003236:	f412 6180 	ands.w	r1, r2, #1024	@ 0x400
1000323a:	f044 0421 	orr.w	r4, r4, #33	@ 0x21
1000323e:	f000 810a 	beq.w	10003456 <_vsnprintf+0x442>
10003242:	aa12      	add	r2, sp, #72	@ 0x48
10003244:	2308      	movs	r3, #8
10003246:	9305      	str	r3, [sp, #20]
10003248:	2310      	movs	r3, #16
1000324a:	e9cd 2000 	strd	r2, r0, [sp]
1000324e:	4632      	mov	r2, r6
10003250:	9406      	str	r4, [sp, #24]
10003252:	9704      	str	r7, [sp, #16]
10003254:	9303      	str	r3, [sp, #12]
10003256:	2300      	movs	r3, #0
10003258:	9302      	str	r3, [sp, #8]
1000325a:	4651      	mov	r1, sl
1000325c:	4658      	mov	r0, fp
1000325e:	9b08      	ldr	r3, [sp, #32]
10003260:	f7ff f8d2 	bl	10002408 <_ntoa_format>
10003264:	4606      	mov	r6, r0
10003266:	e6f3      	b.n	10003050 <_vsnprintf+0x3c>
10003268:	f858 4b04 	ldr.w	r4, [r8], #4
1000326c:	7869      	ldrb	r1, [r5, #1]
1000326e:	2c00      	cmp	r4, #0
10003270:	461d      	mov	r5, r3
10003272:	bfbc      	itt	lt
10003274:	f042 0202 	orrlt.w	r2, r2, #2
10003278:	4264      	neglt	r4, r4
1000327a:	3301      	adds	r3, #1
1000327c:	e70c      	b.n	10003098 <_vsnprintf+0x84>
1000327e:	4608      	mov	r0, r1
10003280:	e6e1      	b.n	10003046 <_vsnprintf+0x32>
10003282:	bf00      	nop
10003284:	10003015 	.word	0x10003015
10003288:	2002b7d8 	.word	0x2002b7d8
1000328c:	1000235d 	.word	0x1000235d
10003290:	f858 9b04 	ldr.w	r9, [r8], #4
10003294:	2f00      	cmp	r7, #0
10003296:	f899 0000 	ldrb.w	r0, [r9]
1000329a:	bf14      	ite	ne
1000329c:	463b      	movne	r3, r7
1000329e:	f04f 33ff 	moveq.w	r3, #4294967295
100032a2:	2800      	cmp	r0, #0
100032a4:	f000 8382 	beq.w	100039ac <_vsnprintf+0x998>
100032a8:	4649      	mov	r1, r9
100032aa:	eb03 0c09 	add.w	ip, r3, r9
100032ae:	e004      	b.n	100032ba <_vsnprintf+0x2a6>
100032b0:	f811 3f01 	ldrb.w	r3, [r1, #1]!
100032b4:	2b00      	cmp	r3, #0
100032b6:	f000 8143 	beq.w	10003540 <_vsnprintf+0x52c>
100032ba:	458c      	cmp	ip, r1
100032bc:	d1f8      	bne.n	100032b0 <_vsnprintf+0x29c>
100032be:	ebac 0109 	sub.w	r1, ip, r9
100032c2:	0553      	lsls	r3, r2, #21
100032c4:	f140 8120 	bpl.w	10003508 <_vsnprintf+0x4f4>
100032c8:	42b9      	cmp	r1, r7
100032ca:	bf28      	it	cs
100032cc:	4639      	movcs	r1, r7
100032ce:	f012 0302 	ands.w	r3, r2, #2
100032d2:	f000 8283 	beq.w	100037dc <_vsnprintf+0x7c8>
100032d6:	2302      	movs	r3, #2
100032d8:	e9cd 4809 	strd	r4, r8, [sp, #36]	@ 0x24
100032dc:	4632      	mov	r2, r6
100032de:	4688      	mov	r8, r1
100032e0:	9c08      	ldr	r4, [sp, #32]
100032e2:	4437      	add	r7, r6
100032e4:	930b      	str	r3, [sp, #44]	@ 0x2c
100032e6:	e007      	b.n	100032f8 <_vsnprintf+0x2e4>
100032e8:	4623      	mov	r3, r4
100032ea:	4651      	mov	r1, sl
100032ec:	47d8      	blx	fp
100032ee:	f819 0f01 	ldrb.w	r0, [r9, #1]!
100032f2:	3601      	adds	r6, #1
100032f4:	b110      	cbz	r0, 100032fc <_vsnprintf+0x2e8>
100032f6:	4632      	mov	r2, r6
100032f8:	42b7      	cmp	r7, r6
100032fa:	d1f5      	bne.n	100032e8 <_vsnprintf+0x2d4>
100032fc:	9b0b      	ldr	r3, [sp, #44]	@ 0x2c
100032fe:	4641      	mov	r1, r8
10003300:	9c09      	ldr	r4, [sp, #36]	@ 0x24
10003302:	f8dd 8028 	ldr.w	r8, [sp, #40]	@ 0x28
10003306:	2b00      	cmp	r3, #0
10003308:	f43f aea2 	beq.w	10003050 <_vsnprintf+0x3c>
1000330c:	4637      	mov	r7, r6
1000330e:	428c      	cmp	r4, r1
10003310:	f67f ae9e 	bls.w	10003050 <_vsnprintf+0x3c>
10003314:	4426      	add	r6, r4
10003316:	9c08      	ldr	r4, [sp, #32]
10003318:	1a76      	subs	r6, r6, r1
1000331a:	463a      	mov	r2, r7
1000331c:	4623      	mov	r3, r4
1000331e:	4651      	mov	r1, sl
10003320:	2020      	movs	r0, #32
10003322:	3701      	adds	r7, #1
10003324:	47d8      	blx	fp
10003326:	42b7      	cmp	r7, r6
10003328:	d1f7      	bne.n	1000331a <_vsnprintf+0x306>
1000332a:	e691      	b.n	10003050 <_vsnprintf+0x3c>
1000332c:	7869      	ldrb	r1, [r5, #1]
1000332e:	296c      	cmp	r1, #108	@ 0x6c
10003330:	f47f aee4 	bne.w	100030fc <_vsnprintf+0xe8>
10003334:	78a9      	ldrb	r1, [r5, #2]
10003336:	f442 7240 	orr.w	r2, r2, #768	@ 0x300
1000333a:	1ceb      	adds	r3, r5, #3
1000333c:	e6e1      	b.n	10003102 <_vsnprintf+0xee>
1000333e:	7869      	ldrb	r1, [r5, #1]
10003340:	f442 7200 	orr.w	r2, r2, #512	@ 0x200
10003344:	3301      	adds	r3, #1
10003346:	e6dc      	b.n	10003102 <_vsnprintf+0xee>
10003348:	7869      	ldrb	r1, [r5, #1]
1000334a:	2968      	cmp	r1, #104	@ 0x68
1000334c:	f000 80fb 	beq.w	10003546 <_vsnprintf+0x532>
10003350:	f042 0280 	orr.w	r2, r2, #128	@ 0x80
10003354:	3301      	adds	r3, #1
10003356:	e6d4      	b.n	10003102 <_vsnprintf+0xee>
10003358:	2967      	cmp	r1, #103	@ 0x67
1000335a:	f000 80c9 	beq.w	100034f0 <_vsnprintf+0x4dc>
1000335e:	2947      	cmp	r1, #71	@ 0x47
10003360:	f000 80cd 	beq.w	100034fe <_vsnprintf+0x4ea>
10003364:	2945      	cmp	r1, #69	@ 0x45
10003366:	f000 80cc 	beq.w	10003502 <_vsnprintf+0x4ee>
1000336a:	e9cd 4203 	strd	r4, r2, [sp, #12]
1000336e:	f108 0807 	add.w	r8, r8, #7
10003372:	9702      	str	r7, [sp, #8]
10003374:	f028 0807 	bic.w	r8, r8, #7
10003378:	4632      	mov	r2, r6
1000337a:	e8f8 6702 	ldrd	r6, r7, [r8], #8
1000337e:	4651      	mov	r1, sl
10003380:	e9cd 6700 	strd	r6, r7, [sp]
10003384:	4658      	mov	r0, fp
10003386:	9b08      	ldr	r3, [sp, #32]
10003388:	f7ff fb82 	bl	10002a90 <_etoa>
1000338c:	4606      	mov	r6, r0
1000338e:	e65f      	b.n	10003050 <_vsnprintf+0x3c>
10003390:	2946      	cmp	r1, #70	@ 0x46
10003392:	bf08      	it	eq
10003394:	f042 0220 	orreq.w	r2, r2, #32
10003398:	e9cd 4203 	strd	r4, r2, [sp, #12]
1000339c:	f108 0807 	add.w	r8, r8, #7
100033a0:	9702      	str	r7, [sp, #8]
100033a2:	f028 0807 	bic.w	r8, r8, #7
100033a6:	4632      	mov	r2, r6
100033a8:	e8f8 6702 	ldrd	r6, r7, [r8], #8
100033ac:	4651      	mov	r1, sl
100033ae:	e9cd 6700 	strd	r6, r7, [sp]
100033b2:	4658      	mov	r0, fp
100033b4:	9b08      	ldr	r3, [sp, #32]
100033b6:	f7ff f91f 	bl	100025f8 <_ftoa>
100033ba:	4606      	mov	r6, r0
100033bc:	e648      	b.n	10003050 <_vsnprintf+0x3c>
100033be:	4632      	mov	r2, r6
100033c0:	4651      	mov	r1, sl
100033c2:	2025      	movs	r0, #37	@ 0x25
100033c4:	9b08      	ldr	r3, [sp, #32]
100033c6:	47d8      	blx	fp
100033c8:	3601      	adds	r6, #1
100033ca:	e641      	b.n	10003050 <_vsnprintf+0x3c>
100033cc:	f108 0304 	add.w	r3, r8, #4
100033d0:	0792      	lsls	r2, r2, #30
100033d2:	9309      	str	r3, [sp, #36]	@ 0x24
100033d4:	f106 0701 	add.w	r7, r6, #1
100033d8:	f140 80c3 	bpl.w	10003562 <_vsnprintf+0x54e>
100033dc:	4632      	mov	r2, r6
100033de:	4651      	mov	r1, sl
100033e0:	f898 0000 	ldrb.w	r0, [r8]
100033e4:	9b08      	ldr	r3, [sp, #32]
100033e6:	47d8      	blx	fp
100033e8:	2c01      	cmp	r4, #1
100033ea:	f240 81b4 	bls.w	10003756 <_vsnprintf+0x742>
100033ee:	4426      	add	r6, r4
100033f0:	9c08      	ldr	r4, [sp, #32]
100033f2:	463a      	mov	r2, r7
100033f4:	4623      	mov	r3, r4
100033f6:	4651      	mov	r1, sl
100033f8:	2020      	movs	r0, #32
100033fa:	3701      	adds	r7, #1
100033fc:	47d8      	blx	fp
100033fe:	42b7      	cmp	r7, r6
10003400:	d1f7      	bne.n	100033f2 <_vsnprintf+0x3de>
10003402:	f8dd 8024 	ldr.w	r8, [sp, #36]	@ 0x24
10003406:	e623      	b.n	10003050 <_vsnprintf+0x3c>
10003408:	296f      	cmp	r1, #111	@ 0x6f
1000340a:	d074      	beq.n	100034f6 <_vsnprintf+0x4e2>
1000340c:	f240 8241 	bls.w	10003892 <_vsnprintf+0x87e>
10003410:	2978      	cmp	r1, #120	@ 0x78
10003412:	f000 8186 	beq.w	10003722 <_vsnprintf+0x70e>
10003416:	f04f 090a 	mov.w	r9, #10
1000341a:	f022 0210 	bic.w	r2, r2, #16
1000341e:	464b      	mov	r3, r9
10003420:	e038      	b.n	10003494 <_vsnprintf+0x480>
10003422:	2700      	movs	r7, #0
10003424:	eb07 0787 	add.w	r7, r7, r7, lsl #2
10003428:	eb01 0147 	add.w	r1, r1, r7, lsl #1
1000342c:	f1a1 0730 	sub.w	r7, r1, #48	@ 0x30
10003430:	f810 1f01 	ldrb.w	r1, [r0, #1]!
10003434:	f1a1 0330 	sub.w	r3, r1, #48	@ 0x30
10003438:	2b09      	cmp	r3, #9
1000343a:	d9f3      	bls.n	10003424 <_vsnprintf+0x410>
1000343c:	4605      	mov	r5, r0
1000343e:	1c43      	adds	r3, r0, #1
10003440:	e62e      	b.n	100030a0 <_vsnprintf+0x8c>
10003442:	f858 7b04 	ldr.w	r7, [r8], #4
10003446:	78a9      	ldrb	r1, [r5, #2]
10003448:	3502      	adds	r5, #2
1000344a:	1c6b      	adds	r3, r5, #1
1000344c:	ea27 77e7 	bic.w	r7, r7, r7, asr #31
10003450:	e626      	b.n	100030a0 <_vsnprintf+0x8c>
10003452:	f042 0421 	orr.w	r4, r2, #33	@ 0x21
10003456:	aa12      	add	r2, sp, #72	@ 0x48
10003458:	4694      	mov	ip, r2
1000345a:	e002      	b.n	10003462 <_vsnprintf+0x44e>
1000345c:	2820      	cmp	r0, #32
1000345e:	f43f aef1 	beq.w	10003244 <_vsnprintf+0x230>
10003462:	f001 030f 	and.w	r3, r1, #15
10003466:	2b09      	cmp	r3, #9
10003468:	bf94      	ite	ls
1000346a:	3330      	addls	r3, #48	@ 0x30
1000346c:	3337      	addhi	r3, #55	@ 0x37
1000346e:	290f      	cmp	r1, #15
10003470:	f88c 3000 	strb.w	r3, [ip]
10003474:	f100 0001 	add.w	r0, r0, #1
10003478:	f10c 0c01 	add.w	ip, ip, #1
1000347c:	ea4f 1111 	mov.w	r1, r1, lsr #4
10003480:	d8ec      	bhi.n	1000345c <_vsnprintf+0x448>
10003482:	e6df      	b.n	10003244 <_vsnprintf+0x230>
10003484:	2958      	cmp	r1, #88	@ 0x58
10003486:	d066      	beq.n	10003556 <_vsnprintf+0x542>
10003488:	2962      	cmp	r1, #98	@ 0x62
1000348a:	f040 8089 	bne.w	100035a0 <_vsnprintf+0x58c>
1000348e:	f04f 0902 	mov.w	r9, #2
10003492:	464b      	mov	r3, r9
10003494:	f412 6c80 	ands.w	ip, r2, #1024	@ 0x400
10003498:	f000 80d4 	beq.w	10003644 <_vsnprintf+0x630>
1000349c:	f022 020d 	bic.w	r2, r2, #13
100034a0:	9209      	str	r2, [sp, #36]	@ 0x24
100034a2:	f412 7100 	ands.w	r1, r2, #512	@ 0x200
100034a6:	f040 817b 	bne.w	100037a0 <_vsnprintf+0x78c>
100034aa:	f412 7080 	ands.w	r0, r2, #256	@ 0x100
100034ae:	f108 0904 	add.w	r9, r8, #4
100034b2:	f040 8238 	bne.w	10003926 <_vsnprintf+0x912>
100034b6:	0651      	lsls	r1, r2, #25
100034b8:	f140 813a 	bpl.w	10003730 <_vsnprintf+0x71c>
100034bc:	f898 1000 	ldrb.w	r1, [r8]
100034c0:	2900      	cmp	r1, #0
100034c2:	f040 814a 	bne.w	1000375a <_vsnprintf+0x746>
100034c6:	9a09      	ldr	r2, [sp, #36]	@ 0x24
100034c8:	f022 0210 	bic.w	r2, r2, #16
100034cc:	9209      	str	r2, [sp, #36]	@ 0x24
100034ce:	f1bc 0f00 	cmp.w	ip, #0
100034d2:	f000 8142 	beq.w	1000375a <_vsnprintf+0x746>
100034d6:	4608      	mov	r0, r1
100034d8:	aa12      	add	r2, sp, #72	@ 0x48
100034da:	9909      	ldr	r1, [sp, #36]	@ 0x24
100034dc:	e9cd 3703 	strd	r3, r7, [sp, #12]
100034e0:	e9cd 4105 	strd	r4, r1, [sp, #20]
100034e4:	9001      	str	r0, [sp, #4]
100034e6:	2300      	movs	r3, #0
100034e8:	9200      	str	r2, [sp, #0]
100034ea:	9302      	str	r3, [sp, #8]
100034ec:	4632      	mov	r2, r6
100034ee:	e0a1      	b.n	10003634 <_vsnprintf+0x620>
100034f0:	f442 6200 	orr.w	r2, r2, #2048	@ 0x800
100034f4:	e739      	b.n	1000336a <_vsnprintf+0x356>
100034f6:	f04f 0908 	mov.w	r9, #8
100034fa:	464b      	mov	r3, r9
100034fc:	e7ca      	b.n	10003494 <_vsnprintf+0x480>
100034fe:	f442 6200 	orr.w	r2, r2, #2048	@ 0x800
10003502:	f042 0220 	orr.w	r2, r2, #32
10003506:	e730      	b.n	1000336a <_vsnprintf+0x356>
10003508:	f012 0302 	ands.w	r3, r2, #2
1000350c:	f000 818c 	beq.w	10003828 <_vsnprintf+0x814>
10003510:	2302      	movs	r3, #2
10003512:	e9cd 4809 	strd	r4, r8, [sp, #36]	@ 0x24
10003516:	461f      	mov	r7, r3
10003518:	4688      	mov	r8, r1
1000351a:	9c08      	ldr	r4, [sp, #32]
1000351c:	4632      	mov	r2, r6
1000351e:	4623      	mov	r3, r4
10003520:	4651      	mov	r1, sl
10003522:	47d8      	blx	fp
10003524:	f819 0f01 	ldrb.w	r0, [r9, #1]!
10003528:	3601      	adds	r6, #1
1000352a:	2800      	cmp	r0, #0
1000352c:	d1f6      	bne.n	1000351c <_vsnprintf+0x508>
1000352e:	463b      	mov	r3, r7
10003530:	4641      	mov	r1, r8
10003532:	9c09      	ldr	r4, [sp, #36]	@ 0x24
10003534:	f8dd 8028 	ldr.w	r8, [sp, #40]	@ 0x28
10003538:	2b00      	cmp	r3, #0
1000353a:	f43f ad89 	beq.w	10003050 <_vsnprintf+0x3c>
1000353e:	e6e5      	b.n	1000330c <_vsnprintf+0x2f8>
10003540:	eba1 0109 	sub.w	r1, r1, r9
10003544:	e6bd      	b.n	100032c2 <_vsnprintf+0x2ae>
10003546:	78a9      	ldrb	r1, [r5, #2]
10003548:	f042 02c0 	orr.w	r2, r2, #192	@ 0xc0
1000354c:	1ceb      	adds	r3, r5, #3
1000354e:	e5d8      	b.n	10003102 <_vsnprintf+0xee>
10003550:	4604      	mov	r4, r0
10003552:	4606      	mov	r6, r0
10003554:	e64a      	b.n	100031ec <_vsnprintf+0x1d8>
10003556:	f04f 0910 	mov.w	r9, #16
1000355a:	f042 0220 	orr.w	r2, r2, #32
1000355e:	464b      	mov	r3, r9
10003560:	e798      	b.n	10003494 <_vsnprintf+0x480>
10003562:	2c01      	cmp	r4, #1
10003564:	f240 80f1 	bls.w	1000374a <_vsnprintf+0x736>
10003568:	4637      	mov	r7, r6
1000356a:	f106 39ff 	add.w	r9, r6, #4294967295
1000356e:	f8cd 8028 	str.w	r8, [sp, #40]	@ 0x28
10003572:	f8dd 8020 	ldr.w	r8, [sp, #32]
10003576:	44a1      	add	r9, r4
10003578:	463a      	mov	r2, r7
1000357a:	4643      	mov	r3, r8
1000357c:	4651      	mov	r1, sl
1000357e:	2020      	movs	r0, #32
10003580:	3701      	adds	r7, #1
10003582:	47d8      	blx	fp
10003584:	454f      	cmp	r7, r9
10003586:	d1f7      	bne.n	10003578 <_vsnprintf+0x564>
10003588:	f8dd 8028 	ldr.w	r8, [sp, #40]	@ 0x28
1000358c:	463a      	mov	r2, r7
1000358e:	f898 0000 	ldrb.w	r0, [r8]
10003592:	4651      	mov	r1, sl
10003594:	9b08      	ldr	r3, [sp, #32]
10003596:	47d8      	blx	fp
10003598:	4426      	add	r6, r4
1000359a:	f8dd 8024 	ldr.w	r8, [sp, #36]	@ 0x24
1000359e:	e557      	b.n	10003050 <_vsnprintf+0x3c>
100035a0:	f412 6380 	ands.w	r3, r2, #1024	@ 0x400
100035a4:	f000 80c1 	beq.w	1000372a <_vsnprintf+0x716>
100035a8:	f44f 6380 	mov.w	r3, #1024	@ 0x400
100035ac:	f022 0011 	bic.w	r0, r2, #17
100035b0:	f410 7e00 	ands.w	lr, r0, #512	@ 0x200
100035b4:	d14a      	bne.n	1000364c <_vsnprintf+0x638>
100035b6:	f410 7c80 	ands.w	ip, r0, #256	@ 0x100
100035ba:	f108 0904 	add.w	r9, r8, #4
100035be:	f040 8137 	bne.w	10003830 <_vsnprintf+0x81c>
100035c2:	0641      	lsls	r1, r0, #25
100035c4:	f100 80a9 	bmi.w	1000371a <_vsnprintf+0x706>
100035c8:	0602      	lsls	r2, r0, #24
100035ca:	f140 81e3 	bpl.w	10003994 <_vsnprintf+0x980>
100035ce:	f9b8 2000 	ldrsh.w	r2, [r8]
100035d2:	ea82 71e2 	eor.w	r1, r2, r2, asr #31
100035d6:	eba1 71e2 	sub.w	r1, r1, r2, asr #31
100035da:	fa1f fe81 	uxth.w	lr, r1
100035de:	0fd1      	lsrs	r1, r2, #31
100035e0:	9109      	str	r1, [sp, #36]	@ 0x24
100035e2:	2a00      	cmp	r2, #0
100035e4:	f000 815f 	beq.w	100038a6 <_vsnprintf+0x892>
100035e8:	4673      	mov	r3, lr
100035ea:	aa12      	add	r2, sp, #72	@ 0x48
100035ec:	4696      	mov	lr, r2
100035ee:	f8df 83a0 	ldr.w	r8, [pc, #928]	@ 10003990 <_vsnprintf+0x97c>
100035f2:	940a      	str	r4, [sp, #40]	@ 0x28
100035f4:	e003      	b.n	100035fe <_vsnprintf+0x5ea>
100035f6:	f1bc 0f20 	cmp.w	ip, #32
100035fa:	4623      	mov	r3, r4
100035fc:	d00f      	beq.n	1000361e <_vsnprintf+0x60a>
100035fe:	fba8 1403 	umull	r1, r4, r8, r3
10003602:	08e4      	lsrs	r4, r4, #3
10003604:	eb04 0184 	add.w	r1, r4, r4, lsl #2
10003608:	eba3 0141 	sub.w	r1, r3, r1, lsl #1
1000360c:	f10e 0e01 	add.w	lr, lr, #1
10003610:	3130      	adds	r1, #48	@ 0x30
10003612:	2b09      	cmp	r3, #9
10003614:	f10c 0c01 	add.w	ip, ip, #1
10003618:	f80e 1c01 	strb.w	r1, [lr, #-1]
1000361c:	d8eb      	bhi.n	100035f6 <_vsnprintf+0x5e2>
1000361e:	9c0a      	ldr	r4, [sp, #40]	@ 0x28
10003620:	9b09      	ldr	r3, [sp, #36]	@ 0x24
10003622:	9200      	str	r2, [sp, #0]
10003624:	e9cd c301 	strd	ip, r3, [sp, #4]
10003628:	230a      	movs	r3, #10
1000362a:	4632      	mov	r2, r6
1000362c:	e9cd 4005 	strd	r4, r0, [sp, #20]
10003630:	9704      	str	r7, [sp, #16]
10003632:	9303      	str	r3, [sp, #12]
10003634:	4651      	mov	r1, sl
10003636:	4658      	mov	r0, fp
10003638:	9b08      	ldr	r3, [sp, #32]
1000363a:	f7fe fee5 	bl	10002408 <_ntoa_format>
1000363e:	46c8      	mov	r8, r9
10003640:	4606      	mov	r6, r0
10003642:	e505      	b.n	10003050 <_vsnprintf+0x3c>
10003644:	f022 020c 	bic.w	r2, r2, #12
10003648:	9209      	str	r2, [sp, #36]	@ 0x24
1000364a:	e72a      	b.n	100034a2 <_vsnprintf+0x48e>
1000364c:	f108 0807 	add.w	r8, r8, #7
10003650:	f028 0807 	bic.w	r8, r8, #7
10003654:	f8d8 2004 	ldr.w	r2, [r8, #4]
10003658:	f858 cb08 	ldr.w	ip, [r8], #8
1000365c:	0fd1      	lsrs	r1, r2, #31
1000365e:	ea5c 0e02 	orrs.w	lr, ip, r2
10003662:	d06c      	beq.n	1000373e <_vsnprintf+0x72a>
10003664:	2a00      	cmp	r2, #0
10003666:	4663      	mov	r3, ip
10003668:	da02      	bge.n	10003670 <_vsnprintf+0x65c>
1000366a:	425b      	negs	r3, r3
1000366c:	eb62 0242 	sbc.w	r2, r2, r2, lsl #1
10003670:	4691      	mov	r9, r2
10003672:	9309      	str	r3, [sp, #36]	@ 0x24
10003674:	aa12      	add	r2, sp, #72	@ 0x48
10003676:	4694      	mov	ip, r2
10003678:	f04f 0e00 	mov.w	lr, #0
1000367c:	e9cd 180a 	strd	r1, r8, [sp, #40]	@ 0x28
10003680:	e9cd 470c 	strd	r4, r7, [sp, #48]	@ 0x30
10003684:	960e      	str	r6, [sp, #56]	@ 0x38
10003686:	920f      	str	r2, [sp, #60]	@ 0x3c
10003688:	e003      	b.n	10003692 <_vsnprintf+0x67e>
1000368a:	f1be 0f20 	cmp.w	lr, #32
1000368e:	463b      	mov	r3, r7
10003690:	d030      	beq.n	100036f4 <_vsnprintf+0x6e0>
10003692:	f04f 32cc 	mov.w	r2, #3435973836	@ 0xcccccccc
10003696:	eb13 0109 	adds.w	r1, r3, r9
1000369a:	4fbd      	ldr	r7, [pc, #756]	@ (10003990 <_vsnprintf+0x97c>)
1000369c:	f141 0100 	adc.w	r1, r1, #0
100036a0:	fba7 4601 	umull	r4, r6, r7, r1
100036a4:	f026 0403 	bic.w	r4, r6, #3
100036a8:	eb04 0496 	add.w	r4, r4, r6, lsr #2
100036ac:	1b09      	subs	r1, r1, r4
100036ae:	1a5c      	subs	r4, r3, r1
100036b0:	fb02 f604 	mul.w	r6, r2, r4
100036b4:	463a      	mov	r2, r7
100036b6:	f169 0800 	sbc.w	r8, r9, #0
100036ba:	fb02 6608 	mla	r6, r2, r8, r6
100036be:	2205      	movs	r2, #5
100036c0:	fba4 7407 	umull	r7, r4, r4, r7
100036c4:	f007 0801 	and.w	r8, r7, #1
100036c8:	4426      	add	r6, r4
100036ca:	fba8 4802 	umull	r4, r8, r8, r2
100036ce:	1864      	adds	r4, r4, r1
100036d0:	2b0a      	cmp	r3, #10
100036d2:	f10c 0c01 	add.w	ip, ip, #1
100036d6:	ea4f 0757 	mov.w	r7, r7, lsr #1
100036da:	f104 0430 	add.w	r4, r4, #48	@ 0x30
100036de:	f179 0900 	sbcs.w	r9, r9, #0
100036e2:	f10e 0e01 	add.w	lr, lr, #1
100036e6:	f80c 4c01 	strb.w	r4, [ip, #-1]
100036ea:	ea47 77c6 	orr.w	r7, r7, r6, lsl #31
100036ee:	ea4f 0956 	mov.w	r9, r6, lsr #1
100036f2:	d2ca      	bcs.n	1000368a <_vsnprintf+0x676>
100036f4:	4673      	mov	r3, lr
100036f6:	e9dd 180a 	ldrd	r1, r8, [sp, #40]	@ 0x28
100036fa:	e9dd 470c 	ldrd	r4, r7, [sp, #48]	@ 0x30
100036fe:	9e0e      	ldr	r6, [sp, #56]	@ 0x38
10003700:	9a0f      	ldr	r2, [sp, #60]	@ 0x3c
10003702:	f8cd e024 	str.w	lr, [sp, #36]	@ 0x24
10003706:	e9cd 3101 	strd	r3, r1, [sp, #4]
1000370a:	230a      	movs	r3, #10
1000370c:	9200      	str	r2, [sp, #0]
1000370e:	e9cd 4005 	strd	r4, r0, [sp, #20]
10003712:	4632      	mov	r2, r6
10003714:	9704      	str	r7, [sp, #16]
10003716:	9303      	str	r3, [sp, #12]
10003718:	e59f      	b.n	1000325a <_vsnprintf+0x246>
1000371a:	f898 2000 	ldrb.w	r2, [r8]
1000371e:	4696      	mov	lr, r2
10003720:	e75d      	b.n	100035de <_vsnprintf+0x5ca>
10003722:	f04f 0910 	mov.w	r9, #16
10003726:	464b      	mov	r3, r9
10003728:	e6b4      	b.n	10003494 <_vsnprintf+0x480>
1000372a:	f022 0010 	bic.w	r0, r2, #16
1000372e:	e73f      	b.n	100035b0 <_vsnprintf+0x59c>
10003730:	0611      	lsls	r1, r2, #24
10003732:	bf4c      	ite	mi
10003734:	f8b8 1000 	ldrhmi.w	r1, [r8]
10003738:	f8d8 1000 	ldrpl.w	r1, [r8]
1000373c:	e6c0      	b.n	100034c0 <_vsnprintf+0x4ac>
1000373e:	2b00      	cmp	r3, #0
10003740:	f040 8142 	bne.w	100039c8 <_vsnprintf+0x9b4>
10003744:	4699      	mov	r9, r3
10003746:	9309      	str	r3, [sp, #36]	@ 0x24
10003748:	e794      	b.n	10003674 <_vsnprintf+0x660>
1000374a:	4632      	mov	r2, r6
1000374c:	4651      	mov	r1, sl
1000374e:	f898 0000 	ldrb.w	r0, [r8]
10003752:	9b08      	ldr	r3, [sp, #32]
10003754:	47d8      	blx	fp
10003756:	463e      	mov	r6, r7
10003758:	e653      	b.n	10003402 <_vsnprintf+0x3ee>
1000375a:	9a09      	ldr	r2, [sp, #36]	@ 0x24
1000375c:	940a      	str	r4, [sp, #40]	@ 0x28
1000375e:	f012 0f20 	tst.w	r2, #32
10003762:	bf14      	ite	ne
10003764:	f04f 0841 	movne.w	r8, #65	@ 0x41
10003768:	f04f 0861 	moveq.w	r8, #97	@ 0x61
1000376c:	aa12      	add	r2, sp, #72	@ 0x48
1000376e:	4694      	mov	ip, r2
10003770:	f1a8 080a 	sub.w	r8, r8, #10
10003774:	e002      	b.n	1000377c <_vsnprintf+0x768>
10003776:	2820      	cmp	r0, #32
10003778:	4671      	mov	r1, lr
1000377a:	d00f      	beq.n	1000379c <_vsnprintf+0x788>
1000377c:	fbb1 fef3 	udiv	lr, r1, r3
10003780:	fb03 141e 	mls	r4, r3, lr, r1
10003784:	2c09      	cmp	r4, #9
10003786:	bf94      	ite	ls
10003788:	3430      	addls	r4, #48	@ 0x30
1000378a:	4444      	addhi	r4, r8
1000378c:	4299      	cmp	r1, r3
1000378e:	f88c 4000 	strb.w	r4, [ip]
10003792:	f100 0001 	add.w	r0, r0, #1
10003796:	f10c 0c01 	add.w	ip, ip, #1
1000379a:	d2ec      	bcs.n	10003776 <_vsnprintf+0x762>
1000379c:	9c0a      	ldr	r4, [sp, #40]	@ 0x28
1000379e:	e69c      	b.n	100034da <_vsnprintf+0x4c6>
100037a0:	f108 0807 	add.w	r8, r8, #7
100037a4:	f028 0807 	bic.w	r8, r8, #7
100037a8:	f8d8 2004 	ldr.w	r2, [r8, #4]
100037ac:	f858 1b08 	ldr.w	r1, [r8], #8
100037b0:	920a      	str	r2, [sp, #40]	@ 0x28
100037b2:	430a      	orrs	r2, r1
100037b4:	468e      	mov	lr, r1
100037b6:	d17b      	bne.n	100038b0 <_vsnprintf+0x89c>
100037b8:	9a09      	ldr	r2, [sp, #36]	@ 0x24
100037ba:	f022 0210 	bic.w	r2, r2, #16
100037be:	9209      	str	r2, [sp, #36]	@ 0x24
100037c0:	f1bc 0f00 	cmp.w	ip, #0
100037c4:	d074      	beq.n	100038b0 <_vsnprintf+0x89c>
100037c6:	2000      	movs	r0, #0
100037c8:	aa12      	add	r2, sp, #72	@ 0x48
100037ca:	9909      	ldr	r1, [sp, #36]	@ 0x24
100037cc:	e9cd 2000 	strd	r2, r0, [sp]
100037d0:	e9cd 4105 	strd	r4, r1, [sp, #20]
100037d4:	4632      	mov	r2, r6
100037d6:	e9cd 3703 	strd	r3, r7, [sp, #12]
100037da:	e53c      	b.n	10003256 <_vsnprintf+0x242>
100037dc:	428c      	cmp	r4, r1
100037de:	bf98      	it	ls
100037e0:	3101      	addls	r1, #1
100037e2:	f67f ad79 	bls.w	100032d8 <_vsnprintf+0x2c4>
100037e6:	f44f 6380 	mov.w	r3, #1024	@ 0x400
100037ea:	e9cd 9409 	strd	r9, r4, [sp, #36]	@ 0x24
100037ee:	4699      	mov	r9, r3
100037f0:	19a2      	adds	r2, r4, r6
100037f2:	970b      	str	r7, [sp, #44]	@ 0x2c
100037f4:	9f08      	ldr	r7, [sp, #32]
100037f6:	1a54      	subs	r4, r2, r1
100037f8:	4632      	mov	r2, r6
100037fa:	463b      	mov	r3, r7
100037fc:	4651      	mov	r1, sl
100037fe:	2020      	movs	r0, #32
10003800:	3601      	adds	r6, #1
10003802:	47d8      	blx	fp
10003804:	42a6      	cmp	r6, r4
10003806:	d1f7      	bne.n	100037f8 <_vsnprintf+0x7e4>
10003808:	e9dd 470a 	ldrd	r4, r7, [sp, #40]	@ 0x28
1000380c:	464b      	mov	r3, r9
1000380e:	f8dd 9024 	ldr.w	r9, [sp, #36]	@ 0x24
10003812:	f899 0000 	ldrb.w	r0, [r9]
10003816:	2800      	cmp	r0, #0
10003818:	f43f ac1a 	beq.w	10003050 <_vsnprintf+0x3c>
1000381c:	1c61      	adds	r1, r4, #1
1000381e:	2b00      	cmp	r3, #0
10003820:	f43f ae77 	beq.w	10003512 <_vsnprintf+0x4fe>
10003824:	2300      	movs	r3, #0
10003826:	e557      	b.n	100032d8 <_vsnprintf+0x2c4>
10003828:	428c      	cmp	r4, r1
1000382a:	d8de      	bhi.n	100037ea <_vsnprintf+0x7d6>
1000382c:	3101      	adds	r1, #1
1000382e:	e670      	b.n	10003512 <_vsnprintf+0x4fe>
10003830:	f8d8 2000 	ldr.w	r2, [r8]
10003834:	0fd1      	lsrs	r1, r2, #31
10003836:	2a00      	cmp	r2, #0
10003838:	f000 80b3 	beq.w	100039a2 <_vsnprintf+0x98e>
1000383c:	ea82 73e2 	eor.w	r3, r2, r2, asr #31
10003840:	eba3 73e2 	sub.w	r3, r3, r2, asr #31
10003844:	aa12      	add	r2, sp, #72	@ 0x48
10003846:	4694      	mov	ip, r2
10003848:	e9cd 1409 	strd	r1, r4, [sp, #36]	@ 0x24
1000384c:	f8df 8140 	ldr.w	r8, [pc, #320]	@ 10003990 <_vsnprintf+0x97c>
10003850:	e003      	b.n	1000385a <_vsnprintf+0x846>
10003852:	f1be 0f20 	cmp.w	lr, #32
10003856:	4623      	mov	r3, r4
10003858:	d00f      	beq.n	1000387a <_vsnprintf+0x866>
1000385a:	fba8 1403 	umull	r1, r4, r8, r3
1000385e:	08e4      	lsrs	r4, r4, #3
10003860:	eb04 0184 	add.w	r1, r4, r4, lsl #2
10003864:	eba3 0141 	sub.w	r1, r3, r1, lsl #1
10003868:	f10c 0c01 	add.w	ip, ip, #1
1000386c:	3130      	adds	r1, #48	@ 0x30
1000386e:	2b09      	cmp	r3, #9
10003870:	f10e 0e01 	add.w	lr, lr, #1
10003874:	f80c 1c01 	strb.w	r1, [ip, #-1]
10003878:	d8eb      	bhi.n	10003852 <_vsnprintf+0x83e>
1000387a:	e9dd 1409 	ldrd	r1, r4, [sp, #36]	@ 0x24
1000387e:	230a      	movs	r3, #10
10003880:	9200      	str	r2, [sp, #0]
10003882:	e9cd 4005 	strd	r4, r0, [sp, #20]
10003886:	4632      	mov	r2, r6
10003888:	e9cd e101 	strd	lr, r1, [sp, #4]
1000388c:	9704      	str	r7, [sp, #16]
1000388e:	9303      	str	r3, [sp, #12]
10003890:	e6d0      	b.n	10003634 <_vsnprintf+0x620>
10003892:	2969      	cmp	r1, #105	@ 0x69
10003894:	f022 0010 	bic.w	r0, r2, #16
10003898:	f040 8091 	bne.w	100039be <_vsnprintf+0x9aa>
1000389c:	f412 6380 	ands.w	r3, r2, #1024	@ 0x400
100038a0:	f43f ae86 	beq.w	100035b0 <_vsnprintf+0x59c>
100038a4:	e680      	b.n	100035a8 <_vsnprintf+0x594>
100038a6:	2b00      	cmp	r3, #0
100038a8:	f43f ae9f 	beq.w	100035ea <_vsnprintf+0x5d6>
100038ac:	aa12      	add	r2, sp, #72	@ 0x48
100038ae:	e6b7      	b.n	10003620 <_vsnprintf+0x60c>
100038b0:	9a09      	ldr	r2, [sp, #36]	@ 0x24
100038b2:	e9cd 840b 	strd	r8, r4, [sp, #44]	@ 0x2c
100038b6:	f012 0f20 	tst.w	r2, #32
100038ba:	bf14      	ite	ne
100038bc:	2141      	movne	r1, #65	@ 0x41
100038be:	2161      	moveq	r1, #97	@ 0x61
100038c0:	e9cd 760d 	strd	r7, r6, [sp, #52]	@ 0x34
100038c4:	e9cd 3b0f 	strd	r3, fp, [sp, #60]	@ 0x3c
100038c8:	f8cd a044 	str.w	sl, [sp, #68]	@ 0x44
100038cc:	2700      	movs	r7, #0
100038ce:	46f0      	mov	r8, lr
100038d0:	9c0a      	ldr	r4, [sp, #40]	@ 0x28
100038d2:	ae12      	add	r6, sp, #72	@ 0x48
100038d4:	f10d 0b48 	add.w	fp, sp, #72	@ 0x48
100038d8:	f1a1 0a0a 	sub.w	sl, r1, #10
100038dc:	e003      	b.n	100038e6 <_vsnprintf+0x8d2>
100038de:	2f20      	cmp	r7, #32
100038e0:	4680      	mov	r8, r0
100038e2:	460c      	mov	r4, r1
100038e4:	d013      	beq.n	1000390e <_vsnprintf+0x8fa>
100038e6:	4621      	mov	r1, r4
100038e8:	464a      	mov	r2, r9
100038ea:	2300      	movs	r3, #0
100038ec:	4640      	mov	r0, r8
100038ee:	f004 fec3 	bl	10008678 <____aeabi_uldivmod_veneer>
100038f2:	b2d2      	uxtb	r2, r2
100038f4:	2a09      	cmp	r2, #9
100038f6:	bf94      	ite	ls
100038f8:	3230      	addls	r2, #48	@ 0x30
100038fa:	4452      	addhi	r2, sl
100038fc:	45c8      	cmp	r8, r9
100038fe:	f174 0400 	sbcs.w	r4, r4, #0
10003902:	7032      	strb	r2, [r6, #0]
10003904:	f107 0701 	add.w	r7, r7, #1
10003908:	f106 0601 	add.w	r6, r6, #1
1000390c:	d2e7      	bcs.n	100038de <_vsnprintf+0x8ca>
1000390e:	4638      	mov	r0, r7
10003910:	e9dd 840b 	ldrd	r8, r4, [sp, #44]	@ 0x2c
10003914:	465a      	mov	r2, fp
10003916:	9e0e      	ldr	r6, [sp, #56]	@ 0x38
10003918:	9f0d      	ldr	r7, [sp, #52]	@ 0x34
1000391a:	9b0f      	ldr	r3, [sp, #60]	@ 0x3c
1000391c:	f8dd a044 	ldr.w	sl, [sp, #68]	@ 0x44
10003920:	f8dd b040 	ldr.w	fp, [sp, #64]	@ 0x40
10003924:	e751      	b.n	100037ca <_vsnprintf+0x7b6>
10003926:	f8d8 e000 	ldr.w	lr, [r8]
1000392a:	f1be 0f00 	cmp.w	lr, #0
1000392e:	d10d      	bne.n	1000394c <_vsnprintf+0x938>
10003930:	f022 0210 	bic.w	r2, r2, #16
10003934:	9209      	str	r2, [sp, #36]	@ 0x24
10003936:	f1bc 0f00 	cmp.w	ip, #0
1000393a:	d007      	beq.n	1000394c <_vsnprintf+0x938>
1000393c:	aa12      	add	r2, sp, #72	@ 0x48
1000393e:	9809      	ldr	r0, [sp, #36]	@ 0x24
10003940:	e9cd 3703 	strd	r3, r7, [sp, #12]
10003944:	e9cd 4005 	strd	r4, r0, [sp, #20]
10003948:	9101      	str	r1, [sp, #4]
1000394a:	e5cc      	b.n	100034e6 <_vsnprintf+0x4d2>
1000394c:	9a09      	ldr	r2, [sp, #36]	@ 0x24
1000394e:	f012 0f20 	tst.w	r2, #32
10003952:	bf14      	ite	ne
10003954:	2041      	movne	r0, #65	@ 0x41
10003956:	2061      	moveq	r0, #97	@ 0x61
10003958:	aa12      	add	r2, sp, #72	@ 0x48
1000395a:	4694      	mov	ip, r2
1000395c:	920a      	str	r2, [sp, #40]	@ 0x28
1000395e:	f1a0 020a 	sub.w	r2, r0, #10
10003962:	e002      	b.n	1000396a <_vsnprintf+0x956>
10003964:	2920      	cmp	r1, #32
10003966:	46c6      	mov	lr, r8
10003968:	d00f      	beq.n	1000398a <_vsnprintf+0x976>
1000396a:	fbbe f8f3 	udiv	r8, lr, r3
1000396e:	fb03 e018 	mls	r0, r3, r8, lr
10003972:	2809      	cmp	r0, #9
10003974:	bf94      	ite	ls
10003976:	3030      	addls	r0, #48	@ 0x30
10003978:	1880      	addhi	r0, r0, r2
1000397a:	459e      	cmp	lr, r3
1000397c:	f88c 0000 	strb.w	r0, [ip]
10003980:	f101 0101 	add.w	r1, r1, #1
10003984:	f10c 0c01 	add.w	ip, ip, #1
10003988:	d2ec      	bcs.n	10003964 <_vsnprintf+0x950>
1000398a:	9a0a      	ldr	r2, [sp, #40]	@ 0x28
1000398c:	e7d7      	b.n	1000393e <_vsnprintf+0x92a>
1000398e:	bf00      	nop
10003990:	cccccccd 	.word	0xcccccccd
10003994:	f8d8 2000 	ldr.w	r2, [r8]
10003998:	ea82 7ee2 	eor.w	lr, r2, r2, asr #31
1000399c:	ebae 7ee2 	sub.w	lr, lr, r2, asr #31
100039a0:	e61d      	b.n	100035de <_vsnprintf+0x5ca>
100039a2:	2b00      	cmp	r3, #0
100039a4:	f43f af4e 	beq.w	10003844 <_vsnprintf+0x830>
100039a8:	aa12      	add	r2, sp, #72	@ 0x48
100039aa:	e768      	b.n	1000387e <_vsnprintf+0x86a>
100039ac:	f412 6180 	ands.w	r1, r2, #1024	@ 0x400
100039b0:	d00e      	beq.n	100039d0 <_vsnprintf+0x9bc>
100039b2:	f012 0102 	ands.w	r1, r2, #2
100039b6:	d014      	beq.n	100039e2 <_vsnprintf+0x9ce>
100039b8:	4601      	mov	r1, r0
100039ba:	4637      	mov	r7, r6
100039bc:	e4a7      	b.n	1000330e <_vsnprintf+0x2fa>
100039be:	f04f 090a 	mov.w	r9, #10
100039c2:	4602      	mov	r2, r0
100039c4:	464b      	mov	r3, r9
100039c6:	e565      	b.n	10003494 <_vsnprintf+0x480>
100039c8:	2300      	movs	r3, #0
100039ca:	aa12      	add	r2, sp, #72	@ 0x48
100039cc:	9309      	str	r3, [sp, #36]	@ 0x24
100039ce:	e69a      	b.n	10003706 <_vsnprintf+0x6f2>
100039d0:	f012 0302 	ands.w	r3, r2, #2
100039d4:	f47f ac9a 	bne.w	1000330c <_vsnprintf+0x2f8>
100039d8:	2c00      	cmp	r4, #0
100039da:	f47f af06 	bne.w	100037ea <_vsnprintf+0x7d6>
100039de:	f7ff bb37 	b.w	10003050 <_vsnprintf+0x3c>
100039e2:	2c00      	cmp	r4, #0
100039e4:	f47f aeff 	bne.w	100037e6 <_vsnprintf+0x7d2>
100039e8:	f7ff bb32 	b.w	10003050 <_vsnprintf+0x3c>

100039ec <vfctprintf>:
100039ec:	468c      	mov	ip, r1
100039ee:	b510      	push	{r4, lr}
100039f0:	b084      	sub	sp, #16
100039f2:	9300      	str	r3, [sp, #0]
100039f4:	9002      	str	r0, [sp, #8]
100039f6:	4613      	mov	r3, r2
100039f8:	a902      	add	r1, sp, #8
100039fa:	f04f 32ff 	mov.w	r2, #4294967295
100039fe:	4803      	ldr	r0, [pc, #12]	@ (10003a0c <vfctprintf+0x20>)
10003a00:	f8cd c00c 	str.w	ip, [sp, #12]
10003a04:	f7ff fb06 	bl	10003014 <_vsnprintf>
10003a08:	b004      	add	sp, #16
10003a0a:	bd10      	pop	{r4, pc}
10003a0c:	100025ed 	.word	0x100025ed

10003a10 <weak_raw_vprintf>:
10003a10:	b510      	push	{r4, lr}
10003a12:	4a09      	ldr	r2, [pc, #36]	@ (10003a38 <weak_raw_vprintf+0x28>)
10003a14:	b084      	sub	sp, #16
10003a16:	6814      	ldr	r4, [r2, #0]
10003a18:	b14c      	cbz	r4, 10003a2e <weak_raw_vprintf+0x1e>
10003a1a:	4603      	mov	r3, r0
10003a1c:	9100      	str	r1, [sp, #0]
10003a1e:	f04f 32ff 	mov.w	r2, #4294967295
10003a22:	a903      	add	r1, sp, #12
10003a24:	4805      	ldr	r0, [pc, #20]	@ (10003a3c <weak_raw_vprintf+0x2c>)
10003a26:	47a0      	blx	r4
10003a28:	2001      	movs	r0, #1
10003a2a:	b004      	add	sp, #16
10003a2c:	bd10      	pop	{r4, pc}
10003a2e:	f000 f9f7 	bl	10003e20 <__wrap_puts>
10003a32:	4620      	mov	r0, r4
10003a34:	b004      	add	sp, #16
10003a36:	bd10      	pop	{r4, pc}
10003a38:	2002b7d8 	.word	0x2002b7d8
10003a3c:	100025e5 	.word	0x100025e5

10003a40 <_exit>:
10003a40:	be00      	bkpt	0x0000
10003a42:	e7fd      	b.n	10003a40 <_exit>

10003a44 <_fini>:
10003a44:	4770      	bx	lr
10003a46:	bf00      	nop

10003a48 <_sbrk>:
10003a48:	4a07      	ldr	r2, [pc, #28]	@ (10003a68 <_sbrk+0x20>)
10003a4a:	4603      	mov	r3, r0
10003a4c:	6810      	ldr	r0, [r2, #0]
10003a4e:	b138      	cbz	r0, 10003a60 <_sbrk+0x18>
10003a50:	4906      	ldr	r1, [pc, #24]	@ (10003a6c <_sbrk+0x24>)
10003a52:	4403      	add	r3, r0
10003a54:	428b      	cmp	r3, r1
10003a56:	bf8c      	ite	hi
10003a58:	f04f 30ff 	movhi.w	r0, #4294967295
10003a5c:	6013      	strls	r3, [r2, #0]
10003a5e:	4770      	bx	lr
10003a60:	4903      	ldr	r1, [pc, #12]	@ (10003a70 <_sbrk+0x28>)
10003a62:	4608      	mov	r0, r1
10003a64:	6011      	str	r1, [r2, #0]
10003a66:	e7f3      	b.n	10003a50 <_sbrk+0x8>
10003a68:	2002b3d4 	.word	0x2002b3d4
10003a6c:	20080000 	.word	0x20080000
10003a70:	2002ee48 	.word	0x2002ee48

10003a74 <_read>:
10003a74:	b938      	cbnz	r0, 10003a86 <_read+0x12>
10003a76:	f8df c014 	ldr.w	ip, [pc, #20]	@ 10003a8c <_read+0x18>
10003a7a:	4608      	mov	r0, r1
10003a7c:	4611      	mov	r1, r2
10003a7e:	e9dc 2300 	ldrd	r2, r3, [ip]
10003a82:	f000 b937 	b.w	10003cf4 <stdio_get_until>
10003a86:	f04f 30ff 	mov.w	r0, #4294967295
10003a8a:	4770      	bx	lr
10003a8c:	10008a90 	.word	0x10008a90

10003a90 <_write>:
10003a90:	1e43      	subs	r3, r0, #1
10003a92:	2b01      	cmp	r3, #1
10003a94:	d809      	bhi.n	10003aaa <_write+0x1a>
10003a96:	b510      	push	{r4, lr}
10003a98:	4614      	mov	r4, r2
10003a9a:	4608      	mov	r0, r1
10003a9c:	2301      	movs	r3, #1
10003a9e:	2200      	movs	r2, #0
10003aa0:	4621      	mov	r1, r4
10003aa2:	f000 f8b1 	bl	10003c08 <stdio_put_string>
10003aa6:	4620      	mov	r0, r4
10003aa8:	bd10      	pop	{r4, pc}
10003aaa:	f04f 30ff 	mov.w	r0, #4294967295
10003aae:	4770      	bx	lr

10003ab0 <_close>:
10003ab0:	f04f 30ff 	mov.w	r0, #4294967295
10003ab4:	4770      	bx	lr
10003ab6:	bf00      	nop

10003ab8 <_lseek>:
10003ab8:	f04f 30ff 	mov.w	r0, #4294967295
10003abc:	4770      	bx	lr
10003abe:	bf00      	nop

10003ac0 <exit>:
10003ac0:	b508      	push	{r3, lr}
10003ac2:	f7ff ffbd 	bl	10003a40 <_exit>
10003ac6:	bf00      	nop

10003ac8 <runtime_init>:
10003ac8:	b538      	push	{r3, r4, r5, lr}
10003aca:	4c06      	ldr	r4, [pc, #24]	@ (10003ae4 <runtime_init+0x1c>)
10003acc:	4d06      	ldr	r5, [pc, #24]	@ (10003ae8 <runtime_init+0x20>)
10003ace:	f7fe f9a9 	bl	10001e24 <runtime_run_initializers>
10003ad2:	42ac      	cmp	r4, r5
10003ad4:	d204      	bcs.n	10003ae0 <runtime_init+0x18>
10003ad6:	f854 3b04 	ldr.w	r3, [r4], #4
10003ada:	4798      	blx	r3
10003adc:	42ac      	cmp	r4, r5
10003ade:	d3fa      	bcc.n	10003ad6 <runtime_init+0xe>
10003ae0:	bd38      	pop	{r3, r4, r5, pc}
10003ae2:	bf00      	nop
10003ae4:	100086d4 	.word	0x100086d4
10003ae8:	100086d8 	.word	0x100086d8

10003aec <stdio_out_chars_no_crlf>:
10003aec:	6803      	ldr	r3, [r0, #0]
10003aee:	4608      	mov	r0, r1
10003af0:	4611      	mov	r1, r2
10003af2:	4718      	bx	r3

10003af4 <stdio_out_chars_crlf>:
10003af4:	b570      	push	{r4, r5, r6, lr}
10003af6:	4605      	mov	r5, r0
10003af8:	4608      	mov	r0, r1
10003afa:	7d69      	ldrb	r1, [r5, #21]
10003afc:	b082      	sub	sp, #8
10003afe:	2900      	cmp	r1, #0
10003b00:	d04f      	beq.n	10003ba2 <stdio_out_chars_crlf+0xae>
10003b02:	2a00      	cmp	r2, #0
10003b04:	dd25      	ble.n	10003b52 <stdio_out_chars_crlf+0x5e>
10003b06:	7803      	ldrb	r3, [r0, #0]
10003b08:	4614      	mov	r4, r2
10003b0a:	2b0a      	cmp	r3, #10
10003b0c:	4606      	mov	r6, r0
10003b0e:	d022      	beq.n	10003b56 <stdio_out_chars_crlf+0x62>
10003b10:	2c01      	cmp	r4, #1
10003b12:	f04f 0e00 	mov.w	lr, #0
10003b16:	d00d      	beq.n	10003b34 <stdio_out_chars_crlf+0x40>
10003b18:	4632      	mov	r2, r6
10003b1a:	2301      	movs	r3, #1
10003b1c:	f812 cf01 	ldrb.w	ip, [r2, #1]!
10003b20:	4619      	mov	r1, r3
10003b22:	f1bc 0f0a 	cmp.w	ip, #10
10003b26:	f103 0301 	add.w	r3, r3, #1
10003b2a:	d020      	beq.n	10003b6e <stdio_out_chars_crlf+0x7a>
10003b2c:	429c      	cmp	r4, r3
10003b2e:	d1f5      	bne.n	10003b1c <stdio_out_chars_crlf+0x28>
10003b30:	4574      	cmp	r4, lr
10003b32:	dd05      	ble.n	10003b40 <stdio_out_chars_crlf+0x4c>
10003b34:	682b      	ldr	r3, [r5, #0]
10003b36:	eba4 010e 	sub.w	r1, r4, lr
10003b3a:	eb06 000e 	add.w	r0, r6, lr
10003b3e:	4798      	blx	r3
10003b40:	1931      	adds	r1, r6, r4
10003b42:	f811 3c01 	ldrb.w	r3, [r1, #-1]
10003b46:	f1a3 030d 	sub.w	r3, r3, #13
10003b4a:	fab3 f383 	clz	r3, r3
10003b4e:	095b      	lsrs	r3, r3, #5
10003b50:	752b      	strb	r3, [r5, #20]
10003b52:	b002      	add	sp, #8
10003b54:	bd70      	pop	{r4, r5, r6, pc}
10003b56:	7d2b      	ldrb	r3, [r5, #20]
10003b58:	2b00      	cmp	r3, #0
10003b5a:	d1d9      	bne.n	10003b10 <stdio_out_chars_crlf+0x1c>
10003b5c:	2102      	movs	r1, #2
10003b5e:	682b      	ldr	r3, [r5, #0]
10003b60:	4813      	ldr	r0, [pc, #76]	@ (10003bb0 <stdio_out_chars_crlf+0xbc>)
10003b62:	4798      	blx	r3
10003b64:	2c01      	cmp	r4, #1
10003b66:	d0eb      	beq.n	10003b40 <stdio_out_chars_crlf+0x4c>
10003b68:	f04f 0e01 	mov.w	lr, #1
10003b6c:	e7d4      	b.n	10003b18 <stdio_out_chars_crlf+0x24>
10003b6e:	f812 0c01 	ldrb.w	r0, [r2, #-1]
10003b72:	280d      	cmp	r0, #13
10003b74:	d0da      	beq.n	10003b2c <stdio_out_chars_crlf+0x38>
10003b76:	458e      	cmp	lr, r1
10003b78:	eb06 000e 	add.w	r0, r6, lr
10003b7c:	eba1 010e 	sub.w	r1, r1, lr
10003b80:	da05      	bge.n	10003b8e <stdio_out_chars_crlf+0x9a>
10003b82:	e9cd 3200 	strd	r3, r2, [sp]
10003b86:	682b      	ldr	r3, [r5, #0]
10003b88:	4798      	blx	r3
10003b8a:	e9dd 3200 	ldrd	r3, r2, [sp]
10003b8e:	e9cd 3200 	strd	r3, r2, [sp]
10003b92:	2102      	movs	r1, #2
10003b94:	682b      	ldr	r3, [r5, #0]
10003b96:	4806      	ldr	r0, [pc, #24]	@ (10003bb0 <stdio_out_chars_crlf+0xbc>)
10003b98:	4798      	blx	r3
10003b9a:	9b00      	ldr	r3, [sp, #0]
10003b9c:	9a01      	ldr	r2, [sp, #4]
10003b9e:	469e      	mov	lr, r3
10003ba0:	e7c4      	b.n	10003b2c <stdio_out_chars_crlf+0x38>
10003ba2:	4611      	mov	r1, r2
10003ba4:	682b      	ldr	r3, [r5, #0]
10003ba6:	b002      	add	sp, #8
10003ba8:	e8bd 4070 	ldmia.w	sp!, {r4, r5, r6, lr}
10003bac:	4718      	bx	r3
10003bae:	bf00      	nop
10003bb0:	10008b40 	.word	0x10008b40

10003bb4 <stdio_buffered_printer>:
10003bb4:	680b      	ldr	r3, [r1, #0]
10003bb6:	1c5a      	adds	r2, r3, #1
10003bb8:	2a80      	cmp	r2, #128	@ 0x80
10003bba:	440b      	add	r3, r1
10003bbc:	600a      	str	r2, [r1, #0]
10003bbe:	7118      	strb	r0, [r3, #4]
10003bc0:	d000      	beq.n	10003bc4 <stdio_buffered_printer+0x10>
10003bc2:	4770      	bx	lr
10003bc4:	b530      	push	{r4, r5, lr}
10003bc6:	4b0e      	ldr	r3, [pc, #56]	@ (10003c00 <stdio_buffered_printer+0x4c>)
10003bc8:	460c      	mov	r4, r1
10003bca:	6818      	ldr	r0, [r3, #0]
10003bcc:	b083      	sub	sp, #12
10003bce:	b1a0      	cbz	r0, 10003bfa <stdio_buffered_printer+0x46>
10003bd0:	1d0d      	adds	r5, r1, #4
10003bd2:	e001      	b.n	10003bd8 <stdio_buffered_printer+0x24>
10003bd4:	6900      	ldr	r0, [r0, #16]
10003bd6:	b180      	cbz	r0, 10003bfa <stdio_buffered_printer+0x46>
10003bd8:	6803      	ldr	r3, [r0, #0]
10003bda:	2b00      	cmp	r3, #0
10003bdc:	d0fa      	beq.n	10003bd4 <stdio_buffered_printer+0x20>
10003bde:	4b09      	ldr	r3, [pc, #36]	@ (10003c04 <stdio_buffered_printer+0x50>)
10003be0:	681b      	ldr	r3, [r3, #0]
10003be2:	b10b      	cbz	r3, 10003be8 <stdio_buffered_printer+0x34>
10003be4:	4283      	cmp	r3, r0
10003be6:	d1f5      	bne.n	10003bd4 <stdio_buffered_printer+0x20>
10003be8:	4629      	mov	r1, r5
10003bea:	6822      	ldr	r2, [r4, #0]
10003bec:	9001      	str	r0, [sp, #4]
10003bee:	f7ff ff81 	bl	10003af4 <stdio_out_chars_crlf>
10003bf2:	9801      	ldr	r0, [sp, #4]
10003bf4:	6900      	ldr	r0, [r0, #16]
10003bf6:	2800      	cmp	r0, #0
10003bf8:	d1ee      	bne.n	10003bd8 <stdio_buffered_printer+0x24>
10003bfa:	6020      	str	r0, [r4, #0]
10003bfc:	b003      	add	sp, #12
10003bfe:	bd30      	pop	{r4, r5, pc}
10003c00:	2002b308 	.word	0x2002b308
10003c04:	2002b328 	.word	0x2002b328

10003c08 <stdio_put_string>:
10003c08:	e92d 47f0 	stmdb	sp!, {r4, r5, r6, r7, r8, r9, sl, lr}
10003c0c:	b082      	sub	sp, #8
10003c0e:	4690      	mov	r8, r2
10003c10:	461c      	mov	r4, r3
10003c12:	460d      	mov	r5, r1
10003c14:	4607      	mov	r7, r0
10003c16:	f7fd fc47 	bl	100014a8 <time_us_64>
10003c1a:	f04f 3cff 	mov.w	ip, #4294967295
10003c1e:	f06f 4600 	mvn.w	r6, #2147483648	@ 0x80000000
10003c22:	4a2e      	ldr	r2, [pc, #184]	@ (10003cdc <stdio_put_string+0xd4>)
10003c24:	1882      	adds	r2, r0, r2
10003c26:	f141 0300 	adc.w	r3, r1, #0
10003c2a:	4594      	cmp	ip, r2
10003c2c:	eb76 0103 	sbcs.w	r1, r6, r3
10003c30:	bf3c      	itt	cc
10003c32:	4662      	movcc	r2, ip
10003c34:	4633      	movcc	r3, r6
10003c36:	482a      	ldr	r0, [pc, #168]	@ (10003ce0 <stdio_put_string+0xd8>)
10003c38:	f004 fd06 	bl	10008648 <__mutex_try_enter_block_until_veneer>
10003c3c:	1c6b      	adds	r3, r5, #1
10003c3e:	4682      	mov	sl, r0
10003c40:	d040      	beq.n	10003cc4 <stdio_put_string+0xbc>
10003c42:	b30c      	cbz	r4, 10003c88 <stdio_put_string+0x80>
10003c44:	4e27      	ldr	r6, [pc, #156]	@ (10003ce4 <stdio_put_string+0xdc>)
10003c46:	4b28      	ldr	r3, [pc, #160]	@ (10003ce8 <stdio_put_string+0xe0>)
10003c48:	681c      	ldr	r4, [r3, #0]
10003c4a:	b1b4      	cbz	r4, 10003c7a <stdio_put_string+0x72>
10003c4c:	f1b8 0f00 	cmp.w	r8, #0
10003c50:	d11c      	bne.n	10003c8c <stdio_put_string+0x84>
10003c52:	f8df 809c 	ldr.w	r8, [pc, #156]	@ 10003cf0 <stdio_put_string+0xe8>
10003c56:	e001      	b.n	10003c5c <stdio_put_string+0x54>
10003c58:	6924      	ldr	r4, [r4, #16]
10003c5a:	b174      	cbz	r4, 10003c7a <stdio_put_string+0x72>
10003c5c:	6823      	ldr	r3, [r4, #0]
10003c5e:	2b00      	cmp	r3, #0
10003c60:	d0fa      	beq.n	10003c58 <stdio_put_string+0x50>
10003c62:	f8d8 3000 	ldr.w	r3, [r8]
10003c66:	b10b      	cbz	r3, 10003c6c <stdio_put_string+0x64>
10003c68:	429c      	cmp	r4, r3
10003c6a:	d1f5      	bne.n	10003c58 <stdio_put_string+0x50>
10003c6c:	4620      	mov	r0, r4
10003c6e:	462a      	mov	r2, r5
10003c70:	4639      	mov	r1, r7
10003c72:	47b0      	blx	r6
10003c74:	6924      	ldr	r4, [r4, #16]
10003c76:	2c00      	cmp	r4, #0
10003c78:	d1f0      	bne.n	10003c5c <stdio_put_string+0x54>
10003c7a:	f1ba 0f00 	cmp.w	sl, #0
10003c7e:	d126      	bne.n	10003cce <stdio_put_string+0xc6>
10003c80:	4628      	mov	r0, r5
10003c82:	b002      	add	sp, #8
10003c84:	e8bd 87f0 	ldmia.w	sp!, {r4, r5, r6, r7, r8, r9, sl, pc}
10003c88:	4e18      	ldr	r6, [pc, #96]	@ (10003cec <stdio_put_string+0xe4>)
10003c8a:	e7dc      	b.n	10003c46 <stdio_put_string+0x3e>
10003c8c:	f04f 090a 	mov.w	r9, #10
10003c90:	f8df 805c 	ldr.w	r8, [pc, #92]	@ 10003cf0 <stdio_put_string+0xe8>
10003c94:	e002      	b.n	10003c9c <stdio_put_string+0x94>
10003c96:	6924      	ldr	r4, [r4, #16]
10003c98:	2c00      	cmp	r4, #0
10003c9a:	d0ee      	beq.n	10003c7a <stdio_put_string+0x72>
10003c9c:	6823      	ldr	r3, [r4, #0]
10003c9e:	2b00      	cmp	r3, #0
10003ca0:	d0f9      	beq.n	10003c96 <stdio_put_string+0x8e>
10003ca2:	f8d8 3000 	ldr.w	r3, [r8]
10003ca6:	b10b      	cbz	r3, 10003cac <stdio_put_string+0xa4>
10003ca8:	42a3      	cmp	r3, r4
10003caa:	d1f4      	bne.n	10003c96 <stdio_put_string+0x8e>
10003cac:	462a      	mov	r2, r5
10003cae:	4639      	mov	r1, r7
10003cb0:	4620      	mov	r0, r4
10003cb2:	47b0      	blx	r6
10003cb4:	2201      	movs	r2, #1
10003cb6:	4620      	mov	r0, r4
10003cb8:	f10d 0107 	add.w	r1, sp, #7
10003cbc:	f88d 9007 	strb.w	r9, [sp, #7]
10003cc0:	47b0      	blx	r6
10003cc2:	e7e8      	b.n	10003c96 <stdio_put_string+0x8e>
10003cc4:	4638      	mov	r0, r7
10003cc6:	f004 fac3 	bl	10008250 <strlen>
10003cca:	4605      	mov	r5, r0
10003ccc:	e7b9      	b.n	10003c42 <stdio_put_string+0x3a>
10003cce:	4804      	ldr	r0, [pc, #16]	@ (10003ce0 <stdio_put_string+0xd8>)
10003cd0:	f004 fcaa 	bl	10008628 <__mutex_exit_veneer>
10003cd4:	4628      	mov	r0, r5
10003cd6:	b002      	add	sp, #8
10003cd8:	e8bd 87f0 	ldmia.w	sp!, {r4, r5, r6, r7, r8, r9, sl, pc}
10003cdc:	000f4240 	.word	0x000f4240
10003ce0:	20002c10 	.word	0x20002c10
10003ce4:	10003af5 	.word	0x10003af5
10003ce8:	2002b308 	.word	0x2002b308
10003cec:	10003aed 	.word	0x10003aed
10003cf0:	2002b328 	.word	0x2002b328

10003cf4 <stdio_get_until>:
10003cf4:	e92d 4ff8 	stmdb	sp!, {r3, r4, r5, r6, r7, r8, r9, sl, fp, lr}
10003cf8:	4606      	mov	r6, r0
10003cfa:	460d      	mov	r5, r1
10003cfc:	4693      	mov	fp, r2
10003cfe:	4699      	mov	r9, r3
10003d00:	f8df 8058 	ldr.w	r8, [pc, #88]	@ 10003d5c <stdio_get_until+0x68>
10003d04:	f8df a058 	ldr.w	sl, [pc, #88]	@ 10003d60 <stdio_get_until+0x6c>
10003d08:	4f13      	ldr	r7, [pc, #76]	@ (10003d58 <stdio_get_until+0x64>)
10003d0a:	f8d8 4000 	ldr.w	r4, [r8]
10003d0e:	b914      	cbnz	r4, 10003d16 <stdio_get_until+0x22>
10003d10:	e010      	b.n	10003d34 <stdio_get_until+0x40>
10003d12:	6924      	ldr	r4, [r4, #16]
10003d14:	b174      	cbz	r4, 10003d34 <stdio_get_until+0x40>
10003d16:	f8da 3000 	ldr.w	r3, [sl]
10003d1a:	b10b      	cbz	r3, 10003d20 <stdio_get_until+0x2c>
10003d1c:	42a3      	cmp	r3, r4
10003d1e:	d1f8      	bne.n	10003d12 <stdio_get_until+0x1e>
10003d20:	68a3      	ldr	r3, [r4, #8]
10003d22:	2b00      	cmp	r3, #0
10003d24:	d0f5      	beq.n	10003d12 <stdio_get_until+0x1e>
10003d26:	4629      	mov	r1, r5
10003d28:	4630      	mov	r0, r6
10003d2a:	4798      	blx	r3
10003d2c:	2800      	cmp	r0, #0
10003d2e:	ddf0      	ble.n	10003d12 <stdio_get_until+0x1e>
10003d30:	e8bd 8ff8 	ldmia.w	sp!, {r3, r4, r5, r6, r7, r8, r9, sl, fp, pc}
10003d34:	6a7b      	ldr	r3, [r7, #36]	@ 0x24
10003d36:	4599      	cmp	r9, r3
10003d38:	d808      	bhi.n	10003d4c <stdio_get_until+0x58>
10003d3a:	6aba      	ldr	r2, [r7, #40]	@ 0x28
10003d3c:	455a      	cmp	r2, fp
10003d3e:	d303      	bcc.n	10003d48 <stdio_get_until+0x54>
10003d40:	f06f 0001 	mvn.w	r0, #1
10003d44:	e8bd 8ff8 	ldmia.w	sp!, {r3, r4, r5, r6, r7, r8, r9, sl, fp, pc}
10003d48:	4599      	cmp	r9, r3
10003d4a:	d1f9      	bne.n	10003d40 <stdio_get_until+0x4c>
10003d4c:	2001      	movs	r0, #1
10003d4e:	2100      	movs	r1, #0
10003d50:	f7fd fbb4 	bl	100014bc <busy_wait_us>
10003d54:	e7d9      	b.n	10003d0a <stdio_get_until+0x16>
10003d56:	bf00      	nop
10003d58:	400b0000 	.word	0x400b0000
10003d5c:	2002b308 	.word	0x2002b308
10003d60:	2002b328 	.word	0x2002b328

10003d64 <stdio_set_driver_enabled>:
10003d64:	4a08      	ldr	r2, [pc, #32]	@ (10003d88 <stdio_set_driver_enabled+0x24>)
10003d66:	6813      	ldr	r3, [r2, #0]
10003d68:	b923      	cbnz	r3, 10003d74 <stdio_set_driver_enabled+0x10>
10003d6a:	e00a      	b.n	10003d82 <stdio_set_driver_enabled+0x1e>
10003d6c:	f103 0210 	add.w	r2, r3, #16
10003d70:	691b      	ldr	r3, [r3, #16]
10003d72:	b133      	cbz	r3, 10003d82 <stdio_set_driver_enabled+0x1e>
10003d74:	4283      	cmp	r3, r0
10003d76:	d1f9      	bne.n	10003d6c <stdio_set_driver_enabled+0x8>
10003d78:	b929      	cbnz	r1, 10003d86 <stdio_set_driver_enabled+0x22>
10003d7a:	6918      	ldr	r0, [r3, #16]
10003d7c:	6010      	str	r0, [r2, #0]
10003d7e:	6119      	str	r1, [r3, #16]
10003d80:	4770      	bx	lr
10003d82:	b101      	cbz	r1, 10003d86 <stdio_set_driver_enabled+0x22>
10003d84:	6010      	str	r0, [r2, #0]
10003d86:	4770      	bx	lr
10003d88:	2002b308 	.word	0x2002b308

10003d8c <stdio_init_all>:
10003d8c:	b508      	push	{r3, lr}
10003d8e:	f000 f9af 	bl	100040f0 <stdio_uart_init>
10003d92:	f000 fb79 	bl	10004488 <stdio_usb_init>
10003d96:	2001      	movs	r0, #1
10003d98:	bd08      	pop	{r3, pc}
10003d9a:	bf00      	nop

10003d9c <__wrap_putchar>:
10003d9c:	b5f0      	push	{r4, r5, r6, r7, lr}
10003d9e:	b083      	sub	sp, #12
10003da0:	4606      	mov	r6, r0
10003da2:	f88d 0007 	strb.w	r0, [sp, #7]
10003da6:	f7fd fb7f 	bl	100014a8 <time_us_64>
10003daa:	f04f 35ff 	mov.w	r5, #4294967295
10003dae:	f06f 4400 	mvn.w	r4, #2147483648	@ 0x80000000
10003db2:	4a17      	ldr	r2, [pc, #92]	@ (10003e10 <__wrap_putchar+0x74>)
10003db4:	1882      	adds	r2, r0, r2
10003db6:	f141 0300 	adc.w	r3, r1, #0
10003dba:	4295      	cmp	r5, r2
10003dbc:	eb74 0103 	sbcs.w	r1, r4, r3
10003dc0:	bf3c      	itt	cc
10003dc2:	4623      	movcc	r3, r4
10003dc4:	462a      	movcc	r2, r5
10003dc6:	4813      	ldr	r0, [pc, #76]	@ (10003e14 <__wrap_putchar+0x78>)
10003dc8:	f004 fc3e 	bl	10008648 <__mutex_try_enter_block_until_veneer>
10003dcc:	4b12      	ldr	r3, [pc, #72]	@ (10003e18 <__wrap_putchar+0x7c>)
10003dce:	4607      	mov	r7, r0
10003dd0:	681c      	ldr	r4, [r3, #0]
10003dd2:	b19c      	cbz	r4, 10003dfc <__wrap_putchar+0x60>
10003dd4:	4d11      	ldr	r5, [pc, #68]	@ (10003e1c <__wrap_putchar+0x80>)
10003dd6:	e001      	b.n	10003ddc <__wrap_putchar+0x40>
10003dd8:	6924      	ldr	r4, [r4, #16]
10003dda:	b17c      	cbz	r4, 10003dfc <__wrap_putchar+0x60>
10003ddc:	6823      	ldr	r3, [r4, #0]
10003dde:	2b00      	cmp	r3, #0
10003de0:	d0fa      	beq.n	10003dd8 <__wrap_putchar+0x3c>
10003de2:	682b      	ldr	r3, [r5, #0]
10003de4:	b10b      	cbz	r3, 10003dea <__wrap_putchar+0x4e>
10003de6:	429c      	cmp	r4, r3
10003de8:	d1f6      	bne.n	10003dd8 <__wrap_putchar+0x3c>
10003dea:	4620      	mov	r0, r4
10003dec:	2201      	movs	r2, #1
10003dee:	f10d 0107 	add.w	r1, sp, #7
10003df2:	f7ff fe7f 	bl	10003af4 <stdio_out_chars_crlf>
10003df6:	6924      	ldr	r4, [r4, #16]
10003df8:	2c00      	cmp	r4, #0
10003dfa:	d1ef      	bne.n	10003ddc <__wrap_putchar+0x40>
10003dfc:	b917      	cbnz	r7, 10003e04 <__wrap_putchar+0x68>
10003dfe:	4630      	mov	r0, r6
10003e00:	b003      	add	sp, #12
10003e02:	bdf0      	pop	{r4, r5, r6, r7, pc}
10003e04:	4803      	ldr	r0, [pc, #12]	@ (10003e14 <__wrap_putchar+0x78>)
10003e06:	f004 fc0f 	bl	10008628 <__mutex_exit_veneer>
10003e0a:	4630      	mov	r0, r6
10003e0c:	b003      	add	sp, #12
10003e0e:	bdf0      	pop	{r4, r5, r6, r7, pc}
10003e10:	000f4240 	.word	0x000f4240
10003e14:	20002c10 	.word	0x20002c10
10003e18:	2002b308 	.word	0x2002b308
10003e1c:	2002b328 	.word	0x2002b328

10003e20 <__wrap_puts>:
10003e20:	b538      	push	{r3, r4, r5, lr}
10003e22:	4604      	mov	r4, r0
10003e24:	f004 fa14 	bl	10008250 <strlen>
10003e28:	2301      	movs	r3, #1
10003e2a:	4605      	mov	r5, r0
10003e2c:	461a      	mov	r2, r3
10003e2e:	4620      	mov	r0, r4
10003e30:	4629      	mov	r1, r5
10003e32:	f7ff fee9 	bl	10003c08 <stdio_put_string>
10003e36:	4b08      	ldr	r3, [pc, #32]	@ (10003e58 <__wrap_puts+0x38>)
10003e38:	681c      	ldr	r4, [r3, #0]
10003e3a:	b12c      	cbz	r4, 10003e48 <__wrap_puts+0x28>
10003e3c:	6863      	ldr	r3, [r4, #4]
10003e3e:	b12b      	cbz	r3, 10003e4c <__wrap_puts+0x2c>
10003e40:	4798      	blx	r3
10003e42:	6924      	ldr	r4, [r4, #16]
10003e44:	2c00      	cmp	r4, #0
10003e46:	d1f9      	bne.n	10003e3c <__wrap_puts+0x1c>
10003e48:	4628      	mov	r0, r5
10003e4a:	bd38      	pop	{r3, r4, r5, pc}
10003e4c:	6924      	ldr	r4, [r4, #16]
10003e4e:	2c00      	cmp	r4, #0
10003e50:	d1f4      	bne.n	10003e3c <__wrap_puts+0x1c>
10003e52:	4628      	mov	r0, r5
10003e54:	bd38      	pop	{r3, r4, r5, pc}
10003e56:	bf00      	nop
10003e58:	2002b308 	.word	0x2002b308

10003e5c <__wrap_vprintf>:
10003e5c:	e92d 41f0 	stmdb	sp!, {r4, r5, r6, r7, r8, lr}
10003e60:	b0a2      	sub	sp, #136	@ 0x88
10003e62:	460e      	mov	r6, r1
10003e64:	4605      	mov	r5, r0
10003e66:	f7fd fb1f 	bl	100014a8 <time_us_64>
10003e6a:	f04f 3cff 	mov.w	ip, #4294967295
10003e6e:	f06f 4400 	mvn.w	r4, #2147483648	@ 0x80000000
10003e72:	4a25      	ldr	r2, [pc, #148]	@ (10003f08 <__wrap_vprintf+0xac>)
10003e74:	1882      	adds	r2, r0, r2
10003e76:	f141 0300 	adc.w	r3, r1, #0
10003e7a:	4594      	cmp	ip, r2
10003e7c:	eb74 0103 	sbcs.w	r1, r4, r3
10003e80:	bf3c      	itt	cc
10003e82:	4623      	movcc	r3, r4
10003e84:	4662      	movcc	r2, ip
10003e86:	4821      	ldr	r0, [pc, #132]	@ (10003f0c <__wrap_vprintf+0xb0>)
10003e88:	f004 fbde 	bl	10008648 <__mutex_try_enter_block_until_veneer>
10003e8c:	2400      	movs	r4, #0
10003e8e:	4633      	mov	r3, r6
10003e90:	4607      	mov	r7, r0
10003e92:	462a      	mov	r2, r5
10003e94:	481e      	ldr	r0, [pc, #120]	@ (10003f10 <__wrap_vprintf+0xb4>)
10003e96:	a901      	add	r1, sp, #4
10003e98:	9401      	str	r4, [sp, #4]
10003e9a:	f7ff fda7 	bl	100039ec <vfctprintf>
10003e9e:	4e1d      	ldr	r6, [pc, #116]	@ (10003f14 <__wrap_vprintf+0xb8>)
10003ea0:	9b01      	ldr	r3, [sp, #4]
10003ea2:	4680      	mov	r8, r0
10003ea4:	6834      	ldr	r4, [r6, #0]
10003ea6:	b1bb      	cbz	r3, 10003ed8 <__wrap_vprintf+0x7c>
10003ea8:	2c00      	cmp	r4, #0
10003eaa:	d02a      	beq.n	10003f02 <__wrap_vprintf+0xa6>
10003eac:	4d1a      	ldr	r5, [pc, #104]	@ (10003f18 <__wrap_vprintf+0xbc>)
10003eae:	e001      	b.n	10003eb4 <__wrap_vprintf+0x58>
10003eb0:	6924      	ldr	r4, [r4, #16]
10003eb2:	b174      	cbz	r4, 10003ed2 <__wrap_vprintf+0x76>
10003eb4:	6823      	ldr	r3, [r4, #0]
10003eb6:	2b00      	cmp	r3, #0
10003eb8:	d0fa      	beq.n	10003eb0 <__wrap_vprintf+0x54>
10003eba:	682b      	ldr	r3, [r5, #0]
10003ebc:	b10b      	cbz	r3, 10003ec2 <__wrap_vprintf+0x66>
10003ebe:	42a3      	cmp	r3, r4
10003ec0:	d1f6      	bne.n	10003eb0 <__wrap_vprintf+0x54>
10003ec2:	4620      	mov	r0, r4
10003ec4:	9a01      	ldr	r2, [sp, #4]
10003ec6:	a902      	add	r1, sp, #8
10003ec8:	f7ff fe14 	bl	10003af4 <stdio_out_chars_crlf>
10003ecc:	6924      	ldr	r4, [r4, #16]
10003ece:	2c00      	cmp	r4, #0
10003ed0:	d1f0      	bne.n	10003eb4 <__wrap_vprintf+0x58>
10003ed2:	4623      	mov	r3, r4
10003ed4:	6834      	ldr	r4, [r6, #0]
10003ed6:	9301      	str	r3, [sp, #4]
10003ed8:	b12c      	cbz	r4, 10003ee6 <__wrap_vprintf+0x8a>
10003eda:	6863      	ldr	r3, [r4, #4]
10003edc:	b143      	cbz	r3, 10003ef0 <__wrap_vprintf+0x94>
10003ede:	4798      	blx	r3
10003ee0:	6924      	ldr	r4, [r4, #16]
10003ee2:	2c00      	cmp	r4, #0
10003ee4:	d1f9      	bne.n	10003eda <__wrap_vprintf+0x7e>
10003ee6:	b92f      	cbnz	r7, 10003ef4 <__wrap_vprintf+0x98>
10003ee8:	4640      	mov	r0, r8
10003eea:	b022      	add	sp, #136	@ 0x88
10003eec:	e8bd 81f0 	ldmia.w	sp!, {r4, r5, r6, r7, r8, pc}
10003ef0:	6924      	ldr	r4, [r4, #16]
10003ef2:	e7f1      	b.n	10003ed8 <__wrap_vprintf+0x7c>
10003ef4:	4805      	ldr	r0, [pc, #20]	@ (10003f0c <__wrap_vprintf+0xb0>)
10003ef6:	f004 fb97 	bl	10008628 <__mutex_exit_veneer>
10003efa:	4640      	mov	r0, r8
10003efc:	b022      	add	sp, #136	@ 0x88
10003efe:	e8bd 81f0 	ldmia.w	sp!, {r4, r5, r6, r7, r8, pc}
10003f02:	9401      	str	r4, [sp, #4]
10003f04:	e7ef      	b.n	10003ee6 <__wrap_vprintf+0x8a>
10003f06:	bf00      	nop
10003f08:	000f4240 	.word	0x000f4240
10003f0c:	20002c10 	.word	0x20002c10
10003f10:	10003bb5 	.word	0x10003bb5
10003f14:	2002b308 	.word	0x2002b308
10003f18:	2002b328 	.word	0x2002b328

10003f1c <__wrap_printf>:
10003f1c:	b40f      	push	{r0, r1, r2, r3}
10003f1e:	b500      	push	{lr}
10003f20:	b083      	sub	sp, #12
10003f22:	a904      	add	r1, sp, #16
10003f24:	f851 0b04 	ldr.w	r0, [r1], #4
10003f28:	9101      	str	r1, [sp, #4]
10003f2a:	f7ff ff97 	bl	10003e5c <__wrap_vprintf>
10003f2e:	b003      	add	sp, #12
10003f30:	f85d eb04 	ldr.w	lr, [sp], #4
10003f34:	b004      	add	sp, #16
10003f36:	4770      	bx	lr

10003f38 <stdio_uart_out_chars>:
10003f38:	f1b1 0c00 	subs.w	ip, r1, #0
10003f3c:	dd1e      	ble.n	10003f7c <stdio_uart_out_chars+0x44>
10003f3e:	4a10      	ldr	r2, [pc, #64]	@ (10003f80 <stdio_uart_out_chars+0x48>)
10003f40:	4b10      	ldr	r3, [pc, #64]	@ (10003f84 <stdio_uart_out_chars+0x4c>)
10003f42:	6812      	ldr	r2, [r2, #0]
10003f44:	b510      	push	{r4, lr}
10003f46:	1ad3      	subs	r3, r2, r3
10003f48:	fab3 f383 	clz	r3, r3
10003f4c:	240d      	movs	r4, #13
10003f4e:	f8df e038 	ldr.w	lr, [pc, #56]	@ 10003f88 <stdio_uart_out_chars+0x50>
10003f52:	095b      	lsrs	r3, r3, #5
10003f54:	1e41      	subs	r1, r0, #1
10003f56:	f93e e013 	ldrsh.w	lr, [lr, r3, lsl #1]
10003f5a:	448c      	add	ip, r1
10003f5c:	f811 0f01 	ldrb.w	r0, [r1, #1]!
10003f60:	4586      	cmp	lr, r0
10003f62:	d006      	beq.n	10003f72 <stdio_uart_out_chars+0x3a>
10003f64:	6993      	ldr	r3, [r2, #24]
10003f66:	069b      	lsls	r3, r3, #26
10003f68:	d4fc      	bmi.n	10003f64 <stdio_uart_out_chars+0x2c>
10003f6a:	4561      	cmp	r1, ip
10003f6c:	6010      	str	r0, [r2, #0]
10003f6e:	d1f5      	bne.n	10003f5c <stdio_uart_out_chars+0x24>
10003f70:	bd10      	pop	{r4, pc}
10003f72:	6993      	ldr	r3, [r2, #24]
10003f74:	069b      	lsls	r3, r3, #26
10003f76:	d4fc      	bmi.n	10003f72 <stdio_uart_out_chars+0x3a>
10003f78:	6014      	str	r4, [r2, #0]
10003f7a:	e7f3      	b.n	10003f64 <stdio_uart_out_chars+0x2c>
10003f7c:	4770      	bx	lr
10003f7e:	bf00      	nop
10003f80:	2002ee24 	.word	0x2002ee24
10003f84:	40078000 	.word	0x40078000
10003f88:	2002ee20 	.word	0x2002ee20

10003f8c <stdio_uart_in_chars>:
10003f8c:	4b24      	ldr	r3, [pc, #144]	@ (10004020 <stdio_uart_in_chars+0x94>)
10003f8e:	f1b1 0c00 	subs.w	ip, r1, #0
10003f92:	b500      	push	{lr}
10003f94:	f8d3 e000 	ldr.w	lr, [r3]
10003f98:	dd2f      	ble.n	10003ffa <stdio_uart_in_chars+0x6e>
10003f9a:	2100      	movs	r1, #0
10003f9c:	4b21      	ldr	r3, [pc, #132]	@ (10004024 <stdio_uart_in_chars+0x98>)
10003f9e:	3801      	subs	r0, #1
10003fa0:	681a      	ldr	r2, [r3, #0]
10003fa2:	6993      	ldr	r3, [r2, #24]
10003fa4:	06db      	lsls	r3, r3, #27
10003fa6:	d418      	bmi.n	10003fda <stdio_uart_in_chars+0x4e>
10003fa8:	3101      	adds	r1, #1
10003faa:	6993      	ldr	r3, [r2, #24]
10003fac:	06db      	lsls	r3, r3, #27
10003fae:	d4fc      	bmi.n	10003faa <stdio_uart_in_chars+0x1e>
10003fb0:	6813      	ldr	r3, [r2, #0]
10003fb2:	458c      	cmp	ip, r1
10003fb4:	f800 3f01 	strb.w	r3, [r0, #1]!
10003fb8:	d1f3      	bne.n	10003fa2 <stdio_uart_in_chars+0x16>
10003fba:	f1be 0f00 	cmp.w	lr, #0
10003fbe:	d009      	beq.n	10003fd4 <stdio_uart_in_chars+0x48>
10003fc0:	2150      	movs	r1, #80	@ 0x50
10003fc2:	4613      	mov	r3, r2
10003fc4:	6391      	str	r1, [r2, #56]	@ 0x38
10003fc6:	f853 2f34 	ldr.w	r2, [r3, #52]!
10003fca:	f002 0238 	and.w	r2, r2, #56	@ 0x38
10003fce:	f503 5380 	add.w	r3, r3, #4096	@ 0x1000
10003fd2:	601a      	str	r2, [r3, #0]
10003fd4:	4661      	mov	r1, ip
10003fd6:	4608      	mov	r0, r1
10003fd8:	bd00      	pop	{pc}
10003fda:	f1be 0f00 	cmp.w	lr, #0
10003fde:	d009      	beq.n	10003ff4 <stdio_uart_in_chars+0x68>
10003fe0:	2050      	movs	r0, #80	@ 0x50
10003fe2:	4613      	mov	r3, r2
10003fe4:	6390      	str	r0, [r2, #56]	@ 0x38
10003fe6:	f853 2f34 	ldr.w	r2, [r3, #52]!
10003fea:	f002 0238 	and.w	r2, r2, #56	@ 0x38
10003fee:	f503 5380 	add.w	r3, r3, #4096	@ 0x1000
10003ff2:	601a      	str	r2, [r3, #0]
10003ff4:	b181      	cbz	r1, 10004018 <stdio_uart_in_chars+0x8c>
10003ff6:	4608      	mov	r0, r1
10003ff8:	bd00      	pop	{pc}
10003ffa:	f1be 0f00 	cmp.w	lr, #0
10003ffe:	d00b      	beq.n	10004018 <stdio_uart_in_chars+0x8c>
10004000:	4b08      	ldr	r3, [pc, #32]	@ (10004024 <stdio_uart_in_chars+0x98>)
10004002:	2150      	movs	r1, #80	@ 0x50
10004004:	681a      	ldr	r2, [r3, #0]
10004006:	4613      	mov	r3, r2
10004008:	6391      	str	r1, [r2, #56]	@ 0x38
1000400a:	f853 2f34 	ldr.w	r2, [r3, #52]!
1000400e:	f002 0238 	and.w	r2, r2, #56	@ 0x38
10004012:	f503 5380 	add.w	r3, r3, #4096	@ 0x1000
10004016:	601a      	str	r2, [r3, #0]
10004018:	f06f 0102 	mvn.w	r1, #2
1000401c:	e7db      	b.n	10003fd6 <stdio_uart_in_chars+0x4a>
1000401e:	bf00      	nop
10004020:	2002b290 	.word	0x2002b290
10004024:	2002ee24 	.word	0x2002ee24

10004028 <on_uart_rx>:
10004028:	4b05      	ldr	r3, [pc, #20]	@ (10004040 <on_uart_rx+0x18>)
1000402a:	681b      	ldr	r3, [r3, #0]
1000402c:	b133      	cbz	r3, 1000403c <on_uart_rx+0x14>
1000402e:	2100      	movs	r1, #0
10004030:	4a04      	ldr	r2, [pc, #16]	@ (10004044 <on_uart_rx+0x1c>)
10004032:	4805      	ldr	r0, [pc, #20]	@ (10004048 <on_uart_rx+0x20>)
10004034:	6812      	ldr	r2, [r2, #0]
10004036:	6800      	ldr	r0, [r0, #0]
10004038:	6391      	str	r1, [r2, #56]	@ 0x38
1000403a:	4718      	bx	r3
1000403c:	4770      	bx	lr
1000403e:	bf00      	nop
10004040:	2002b290 	.word	0x2002b290
10004044:	2002ee24 	.word	0x2002ee24
10004048:	2002b298 	.word	0x2002b298

1000404c <stdio_uart_out_flush>:
1000404c:	4b02      	ldr	r3, [pc, #8]	@ (10004058 <stdio_uart_out_flush+0xc>)
1000404e:	681a      	ldr	r2, [r3, #0]
10004050:	6993      	ldr	r3, [r2, #24]
10004052:	071b      	lsls	r3, r3, #28
10004054:	d4fc      	bmi.n	10004050 <stdio_uart_out_flush+0x4>
10004056:	4770      	bx	lr
10004058:	2002ee24 	.word	0x2002ee24

1000405c <stdio_uart_set_chars_available_callback>:
1000405c:	b530      	push	{r4, r5, lr}
1000405e:	4d1f      	ldr	r5, [pc, #124]	@ (100040dc <stdio_uart_set_chars_available_callback+0x80>)
10004060:	4a1f      	ldr	r2, [pc, #124]	@ (100040e0 <stdio_uart_set_chars_available_callback+0x84>)
10004062:	f8d5 c000 	ldr.w	ip, [r5]
10004066:	4c1f      	ldr	r4, [pc, #124]	@ (100040e4 <stdio_uart_set_chars_available_callback+0x88>)
10004068:	468e      	mov	lr, r1
1000406a:	4594      	cmp	ip, r2
1000406c:	bf14      	ite	ne
1000406e:	2221      	movne	r2, #33	@ 0x21
10004070:	2222      	moveq	r2, #34	@ 0x22
10004072:	6821      	ldr	r1, [r4, #0]
10004074:	b083      	sub	sp, #12
10004076:	b110      	cbz	r0, 1000407e <stdio_uart_set_chars_available_callback+0x22>
10004078:	b1a9      	cbz	r1, 100040a6 <stdio_uart_set_chars_available_callback+0x4a>
1000407a:	b003      	add	sp, #12
1000407c:	bd30      	pop	{r4, r5, pc}
1000407e:	2900      	cmp	r1, #0
10004080:	d0fb      	beq.n	1000407a <stdio_uart_set_chars_available_callback+0x1e>
10004082:	f8cc 0038 	str.w	r0, [ip, #56]	@ 0x38
10004086:	4601      	mov	r1, r0
10004088:	9001      	str	r0, [sp, #4]
1000408a:	4610      	mov	r0, r2
1000408c:	9200      	str	r2, [sp, #0]
1000408e:	f7fc fa91 	bl	100005b4 <irq_set_enabled>
10004092:	4915      	ldr	r1, [pc, #84]	@ (100040e8 <stdio_uart_set_chars_available_callback+0x8c>)
10004094:	9800      	ldr	r0, [sp, #0]
10004096:	f7fc fbe3 	bl	10000860 <irq_remove_handler>
1000409a:	9b01      	ldr	r3, [sp, #4]
1000409c:	4a13      	ldr	r2, [pc, #76]	@ (100040ec <stdio_uart_set_chars_available_callback+0x90>)
1000409e:	6023      	str	r3, [r4, #0]
100040a0:	6013      	str	r3, [r2, #0]
100040a2:	b003      	add	sp, #12
100040a4:	bd30      	pop	{r4, r5, pc}
100040a6:	4b11      	ldr	r3, [pc, #68]	@ (100040ec <stdio_uart_set_chars_available_callback+0x90>)
100040a8:	6020      	str	r0, [r4, #0]
100040aa:	490f      	ldr	r1, [pc, #60]	@ (100040e8 <stdio_uart_set_chars_available_callback+0x8c>)
100040ac:	4610      	mov	r0, r2
100040ae:	9200      	str	r2, [sp, #0]
100040b0:	f8c3 e000 	str.w	lr, [r3]
100040b4:	f7fc fac0 	bl	10000638 <irq_set_exclusive_handler>
100040b8:	2101      	movs	r1, #1
100040ba:	9800      	ldr	r0, [sp, #0]
100040bc:	f7fc fa7a 	bl	100005b4 <irq_set_enabled>
100040c0:	682a      	ldr	r2, [r5, #0]
100040c2:	2150      	movs	r1, #80	@ 0x50
100040c4:	4613      	mov	r3, r2
100040c6:	6391      	str	r1, [r2, #56]	@ 0x38
100040c8:	f853 2f34 	ldr.w	r2, [r3, #52]!
100040cc:	f002 0238 	and.w	r2, r2, #56	@ 0x38
100040d0:	f503 5380 	add.w	r3, r3, #4096	@ 0x1000
100040d4:	601a      	str	r2, [r3, #0]
100040d6:	b003      	add	sp, #12
100040d8:	bd30      	pop	{r4, r5, pc}
100040da:	bf00      	nop
100040dc:	2002ee24 	.word	0x2002ee24
100040e0:	40078000 	.word	0x40078000
100040e4:	2002b290 	.word	0x2002b290
100040e8:	10004029 	.word	0x10004029
100040ec:	2002b298 	.word	0x2002b298

100040f0 <stdio_uart_init>:
100040f0:	b510      	push	{r4, lr}
100040f2:	490e      	ldr	r1, [pc, #56]	@ (1000412c <stdio_uart_init+0x3c>)
100040f4:	4c0e      	ldr	r4, [pc, #56]	@ (10004130 <stdio_uart_init+0x40>)
100040f6:	480f      	ldr	r0, [pc, #60]	@ (10004134 <stdio_uart_init+0x44>)
100040f8:	4a0f      	ldr	r2, [pc, #60]	@ (10004138 <stdio_uart_init+0x48>)
100040fa:	4b10      	ldr	r3, [pc, #64]	@ (1000413c <stdio_uart_init+0x4c>)
100040fc:	7800      	ldrb	r0, [r0, #0]
100040fe:	6021      	str	r1, [r4, #0]
10004100:	2000      	movs	r0, #0
10004102:	2102      	movs	r1, #2
10004104:	7812      	ldrb	r2, [r2, #0]
10004106:	781b      	ldrb	r3, [r3, #0]
10004108:	f7fc f932 	bl	10000370 <gpio_set_function>
1000410c:	2102      	movs	r1, #2
1000410e:	2001      	movs	r0, #1
10004110:	f7fc f92e 	bl	10000370 <gpio_set_function>
10004114:	f44f 31e1 	mov.w	r1, #115200	@ 0x1c200
10004118:	6820      	ldr	r0, [r4, #0]
1000411a:	f7fd fac1 	bl	100016a0 <uart_init>
1000411e:	e8bd 4010 	ldmia.w	sp!, {r4, lr}
10004122:	2101      	movs	r1, #1
10004124:	4806      	ldr	r0, [pc, #24]	@ (10004140 <stdio_uart_init+0x50>)
10004126:	f7ff be1d 	b.w	10003d64 <stdio_set_driver_enabled>
1000412a:	bf00      	nop
1000412c:	40070000 	.word	0x40070000
10004130:	2002ee24 	.word	0x2002ee24
10004134:	10008d60 	.word	0x10008d60
10004138:	10008d5c 	.word	0x10008d5c
1000413c:	10008d58 	.word	0x10008d58
10004140:	20002590 	.word	0x20002590

10004144 <stdio_usb_set_chars_available_callback>:
10004144:	4a02      	ldr	r2, [pc, #8]	@ (10004150 <stdio_usb_set_chars_available_callback+0xc>)
10004146:	4b03      	ldr	r3, [pc, #12]	@ (10004154 <stdio_usb_set_chars_available_callback+0x10>)
10004148:	6010      	str	r0, [r2, #0]
1000414a:	6019      	str	r1, [r3, #0]
1000414c:	4770      	bx	lr
1000414e:	bf00      	nop
10004150:	2002b294 	.word	0x2002b294
10004154:	2002b29c 	.word	0x2002b29c

10004158 <timer_task>:
10004158:	4b18      	ldr	r3, [pc, #96]	@ (100041bc <timer_task+0x64>)
1000415a:	b570      	push	{r4, r5, r6, lr}
1000415c:	681a      	ldr	r2, [r3, #0]
1000415e:	2a00      	cmp	r2, #0
10004160:	d028      	beq.n	100041b4 <timer_task+0x5c>
10004162:	f3ef 8110 	mrs	r1, PRIMASK
10004166:	b672      	cpsid	i
10004168:	e8d2 4fcf 	ldaexb	r4, [r2]
1000416c:	2001      	movs	r0, #1
1000416e:	2c00      	cmp	r4, #0
10004170:	d1fa      	bne.n	10004168 <timer_task+0x10>
10004172:	e8c2 0f44 	strexb	r4, r0, [r2]
10004176:	2c00      	cmp	r4, #0
10004178:	d1f6      	bne.n	10004168 <timer_task+0x10>
1000417a:	f3bf 8f5f 	dmb	sy
1000417e:	2200      	movs	r2, #0
10004180:	4c0f      	ldr	r4, [pc, #60]	@ (100041c0 <timer_task+0x68>)
10004182:	6818      	ldr	r0, [r3, #0]
10004184:	6059      	str	r1, [r3, #4]
10004186:	7022      	strb	r2, [r4, #0]
10004188:	e8c0 2f8f 	stlb	r2, [r0]
1000418c:	f381 8810 	msr	PRIMASK, r1
10004190:	2400      	movs	r4, #0
10004192:	2500      	movs	r5, #0
10004194:	4e0b      	ldr	r6, [pc, #44]	@ (100041c4 <timer_task+0x6c>)
10004196:	7830      	ldrb	r0, [r6, #0]
10004198:	f7fc fa22 	bl	100005e0 <irq_is_enabled>
1000419c:	b920      	cbnz	r0, 100041a8 <timer_task+0x50>
1000419e:	2400      	movs	r4, #0
100041a0:	2500      	movs	r5, #0
100041a2:	4620      	mov	r0, r4
100041a4:	4629      	mov	r1, r5
100041a6:	bd70      	pop	{r4, r5, r6, pc}
100041a8:	7830      	ldrb	r0, [r6, #0]
100041aa:	f7fc fa29 	bl	10000600 <irq_set_pending>
100041ae:	4620      	mov	r0, r4
100041b0:	4629      	mov	r1, r5
100041b2:	bd70      	pop	{r4, r5, r6, pc}
100041b4:	f44f 747a 	mov.w	r4, #1000	@ 0x3e8
100041b8:	2500      	movs	r5, #0
100041ba:	e7eb      	b.n	10004194 <timer_task+0x3c>
100041bc:	2002b7e4 	.word	0x2002b7e4
100041c0:	2002ee43 	.word	0x2002ee43
100041c4:	2002ee42 	.word	0x2002ee42

100041c8 <usb_irq>:
100041c8:	4b01      	ldr	r3, [pc, #4]	@ (100041d0 <usb_irq+0x8>)
100041ca:	7818      	ldrb	r0, [r3, #0]
100041cc:	f7fc ba18 	b.w	10000600 <irq_set_pending>
100041d0:	2002ee42 	.word	0x2002ee42

100041d4 <stdio_usb_in_chars>:
100041d4:	b538      	push	{r3, r4, r5, lr}
100041d6:	4604      	mov	r4, r0
100041d8:	2000      	movs	r0, #0
100041da:	460d      	mov	r5, r1
100041dc:	f001 fba6 	bl	1000592c <tud_cdc_n_connected>
100041e0:	b3a8      	cbz	r0, 1000424e <stdio_usb_in_chars+0x7a>
100041e2:	2000      	movs	r0, #0
100041e4:	f001 fbb8 	bl	10005958 <tud_cdc_n_available>
100041e8:	b388      	cbz	r0, 1000424e <stdio_usb_in_chars+0x7a>
100041ea:	f7fd f95d 	bl	100014a8 <time_us_64>
100041ee:	f04f 3eff 	mov.w	lr, #4294967295
100041f2:	f06f 4c00 	mvn.w	ip, #2147483648	@ 0x80000000
100041f6:	4a17      	ldr	r2, [pc, #92]	@ (10004254 <stdio_usb_in_chars+0x80>)
100041f8:	1882      	adds	r2, r0, r2
100041fa:	f141 0300 	adc.w	r3, r1, #0
100041fe:	4596      	cmp	lr, r2
10004200:	eb7c 0103 	sbcs.w	r1, ip, r3
10004204:	bf3c      	itt	cc
10004206:	4672      	movcc	r2, lr
10004208:	4663      	movcc	r3, ip
1000420a:	4813      	ldr	r0, [pc, #76]	@ (10004258 <stdio_usb_in_chars+0x84>)
1000420c:	f004 fa1c 	bl	10008648 <__mutex_try_enter_block_until_veneer>
10004210:	b1e8      	cbz	r0, 1000424e <stdio_usb_in_chars+0x7a>
10004212:	2000      	movs	r0, #0
10004214:	f001 fb8a 	bl	1000592c <tud_cdc_n_connected>
10004218:	b958      	cbnz	r0, 10004232 <stdio_usb_in_chars+0x5e>
1000421a:	4601      	mov	r1, r0
1000421c:	f04f 30ff 	mov.w	r0, #4294967295
10004220:	f000 fd8e 	bl	10004d40 <tud_task_ext>
10004224:	f06f 0402 	mvn.w	r4, #2
10004228:	480b      	ldr	r0, [pc, #44]	@ (10004258 <stdio_usb_in_chars+0x84>)
1000422a:	f004 f9fd 	bl	10008628 <__mutex_exit_veneer>
1000422e:	4620      	mov	r0, r4
10004230:	bd38      	pop	{r3, r4, r5, pc}
10004232:	2000      	movs	r0, #0
10004234:	f001 fb90 	bl	10005958 <tud_cdc_n_available>
10004238:	2800      	cmp	r0, #0
1000423a:	d0ee      	beq.n	1000421a <stdio_usb_in_chars+0x46>
1000423c:	4621      	mov	r1, r4
1000423e:	462a      	mov	r2, r5
10004240:	2000      	movs	r0, #0
10004242:	f001 fb93 	bl	1000596c <tud_cdc_n_read>
10004246:	4604      	mov	r4, r0
10004248:	2800      	cmp	r0, #0
1000424a:	d1ed      	bne.n	10004228 <stdio_usb_in_chars+0x54>
1000424c:	e7ea      	b.n	10004224 <stdio_usb_in_chars+0x50>
1000424e:	f06f 0402 	mvn.w	r4, #2
10004252:	e7ec      	b.n	1000422e <stdio_usb_in_chars+0x5a>
10004254:	000f4240 	.word	0x000f4240
10004258:	2002ee18 	.word	0x2002ee18

1000425c <stdio_usb_out_flush>:
1000425c:	b508      	push	{r3, lr}
1000425e:	f7fd f923 	bl	100014a8 <time_us_64>
10004262:	f04f 3eff 	mov.w	lr, #4294967295
10004266:	f06f 4c00 	mvn.w	ip, #2147483648	@ 0x80000000
1000426a:	4a0f      	ldr	r2, [pc, #60]	@ (100042a8 <stdio_usb_out_flush+0x4c>)
1000426c:	1882      	adds	r2, r0, r2
1000426e:	f141 0300 	adc.w	r3, r1, #0
10004272:	4596      	cmp	lr, r2
10004274:	eb7c 0103 	sbcs.w	r1, ip, r3
10004278:	bf3c      	itt	cc
1000427a:	4672      	movcc	r2, lr
1000427c:	4663      	movcc	r3, ip
1000427e:	480b      	ldr	r0, [pc, #44]	@ (100042ac <stdio_usb_out_flush+0x50>)
10004280:	f004 f9e2 	bl	10008648 <__mutex_try_enter_block_until_veneer>
10004284:	b170      	cbz	r0, 100042a4 <stdio_usb_out_flush+0x48>
10004286:	f04f 30ff 	mov.w	r0, #4294967295
1000428a:	2100      	movs	r1, #0
1000428c:	f000 fd58 	bl	10004d40 <tud_task_ext>
10004290:	2000      	movs	r0, #0
10004292:	f001 fbb1 	bl	100059f8 <tud_cdc_n_write_flush>
10004296:	2800      	cmp	r0, #0
10004298:	d1f5      	bne.n	10004286 <stdio_usb_out_flush+0x2a>
1000429a:	e8bd 4008 	ldmia.w	sp!, {r3, lr}
1000429e:	4803      	ldr	r0, [pc, #12]	@ (100042ac <stdio_usb_out_flush+0x50>)
100042a0:	f004 b9c2 	b.w	10008628 <__mutex_exit_veneer>
100042a4:	bd08      	pop	{r3, pc}
100042a6:	bf00      	nop
100042a8:	000f4240 	.word	0x000f4240
100042ac:	2002ee18 	.word	0x2002ee18

100042b0 <stdio_usb_out_chars>:
100042b0:	e92d 41f0 	stmdb	sp!, {r4, r5, r6, r7, r8, lr}
100042b4:	4607      	mov	r7, r0
100042b6:	460e      	mov	r6, r1
100042b8:	f7fd f8f6 	bl	100014a8 <time_us_64>
100042bc:	f04f 35ff 	mov.w	r5, #4294967295
100042c0:	f06f 4400 	mvn.w	r4, #2147483648	@ 0x80000000
100042c4:	4a32      	ldr	r2, [pc, #200]	@ (10004390 <stdio_usb_out_chars+0xe0>)
100042c6:	1882      	adds	r2, r0, r2
100042c8:	f141 0300 	adc.w	r3, r1, #0
100042cc:	4295      	cmp	r5, r2
100042ce:	eb74 0103 	sbcs.w	r1, r4, r3
100042d2:	bf3c      	itt	cc
100042d4:	462a      	movcc	r2, r5
100042d6:	4623      	movcc	r3, r4
100042d8:	482e      	ldr	r0, [pc, #184]	@ (10004394 <stdio_usb_out_chars+0xe4>)
100042da:	f004 f9b5 	bl	10008648 <__mutex_try_enter_block_until_veneer>
100042de:	b908      	cbnz	r0, 100042e4 <stdio_usb_out_chars+0x34>
100042e0:	e8bd 81f0 	ldmia.w	sp!, {r4, r5, r6, r7, r8, pc}
100042e4:	2000      	movs	r0, #0
100042e6:	f001 fb21 	bl	1000592c <tud_cdc_n_connected>
100042ea:	2800      	cmp	r0, #0
100042ec:	d045      	beq.n	1000437a <stdio_usb_out_chars+0xca>
100042ee:	2e00      	cmp	r6, #0
100042f0:	dd3e      	ble.n	10004370 <stdio_usb_out_chars+0xc0>
100042f2:	2500      	movs	r5, #0
100042f4:	f8df 80a4 	ldr.w	r8, [pc, #164]	@ 1000439c <stdio_usb_out_chars+0xec>
100042f8:	e012      	b.n	10004320 <stdio_usb_out_chars+0x70>
100042fa:	4622      	mov	r2, r4
100042fc:	2000      	movs	r0, #0
100042fe:	f001 fbc5 	bl	10005a8c <tud_cdc_n_write>
10004302:	2100      	movs	r1, #0
10004304:	4405      	add	r5, r0
10004306:	f04f 30ff 	mov.w	r0, #4294967295
1000430a:	f000 fd19 	bl	10004d40 <tud_task_ext>
1000430e:	2000      	movs	r0, #0
10004310:	f001 fb72 	bl	100059f8 <tud_cdc_n_write_flush>
10004314:	f7fd f8c8 	bl	100014a8 <time_us_64>
10004318:	e9c8 0100 	strd	r0, r1, [r8]
1000431c:	42ae      	cmp	r6, r5
1000431e:	dd27      	ble.n	10004370 <stdio_usb_out_chars+0xc0>
10004320:	2000      	movs	r0, #0
10004322:	f001 fbd1 	bl	10005ac8 <tud_cdc_n_write_available>
10004326:	1b74      	subs	r4, r6, r5
10004328:	4284      	cmp	r4, r0
1000432a:	bfa8      	it	ge
1000432c:	4604      	movge	r4, r0
1000432e:	1979      	adds	r1, r7, r5
10004330:	2c00      	cmp	r4, #0
10004332:	d1e2      	bne.n	100042fa <stdio_usb_out_chars+0x4a>
10004334:	4621      	mov	r1, r4
10004336:	f04f 30ff 	mov.w	r0, #4294967295
1000433a:	f000 fd01 	bl	10004d40 <tud_task_ext>
1000433e:	4620      	mov	r0, r4
10004340:	f001 fb5a 	bl	100059f8 <tud_cdc_n_write_flush>
10004344:	4620      	mov	r0, r4
10004346:	f001 faf1 	bl	1000592c <tud_cdc_n_connected>
1000434a:	b188      	cbz	r0, 10004370 <stdio_usb_out_chars+0xc0>
1000434c:	4620      	mov	r0, r4
1000434e:	f001 fbbb 	bl	10005ac8 <tud_cdc_n_write_available>
10004352:	2800      	cmp	r0, #0
10004354:	d1e2      	bne.n	1000431c <stdio_usb_out_chars+0x6c>
10004356:	f7fd f8a7 	bl	100014a8 <time_us_64>
1000435a:	4a0f      	ldr	r2, [pc, #60]	@ (10004398 <stdio_usb_out_chars+0xe8>)
1000435c:	f8d8 3000 	ldr.w	r3, [r8]
10004360:	189b      	adds	r3, r3, r2
10004362:	f8d8 2004 	ldr.w	r2, [r8, #4]
10004366:	f142 0200 	adc.w	r2, r2, #0
1000436a:	4283      	cmp	r3, r0
1000436c:	418a      	sbcs	r2, r1
1000436e:	d2d5      	bcs.n	1000431c <stdio_usb_out_chars+0x6c>
10004370:	4808      	ldr	r0, [pc, #32]	@ (10004394 <stdio_usb_out_chars+0xe4>)
10004372:	e8bd 41f0 	ldmia.w	sp!, {r4, r5, r6, r7, r8, lr}
10004376:	f004 b957 	b.w	10008628 <__mutex_exit_veneer>
1000437a:	2000      	movs	r0, #0
1000437c:	e8bd 41f0 	ldmia.w	sp!, {r4, r5, r6, r7, r8, lr}
10004380:	2100      	movs	r1, #0
10004382:	4b06      	ldr	r3, [pc, #24]	@ (1000439c <stdio_usb_out_chars+0xec>)
10004384:	e9c3 0100 	strd	r0, r1, [r3]
10004388:	4802      	ldr	r0, [pc, #8]	@ (10004394 <stdio_usb_out_chars+0xe4>)
1000438a:	f004 b94d 	b.w	10008628 <__mutex_exit_veneer>
1000438e:	bf00      	nop
10004390:	000f4240 	.word	0x000f4240
10004394:	2002ee18 	.word	0x2002ee18
10004398:	0007a120 	.word	0x0007a120
1000439c:	20028ed8 	.word	0x20028ed8

100043a0 <low_priority_worker_irq>:
100043a0:	b510      	push	{r4, lr}
100043a2:	2100      	movs	r1, #0
100043a4:	b084      	sub	sp, #16
100043a6:	4832      	ldr	r0, [pc, #200]	@ (10004470 <low_priority_worker_irq+0xd0>)
100043a8:	f004 f95e 	bl	10008668 <__mutex_try_enter_veneer>
100043ac:	bb28      	cbnz	r0, 100043fa <low_priority_worker_irq+0x5a>
100043ae:	4b31      	ldr	r3, [pc, #196]	@ (10004474 <low_priority_worker_irq+0xd4>)
100043b0:	681a      	ldr	r2, [r3, #0]
100043b2:	b302      	cbz	r2, 100043f6 <low_priority_worker_irq+0x56>
100043b4:	f3ef 8110 	mrs	r1, PRIMASK
100043b8:	b672      	cpsid	i
100043ba:	e8d2 efcf 	ldaexb	lr, [r2]
100043be:	f05f 0c01 	movs.w	ip, #1
100043c2:	f1be 0f00 	cmp.w	lr, #0
100043c6:	d1f8      	bne.n	100043ba <low_priority_worker_irq+0x1a>
100043c8:	e8c2 cf4e 	strexb	lr, ip, [r2]
100043cc:	f1be 0f00 	cmp.w	lr, #0
100043d0:	d1f3      	bne.n	100043ba <low_priority_worker_irq+0x1a>
100043d2:	f3bf 8f5f 	dmb	sy
100043d6:	f8df c0a8 	ldr.w	ip, [pc, #168]	@ 10004480 <low_priority_worker_irq+0xe0>
100043da:	f8d3 e000 	ldr.w	lr, [r3]
100043de:	f89c 2000 	ldrb.w	r2, [ip]
100043e2:	6059      	str	r1, [r3, #4]
100043e4:	b2d3      	uxtb	r3, r2
100043e6:	2201      	movs	r2, #1
100043e8:	f88c 2000 	strb.w	r2, [ip]
100043ec:	e8ce 0f8f 	stlb	r0, [lr]
100043f0:	f381 8810 	msr	PRIMASK, r1
100043f4:	b1cb      	cbz	r3, 1000442a <low_priority_worker_irq+0x8a>
100043f6:	b004      	add	sp, #16
100043f8:	bd10      	pop	{r4, pc}
100043fa:	2100      	movs	r1, #0
100043fc:	f04f 30ff 	mov.w	r0, #4294967295
10004400:	f000 fc9e 	bl	10004d40 <tud_task_ext>
10004404:	2000      	movs	r0, #0
10004406:	f001 faa7 	bl	10005958 <tud_cdc_n_available>
1000440a:	4604      	mov	r4, r0
1000440c:	4818      	ldr	r0, [pc, #96]	@ (10004470 <low_priority_worker_irq+0xd0>)
1000440e:	f004 f90b 	bl	10008628 <__mutex_exit_veneer>
10004412:	2c00      	cmp	r4, #0
10004414:	d0ef      	beq.n	100043f6 <low_priority_worker_irq+0x56>
10004416:	4b18      	ldr	r3, [pc, #96]	@ (10004478 <low_priority_worker_irq+0xd8>)
10004418:	681b      	ldr	r3, [r3, #0]
1000441a:	2b00      	cmp	r3, #0
1000441c:	d0eb      	beq.n	100043f6 <low_priority_worker_irq+0x56>
1000441e:	4a17      	ldr	r2, [pc, #92]	@ (1000447c <low_priority_worker_irq+0xdc>)
10004420:	6810      	ldr	r0, [r2, #0]
10004422:	b004      	add	sp, #16
10004424:	e8bd 4010 	ldmia.w	sp!, {r4, lr}
10004428:	4718      	bx	r3
1000442a:	f7fc fdf1 	bl	10001010 <alarm_pool_get_default>
1000442e:	4604      	mov	r4, r0
10004430:	f7fd f83a 	bl	100014a8 <time_us_64>
10004434:	f04f 3eff 	mov.w	lr, #4294967295
10004438:	f06f 4c00 	mvn.w	ip, #2147483648	@ 0x80000000
1000443c:	f510 727a 	adds.w	r2, r0, #1000	@ 0x3e8
10004440:	f141 0300 	adc.w	r3, r1, #0
10004444:	4596      	cmp	lr, r2
10004446:	eb7c 0103 	sbcs.w	r1, ip, r3
1000444a:	bf38      	it	cc
1000444c:	4663      	movcc	r3, ip
1000444e:	f04f 0100 	mov.w	r1, #0
10004452:	f04f 0c01 	mov.w	ip, #1
10004456:	bf38      	it	cc
10004458:	4672      	movcc	r2, lr
1000445a:	f8df e028 	ldr.w	lr, [pc, #40]	@ 10004484 <low_priority_worker_irq+0xe4>
1000445e:	4620      	mov	r0, r4
10004460:	e9cd 1c01 	strd	r1, ip, [sp, #4]
10004464:	f8cd e000 	str.w	lr, [sp]
10004468:	f7fc fdd6 	bl	10001018 <alarm_pool_add_alarm_at>
1000446c:	b004      	add	sp, #16
1000446e:	bd10      	pop	{r4, pc}
10004470:	2002ee18 	.word	0x2002ee18
10004474:	2002b7e4 	.word	0x2002b7e4
10004478:	2002b294 	.word	0x2002b294
1000447c:	2002b29c 	.word	0x2002b29c
10004480:	2002ee43 	.word	0x2002ee43
10004484:	10004159 	.word	0x10004159

10004488 <stdio_usb_init>:
10004488:	f04f 4350 	mov.w	r3, #3489660928	@ 0xd0000000
1000448c:	b530      	push	{r4, r5, lr}
1000448e:	b085      	sub	sp, #20
10004490:	681c      	ldr	r4, [r3, #0]
10004492:	f7fc fdbd 	bl	10001010 <alarm_pool_get_default>
10004496:	f7fc fed9 	bl	1000124c <alarm_pool_core_num>
1000449a:	42a0      	cmp	r0, r4
1000449c:	d002      	beq.n	100044a4 <stdio_usb_init+0x1c>
1000449e:	2000      	movs	r0, #0
100044a0:	b005      	add	sp, #20
100044a2:	bd30      	pop	{r4, r5, pc}
100044a4:	2100      	movs	r1, #0
100044a6:	4b2c      	ldr	r3, [pc, #176]	@ (10004558 <stdio_usb_init+0xd0>)
100044a8:	4608      	mov	r0, r1
100044aa:	781b      	ldrb	r3, [r3, #0]
100044ac:	f001 fcdc 	bl	10005e68 <tusb_rhport_init>
100044b0:	482a      	ldr	r0, [pc, #168]	@ (1000455c <stdio_usb_init+0xd4>)
100044b2:	6803      	ldr	r3, [r0, #0]
100044b4:	2b00      	cmp	r3, #0
100044b6:	d04b      	beq.n	10004550 <stdio_usb_init+0xc8>
100044b8:	2001      	movs	r0, #1
100044ba:	f7fc fb23 	bl	10000b04 <user_irq_claim_unused>
100044be:	4603      	mov	r3, r0
100044c0:	4c27      	ldr	r4, [pc, #156]	@ (10004560 <stdio_usb_init+0xd8>)
100044c2:	4928      	ldr	r1, [pc, #160]	@ (10004564 <stdio_usb_init+0xdc>)
100044c4:	b2c0      	uxtb	r0, r0
100044c6:	7023      	strb	r3, [r4, #0]
100044c8:	f7fc f8b6 	bl	10000638 <irq_set_exclusive_handler>
100044cc:	7820      	ldrb	r0, [r4, #0]
100044ce:	2101      	movs	r1, #1
100044d0:	f7fc f870 	bl	100005b4 <irq_set_enabled>
100044d4:	200e      	movs	r0, #14
100044d6:	f7fc f89f 	bl	10000618 <irq_has_shared_handler>
100044da:	bb60      	cbnz	r0, 10004536 <stdio_usb_init+0xae>
100044dc:	4b22      	ldr	r3, [pc, #136]	@ (10004568 <stdio_usb_init+0xe0>)
100044de:	f06f 4400 	mvn.w	r4, #2147483648	@ 0x80000000
100044e2:	e9c3 0000 	strd	r0, r0, [r3]
100044e6:	f7fc fd93 	bl	10001010 <alarm_pool_get_default>
100044ea:	4605      	mov	r5, r0
100044ec:	f7fc ffdc 	bl	100014a8 <time_us_64>
100044f0:	f04f 3cff 	mov.w	ip, #4294967295
100044f4:	f510 727a 	adds.w	r2, r0, #1000	@ 0x3e8
100044f8:	f141 0300 	adc.w	r3, r1, #0
100044fc:	4594      	cmp	ip, r2
100044fe:	eb74 0103 	sbcs.w	r1, r4, r3
10004502:	bf38      	it	cc
10004504:	4623      	movcc	r3, r4
10004506:	f04f 0100 	mov.w	r1, #0
1000450a:	f04f 0401 	mov.w	r4, #1
1000450e:	bf38      	it	cc
10004510:	4662      	movcc	r2, ip
10004512:	f8df c060 	ldr.w	ip, [pc, #96]	@ 10004574 <stdio_usb_init+0xec>
10004516:	4628      	mov	r0, r5
10004518:	e9cd 1401 	strd	r1, r4, [sp, #4]
1000451c:	f8cd c000 	str.w	ip, [sp]
10004520:	f7fc fd7a 	bl	10001018 <alarm_pool_add_alarm_at>
10004524:	2800      	cmp	r0, #0
10004526:	dbba      	blt.n	1000449e <stdio_usb_init+0x16>
10004528:	2101      	movs	r1, #1
1000452a:	4810      	ldr	r0, [pc, #64]	@ (1000456c <stdio_usb_init+0xe4>)
1000452c:	f7ff fc1a 	bl	10003d64 <stdio_set_driver_enabled>
10004530:	2001      	movs	r0, #1
10004532:	b005      	add	sp, #20
10004534:	bd30      	pop	{r4, r5, pc}
10004536:	2001      	movs	r0, #1
10004538:	f7fb fff6 	bl	10000528 <spin_lock_claim_unused>
1000453c:	4601      	mov	r1, r0
1000453e:	480a      	ldr	r0, [pc, #40]	@ (10004568 <stdio_usb_init+0xe0>)
10004540:	f7fc fb3e 	bl	10000bc0 <critical_section_init_with_lock_num>
10004544:	2200      	movs	r2, #0
10004546:	200e      	movs	r0, #14
10004548:	4909      	ldr	r1, [pc, #36]	@ (10004570 <stdio_usb_init+0xe8>)
1000454a:	f7fc f8a7 	bl	1000069c <irq_add_shared_handler>
1000454e:	e7eb      	b.n	10004528 <stdio_usb_init+0xa0>
10004550:	f7fc fb1a 	bl	10000b88 <mutex_init>
10004554:	e7b0      	b.n	100044b8 <stdio_usb_init+0x30>
10004556:	bf00      	nop
10004558:	10008d64 	.word	0x10008d64
1000455c:	2002ee18 	.word	0x2002ee18
10004560:	2002ee42 	.word	0x2002ee42
10004564:	100043a1 	.word	0x100043a1
10004568:	2002b7e4 	.word	0x2002b7e4
1000456c:	200025a8 	.word	0x200025a8
10004570:	100041c9 	.word	0x100041c9
10004574:	10004159 	.word	0x10004159

10004578 <tud_descriptor_device_cb>:
10004578:	4800      	ldr	r0, [pc, #0]	@ (1000457c <tud_descriptor_device_cb+0x4>)
1000457a:	4770      	bx	lr
1000457c:	10008bd8 	.word	0x10008bd8

10004580 <tud_descriptor_configuration_cb>:
10004580:	4800      	ldr	r0, [pc, #0]	@ (10004584 <tud_descriptor_configuration_cb+0x4>)
10004582:	4770      	bx	lr
10004584:	10008b84 	.word	0x10008b84

10004588 <tud_descriptor_string_cb>:
10004588:	b500      	push	{lr}
1000458a:	4a1c      	ldr	r2, [pc, #112]	@ (100045fc <tud_descriptor_string_cb+0x74>)
1000458c:	4603      	mov	r3, r0
1000458e:	7811      	ldrb	r1, [r2, #0]
10004590:	b083      	sub	sp, #12
10004592:	b331      	cbz	r1, 100045e2 <tud_descriptor_string_cb+0x5a>
10004594:	b963      	cbnz	r3, 100045b0 <tud_descriptor_string_cb+0x28>
10004596:	f240 4209 	movw	r2, #1033	@ 0x409
1000459a:	f44f 7341 	mov.w	r3, #772	@ 0x304
1000459e:	f8df c060 	ldr.w	ip, [pc, #96]	@ 10004600 <tud_descriptor_string_cb+0x78>
100045a2:	f8ac 2002 	strh.w	r2, [ip, #2]
100045a6:	4816      	ldr	r0, [pc, #88]	@ (10004600 <tud_descriptor_string_cb+0x78>)
100045a8:	f8ac 3000 	strh.w	r3, [ip]
100045ac:	b003      	add	sp, #12
100045ae:	bd00      	pop	{pc}
100045b0:	2b05      	cmp	r3, #5
100045b2:	d820      	bhi.n	100045f6 <tud_descriptor_string_cb+0x6e>
100045b4:	4a13      	ldr	r2, [pc, #76]	@ (10004604 <tud_descriptor_string_cb+0x7c>)
100045b6:	f8df c048 	ldr.w	ip, [pc, #72]	@ 10004600 <tud_descriptor_string_cb+0x78>
100045ba:	f852 1023 	ldr.w	r1, [r2, r3, lsl #2]
100045be:	4660      	mov	r0, ip
100045c0:	2300      	movs	r3, #0
100045c2:	3901      	subs	r1, #1
100045c4:	e003      	b.n	100045ce <tud_descriptor_string_cb+0x46>
100045c6:	2b13      	cmp	r3, #19
100045c8:	f820 2f02 	strh.w	r2, [r0, #2]!
100045cc:	d010      	beq.n	100045f0 <tud_descriptor_string_cb+0x68>
100045ce:	f811 2f01 	ldrb.w	r2, [r1, #1]!
100045d2:	3301      	adds	r3, #1
100045d4:	b2db      	uxtb	r3, r3
100045d6:	2a00      	cmp	r2, #0
100045d8:	d1f5      	bne.n	100045c6 <tud_descriptor_string_cb+0x3e>
100045da:	005b      	lsls	r3, r3, #1
100045dc:	f443 7340 	orr.w	r3, r3, #768	@ 0x300
100045e0:	e7e1      	b.n	100045a6 <tud_descriptor_string_cb+0x1e>
100045e2:	9001      	str	r0, [sp, #4]
100045e4:	2111      	movs	r1, #17
100045e6:	4610      	mov	r0, r2
100045e8:	f000 f824 	bl	10004634 <pico_get_unique_board_id_string>
100045ec:	9b01      	ldr	r3, [sp, #4]
100045ee:	e7d1      	b.n	10004594 <tud_descriptor_string_cb+0xc>
100045f0:	f44f 734a 	mov.w	r3, #808	@ 0x328
100045f4:	e7d7      	b.n	100045a6 <tud_descriptor_string_cb+0x1e>
100045f6:	2000      	movs	r0, #0
100045f8:	e7d8      	b.n	100045ac <tud_descriptor_string_cb+0x24>
100045fa:	bf00      	nop
100045fc:	2002ee28 	.word	0x2002ee28
10004600:	2002b2d8 	.word	0x2002b2d8
10004604:	10008b6c 	.word	0x10008b6c

10004608 <_retrieve_unique_id_on_boot>:
10004608:	b500      	push	{lr}
1000460a:	f245 3047 	movw	r0, #21319	@ 0x5347
1000460e:	b08b      	sub	sp, #44	@ 0x2c
10004610:	f7fd fbac 	bl	10001d6c <rom_func_lookup>
10004614:	2201      	movs	r2, #1
10004616:	4603      	mov	r3, r0
10004618:	2109      	movs	r1, #9
1000461a:	a801      	add	r0, sp, #4
1000461c:	4798      	blx	r3
1000461e:	e9dd 3203 	ldrd	r3, r2, [sp, #12]
10004622:	4903      	ldr	r1, [pc, #12]	@ (10004630 <_retrieve_unique_id_on_boot+0x28>)
10004624:	ba12      	rev	r2, r2
10004626:	ba1b      	rev	r3, r3
10004628:	e9c1 2300 	strd	r2, r3, [r1]
1000462c:	b00b      	add	sp, #44	@ 0x2c
1000462e:	bd00      	pop	{pc}
10004630:	2002bc0c 	.word	0x2002bc0c

10004634 <pico_get_unique_board_id_string>:
10004634:	2901      	cmp	r1, #1
10004636:	f000 80bb 	beq.w	100047b0 <pico_get_unique_board_id_string+0x17c>
1000463a:	4a61      	ldr	r2, [pc, #388]	@ (100047c0 <pico_get_unique_board_id_string+0x18c>)
1000463c:	3901      	subs	r1, #1
1000463e:	7813      	ldrb	r3, [r2, #0]
10004640:	ea4f 1c23 	mov.w	ip, r3, asr #4
10004644:	f1bc 0f09 	cmp.w	ip, #9
10004648:	bfcc      	ite	gt
1000464a:	f10c 0c37 	addgt.w	ip, ip, #55	@ 0x37
1000464e:	f10c 0c30 	addle.w	ip, ip, #48	@ 0x30
10004652:	2901      	cmp	r1, #1
10004654:	f880 c000 	strb.w	ip, [r0]
10004658:	f000 80ad 	beq.w	100047b6 <pico_get_unique_board_id_string+0x182>
1000465c:	f003 030f 	and.w	r3, r3, #15
10004660:	2b09      	cmp	r3, #9
10004662:	bf8c      	ite	hi
10004664:	3337      	addhi	r3, #55	@ 0x37
10004666:	3330      	addls	r3, #48	@ 0x30
10004668:	2902      	cmp	r1, #2
1000466a:	7043      	strb	r3, [r0, #1]
1000466c:	f000 80a3 	beq.w	100047b6 <pico_get_unique_board_id_string+0x182>
10004670:	7853      	ldrb	r3, [r2, #1]
10004672:	ea4f 1c23 	mov.w	ip, r3, asr #4
10004676:	f1bc 0f09 	cmp.w	ip, #9
1000467a:	bfcc      	ite	gt
1000467c:	f10c 0c37 	addgt.w	ip, ip, #55	@ 0x37
10004680:	f10c 0c30 	addle.w	ip, ip, #48	@ 0x30
10004684:	2903      	cmp	r1, #3
10004686:	f880 c002 	strb.w	ip, [r0, #2]
1000468a:	f000 8094 	beq.w	100047b6 <pico_get_unique_board_id_string+0x182>
1000468e:	f003 030f 	and.w	r3, r3, #15
10004692:	2b09      	cmp	r3, #9
10004694:	bf8c      	ite	hi
10004696:	3337      	addhi	r3, #55	@ 0x37
10004698:	3330      	addls	r3, #48	@ 0x30
1000469a:	2904      	cmp	r1, #4
1000469c:	70c3      	strb	r3, [r0, #3]
1000469e:	f000 808a 	beq.w	100047b6 <pico_get_unique_board_id_string+0x182>
100046a2:	7893      	ldrb	r3, [r2, #2]
100046a4:	ea4f 1c23 	mov.w	ip, r3, asr #4
100046a8:	f1bc 0f09 	cmp.w	ip, #9
100046ac:	bfcc      	ite	gt
100046ae:	f10c 0c37 	addgt.w	ip, ip, #55	@ 0x37
100046b2:	f10c 0c30 	addle.w	ip, ip, #48	@ 0x30
100046b6:	2905      	cmp	r1, #5
100046b8:	f880 c004 	strb.w	ip, [r0, #4]
100046bc:	d07b      	beq.n	100047b6 <pico_get_unique_board_id_string+0x182>
100046be:	f003 030f 	and.w	r3, r3, #15
100046c2:	2b09      	cmp	r3, #9
100046c4:	bf8c      	ite	hi
100046c6:	3337      	addhi	r3, #55	@ 0x37
100046c8:	3330      	addls	r3, #48	@ 0x30
100046ca:	2906      	cmp	r1, #6
100046cc:	7143      	strb	r3, [r0, #5]
100046ce:	d072      	beq.n	100047b6 <pico_get_unique_board_id_string+0x182>
100046d0:	78d3      	ldrb	r3, [r2, #3]
100046d2:	ea4f 1c23 	mov.w	ip, r3, asr #4
100046d6:	f1bc 0f09 	cmp.w	ip, #9
100046da:	bfcc      	ite	gt
100046dc:	f10c 0c37 	addgt.w	ip, ip, #55	@ 0x37
100046e0:	f10c 0c30 	addle.w	ip, ip, #48	@ 0x30
100046e4:	2907      	cmp	r1, #7
100046e6:	f880 c006 	strb.w	ip, [r0, #6]
100046ea:	d064      	beq.n	100047b6 <pico_get_unique_board_id_string+0x182>
100046ec:	f003 030f 	and.w	r3, r3, #15
100046f0:	2b09      	cmp	r3, #9
100046f2:	bf8c      	ite	hi
100046f4:	3337      	addhi	r3, #55	@ 0x37
100046f6:	3330      	addls	r3, #48	@ 0x30
100046f8:	2908      	cmp	r1, #8
100046fa:	71c3      	strb	r3, [r0, #7]
100046fc:	d05b      	beq.n	100047b6 <pico_get_unique_board_id_string+0x182>
100046fe:	7913      	ldrb	r3, [r2, #4]
10004700:	ea4f 1c23 	mov.w	ip, r3, asr #4
10004704:	f1bc 0f09 	cmp.w	ip, #9
10004708:	bfcc      	ite	gt
1000470a:	f10c 0c37 	addgt.w	ip, ip, #55	@ 0x37
1000470e:	f10c 0c30 	addle.w	ip, ip, #48	@ 0x30
10004712:	2909      	cmp	r1, #9
10004714:	f880 c008 	strb.w	ip, [r0, #8]
10004718:	d04d      	beq.n	100047b6 <pico_get_unique_board_id_string+0x182>
1000471a:	f003 030f 	and.w	r3, r3, #15
1000471e:	2b09      	cmp	r3, #9
10004720:	bf8c      	ite	hi
10004722:	3337      	addhi	r3, #55	@ 0x37
10004724:	3330      	addls	r3, #48	@ 0x30
10004726:	290a      	cmp	r1, #10
10004728:	7243      	strb	r3, [r0, #9]
1000472a:	d044      	beq.n	100047b6 <pico_get_unique_board_id_string+0x182>
1000472c:	7953      	ldrb	r3, [r2, #5]
1000472e:	ea4f 1c23 	mov.w	ip, r3, asr #4
10004732:	f1bc 0f09 	cmp.w	ip, #9
10004736:	bfcc      	ite	gt
10004738:	f10c 0c37 	addgt.w	ip, ip, #55	@ 0x37
1000473c:	f10c 0c30 	addle.w	ip, ip, #48	@ 0x30
10004740:	290b      	cmp	r1, #11
10004742:	f880 c00a 	strb.w	ip, [r0, #10]
10004746:	d036      	beq.n	100047b6 <pico_get_unique_board_id_string+0x182>
10004748:	f003 030f 	and.w	r3, r3, #15
1000474c:	2b09      	cmp	r3, #9
1000474e:	bf8c      	ite	hi
10004750:	3337      	addhi	r3, #55	@ 0x37
10004752:	3330      	addls	r3, #48	@ 0x30
10004754:	290c      	cmp	r1, #12
10004756:	72c3      	strb	r3, [r0, #11]
10004758:	d02d      	beq.n	100047b6 <pico_get_unique_board_id_string+0x182>
1000475a:	7993      	ldrb	r3, [r2, #6]
1000475c:	ea4f 1c23 	mov.w	ip, r3, asr #4
10004760:	f1bc 0f09 	cmp.w	ip, #9
10004764:	bfcc      	ite	gt
10004766:	f10c 0c37 	addgt.w	ip, ip, #55	@ 0x37
1000476a:	f10c 0c30 	addle.w	ip, ip, #48	@ 0x30
1000476e:	290d      	cmp	r1, #13
10004770:	f880 c00c 	strb.w	ip, [r0, #12]
10004774:	d01f      	beq.n	100047b6 <pico_get_unique_board_id_string+0x182>
10004776:	f003 030f 	and.w	r3, r3, #15
1000477a:	2b09      	cmp	r3, #9
1000477c:	bf8c      	ite	hi
1000477e:	3337      	addhi	r3, #55	@ 0x37
10004780:	3330      	addls	r3, #48	@ 0x30
10004782:	290e      	cmp	r1, #14
10004784:	7343      	strb	r3, [r0, #13]
10004786:	d016      	beq.n	100047b6 <pico_get_unique_board_id_string+0x182>
10004788:	79d3      	ldrb	r3, [r2, #7]
1000478a:	111a      	asrs	r2, r3, #4
1000478c:	2a09      	cmp	r2, #9
1000478e:	bfcc      	ite	gt
10004790:	3237      	addgt	r2, #55	@ 0x37
10004792:	3230      	addle	r2, #48	@ 0x30
10004794:	290f      	cmp	r1, #15
10004796:	7382      	strb	r2, [r0, #14]
10004798:	d00d      	beq.n	100047b6 <pico_get_unique_board_id_string+0x182>
1000479a:	f003 030f 	and.w	r3, r3, #15
1000479e:	2b09      	cmp	r3, #9
100047a0:	bf94      	ite	ls
100047a2:	3330      	addls	r3, #48	@ 0x30
100047a4:	3337      	addhi	r3, #55	@ 0x37
100047a6:	2910      	cmp	r1, #16
100047a8:	73c3      	strb	r3, [r0, #15]
100047aa:	bf18      	it	ne
100047ac:	3010      	addne	r0, #16
100047ae:	d002      	beq.n	100047b6 <pico_get_unique_board_id_string+0x182>
100047b0:	2300      	movs	r3, #0
100047b2:	7003      	strb	r3, [r0, #0]
100047b4:	4770      	bx	lr
100047b6:	2300      	movs	r3, #0
100047b8:	4408      	add	r0, r1
100047ba:	7003      	strb	r3, [r0, #0]
100047bc:	4770      	bx	lr
100047be:	bf00      	nop
100047c0:	2002bc0c 	.word	0x2002bc0c

100047c4 <usb_reset_interface_init>:
100047c4:	4770      	bx	lr
100047c6:	bf00      	nop

100047c8 <usb_reset_interface_reset>:
100047c8:	2200      	movs	r2, #0
100047ca:	4b01      	ldr	r3, [pc, #4]	@ (100047d0 <usb_reset_interface_reset+0x8>)
100047cc:	701a      	strb	r2, [r3, #0]
100047ce:	4770      	bx	lr
100047d0:	2002ee40 	.word	0x2002ee40

100047d4 <usb_reset_interface_open>:
100047d4:	794b      	ldrb	r3, [r1, #5]
100047d6:	2bff      	cmp	r3, #255	@ 0xff
100047d8:	d10b      	bne.n	100047f2 <usb_reset_interface_open+0x1e>
100047da:	7988      	ldrb	r0, [r1, #6]
100047dc:	b948      	cbnz	r0, 100047f2 <usb_reset_interface_open+0x1e>
100047de:	79cb      	ldrb	r3, [r1, #7]
100047e0:	2b01      	cmp	r3, #1
100047e2:	d107      	bne.n	100047f4 <usb_reset_interface_open+0x20>
100047e4:	2a08      	cmp	r2, #8
100047e6:	d905      	bls.n	100047f4 <usb_reset_interface_open+0x20>
100047e8:	4b03      	ldr	r3, [pc, #12]	@ (100047f8 <usb_reset_interface_open+0x24>)
100047ea:	788a      	ldrb	r2, [r1, #2]
100047ec:	2009      	movs	r0, #9
100047ee:	701a      	strb	r2, [r3, #0]
100047f0:	4770      	bx	lr
100047f2:	2000      	movs	r0, #0
100047f4:	4770      	bx	lr
100047f6:	bf00      	nop
100047f8:	2002ee40 	.word	0x2002ee40

100047fc <usb_reset_interface_xfer_cb>:
100047fc:	2001      	movs	r0, #1
100047fe:	4770      	bx	lr

10004800 <usb_reset_interface_control_xfer_cb>:
10004800:	2901      	cmp	r1, #1
10004802:	d001      	beq.n	10004808 <usb_reset_interface_control_xfer_cb+0x8>
10004804:	2001      	movs	r0, #1
10004806:	4770      	bx	lr
10004808:	b508      	push	{r3, lr}
1000480a:	4b10      	ldr	r3, [pc, #64]	@ (1000484c <usb_reset_interface_control_xfer_cb+0x4c>)
1000480c:	8891      	ldrh	r1, [r2, #4]
1000480e:	781b      	ldrb	r3, [r3, #0]
10004810:	4299      	cmp	r1, r3
10004812:	d001      	beq.n	10004818 <usb_reset_interface_control_xfer_cb+0x18>
10004814:	2000      	movs	r0, #0
10004816:	bd08      	pop	{r3, pc}
10004818:	7853      	ldrb	r3, [r2, #1]
1000481a:	2b01      	cmp	r3, #1
1000481c:	d008      	beq.n	10004830 <usb_reset_interface_control_xfer_cb+0x30>
1000481e:	2b02      	cmp	r3, #2
10004820:	d1f8      	bne.n	10004814 <usb_reset_interface_control_xfer_cb+0x14>
10004822:	2100      	movs	r1, #0
10004824:	2264      	movs	r2, #100	@ 0x64
10004826:	4608      	mov	r0, r1
10004828:	f7fd fa20 	bl	10001c6c <watchdog_reboot>
1000482c:	2001      	movs	r0, #1
1000482e:	bd08      	pop	{r3, pc}
10004830:	8851      	ldrh	r1, [r2, #2]
10004832:	f411 7280 	ands.w	r2, r1, #256	@ 0x100
10004836:	bf1a      	itte	ne
10004838:	f3c1 12c0 	ubfxne	r2, r1, #7, #1
1000483c:	0a48      	lsrne	r0, r1, #9
1000483e:	f04f 30ff 	moveq.w	r0, #4294967295
10004842:	f001 0103 	and.w	r1, r1, #3
10004846:	f7fd fa9d 	bl	10001d84 <rom_reset_usb_boot_extra>
1000484a:	bf00      	nop
1000484c:	2002ee40 	.word	0x2002ee40

10004850 <tud_descriptor_bos_cb>:
10004850:	4800      	ldr	r0, [pc, #0]	@ (10004854 <tud_descriptor_bos_cb+0x4>)
10004852:	4770      	bx	lr
10004854:	10008c94 	.word	0x10008c94

10004858 <tud_vendor_control_xfer_cb>:
10004858:	2901      	cmp	r1, #1
1000485a:	d107      	bne.n	1000486c <tud_vendor_control_xfer_cb+0x14>
1000485c:	7853      	ldrb	r3, [r2, #1]
1000485e:	2b01      	cmp	r3, #1
10004860:	d102      	bne.n	10004868 <tud_vendor_control_xfer_cb+0x10>
10004862:	8893      	ldrh	r3, [r2, #4]
10004864:	2b07      	cmp	r3, #7
10004866:	d003      	beq.n	10004870 <tud_vendor_control_xfer_cb+0x18>
10004868:	2000      	movs	r0, #0
1000486a:	4770      	bx	lr
1000486c:	2001      	movs	r0, #1
1000486e:	4770      	bx	lr
10004870:	4611      	mov	r1, r2
10004872:	23a6      	movs	r3, #166	@ 0xa6
10004874:	4a01      	ldr	r2, [pc, #4]	@ (1000487c <tud_vendor_control_xfer_cb+0x24>)
10004876:	f000 bf1f 	b.w	100056b8 <tud_control_xfer>
1000487a:	bf00      	nop
1000487c:	10008bec 	.word	0x10008bec

10004880 <usbd_app_driver_get_cb>:
10004880:	4603      	mov	r3, r0
10004882:	2201      	movs	r2, #1
10004884:	4801      	ldr	r0, [pc, #4]	@ (1000488c <usbd_app_driver_get_cb+0xc>)
10004886:	701a      	strb	r2, [r3, #0]
10004888:	4770      	bx	lr
1000488a:	bf00      	nop
1000488c:	10008cb8 	.word	0x10008cb8

10004890 <tud_cdc_line_coding_cb>:
10004890:	b508      	push	{r3, lr}
10004892:	680b      	ldr	r3, [r1, #0]
10004894:	f5b3 6f96 	cmp.w	r3, #1200	@ 0x4b0
10004898:	d000      	beq.n	1000489c <tud_cdc_line_coding_cb+0xc>
1000489a:	bd08      	pop	{r3, pc}
1000489c:	2200      	movs	r2, #0
1000489e:	f04f 30ff 	mov.w	r0, #4294967295
100048a2:	4611      	mov	r1, r2
100048a4:	f7fd fa6e 	bl	10001d84 <rom_reset_usb_boot_extra>

100048a8 <dcd_init>:
100048a8:	b510      	push	{r4, lr}
100048aa:	f000 f92d 	bl	10004b08 <rp2040_usb_init>
100048ae:	230c      	movs	r3, #12
100048b0:	4c1c      	ldr	r4, [pc, #112]	@ (10004924 <dcd_init+0x7c>)
100048b2:	22ff      	movs	r2, #255	@ 0xff
100048b4:	67a3      	str	r3, [r4, #120]	@ 0x78
100048b6:	200e      	movs	r0, #14
100048b8:	491b      	ldr	r1, [pc, #108]	@ (10004928 <dcd_init+0x80>)
100048ba:	f7fb feef 	bl	1000069c <irq_add_shared_handler>
100048be:	2240      	movs	r2, #64	@ 0x40
100048c0:	2100      	movs	r1, #0
100048c2:	481a      	ldr	r0, [pc, #104]	@ (1000492c <dcd_init+0x84>)
100048c4:	f003 fec4 	bl	10008650 <__memset_veneer>
100048c8:	f04f 0c80 	mov.w	ip, #128	@ 0x80
100048cc:	2001      	movs	r0, #1
100048ce:	4a17      	ldr	r2, [pc, #92]	@ (1000492c <dcd_init+0x84>)
100048d0:	2300      	movs	r3, #0
100048d2:	f8a2 c022 	strh.w	ip, [r2, #34]	@ 0x22
100048d6:	7050      	strb	r0, [r2, #1]
100048d8:	4610      	mov	r0, r2
100048da:	2240      	movs	r2, #64	@ 0x40
100048dc:	4914      	ldr	r1, [pc, #80]	@ (10004930 <dcd_init+0x88>)
100048de:	8302      	strh	r2, [r0, #24]
100048e0:	8702      	strh	r2, [r0, #56]	@ 0x38
100048e2:	4a14      	ldr	r2, [pc, #80]	@ (10004934 <dcd_init+0x8c>)
100048e4:	6081      	str	r1, [r0, #8]
100048e6:	6043      	str	r3, [r0, #4]
100048e8:	f8c2 3084 	str.w	r3, [r2, #132]	@ 0x84
100048ec:	f8c2 3080 	str.w	r3, [r2, #128]	@ 0x80
100048f0:	f880 3021 	strb.w	r3, [r0, #33]	@ 0x21
100048f4:	f880 303b 	strb.w	r3, [r0, #59]	@ 0x3b
100048f8:	6243      	str	r3, [r0, #36]	@ 0x24
100048fa:	4b0f      	ldr	r3, [pc, #60]	@ (10004938 <dcd_init+0x90>)
100048fc:	60c3      	str	r3, [r0, #12]
100048fe:	62c3      	str	r3, [r0, #44]	@ 0x2c
10004900:	3b80      	subs	r3, #128	@ 0x80
10004902:	6283      	str	r3, [r0, #40]	@ 0x28
10004904:	f003 fe98 	bl	10008638 <__reset_non_control_endpoints_veneer>
10004908:	f04f 5c00 	mov.w	ip, #536870912	@ 0x20000000
1000490c:	f44f 3280 	mov.w	r2, #65536	@ 0x10000
10004910:	2001      	movs	r0, #1
10004912:	490a      	ldr	r1, [pc, #40]	@ (1000493c <dcd_init+0x94>)
10004914:	4b0a      	ldr	r3, [pc, #40]	@ (10004940 <dcd_init+0x98>)
10004916:	6420      	str	r0, [r4, #64]	@ 0x40
10004918:	f8c4 c04c 	str.w	ip, [r4, #76]	@ 0x4c
1000491c:	f8c4 1090 	str.w	r1, [r4, #144]	@ 0x90
10004920:	64da      	str	r2, [r3, #76]	@ 0x4c
10004922:	bd10      	pop	{r4, pc}
10004924:	50110000 	.word	0x50110000
10004928:	20000429 	.word	0x20000429
1000492c:	2002b3d8 	.word	0x2002b3d8
10004930:	50100084 	.word	0x50100084
10004934:	50100000 	.word	0x50100000
10004938:	50100100 	.word	0x50100100
1000493c:	0001d010 	.word	0x0001d010
10004940:	50112000 	.word	0x50112000

10004944 <dcd_int_enable>:
10004944:	2101      	movs	r1, #1
10004946:	200e      	movs	r0, #14
10004948:	f7fb be34 	b.w	100005b4 <irq_set_enabled>

1000494c <dcd_set_address>:
1000494c:	2200      	movs	r2, #0
1000494e:	4802      	ldr	r0, [pc, #8]	@ (10004958 <dcd_set_address+0xc>)
10004950:	4611      	mov	r1, r2
10004952:	f000 b8f9 	b.w	10004b48 <hw_endpoint_xfer_start>
10004956:	bf00      	nop
10004958:	2002b3f8 	.word	0x2002b3f8

1000495c <dcd_sof_enable>:
1000495c:	4b04      	ldr	r3, [pc, #16]	@ (10004970 <dcd_sof_enable+0x14>)
1000495e:	7019      	strb	r1, [r3, #0]
10004960:	b121      	cbz	r1, 1000496c <dcd_sof_enable+0x10>
10004962:	f44f 3200 	mov.w	r2, #131072	@ 0x20000
10004966:	4b03      	ldr	r3, [pc, #12]	@ (10004974 <dcd_sof_enable+0x18>)
10004968:	f8c3 2090 	str.w	r2, [r3, #144]	@ 0x90
1000496c:	4770      	bx	lr
1000496e:	bf00      	nop
10004970:	2002ee3d 	.word	0x2002ee3d
10004974:	50112000 	.word	0x50112000

10004978 <dcd_edpt0_status_complete>:
10004978:	780b      	ldrb	r3, [r1, #0]
1000497a:	065b      	lsls	r3, r3, #25
1000497c:	d000      	beq.n	10004980 <dcd_edpt0_status_complete+0x8>
1000497e:	4770      	bx	lr
10004980:	784b      	ldrb	r3, [r1, #1]
10004982:	2b05      	cmp	r3, #5
10004984:	d1fb      	bne.n	1000497e <dcd_edpt0_status_complete+0x6>
10004986:	884b      	ldrh	r3, [r1, #2]
10004988:	4a01      	ldr	r2, [pc, #4]	@ (10004990 <dcd_edpt0_status_complete+0x18>)
1000498a:	b2db      	uxtb	r3, r3
1000498c:	6013      	str	r3, [r2, #0]
1000498e:	e7f6      	b.n	1000497e <dcd_edpt0_status_complete+0x6>
10004990:	50110000 	.word	0x50110000

10004994 <dcd_edpt_open>:
10004994:	78cb      	ldrb	r3, [r1, #3]
10004996:	e92d 41f0 	stmdb	sp!, {r4, r5, r6, r7, r8, lr}
1000499a:	f003 0e03 	and.w	lr, r3, #3
1000499e:	f1be 0f01 	cmp.w	lr, #1
100049a2:	f3c3 0001 	ubfx	r0, r3, #0, #2
100049a6:	d057      	beq.n	10004a58 <dcd_edpt_open+0xc4>
100049a8:	2600      	movs	r6, #0
100049aa:	788c      	ldrb	r4, [r1, #2]
100049ac:	f8df c0d4 	ldr.w	ip, [pc, #212]	@ 10004a84 <dcd_edpt_open+0xf0>
100049b0:	f004 027f 	and.w	r2, r4, #127	@ 0x7f
100049b4:	0053      	lsls	r3, r2, #1
100049b6:	8889      	ldrh	r1, [r1, #4]
100049b8:	4698      	mov	r8, r3
100049ba:	eb03 13d4 	add.w	r3, r3, r4, lsr #7
100049be:	eb0c 1343 	add.w	r3, ip, r3, lsl #5
100049c2:	09e5      	lsrs	r5, r4, #7
100049c4:	76d8      	strb	r0, [r3, #27]
100049c6:	f3c1 010a 	ubfx	r1, r1, #0, #11
100049ca:	f085 0001 	eor.w	r0, r5, #1
100049ce:	709c      	strb	r4, [r3, #2]
100049d0:	8319      	strh	r1, [r3, #24]
100049d2:	7058      	strb	r0, [r3, #1]
100049d4:	70de      	strb	r6, [r3, #3]
100049d6:	00d3      	lsls	r3, r2, #3
100049d8:	bb6d      	cbnz	r5, 10004a36 <dcd_edpt_open+0xa2>
100049da:	4825      	ldr	r0, [pc, #148]	@ (10004a70 <dcd_edpt_open+0xdc>)
100049dc:	3304      	adds	r3, #4
100049de:	eb0c 1482 	add.w	r4, ip, r2, lsl #6
100049e2:	181f      	adds	r7, r3, r0
100049e4:	60a7      	str	r7, [r4, #8]
100049e6:	501e      	str	r6, [r3, r0]
100049e8:	b36a      	cbz	r2, 10004a46 <dcd_edpt_open+0xb2>
100049ea:	4b22      	ldr	r3, [pc, #136]	@ (10004a74 <dcd_edpt_open+0xe0>)
100049ec:	eb03 03c2 	add.w	r3, r3, r2, lsl #3
100049f0:	6063      	str	r3, [r4, #4]
100049f2:	313f      	adds	r1, #63	@ 0x3f
100049f4:	0989      	lsrs	r1, r1, #6
100049f6:	f1be 0f02 	cmp.w	lr, #2
100049fa:	bf14      	ite	ne
100049fc:	018b      	lslne	r3, r1, #6
100049fe:	01cb      	lsleq	r3, r1, #7
10004a00:	491d      	ldr	r1, [pc, #116]	@ (10004a78 <dcd_edpt_open+0xe4>)
10004a02:	eb08 0205 	add.w	r2, r8, r5
10004a06:	eb0c 1c42 	add.w	ip, ip, r2, lsl #5
10004a0a:	680a      	ldr	r2, [r1, #0]
10004a0c:	481b      	ldr	r0, [pc, #108]	@ (10004a7c <dcd_edpt_open+0xe8>)
10004a0e:	4413      	add	r3, r2
10004a10:	4283      	cmp	r3, r0
10004a12:	600b      	str	r3, [r1, #0]
10004a14:	f8cc 200c 	str.w	r2, [ip, #12]
10004a18:	d828      	bhi.n	10004a6c <dcd_edpt_open+0xd8>
10004a1a:	f082 43a0 	eor.w	r3, r2, #1342177280	@ 0x50000000
10004a1e:	f483 1380 	eor.w	r3, r3, #1048576	@ 0x100000
10004a22:	f8dc 2004 	ldr.w	r2, [ip, #4]
10004a26:	ea43 638e 	orr.w	r3, r3, lr, lsl #26
10004a2a:	f043 4300 	orr.w	r3, r3, #2147483648	@ 0x80000000
10004a2e:	6013      	str	r3, [r2, #0]
10004a30:	2001      	movs	r0, #1
10004a32:	e8bd 81f0 	ldmia.w	sp!, {r4, r5, r6, r7, r8, pc}
10004a36:	480e      	ldr	r0, [pc, #56]	@ (10004a70 <dcd_edpt_open+0xdc>)
10004a38:	eb0c 1482 	add.w	r4, ip, r2, lsl #6
10004a3c:	4403      	add	r3, r0
10004a3e:	62a3      	str	r3, [r4, #40]	@ 0x28
10004a40:	f840 6032 	str.w	r6, [r0, r2, lsl #3]
10004a44:	b95a      	cbnz	r2, 10004a5e <dcd_edpt_open+0xca>
10004a46:	4613      	mov	r3, r2
10004a48:	4a0d      	ldr	r2, [pc, #52]	@ (10004a80 <dcd_edpt_open+0xec>)
10004a4a:	eb0c 1c45 	add.w	ip, ip, r5, lsl #5
10004a4e:	f8cc 200c 	str.w	r2, [ip, #12]
10004a52:	f8cc 3004 	str.w	r3, [ip, #4]
10004a56:	e7eb      	b.n	10004a30 <dcd_edpt_open+0x9c>
10004a58:	2000      	movs	r0, #0
10004a5a:	e8bd 81f0 	ldmia.w	sp!, {r4, r5, r6, r7, r8, pc}
10004a5e:	00d2      	lsls	r2, r2, #3
10004a60:	f102 42a0 	add.w	r2, r2, #1342177280	@ 0x50000000
10004a64:	f502 1280 	add.w	r2, r2, #1048576	@ 0x100000
10004a68:	6262      	str	r2, [r4, #36]	@ 0x24
10004a6a:	e7c2      	b.n	100049f2 <dcd_edpt_open+0x5e>
10004a6c:	f7fd f9d4 	bl	10001e18 <hard_assertion_failure>
10004a70:	50100080 	.word	0x50100080
10004a74:	50100004 	.word	0x50100004
10004a78:	2002b7e0 	.word	0x2002b7e0
10004a7c:	50100fff 	.word	0x50100fff
10004a80:	50100100 	.word	0x50100100
10004a84:	2002b3d8 	.word	0x2002b3d8

10004a88 <dcd_edpt_close_all>:
10004a88:	f003 bdd6 	b.w	10008638 <__reset_non_control_endpoints_veneer>

10004a8c <dcd_edpt_xfer>:
10004a8c:	b508      	push	{r3, lr}
10004a8e:	4696      	mov	lr, r2
10004a90:	f8df c01c 	ldr.w	ip, [pc, #28]	@ 10004ab0 <dcd_edpt_xfer+0x24>
10004a94:	f001 027f 	and.w	r2, r1, #127	@ 0x7f
10004a98:	09c8      	lsrs	r0, r1, #7
10004a9a:	eb00 0042 	add.w	r0, r0, r2, lsl #1
10004a9e:	eb0c 1040 	add.w	r0, ip, r0, lsl #5
10004aa2:	461a      	mov	r2, r3
10004aa4:	4671      	mov	r1, lr
10004aa6:	f000 f84f 	bl	10004b48 <hw_endpoint_xfer_start>
10004aaa:	2001      	movs	r0, #1
10004aac:	bd08      	pop	{r3, pc}
10004aae:	bf00      	nop
10004ab0:	2002b3d8 	.word	0x2002b3d8

10004ab4 <dcd_edpt_stall>:
10004ab4:	f011 027f 	ands.w	r2, r1, #127	@ 0x7f
10004ab8:	d105      	bne.n	10004ac6 <dcd_edpt_stall+0x12>
10004aba:	2900      	cmp	r1, #0
10004abc:	bf0c      	ite	eq
10004abe:	2002      	moveq	r0, #2
10004ac0:	2001      	movne	r0, #1
10004ac2:	4b06      	ldr	r3, [pc, #24]	@ (10004adc <dcd_edpt_stall+0x28>)
10004ac4:	6698      	str	r0, [r3, #104]	@ 0x68
10004ac6:	09c9      	lsrs	r1, r1, #7
10004ac8:	4b05      	ldr	r3, [pc, #20]	@ (10004ae0 <dcd_edpt_stall+0x2c>)
10004aca:	eb01 0042 	add.w	r0, r1, r2, lsl #1
10004ace:	eb03 1040 	add.w	r0, r3, r0, lsl #5
10004ad2:	f44f 6200 	mov.w	r2, #2048	@ 0x800
10004ad6:	2100      	movs	r1, #0
10004ad8:	f003 bdaa 	b.w	10008630 <___hw_endpoint_buffer_control_update32_veneer>
10004adc:	50112000 	.word	0x50112000
10004ae0:	2002b3d8 	.word	0x2002b3d8

10004ae4 <dcd_edpt_clear_stall>:
10004ae4:	f011 037f 	ands.w	r3, r1, #127	@ 0x7f
10004ae8:	d100      	bne.n	10004aec <dcd_edpt_clear_stall+0x8>
10004aea:	4770      	bx	lr
10004aec:	2200      	movs	r2, #0
10004aee:	4805      	ldr	r0, [pc, #20]	@ (10004b04 <dcd_edpt_clear_stall+0x20>)
10004af0:	005b      	lsls	r3, r3, #1
10004af2:	eb03 13d1 	add.w	r3, r3, r1, lsr #7
10004af6:	eb00 1043 	add.w	r0, r0, r3, lsl #5
10004afa:	f46f 6100 	mvn.w	r1, #2048	@ 0x800
10004afe:	70c2      	strb	r2, [r0, #3]
10004b00:	f003 bd96 	b.w	10008630 <___hw_endpoint_buffer_control_update32_veneer>
10004b04:	2002b3d8 	.word	0x2002b3d8

10004b08 <rp2040_usb_init>:
10004b08:	f04f 5280 	mov.w	r2, #268435456	@ 0x10000000
10004b0c:	4809      	ldr	r0, [pc, #36]	@ (10004b34 <rp2040_usb_init+0x2c>)
10004b0e:	490a      	ldr	r1, [pc, #40]	@ (10004b38 <rp2040_usb_init+0x30>)
10004b10:	b508      	push	{r3, lr}
10004b12:	4b0a      	ldr	r3, [pc, #40]	@ (10004b3c <rp2040_usb_init+0x34>)
10004b14:	6002      	str	r2, [r0, #0]
10004b16:	600a      	str	r2, [r1, #0]
10004b18:	6899      	ldr	r1, [r3, #8]
10004b1a:	43c9      	mvns	r1, r1
10004b1c:	f011 5180 	ands.w	r1, r1, #268435456	@ 0x10000000
10004b20:	d1fa      	bne.n	10004b18 <rp2040_usb_init+0x10>
10004b22:	f44f 5280 	mov.w	r2, #4096	@ 0x1000
10004b26:	4806      	ldr	r0, [pc, #24]	@ (10004b40 <rp2040_usb_init+0x38>)
10004b28:	f003 fd92 	bl	10008650 <__memset_veneer>
10004b2c:	2209      	movs	r2, #9
10004b2e:	4b05      	ldr	r3, [pc, #20]	@ (10004b44 <rp2040_usb_init+0x3c>)
10004b30:	675a      	str	r2, [r3, #116]	@ 0x74
10004b32:	bd08      	pop	{r3, pc}
10004b34:	40022000 	.word	0x40022000
10004b38:	40023000 	.word	0x40023000
10004b3c:	40020000 	.word	0x40020000
10004b40:	50100000 	.word	0x50100000
10004b44:	50110000 	.word	0x50110000

10004b48 <hw_endpoint_xfer_start>:
10004b48:	2300      	movs	r3, #0
10004b4a:	f04f 0c01 	mov.w	ip, #1
10004b4e:	b510      	push	{r4, lr}
10004b50:	6101      	str	r1, [r0, #16]
10004b52:	f880 c01a 	strb.w	ip, [r0, #26]
10004b56:	8282      	strh	r2, [r0, #20]
10004b58:	82c3      	strh	r3, [r0, #22]
10004b5a:	4604      	mov	r4, r0
10004b5c:	f003 fd80 	bl	10008660 <__e15_is_bulkin_ep_veneer>
10004b60:	b120      	cbz	r0, 10004b6c <hw_endpoint_xfer_start+0x24>
10004b62:	f44f 3200 	mov.w	r2, #131072	@ 0x20000
10004b66:	4b07      	ldr	r3, [pc, #28]	@ (10004b84 <hw_endpoint_xfer_start+0x3c>)
10004b68:	f8c3 2090 	str.w	r2, [r3, #144]	@ 0x90
10004b6c:	4620      	mov	r0, r4
10004b6e:	f003 fd87 	bl	10008680 <__e15_is_critical_frame_period_veneer>
10004b72:	b110      	cbz	r0, 10004b7a <hw_endpoint_xfer_start+0x32>
10004b74:	2301      	movs	r3, #1
10004b76:	7723      	strb	r3, [r4, #28]
10004b78:	bd10      	pop	{r4, pc}
10004b7a:	4620      	mov	r0, r4
10004b7c:	e8bd 4010 	ldmia.w	sp!, {r4, lr}
10004b80:	f003 bd76 	b.w	10008670 <__hw_endpoint_start_next_buffer_veneer>
10004b84:	50112000 	.word	0x50112000

10004b88 <configuration_reset>:
10004b88:	e92d 41f0 	stmdb	sp!, {r4, r5, r6, r7, r8, lr}
10004b8c:	f04f 0800 	mov.w	r8, #0
10004b90:	4c1b      	ldr	r4, [pc, #108]	@ (10004c00 <configuration_reset+0x78>)
10004b92:	4605      	mov	r5, r0
10004b94:	4642      	mov	r2, r8
10004b96:	7823      	ldrb	r3, [r4, #0]
10004b98:	4f1a      	ldr	r7, [pc, #104]	@ (10004c04 <configuration_reset+0x7c>)
10004b9a:	4e1b      	ldr	r6, [pc, #108]	@ (10004c08 <configuration_reset+0x80>)
10004b9c:	e00d      	b.n	10004bba <configuration_reset+0x32>
10004b9e:	6833      	ldr	r3, [r6, #0]
10004ba0:	eb13 1342 	adds.w	r3, r3, r2, lsl #5
10004ba4:	d023      	beq.n	10004bee <configuration_reset+0x66>
10004ba6:	68db      	ldr	r3, [r3, #12]
10004ba8:	4628      	mov	r0, r5
10004baa:	4798      	blx	r3
10004bac:	f108 0801 	add.w	r8, r8, #1
10004bb0:	7823      	ldrb	r3, [r4, #0]
10004bb2:	fa5f f288 	uxtb.w	r2, r8
10004bb6:	4293      	cmp	r3, r2
10004bb8:	d306      	bcc.n	10004bc8 <configuration_reset+0x40>
10004bba:	4293      	cmp	r3, r2
10004bbc:	eba2 0303 	sub.w	r3, r2, r3
10004bc0:	d8ed      	bhi.n	10004b9e <configuration_reset+0x16>
10004bc2:	eb07 1343 	add.w	r3, r7, r3, lsl #5
10004bc6:	e7ee      	b.n	10004ba6 <configuration_reset+0x1e>
10004bc8:	2254      	movs	r2, #84	@ 0x54
10004bca:	2100      	movs	r1, #0
10004bcc:	480f      	ldr	r0, [pc, #60]	@ (10004c0c <configuration_reset+0x84>)
10004bce:	f003 fd3f 	bl	10008650 <__memset_veneer>
10004bd2:	f04f 33ff 	mov.w	r3, #4294967295
10004bd6:	4c0d      	ldr	r4, [pc, #52]	@ (10004c0c <configuration_reset+0x84>)
10004bd8:	2220      	movs	r2, #32
10004bda:	e9c4 3301 	strd	r3, r3, [r4, #4]
10004bde:	e9c4 3303 	strd	r3, r3, [r4, #12]
10004be2:	21ff      	movs	r1, #255	@ 0xff
10004be4:	e8bd 41f0 	ldmia.w	sp!, {r4, r5, r6, r7, r8, lr}
10004be8:	4809      	ldr	r0, [pc, #36]	@ (10004c10 <configuration_reset+0x88>)
10004bea:	f003 bd31 	b.w	10008650 <__memset_veneer>
10004bee:	f04f 23e0 	mov.w	r3, #3758153728	@ 0xe000e000
10004bf2:	f8d3 3df0 	ldr.w	r3, [r3, #3568]	@ 0xdf0
10004bf6:	07db      	lsls	r3, r3, #31
10004bf8:	d500      	bpl.n	10004bfc <configuration_reset+0x74>
10004bfa:	be00      	bkpt	0x0000
10004bfc:	e8bd 81f0 	ldmia.w	sp!, {r4, r5, r6, r7, r8, pc}
10004c00:	2002ee3c 	.word	0x2002ee3c
10004c04:	10008cd8 	.word	0x10008cd8
10004c08:	20029060 	.word	0x20029060
10004c0c:	20029168 	.word	0x20029168
10004c10:	2002917c 	.word	0x2002917c

10004c14 <tud_event_hook_cb>:
10004c14:	4770      	bx	lr
10004c16:	bf00      	nop

10004c18 <tud_sof_cb>:
10004c18:	4770      	bx	lr
10004c1a:	bf00      	nop

10004c1c <tud_descriptor_device_qualifier_cb>:
10004c1c:	2000      	movs	r0, #0
10004c1e:	4770      	bx	lr

10004c20 <tud_descriptor_other_speed_configuration_cb>:
10004c20:	2000      	movs	r0, #0
10004c22:	4770      	bx	lr

10004c24 <tud_mount_cb>:
10004c24:	4770      	bx	lr
10004c26:	bf00      	nop

10004c28 <tud_umount_cb>:
10004c28:	4770      	bx	lr
10004c2a:	bf00      	nop

10004c2c <tud_suspend_cb>:
10004c2c:	4770      	bx	lr
10004c2e:	bf00      	nop

10004c30 <tud_resume_cb>:
10004c30:	4770      	bx	lr
10004c32:	bf00      	nop

10004c34 <tud_mounted>:
10004c34:	4b02      	ldr	r3, [pc, #8]	@ (10004c40 <tud_mounted+0xc>)
10004c36:	7858      	ldrb	r0, [r3, #1]
10004c38:	3800      	subs	r0, #0
10004c3a:	bf18      	it	ne
10004c3c:	2001      	movne	r0, #1
10004c3e:	4770      	bx	lr
10004c40:	20029168 	.word	0x20029168

10004c44 <tud_suspended>:
10004c44:	4b02      	ldr	r3, [pc, #8]	@ (10004c50 <tud_suspended+0xc>)
10004c46:	7818      	ldrb	r0, [r3, #0]
10004c48:	f3c0 0080 	ubfx	r0, r0, #2, #1
10004c4c:	4770      	bx	lr
10004c4e:	bf00      	nop
10004c50:	20029168 	.word	0x20029168

10004c54 <tud_rhport_init>:
10004c54:	e92d 47f0 	stmdb	sp!, {r4, r5, r6, r7, r8, r9, sl, lr}
10004c58:	4f2d      	ldr	r7, [pc, #180]	@ (10004d10 <tud_rhport_init+0xbc>)
10004c5a:	783b      	ldrb	r3, [r7, #0]
10004c5c:	2bff      	cmp	r3, #255	@ 0xff
10004c5e:	d154      	bne.n	10004d0a <tud_rhport_init+0xb6>
10004c60:	2900      	cmp	r1, #0
10004c62:	d03d      	beq.n	10004ce0 <tud_rhport_init+0x8c>
10004c64:	2254      	movs	r2, #84	@ 0x54
10004c66:	468a      	mov	sl, r1
10004c68:	4681      	mov	r9, r0
10004c6a:	2100      	movs	r1, #0
10004c6c:	4829      	ldr	r0, [pc, #164]	@ (10004d14 <tud_rhport_init+0xc0>)
10004c6e:	f003 fcef 	bl	10008650 <__memset_veneer>
10004c72:	2200      	movs	r2, #0
10004c74:	4c28      	ldr	r4, [pc, #160]	@ (10004d18 <tud_rhport_init+0xc4>)
10004c76:	4b29      	ldr	r3, [pc, #164]	@ (10004d1c <tud_rhport_init+0xc8>)
10004c78:	4620      	mov	r0, r4
10004c7a:	701a      	strb	r2, [r3, #0]
10004c7c:	f7fb ff84 	bl	10000b88 <mutex_init>
10004c80:	4b27      	ldr	r3, [pc, #156]	@ (10004d20 <tud_rhport_init+0xcc>)
10004c82:	4828      	ldr	r0, [pc, #160]	@ (10004d24 <tud_rhport_init+0xd0>)
10004c84:	601c      	str	r4, [r3, #0]
10004c86:	4c28      	ldr	r4, [pc, #160]	@ (10004d28 <tud_rhport_init+0xd4>)
10004c88:	f7fb ff8c 	bl	10000ba4 <critical_section_init>
10004c8c:	4620      	mov	r0, r4
10004c8e:	f001 fbdd 	bl	1000644c <tu_fifo_clear>
10004c92:	4a26      	ldr	r2, [pc, #152]	@ (10004d2c <tud_rhport_init+0xd8>)
10004c94:	4b26      	ldr	r3, [pc, #152]	@ (10004d30 <tud_rhport_init+0xdc>)
10004c96:	6014      	str	r4, [r2, #0]
10004c98:	b123      	cbz	r3, 10004ca4 <tud_rhport_init+0x50>
10004c9a:	4826      	ldr	r0, [pc, #152]	@ (10004d34 <tud_rhport_init+0xe0>)
10004c9c:	f7ff fdf0 	bl	10004880 <usbd_app_driver_get_cb>
10004ca0:	4b25      	ldr	r3, [pc, #148]	@ (10004d38 <tud_rhport_init+0xe4>)
10004ca2:	6018      	str	r0, [r3, #0]
10004ca4:	f04f 0800 	mov.w	r8, #0
10004ca8:	4c22      	ldr	r4, [pc, #136]	@ (10004d34 <tud_rhport_init+0xe0>)
10004caa:	4643      	mov	r3, r8
10004cac:	7822      	ldrb	r2, [r4, #0]
10004cae:	4e23      	ldr	r6, [pc, #140]	@ (10004d3c <tud_rhport_init+0xe8>)
10004cb0:	4d21      	ldr	r5, [pc, #132]	@ (10004d38 <tud_rhport_init+0xe4>)
10004cb2:	e00d      	b.n	10004cd0 <tud_rhport_init+0x7c>
10004cb4:	682a      	ldr	r2, [r5, #0]
10004cb6:	eb12 1343 	adds.w	r3, r2, r3, lsl #5
10004cba:	d011      	beq.n	10004ce0 <tud_rhport_init+0x8c>
10004cbc:	685b      	ldr	r3, [r3, #4]
10004cbe:	b17b      	cbz	r3, 10004ce0 <tud_rhport_init+0x8c>
10004cc0:	4798      	blx	r3
10004cc2:	f108 0801 	add.w	r8, r8, #1
10004cc6:	7822      	ldrb	r2, [r4, #0]
10004cc8:	fa5f f388 	uxtb.w	r3, r8
10004ccc:	4293      	cmp	r3, r2
10004cce:	d811      	bhi.n	10004cf4 <tud_rhport_init+0xa0>
10004cd0:	4293      	cmp	r3, r2
10004cd2:	d3ef      	bcc.n	10004cb4 <tud_rhport_init+0x60>
10004cd4:	1a9b      	subs	r3, r3, r2
10004cd6:	eb06 1343 	add.w	r3, r6, r3, lsl #5
10004cda:	685b      	ldr	r3, [r3, #4]
10004cdc:	2b00      	cmp	r3, #0
10004cde:	d1ef      	bne.n	10004cc0 <tud_rhport_init+0x6c>
10004ce0:	f04f 23e0 	mov.w	r3, #3758153728	@ 0xe000e000
10004ce4:	f8d3 3df0 	ldr.w	r3, [r3, #3568]	@ 0xdf0
10004ce8:	07db      	lsls	r3, r3, #31
10004cea:	d500      	bpl.n	10004cee <tud_rhport_init+0x9a>
10004cec:	be00      	bkpt	0x0000
10004cee:	2000      	movs	r0, #0
10004cf0:	e8bd 87f0 	ldmia.w	sp!, {r4, r5, r6, r7, r8, r9, sl, pc}
10004cf4:	4651      	mov	r1, sl
10004cf6:	4648      	mov	r0, r9
10004cf8:	f887 9000 	strb.w	r9, [r7]
10004cfc:	f7ff fdd4 	bl	100048a8 <dcd_init>
10004d00:	2800      	cmp	r0, #0
10004d02:	d0ed      	beq.n	10004ce0 <tud_rhport_init+0x8c>
10004d04:	4648      	mov	r0, r9
10004d06:	f7ff fe1d 	bl	10004944 <dcd_int_enable>
10004d0a:	2001      	movs	r0, #1
10004d0c:	e8bd 87f0 	ldmia.w	sp!, {r4, r5, r6, r7, r8, r9, sl, pc}
10004d10:	200025dc 	.word	0x200025dc
10004d14:	20029168 	.word	0x20029168
10004d18:	20029160 	.word	0x20029160
10004d1c:	2002ee3e 	.word	0x2002ee3e
10004d20:	200291bc 	.word	0x200291bc
10004d24:	200025d4 	.word	0x200025d4
10004d28:	200025c0 	.word	0x200025c0
10004d2c:	200291c0 	.word	0x200291c0
10004d30:	10004881 	.word	0x10004881
10004d34:	2002ee3c 	.word	0x2002ee3c
10004d38:	20029060 	.word	0x20029060
10004d3c:	10008cd8 	.word	0x10008cd8

10004d40 <tud_task_ext>:
10004d40:	4ba4      	ldr	r3, [pc, #656]	@ (10004fd4 <tud_task_ext+0x294>)
10004d42:	781b      	ldrb	r3, [r3, #0]
10004d44:	2bff      	cmp	r3, #255	@ 0xff
10004d46:	f000 8112 	beq.w	10004f6e <tud_task_ext+0x22e>
10004d4a:	e92d 4ff0 	stmdb	sp!, {r4, r5, r6, r7, r8, r9, sl, fp, lr}
10004d4e:	4ca2      	ldr	r4, [pc, #648]	@ (10004fd8 <tud_task_ext+0x298>)
10004d50:	4da2      	ldr	r5, [pc, #648]	@ (10004fdc <tud_task_ext+0x29c>)
10004d52:	f8df 829c 	ldr.w	r8, [pc, #668]	@ 10004ff0 <tud_task_ext+0x2b0>
10004d56:	4ea2      	ldr	r6, [pc, #648]	@ (10004fe0 <tud_task_ext+0x2a0>)
10004d58:	b08b      	sub	sp, #44	@ 0x2c
10004d5a:	6827      	ldr	r7, [r4, #0]
10004d5c:	697b      	ldr	r3, [r7, #20]
10004d5e:	f3ef 8210 	mrs	r2, PRIMASK
10004d62:	b672      	cpsid	i
10004d64:	e8d3 0fcf 	ldaexb	r0, [r3]
10004d68:	2101      	movs	r1, #1
10004d6a:	2800      	cmp	r0, #0
10004d6c:	d1fa      	bne.n	10004d64 <tud_task_ext+0x24>
10004d6e:	e8c3 1f40 	strexb	r0, r1, [r3]
10004d72:	2800      	cmp	r0, #0
10004d74:	d1f6      	bne.n	10004d64 <tud_task_ext+0x24>
10004d76:	f3bf 8f5f 	dmb	sy
10004d7a:	61ba      	str	r2, [r7, #24]
10004d7c:	4638      	mov	r0, r7
10004d7e:	a907      	add	r1, sp, #28
10004d80:	f001 f9aa 	bl	100060d8 <tu_fifo_read>
10004d84:	2300      	movs	r3, #0
10004d86:	697a      	ldr	r2, [r7, #20]
10004d88:	e8c2 3f8f 	stlb	r3, [r2]
10004d8c:	69bb      	ldr	r3, [r7, #24]
10004d8e:	f383 8810 	msr	PRIMASK, r3
10004d92:	2800      	cmp	r0, #0
10004d94:	f000 80c6 	beq.w	10004f24 <tud_task_ext+0x1e4>
10004d98:	f89d 301d 	ldrb.w	r3, [sp, #29]
10004d9c:	3b01      	subs	r3, #1
10004d9e:	2b07      	cmp	r3, #7
10004da0:	f200 8383 	bhi.w	100054aa <tud_task_ext+0x76a>
10004da4:	e8df f003 	tbb	[pc, r3]
10004da8:	9991ada3 	.word	0x9991ada3
10004dac:	040a358a 	.word	0x040a358a
10004db0:	9b08      	ldr	r3, [sp, #32]
10004db2:	2b00      	cmp	r3, #0
10004db4:	d0d1      	beq.n	10004d5a <tud_task_ext+0x1a>
10004db6:	9809      	ldr	r0, [sp, #36]	@ 0x24
10004db8:	4798      	blx	r3
10004dba:	e7ce      	b.n	10004d5a <tud_task_ext+0x1a>
10004dbc:	f89d 1020 	ldrb.w	r1, [sp, #32]
10004dc0:	f001 077f 	and.w	r7, r1, #127	@ 0x7f
10004dc4:	eb05 0047 	add.w	r0, r5, r7, lsl #1
10004dc8:	eb00 10d1 	add.w	r0, r0, r1, lsr #7
10004dcc:	f890 3034 	ldrb.w	r3, [r0, #52]	@ 0x34
10004dd0:	f023 0301 	bic.w	r3, r3, #1
10004dd4:	f880 3034 	strb.w	r3, [r0, #52]	@ 0x34
10004dd8:	f890 3034 	ldrb.w	r3, [r0, #52]	@ 0x34
10004ddc:	f023 0304 	bic.w	r3, r3, #4
10004de0:	f880 3034 	strb.w	r3, [r0, #52]	@ 0x34
10004de4:	2f00      	cmp	r7, #0
10004de6:	f000 80a0 	beq.w	10004f2a <tud_task_ext+0x1ea>
10004dea:	7d02      	ldrb	r2, [r0, #20]
10004dec:	f898 3000 	ldrb.w	r3, [r8]
10004df0:	429a      	cmp	r2, r3
10004df2:	f080 808f 	bcs.w	10004f14 <tud_task_ext+0x1d4>
10004df6:	4b7b      	ldr	r3, [pc, #492]	@ (10004fe4 <tud_task_ext+0x2a4>)
10004df8:	681b      	ldr	r3, [r3, #0]
10004dfa:	eb13 1342 	adds.w	r3, r3, r2, lsl #5
10004dfe:	f000 808a 	beq.w	10004f16 <tud_task_ext+0x1d6>
10004e02:	699f      	ldr	r7, [r3, #24]
10004e04:	f89d 2021 	ldrb.w	r2, [sp, #33]	@ 0x21
10004e08:	9b09      	ldr	r3, [sp, #36]	@ 0x24
10004e0a:	f89d 001c 	ldrb.w	r0, [sp, #28]
10004e0e:	47b8      	blx	r7
10004e10:	e7a3      	b.n	10004d5a <tud_task_ext+0x1a>
10004e12:	7833      	ldrb	r3, [r6, #0]
10004e14:	2b00      	cmp	r3, #0
10004e16:	d07e      	beq.n	10004f16 <tud_task_ext+0x1d6>
10004e18:	7833      	ldrb	r3, [r6, #0]
10004e1a:	3b01      	subs	r3, #1
10004e1c:	7033      	strb	r3, [r6, #0]
10004e1e:	7833      	ldrb	r3, [r6, #0]
10004e20:	f003 00ff 	and.w	r0, r3, #255	@ 0xff
10004e24:	2b00      	cmp	r3, #0
10004e26:	d198      	bne.n	10004d5a <tud_task_ext+0x1a>
10004e28:	f8df a1b0 	ldr.w	sl, [pc, #432]	@ 10004fdc <tud_task_ext+0x29c>
10004e2c:	f89d b01c 	ldrb.w	fp, [sp, #28]
10004e30:	f89a 3000 	ldrb.w	r3, [sl]
10004e34:	f043 0301 	orr.w	r3, r3, #1
10004e38:	f88a 3000 	strb.w	r3, [sl]
10004e3c:	f89a 3034 	ldrb.w	r3, [sl, #52]	@ 0x34
10004e40:	f360 0300 	bfi	r3, r0, #0, #1
10004e44:	f88a 3034 	strb.w	r3, [sl, #52]	@ 0x34
10004e48:	f89a 3034 	ldrb.w	r3, [sl, #52]	@ 0x34
10004e4c:	f360 0382 	bfi	r3, r0, #2, #1
10004e50:	f88a 3034 	strb.w	r3, [sl, #52]	@ 0x34
10004e54:	f89a 3035 	ldrb.w	r3, [sl, #53]	@ 0x35
10004e58:	f360 0300 	bfi	r3, r0, #0, #1
10004e5c:	f88a 3035 	strb.w	r3, [sl, #53]	@ 0x35
10004e60:	f89a 3035 	ldrb.w	r3, [sl, #53]	@ 0x35
10004e64:	f360 0382 	bfi	r3, r0, #2, #1
10004e68:	f88a 3035 	strb.w	r3, [sl, #53]	@ 0x35
10004e6c:	f000 fc88 	bl	10005780 <usbd_control_set_complete_callback>
10004e70:	f89d 3020 	ldrb.w	r3, [sp, #32]
10004e74:	f003 0260 	and.w	r2, r3, #96	@ 0x60
10004e78:	2a60      	cmp	r2, #96	@ 0x60
10004e7a:	d066      	beq.n	10004f4a <tud_task_ext+0x20a>
10004e7c:	2a40      	cmp	r2, #64	@ 0x40
10004e7e:	d077      	beq.n	10004f70 <tud_task_ext+0x230>
10004e80:	f003 031f 	and.w	r3, r3, #31
10004e84:	2b01      	cmp	r3, #1
10004e86:	f000 80b5 	beq.w	10004ff4 <tud_task_ext+0x2b4>
10004e8a:	2b02      	cmp	r3, #2
10004e8c:	d07c      	beq.n	10004f88 <tud_task_ext+0x248>
10004e8e:	2b00      	cmp	r3, #0
10004e90:	d15b      	bne.n	10004f4a <tud_task_ext+0x20a>
10004e92:	2a20      	cmp	r2, #32
10004e94:	f000 81e7 	beq.w	10005266 <tud_task_ext+0x526>
10004e98:	2a00      	cmp	r2, #0
10004e9a:	d156      	bne.n	10004f4a <tud_task_ext+0x20a>
10004e9c:	f89d 3021 	ldrb.w	r3, [sp, #33]	@ 0x21
10004ea0:	2b09      	cmp	r3, #9
10004ea2:	d852      	bhi.n	10004f4a <tud_task_ext+0x20a>
10004ea4:	e8df f013 	tbh	[pc, r3, lsl #1]
10004ea8:	019b01ab 	.word	0x019b01ab
10004eac:	01bd0051 	.word	0x01bd0051
10004eb0:	018c0051 	.word	0x018c0051
10004eb4:	00510162 	.word	0x00510162
10004eb8:	00e70156 	.word	0x00e70156
10004ebc:	782b      	ldrb	r3, [r5, #0]
10004ebe:	07d9      	lsls	r1, r3, #31
10004ec0:	f57f af4b 	bpl.w	10004d5a <tud_task_ext+0x1a>
10004ec4:	f7ff feb4 	bl	10004c30 <tud_resume_cb>
10004ec8:	e747      	b.n	10004d5a <tud_task_ext+0x1a>
10004eca:	78eb      	ldrb	r3, [r5, #3]
10004ecc:	07da      	lsls	r2, r3, #31
10004ece:	f57f af44 	bpl.w	10004d5a <tud_task_ext+0x1a>
10004ed2:	9808      	ldr	r0, [sp, #32]
10004ed4:	f7ff fea0 	bl	10004c18 <tud_sof_cb>
10004ed8:	e73f      	b.n	10004d5a <tud_task_ext+0x1a>
10004eda:	782b      	ldrb	r3, [r5, #0]
10004edc:	07d8      	lsls	r0, r3, #31
10004ede:	f57f af3c 	bpl.w	10004d5a <tud_task_ext+0x1a>
10004ee2:	7828      	ldrb	r0, [r5, #0]
10004ee4:	f3c0 00c0 	ubfx	r0, r0, #3, #1
10004ee8:	f7ff fea0 	bl	10004c2c <tud_suspend_cb>
10004eec:	e735      	b.n	10004d5a <tud_task_ext+0x1a>
10004eee:	f89d 001c 	ldrb.w	r0, [sp, #28]
10004ef2:	f7ff fe49 	bl	10004b88 <configuration_reset>
10004ef6:	f000 fc39 	bl	1000576c <usbd_control_reset>
10004efa:	f89d 3020 	ldrb.w	r3, [sp, #32]
10004efe:	70ab      	strb	r3, [r5, #2]
10004f00:	e72b      	b.n	10004d5a <tud_task_ext+0x1a>
10004f02:	f89d 001c 	ldrb.w	r0, [sp, #28]
10004f06:	f7ff fe3f 	bl	10004b88 <configuration_reset>
10004f0a:	f000 fc2f 	bl	1000576c <usbd_control_reset>
10004f0e:	f7ff fe8b 	bl	10004c28 <tud_umount_cb>
10004f12:	e722      	b.n	10004d5a <tud_task_ext+0x1a>
10004f14:	d011      	beq.n	10004f3a <tud_task_ext+0x1fa>
10004f16:	f04f 23e0 	mov.w	r3, #3758153728	@ 0xe000e000
10004f1a:	f8d3 3df0 	ldr.w	r3, [r3, #3568]	@ 0xdf0
10004f1e:	07dc      	lsls	r4, r3, #31
10004f20:	d500      	bpl.n	10004f24 <tud_task_ext+0x1e4>
10004f22:	be00      	bkpt	0x0000
10004f24:	b00b      	add	sp, #44	@ 0x2c
10004f26:	e8bd 8ff0 	ldmia.w	sp!, {r4, r5, r6, r7, r8, r9, sl, fp, pc}
10004f2a:	9b09      	ldr	r3, [sp, #36]	@ 0x24
10004f2c:	f89d 2021 	ldrb.w	r2, [sp, #33]	@ 0x21
10004f30:	f89d 001c 	ldrb.w	r0, [sp, #28]
10004f34:	f000 fc38 	bl	100057a8 <usbd_control_xfer_cb>
10004f38:	e70f      	b.n	10004d5a <tud_task_ext+0x1a>
10004f3a:	4b2b      	ldr	r3, [pc, #172]	@ (10004fe8 <tud_task_ext+0x2a8>)
10004f3c:	e761      	b.n	10004e02 <tud_task_ext+0xc2>
10004f3e:	f7ff fb1f 	bl	10004580 <tud_descriptor_configuration_cb>
10004f42:	4602      	mov	r2, r0
10004f44:	2800      	cmp	r0, #0
10004f46:	f040 8185 	bne.w	10005254 <tud_task_ext+0x514>
10004f4a:	f04f 23e0 	mov.w	r3, #3758153728	@ 0xe000e000
10004f4e:	f8d3 3df0 	ldr.w	r3, [r3, #3568]	@ 0xdf0
10004f52:	07df      	lsls	r7, r3, #31
10004f54:	d500      	bpl.n	10004f58 <tud_task_ext+0x218>
10004f56:	be00      	bkpt	0x0000
10004f58:	f89d 001c 	ldrb.w	r0, [sp, #28]
10004f5c:	2100      	movs	r1, #0
10004f5e:	f7ff fda9 	bl	10004ab4 <dcd_edpt_stall>
10004f62:	2180      	movs	r1, #128	@ 0x80
10004f64:	f89d 001c 	ldrb.w	r0, [sp, #28]
10004f68:	f7ff fda4 	bl	10004ab4 <dcd_edpt_stall>
10004f6c:	e6f5      	b.n	10004d5a <tud_task_ext+0x1a>
10004f6e:	4770      	bx	lr
10004f70:	481e      	ldr	r0, [pc, #120]	@ (10004fec <tud_task_ext+0x2ac>)
10004f72:	f000 fc05 	bl	10005780 <usbd_control_set_complete_callback>
10004f76:	2101      	movs	r1, #1
10004f78:	4658      	mov	r0, fp
10004f7a:	aa08      	add	r2, sp, #32
10004f7c:	f7ff fc6c 	bl	10004858 <tud_vendor_control_xfer_cb>
10004f80:	2800      	cmp	r0, #0
10004f82:	f47f aeea 	bne.w	10004d5a <tud_task_ext+0x1a>
10004f86:	e7e7      	b.n	10004f58 <tud_task_ext+0x218>
10004f88:	f89d 1024 	ldrb.w	r1, [sp, #36]	@ 0x24
10004f8c:	f011 0f70 	tst.w	r1, #112	@ 0x70
10004f90:	d1db      	bne.n	10004f4a <tud_task_ext+0x20a>
10004f92:	4817      	ldr	r0, [pc, #92]	@ (10004ff0 <tud_task_ext+0x2b0>)
10004f94:	f001 037f 	and.w	r3, r1, #127	@ 0x7f
10004f98:	f890 c000 	ldrb.w	ip, [r0]
10004f9c:	eb0a 0043 	add.w	r0, sl, r3, lsl #1
10004fa0:	eb00 10d1 	add.w	r0, r0, r1, lsr #7
10004fa4:	7d00      	ldrb	r0, [r0, #20]
10004fa6:	4560      	cmp	r0, ip
10004fa8:	d351      	bcc.n	1000504e <tud_task_ext+0x30e>
10004faa:	f040 816e 	bne.w	1000528a <tud_task_ext+0x54a>
10004fae:	480e      	ldr	r0, [pc, #56]	@ (10004fe8 <tud_task_ext+0x2a8>)
10004fb0:	9000      	str	r0, [sp, #0]
10004fb2:	2a00      	cmp	r2, #0
10004fb4:	f000 816d 	beq.w	10005292 <tud_task_ext+0x552>
10004fb8:	9f00      	ldr	r7, [sp, #0]
10004fba:	6978      	ldr	r0, [r7, #20]
10004fbc:	f000 fbe0 	bl	10005780 <usbd_control_set_complete_callback>
10004fc0:	2101      	movs	r1, #1
10004fc2:	4658      	mov	r0, fp
10004fc4:	697b      	ldr	r3, [r7, #20]
10004fc6:	aa08      	add	r2, sp, #32
10004fc8:	4798      	blx	r3
10004fca:	2800      	cmp	r0, #0
10004fcc:	f47f aec5 	bne.w	10004d5a <tud_task_ext+0x1a>
10004fd0:	e7c2      	b.n	10004f58 <tud_task_ext+0x218>
10004fd2:	bf00      	nop
10004fd4:	200025dc 	.word	0x200025dc
10004fd8:	200291c0 	.word	0x200291c0
10004fdc:	20029168 	.word	0x20029168
10004fe0:	2002ee3e 	.word	0x2002ee3e
10004fe4:	20029060 	.word	0x20029060
10004fe8:	10008cd8 	.word	0x10008cd8
10004fec:	10004859 	.word	0x10004859
10004ff0:	2002ee3c 	.word	0x2002ee3c
10004ff4:	f89d 3024 	ldrb.w	r3, [sp, #36]	@ 0x24
10004ff8:	2b0f      	cmp	r3, #15
10004ffa:	d8ad      	bhi.n	10004f58 <tud_task_ext+0x218>
10004ffc:	4ab1      	ldr	r2, [pc, #708]	@ (100052c4 <tud_task_ext+0x584>)
10004ffe:	4453      	add	r3, sl
10005000:	791b      	ldrb	r3, [r3, #4]
10005002:	7812      	ldrb	r2, [r2, #0]
10005004:	4293      	cmp	r3, r2
10005006:	d330      	bcc.n	1000506a <tud_task_ext+0x32a>
10005008:	d1a6      	bne.n	10004f58 <tud_task_ext+0x218>
1000500a:	4faf      	ldr	r7, [pc, #700]	@ (100052c8 <tud_task_ext+0x588>)
1000500c:	6978      	ldr	r0, [r7, #20]
1000500e:	f000 fbb7 	bl	10005780 <usbd_control_set_complete_callback>
10005012:	2101      	movs	r1, #1
10005014:	4658      	mov	r0, fp
10005016:	697b      	ldr	r3, [r7, #20]
10005018:	aa08      	add	r2, sp, #32
1000501a:	4798      	blx	r3
1000501c:	2800      	cmp	r0, #0
1000501e:	f47f ae9c 	bne.w	10004d5a <tud_task_ext+0x1a>
10005022:	f89d 3020 	ldrb.w	r3, [sp, #32]
10005026:	f013 0760 	ands.w	r7, r3, #96	@ 0x60
1000502a:	d195      	bne.n	10004f58 <tud_task_ext+0x218>
1000502c:	f89d 3021 	ldrb.w	r3, [sp, #33]	@ 0x21
10005030:	3b0a      	subs	r3, #10
10005032:	2b01      	cmp	r3, #1
10005034:	d890      	bhi.n	10004f58 <tud_task_ext+0x218>
10005036:	f000 fba3 	bl	10005780 <usbd_control_set_complete_callback>
1000503a:	f89d 3021 	ldrb.w	r3, [sp, #33]	@ 0x21
1000503e:	2b0a      	cmp	r3, #10
10005040:	f000 820d 	beq.w	1000545e <tud_task_ext+0x71e>
10005044:	4658      	mov	r0, fp
10005046:	a908      	add	r1, sp, #32
10005048:	f000 fb1a 	bl	10005680 <tud_control_status>
1000504c:	e685      	b.n	10004d5a <tud_task_ext+0x1a>
1000504e:	f8df c27c 	ldr.w	ip, [pc, #636]	@ 100052cc <tud_task_ext+0x58c>
10005052:	f8dc c000 	ldr.w	ip, [ip]
10005056:	eb0c 1040 	add.w	r0, ip, r0, lsl #5
1000505a:	9000      	str	r0, [sp, #0]
1000505c:	2a00      	cmp	r2, #0
1000505e:	f000 8118 	beq.w	10005292 <tud_task_ext+0x552>
10005062:	2800      	cmp	r0, #0
10005064:	f43f af78 	beq.w	10004f58 <tud_task_ext+0x218>
10005068:	e7a6      	b.n	10004fb8 <tud_task_ext+0x278>
1000506a:	4a98      	ldr	r2, [pc, #608]	@ (100052cc <tud_task_ext+0x58c>)
1000506c:	6817      	ldr	r7, [r2, #0]
1000506e:	eb17 1743 	adds.w	r7, r7, r3, lsl #5
10005072:	d1cb      	bne.n	1000500c <tud_task_ext+0x2cc>
10005074:	e770      	b.n	10004f58 <tud_task_ext+0x218>
10005076:	f89a 2001 	ldrb.w	r2, [sl, #1]
1000507a:	f89d 3022 	ldrb.w	r3, [sp, #34]	@ 0x22
1000507e:	4293      	cmp	r3, r2
10005080:	f000 815d 	beq.w	1000533e <tud_task_ext+0x5fe>
10005084:	f89a 2001 	ldrb.w	r2, [sl, #1]
10005088:	2a00      	cmp	r2, #0
1000508a:	f040 81d2 	bne.w	10005432 <tud_task_ext+0x6f2>
1000508e:	f88a 3001 	strb.w	r3, [sl, #1]
10005092:	2b00      	cmp	r3, #0
10005094:	f000 8151 	beq.w	1000533a <tud_task_ext+0x5fa>
10005098:	3b01      	subs	r3, #1
1000509a:	b2d8      	uxtb	r0, r3
1000509c:	f7ff fa70 	bl	10004580 <tud_descriptor_configuration_cb>
100050a0:	2800      	cmp	r0, #0
100050a2:	f000 816e 	beq.w	10005382 <tud_task_ext+0x642>
100050a6:	7843      	ldrb	r3, [r0, #1]
100050a8:	2b02      	cmp	r3, #2
100050aa:	f040 816a 	bne.w	10005382 <tud_task_ext+0x642>
100050ae:	79c2      	ldrb	r2, [r0, #7]
100050b0:	f89a 1000 	ldrb.w	r1, [sl]
100050b4:	f3c2 1340 	ubfx	r3, r2, #5, #1
100050b8:	011b      	lsls	r3, r3, #4
100050ba:	f3c2 1280 	ubfx	r2, r2, #6, #1
100050be:	f021 0130 	bic.w	r1, r1, #48	@ 0x30
100050c2:	ea43 1342 	orr.w	r3, r3, r2, lsl #5
100050c6:	430b      	orrs	r3, r1
100050c8:	f88a 3000 	strb.w	r3, [sl]
100050cc:	8843      	ldrh	r3, [r0, #2]
100050ce:	f100 0109 	add.w	r1, r0, #9
100050d2:	18c3      	adds	r3, r0, r3
100050d4:	9302      	str	r3, [sp, #8]
100050d6:	9b02      	ldr	r3, [sp, #8]
100050d8:	428b      	cmp	r3, r1
100050da:	f240 81bd 	bls.w	10005458 <tud_task_ext+0x718>
100050de:	784b      	ldrb	r3, [r1, #1]
100050e0:	2b0b      	cmp	r3, #11
100050e2:	f000 81c6 	beq.w	10005472 <tud_task_ext+0x732>
100050e6:	2001      	movs	r0, #1
100050e8:	2b04      	cmp	r3, #4
100050ea:	f040 814a 	bne.w	10005382 <tud_task_ext+0x642>
100050ee:	2200      	movs	r2, #0
100050f0:	9b02      	ldr	r3, [sp, #8]
100050f2:	9201      	str	r2, [sp, #4]
100050f4:	1a5b      	subs	r3, r3, r1
100050f6:	fa1f f983 	uxth.w	r9, r3
100050fa:	4b72      	ldr	r3, [pc, #456]	@ (100052c4 <tud_task_ext+0x584>)
100050fc:	9200      	str	r2, [sp, #0]
100050fe:	781b      	ldrb	r3, [r3, #0]
10005100:	9003      	str	r0, [sp, #12]
10005102:	e01e      	b.n	10005142 <tud_task_ext+0x402>
10005104:	4b71      	ldr	r3, [pc, #452]	@ (100052cc <tud_task_ext+0x58c>)
10005106:	681b      	ldr	r3, [r3, #0]
10005108:	eb13 1342 	adds.w	r3, r3, r2, lsl #5
1000510c:	f000 8139 	beq.w	10005382 <tud_task_ext+0x642>
10005110:	691f      	ldr	r7, [r3, #16]
10005112:	464a      	mov	r2, r9
10005114:	4658      	mov	r0, fp
10005116:	9105      	str	r1, [sp, #20]
10005118:	9304      	str	r3, [sp, #16]
1000511a:	47b8      	blx	r7
1000511c:	9b01      	ldr	r3, [sp, #4]
1000511e:	2808      	cmp	r0, #8
10005120:	f103 0301 	add.w	r3, r3, #1
10005124:	9905      	ldr	r1, [sp, #20]
10005126:	9301      	str	r3, [sp, #4]
10005128:	d903      	bls.n	10005132 <tud_task_ext+0x3f2>
1000512a:	4581      	cmp	r9, r0
1000512c:	9b04      	ldr	r3, [sp, #16]
1000512e:	f080 810b 	bcs.w	10005348 <tud_task_ext+0x608>
10005132:	4b64      	ldr	r3, [pc, #400]	@ (100052c4 <tud_task_ext+0x584>)
10005134:	f89d 2004 	ldrb.w	r2, [sp, #4]
10005138:	781b      	ldrb	r3, [r3, #0]
1000513a:	9200      	str	r2, [sp, #0]
1000513c:	4293      	cmp	r3, r2
1000513e:	f0c0 8120 	bcc.w	10005382 <tud_task_ext+0x642>
10005142:	9a00      	ldr	r2, [sp, #0]
10005144:	4293      	cmp	r3, r2
10005146:	eba2 0303 	sub.w	r3, r2, r3
1000514a:	d8db      	bhi.n	10005104 <tud_task_ext+0x3c4>
1000514c:	4a5e      	ldr	r2, [pc, #376]	@ (100052c8 <tud_task_ext+0x588>)
1000514e:	eb02 1343 	add.w	r3, r2, r3, lsl #5
10005152:	e7dd      	b.n	10005110 <tud_task_ext+0x3d0>
10005154:	f89a 3001 	ldrb.w	r3, [sl, #1]
10005158:	4658      	mov	r0, fp
1000515a:	f88d 301a 	strb.w	r3, [sp, #26]
1000515e:	f10d 021a 	add.w	r2, sp, #26
10005162:	2301      	movs	r3, #1
10005164:	a908      	add	r1, sp, #32
10005166:	f000 faa7 	bl	100056b8 <tud_control_xfer>
1000516a:	e5f6      	b.n	10004d5a <tud_task_ext+0x1a>
1000516c:	f8bd 0022 	ldrh.w	r0, [sp, #34]	@ 0x22
10005170:	0a03      	lsrs	r3, r0, #8
10005172:	1e5a      	subs	r2, r3, #1
10005174:	b2c0      	uxtb	r0, r0
10005176:	2a0e      	cmp	r2, #14
10005178:	f63f aeee 	bhi.w	10004f58 <tud_task_ext+0x218>
1000517c:	a101      	add	r1, pc, #4	@ (adr r1, 10005184 <tud_task_ext+0x444>)
1000517e:	f851 f022 	ldr.w	pc, [r1, r2, lsl #2]
10005182:	bf00      	nop
10005184:	100053b5 	.word	0x100053b5
10005188:	10005243 	.word	0x10005243
1000518c:	100053f1 	.word	0x100053f1
10005190:	10004f59 	.word	0x10004f59
10005194:	10004f59 	.word	0x10004f59
10005198:	100053d3 	.word	0x100053d3
1000519c:	10005243 	.word	0x10005243
100051a0:	10004f59 	.word	0x10004f59
100051a4:	10004f59 	.word	0x10004f59
100051a8:	10004f59 	.word	0x10004f59
100051ac:	10004f59 	.word	0x10004f59
100051b0:	10004f59 	.word	0x10004f59
100051b4:	10004f59 	.word	0x10004f59
100051b8:	10004f59 	.word	0x10004f59
100051bc:	100053a7 	.word	0x100053a7
100051c0:	a808      	add	r0, sp, #32
100051c2:	f000 fae3 	bl	1000578c <usbd_control_set_request>
100051c6:	4658      	mov	r0, fp
100051c8:	f89d 1022 	ldrb.w	r1, [sp, #34]	@ 0x22
100051cc:	f7ff fbbe 	bl	1000494c <dcd_set_address>
100051d0:	f89a 3000 	ldrb.w	r3, [sl]
100051d4:	f043 0302 	orr.w	r3, r3, #2
100051d8:	f88a 3000 	strb.w	r3, [sl]
100051dc:	e5bd      	b.n	10004d5a <tud_task_ext+0x1a>
100051de:	f8bd 3022 	ldrh.w	r3, [sp, #34]	@ 0x22
100051e2:	2b01      	cmp	r3, #1
100051e4:	f47f aeb8 	bne.w	10004f58 <tud_task_ext+0x218>
100051e8:	f89a 3000 	ldrb.w	r3, [sl]
100051ec:	4658      	mov	r0, fp
100051ee:	f023 0308 	bic.w	r3, r3, #8
100051f2:	a908      	add	r1, sp, #32
100051f4:	f88a 3000 	strb.w	r3, [sl]
100051f8:	f000 fa42 	bl	10005680 <tud_control_status>
100051fc:	e5ad      	b.n	10004d5a <tud_task_ext+0x1a>
100051fe:	4658      	mov	r0, fp
10005200:	f89a 3000 	ldrb.w	r3, [sl]
10005204:	089a      	lsrs	r2, r3, #2
10005206:	f002 0202 	and.w	r2, r2, #2
1000520a:	f3c3 1340 	ubfx	r3, r3, #5, #1
1000520e:	4313      	orrs	r3, r2
10005210:	f8ad 301a 	strh.w	r3, [sp, #26]
10005214:	f10d 021a 	add.w	r2, sp, #26
10005218:	2302      	movs	r3, #2
1000521a:	a908      	add	r1, sp, #32
1000521c:	f000 fa4c 	bl	100056b8 <tud_control_xfer>
10005220:	e59b      	b.n	10004d5a <tud_task_ext+0x1a>
10005222:	f8bd 3022 	ldrh.w	r3, [sp, #34]	@ 0x22
10005226:	2b01      	cmp	r3, #1
10005228:	f47f ae96 	bne.w	10004f58 <tud_task_ext+0x218>
1000522c:	f89a 3000 	ldrb.w	r3, [sl]
10005230:	4658      	mov	r0, fp
10005232:	f043 0308 	orr.w	r3, r3, #8
10005236:	a908      	add	r1, sp, #32
10005238:	f88a 3000 	strb.w	r3, [sl]
1000523c:	f000 fa20 	bl	10005680 <tud_control_status>
10005240:	e58b      	b.n	10004d5a <tud_task_ext+0x1a>
10005242:	2b02      	cmp	r3, #2
10005244:	f43f ae7b 	beq.w	10004f3e <tud_task_ext+0x1fe>
10005248:	f7ff fcea 	bl	10004c20 <tud_descriptor_other_speed_configuration_cb>
1000524c:	4602      	mov	r2, r0
1000524e:	2800      	cmp	r0, #0
10005250:	f43f ae82 	beq.w	10004f58 <tud_task_ext+0x218>
10005254:	4658      	mov	r0, fp
10005256:	8853      	ldrh	r3, [r2, #2]
10005258:	a908      	add	r1, sp, #32
1000525a:	f000 fa2d 	bl	100056b8 <tud_control_xfer>
1000525e:	2800      	cmp	r0, #0
10005260:	f47f ad7b 	bne.w	10004d5a <tud_task_ext+0x1a>
10005264:	e678      	b.n	10004f58 <tud_task_ext+0x218>
10005266:	f89d 3024 	ldrb.w	r3, [sp, #36]	@ 0x24
1000526a:	2b0f      	cmp	r3, #15
1000526c:	f63f ae74 	bhi.w	10004f58 <tud_task_ext+0x218>
10005270:	4a14      	ldr	r2, [pc, #80]	@ (100052c4 <tud_task_ext+0x584>)
10005272:	4453      	add	r3, sl
10005274:	791b      	ldrb	r3, [r3, #4]
10005276:	7812      	ldrb	r2, [r2, #0]
10005278:	4293      	cmp	r3, r2
1000527a:	d21e      	bcs.n	100052ba <tud_task_ext+0x57a>
1000527c:	4a13      	ldr	r2, [pc, #76]	@ (100052cc <tud_task_ext+0x58c>)
1000527e:	6817      	ldr	r7, [r2, #0]
10005280:	eb17 1743 	adds.w	r7, r7, r3, lsl #5
10005284:	f47f ae99 	bne.w	10004fba <tud_task_ext+0x27a>
10005288:	e666      	b.n	10004f58 <tud_task_ext+0x218>
1000528a:	2a00      	cmp	r2, #0
1000528c:	f47f ae64 	bne.w	10004f58 <tud_task_ext+0x218>
10005290:	9200      	str	r2, [sp, #0]
10005292:	f89d c021 	ldrb.w	ip, [sp, #33]	@ 0x21
10005296:	f00c 02fd 	and.w	r2, ip, #253	@ 0xfd
1000529a:	2a01      	cmp	r2, #1
1000529c:	d018      	beq.n	100052d0 <tud_task_ext+0x590>
1000529e:	f1bc 0f00 	cmp.w	ip, #0
100052a2:	f47f ae52 	bne.w	10004f4a <tud_task_ext+0x20a>
100052a6:	eb0a 0343 	add.w	r3, sl, r3, lsl #1
100052aa:	eb03 13d1 	add.w	r3, r3, r1, lsr #7
100052ae:	f893 3034 	ldrb.w	r3, [r3, #52]	@ 0x34
100052b2:	4658      	mov	r0, fp
100052b4:	f3c3 0340 	ubfx	r3, r3, #1, #1
100052b8:	e7aa      	b.n	10005210 <tud_task_ext+0x4d0>
100052ba:	f47f ae4d 	bne.w	10004f58 <tud_task_ext+0x218>
100052be:	4f02      	ldr	r7, [pc, #8]	@ (100052c8 <tud_task_ext+0x588>)
100052c0:	e67b      	b.n	10004fba <tud_task_ext+0x27a>
100052c2:	bf00      	nop
100052c4:	2002ee3c 	.word	0x2002ee3c
100052c8:	10008cd8 	.word	0x10008cd8
100052cc:	20029060 	.word	0x20029060
100052d0:	f8bd 2022 	ldrh.w	r2, [sp, #34]	@ 0x22
100052d4:	b9da      	cbnz	r2, 1000530e <tud_task_ext+0x5ce>
100052d6:	4879      	ldr	r0, [pc, #484]	@ (100054bc <tud_task_ext+0x77c>)
100052d8:	f1bc 0f01 	cmp.w	ip, #1
100052dc:	7800      	ldrb	r0, [r0, #0]
100052de:	f000 808f 	beq.w	10005400 <tud_task_ext+0x6c0>
100052e2:	e9cd 1301 	strd	r1, r3, [sp, #4]
100052e6:	f7ff fbe5 	bl	10004ab4 <dcd_edpt_stall>
100052ea:	9b02      	ldr	r3, [sp, #8]
100052ec:	9901      	ldr	r1, [sp, #4]
100052ee:	eb0a 0343 	add.w	r3, sl, r3, lsl #1
100052f2:	eb03 13d1 	add.w	r3, r3, r1, lsr #7
100052f6:	f893 2034 	ldrb.w	r2, [r3, #52]	@ 0x34
100052fa:	f042 0202 	orr.w	r2, r2, #2
100052fe:	f883 2034 	strb.w	r2, [r3, #52]	@ 0x34
10005302:	f893 2034 	ldrb.w	r2, [r3, #52]	@ 0x34
10005306:	f042 0201 	orr.w	r2, r2, #1
1000530a:	f883 2034 	strb.w	r2, [r3, #52]	@ 0x34
1000530e:	9b00      	ldr	r3, [sp, #0]
10005310:	2b00      	cmp	r3, #0
10005312:	f43f ad22 	beq.w	10004d5a <tud_task_ext+0x1a>
10005316:	461f      	mov	r7, r3
10005318:	6958      	ldr	r0, [r3, #20]
1000531a:	f000 fa31 	bl	10005780 <usbd_control_set_complete_callback>
1000531e:	697b      	ldr	r3, [r7, #20]
10005320:	2101      	movs	r1, #1
10005322:	aa08      	add	r2, sp, #32
10005324:	4658      	mov	r0, fp
10005326:	4798      	blx	r3
10005328:	2000      	movs	r0, #0
1000532a:	f000 fa29 	bl	10005780 <usbd_control_set_complete_callback>
1000532e:	f89a 3035 	ldrb.w	r3, [sl, #53]	@ 0x35
10005332:	07db      	lsls	r3, r3, #31
10005334:	f53f ad11 	bmi.w	10004d5a <tud_task_ext+0x1a>
10005338:	e684      	b.n	10005044 <tud_task_ext+0x304>
1000533a:	f7ff fc75 	bl	10004c28 <tud_umount_cb>
1000533e:	4658      	mov	r0, fp
10005340:	a908      	add	r1, sp, #32
10005342:	f000 f99d 	bl	10005680 <tud_control_status>
10005346:	e508      	b.n	10004d5a <tud_task_ext+0x1a>
10005348:	4602      	mov	r2, r0
1000534a:	9803      	ldr	r0, [sp, #12]
1000534c:	2801      	cmp	r0, #1
1000534e:	f000 80a5 	beq.w	1000549c <tud_task_ext+0x75c>
10005352:	2800      	cmp	r0, #0
10005354:	f000 8092 	beq.w	1000547c <tud_task_ext+0x73c>
10005358:	2300      	movs	r3, #0
1000535a:	f891 e002 	ldrb.w	lr, [r1, #2]
1000535e:	e007      	b.n	10005370 <tud_task_ext+0x630>
10005360:	9f00      	ldr	r7, [sp, #0]
10005362:	f88c 7004 	strb.w	r7, [ip, #4]
10005366:	fa5f fc83 	uxtb.w	ip, r3
1000536a:	4560      	cmp	r0, ip
1000536c:	f240 8086 	bls.w	1000547c <tud_task_ext+0x73c>
10005370:	eb0e 0c03 	add.w	ip, lr, r3
10005374:	fa5a fc8c 	uxtab	ip, sl, ip
10005378:	f89c 7004 	ldrb.w	r7, [ip, #4]
1000537c:	3301      	adds	r3, #1
1000537e:	2fff      	cmp	r7, #255	@ 0xff
10005380:	d0ee      	beq.n	10005360 <tud_task_ext+0x620>
10005382:	f04f 23e0 	mov.w	r3, #3758153728	@ 0xe000e000
10005386:	f8d3 3df0 	ldr.w	r3, [r3, #3568]	@ 0xdf0
1000538a:	07d9      	lsls	r1, r3, #31
1000538c:	d500      	bpl.n	10005390 <tud_task_ext+0x650>
1000538e:	be00      	bkpt	0x0000
10005390:	f04f 23e0 	mov.w	r3, #3758153728	@ 0xe000e000
10005394:	f8d3 3df0 	ldr.w	r3, [r3, #3568]	@ 0xdf0
10005398:	07da      	lsls	r2, r3, #31
1000539a:	d500      	bpl.n	1000539e <tud_task_ext+0x65e>
1000539c:	be00      	bkpt	0x0000
1000539e:	2300      	movs	r3, #0
100053a0:	f88a 3001 	strb.w	r3, [sl, #1]
100053a4:	e5d8      	b.n	10004f58 <tud_task_ext+0x218>
100053a6:	f7ff fa53 	bl	10004850 <tud_descriptor_bos_cb>
100053aa:	4602      	mov	r2, r0
100053ac:	2800      	cmp	r0, #0
100053ae:	f47f af51 	bne.w	10005254 <tud_task_ext+0x514>
100053b2:	e5d1      	b.n	10004f58 <tud_task_ext+0x218>
100053b4:	f7ff f8e0 	bl	10004578 <tud_descriptor_device_cb>
100053b8:	4602      	mov	r2, r0
100053ba:	2800      	cmp	r0, #0
100053bc:	f43f adc5 	beq.w	10004f4a <tud_task_ext+0x20a>
100053c0:	4658      	mov	r0, fp
100053c2:	2312      	movs	r3, #18
100053c4:	a908      	add	r1, sp, #32
100053c6:	f000 f977 	bl	100056b8 <tud_control_xfer>
100053ca:	2800      	cmp	r0, #0
100053cc:	f47f acc5 	bne.w	10004d5a <tud_task_ext+0x1a>
100053d0:	e5c2      	b.n	10004f58 <tud_task_ext+0x218>
100053d2:	f7ff fc23 	bl	10004c1c <tud_descriptor_device_qualifier_cb>
100053d6:	4602      	mov	r2, r0
100053d8:	2800      	cmp	r0, #0
100053da:	f43f adbd 	beq.w	10004f58 <tud_task_ext+0x218>
100053de:	4658      	mov	r0, fp
100053e0:	7813      	ldrb	r3, [r2, #0]
100053e2:	a908      	add	r1, sp, #32
100053e4:	f000 f968 	bl	100056b8 <tud_control_xfer>
100053e8:	2800      	cmp	r0, #0
100053ea:	f47f acb6 	bne.w	10004d5a <tud_task_ext+0x1a>
100053ee:	e5b3      	b.n	10004f58 <tud_task_ext+0x218>
100053f0:	f8bd 1024 	ldrh.w	r1, [sp, #36]	@ 0x24
100053f4:	f7ff f8c8 	bl	10004588 <tud_descriptor_string_cb>
100053f8:	4602      	mov	r2, r0
100053fa:	2800      	cmp	r0, #0
100053fc:	d1ef      	bne.n	100053de <tud_task_ext+0x69e>
100053fe:	e5ab      	b.n	10004f58 <tud_task_ext+0x218>
10005400:	e9cd 3202 	strd	r3, r2, [sp, #8]
10005404:	9101      	str	r1, [sp, #4]
10005406:	f7ff fb6d 	bl	10004ae4 <dcd_edpt_clear_stall>
1000540a:	9b02      	ldr	r3, [sp, #8]
1000540c:	9901      	ldr	r1, [sp, #4]
1000540e:	eb0a 0343 	add.w	r3, sl, r3, lsl #1
10005412:	eb03 13d1 	add.w	r3, r3, r1, lsr #7
10005416:	f893 1034 	ldrb.w	r1, [r3, #52]	@ 0x34
1000541a:	9a03      	ldr	r2, [sp, #12]
1000541c:	f362 0141 	bfi	r1, r2, #1, #1
10005420:	f883 1034 	strb.w	r1, [r3, #52]	@ 0x34
10005424:	f893 1034 	ldrb.w	r1, [r3, #52]	@ 0x34
10005428:	f362 0100 	bfi	r1, r2, #0, #1
1000542c:	f883 1034 	strb.w	r1, [r3, #52]	@ 0x34
10005430:	e76d      	b.n	1000530e <tud_task_ext+0x5ce>
10005432:	2100      	movs	r1, #0
10005434:	4658      	mov	r0, fp
10005436:	9301      	str	r3, [sp, #4]
10005438:	f7ff fa90 	bl	1000495c <dcd_sof_enable>
1000543c:	4658      	mov	r0, fp
1000543e:	f7ff fb23 	bl	10004a88 <dcd_edpt_close_all>
10005442:	f89a 2002 	ldrb.w	r2, [sl, #2]
10005446:	4658      	mov	r0, fp
10005448:	9200      	str	r2, [sp, #0]
1000544a:	f7ff fb9d 	bl	10004b88 <configuration_reset>
1000544e:	9a00      	ldr	r2, [sp, #0]
10005450:	9b01      	ldr	r3, [sp, #4]
10005452:	f88a 2002 	strb.w	r2, [sl, #2]
10005456:	e61a      	b.n	1000508e <tud_task_ext+0x34e>
10005458:	f7ff fbe4 	bl	10004c24 <tud_mount_cb>
1000545c:	e76f      	b.n	1000533e <tud_task_ext+0x5fe>
1000545e:	4658      	mov	r0, fp
10005460:	2301      	movs	r3, #1
10005462:	a908      	add	r1, sp, #32
10005464:	f10d 021a 	add.w	r2, sp, #26
10005468:	f88d 701a 	strb.w	r7, [sp, #26]
1000546c:	f000 f924 	bl	100056b8 <tud_control_xfer>
10005470:	e473      	b.n	10004d5a <tud_task_ext+0x1a>
10005472:	780b      	ldrb	r3, [r1, #0]
10005474:	78c8      	ldrb	r0, [r1, #3]
10005476:	4419      	add	r1, r3
10005478:	784b      	ldrb	r3, [r1, #1]
1000547a:	e635      	b.n	100050e8 <tud_task_ext+0x3a8>
1000547c:	9f00      	ldr	r7, [sp, #0]
1000547e:	4810      	ldr	r0, [pc, #64]	@ (100054c0 <tud_task_ext+0x780>)
10005480:	463b      	mov	r3, r7
10005482:	e9cd 1200 	strd	r1, r2, [sp]
10005486:	f000 fda1 	bl	10005fcc <tu_edpt_bind_driver>
1000548a:	e9dd 1200 	ldrd	r1, r2, [sp]
1000548e:	4411      	add	r1, r2
10005490:	4a0c      	ldr	r2, [pc, #48]	@ (100054c4 <tud_task_ext+0x784>)
10005492:	7813      	ldrb	r3, [r2, #0]
10005494:	42bb      	cmp	r3, r7
10005496:	f4bf ae1e 	bcs.w	100050d6 <tud_task_ext+0x396>
1000549a:	e772      	b.n	10005382 <tud_task_ext+0x642>
1000549c:	f8d3 c010 	ldr.w	ip, [r3, #16]
100054a0:	4b09      	ldr	r3, [pc, #36]	@ (100054c8 <tud_task_ext+0x788>)
100054a2:	459c      	cmp	ip, r3
100054a4:	bf08      	it	eq
100054a6:	2002      	moveq	r0, #2
100054a8:	e756      	b.n	10005358 <tud_task_ext+0x618>
100054aa:	f04f 23e0 	mov.w	r3, #3758153728	@ 0xe000e000
100054ae:	f8d3 3df0 	ldr.w	r3, [r3, #3568]	@ 0xdf0
100054b2:	07db      	lsls	r3, r3, #31
100054b4:	f57f ac51 	bpl.w	10004d5a <tud_task_ext+0x1a>
100054b8:	be00      	bkpt	0x0000
100054ba:	e44e      	b.n	10004d5a <tud_task_ext+0x1a>
100054bc:	200025dc 	.word	0x200025dc
100054c0:	2002917c 	.word	0x2002917c
100054c4:	2002ee3c 	.word	0x2002ee3c
100054c8:	10005bd1 	.word	0x10005bd1

100054cc <usbd_open_edpt_pair>:
100054cc:	e92d 4ff8 	stmdb	sp!, {r3, r4, r5, r6, r7, r8, r9, sl, fp, lr}
100054d0:	9f0a      	ldr	r7, [sp, #40]	@ 0x28
100054d2:	2a00      	cmp	r2, #0
100054d4:	d040      	beq.n	10005558 <usbd_open_edpt_pair+0x8c>
100054d6:	460c      	mov	r4, r1
100054d8:	461e      	mov	r6, r3
100054da:	4615      	mov	r5, r2
100054dc:	f04f 0b00 	mov.w	fp, #0
100054e0:	f8df 9080 	ldr.w	r9, [pc, #128]	@ 10005564 <usbd_open_edpt_pair+0x98>
100054e4:	f8df 8080 	ldr.w	r8, [pc, #128]	@ 10005568 <usbd_open_edpt_pair+0x9c>
100054e8:	e016      	b.n	10005518 <usbd_open_edpt_pair+0x4c>
100054ea:	4620      	mov	r0, r4
100054ec:	f898 1002 	ldrb.w	r1, [r8, #2]
100054f0:	f899 a000 	ldrb.w	sl, [r9]
100054f4:	f000 fd3a 	bl	10005f6c <tu_edpt_validate>
100054f8:	b1d0      	cbz	r0, 10005530 <usbd_open_edpt_pair+0x64>
100054fa:	4621      	mov	r1, r4
100054fc:	4650      	mov	r0, sl
100054fe:	f7ff fa49 	bl	10004994 <dcd_edpt_open>
10005502:	b1e0      	cbz	r0, 1000553e <usbd_open_edpt_pair+0x72>
10005504:	78a3      	ldrb	r3, [r4, #2]
10005506:	f10b 0b01 	add.w	fp, fp, #1
1000550a:	09da      	lsrs	r2, r3, #7
1000550c:	d120      	bne.n	10005550 <usbd_open_edpt_pair+0x84>
1000550e:	45ab      	cmp	fp, r5
10005510:	703b      	strb	r3, [r7, #0]
10005512:	d021      	beq.n	10005558 <usbd_open_edpt_pair+0x8c>
10005514:	7823      	ldrb	r3, [r4, #0]
10005516:	441c      	add	r4, r3
10005518:	7863      	ldrb	r3, [r4, #1]
1000551a:	2b05      	cmp	r3, #5
1000551c:	d10f      	bne.n	1000553e <usbd_open_edpt_pair+0x72>
1000551e:	78e1      	ldrb	r1, [r4, #3]
10005520:	f001 0103 	and.w	r1, r1, #3
10005524:	42b1      	cmp	r1, r6
10005526:	d10a      	bne.n	1000553e <usbd_open_edpt_pair+0x72>
10005528:	78a3      	ldrb	r3, [r4, #2]
1000552a:	f013 0f70 	tst.w	r3, #112	@ 0x70
1000552e:	d0dc      	beq.n	100054ea <usbd_open_edpt_pair+0x1e>
10005530:	f04f 23e0 	mov.w	r3, #3758153728	@ 0xe000e000
10005534:	f8d3 3df0 	ldr.w	r3, [r3, #3568]	@ 0xdf0
10005538:	07da      	lsls	r2, r3, #31
1000553a:	d500      	bpl.n	1000553e <usbd_open_edpt_pair+0x72>
1000553c:	be00      	bkpt	0x0000
1000553e:	f04f 23e0 	mov.w	r3, #3758153728	@ 0xe000e000
10005542:	f8d3 3df0 	ldr.w	r3, [r3, #3568]	@ 0xdf0
10005546:	07db      	lsls	r3, r3, #31
10005548:	d409      	bmi.n	1000555e <usbd_open_edpt_pair+0x92>
1000554a:	2000      	movs	r0, #0
1000554c:	e8bd 8ff8 	ldmia.w	sp!, {r3, r4, r5, r6, r7, r8, r9, sl, fp, pc}
10005550:	9a0b      	ldr	r2, [sp, #44]	@ 0x2c
10005552:	45ab      	cmp	fp, r5
10005554:	7013      	strb	r3, [r2, #0]
10005556:	d1dd      	bne.n	10005514 <usbd_open_edpt_pair+0x48>
10005558:	2001      	movs	r0, #1
1000555a:	e8bd 8ff8 	ldmia.w	sp!, {r3, r4, r5, r6, r7, r8, r9, sl, fp, pc}
1000555e:	be00      	bkpt	0x0000
10005560:	e7f3      	b.n	1000554a <usbd_open_edpt_pair+0x7e>
10005562:	bf00      	nop
10005564:	200025dc 	.word	0x200025dc
10005568:	20029168 	.word	0x20029168

1000556c <usbd_edpt_open>:
1000556c:	788b      	ldrb	r3, [r1, #2]
1000556e:	f013 0f70 	tst.w	r3, #112	@ 0x70
10005572:	d008      	beq.n	10005586 <usbd_edpt_open+0x1a>
10005574:	f04f 23e0 	mov.w	r3, #3758153728	@ 0xe000e000
10005578:	f8d3 3df0 	ldr.w	r3, [r3, #3568]	@ 0xdf0
1000557c:	07da      	lsls	r2, r3, #31
1000557e:	d500      	bpl.n	10005582 <usbd_edpt_open+0x16>
10005580:	be00      	bkpt	0x0000
10005582:	2000      	movs	r0, #0
10005584:	4770      	bx	lr
10005586:	b510      	push	{r4, lr}
10005588:	b082      	sub	sp, #8
1000558a:	4608      	mov	r0, r1
1000558c:	9101      	str	r1, [sp, #4]
1000558e:	490c      	ldr	r1, [pc, #48]	@ (100055c0 <usbd_edpt_open+0x54>)
10005590:	4a0c      	ldr	r2, [pc, #48]	@ (100055c4 <usbd_edpt_open+0x58>)
10005592:	7889      	ldrb	r1, [r1, #2]
10005594:	7814      	ldrb	r4, [r2, #0]
10005596:	f000 fce9 	bl	10005f6c <tu_edpt_validate>
1000559a:	b948      	cbnz	r0, 100055b0 <usbd_edpt_open+0x44>
1000559c:	f04f 23e0 	mov.w	r3, #3758153728	@ 0xe000e000
100055a0:	f8d3 3df0 	ldr.w	r3, [r3, #3568]	@ 0xdf0
100055a4:	07db      	lsls	r3, r3, #31
100055a6:	d500      	bpl.n	100055aa <usbd_edpt_open+0x3e>
100055a8:	be00      	bkpt	0x0000
100055aa:	2000      	movs	r0, #0
100055ac:	b002      	add	sp, #8
100055ae:	bd10      	pop	{r4, pc}
100055b0:	4620      	mov	r0, r4
100055b2:	9901      	ldr	r1, [sp, #4]
100055b4:	b002      	add	sp, #8
100055b6:	e8bd 4010 	ldmia.w	sp!, {r4, lr}
100055ba:	f7ff b9eb 	b.w	10004994 <dcd_edpt_open>
100055be:	bf00      	nop
100055c0:	20029168 	.word	0x20029168
100055c4:	200025dc 	.word	0x200025dc

100055c8 <usbd_edpt_claim>:
100055c8:	460a      	mov	r2, r1
100055ca:	4b06      	ldr	r3, [pc, #24]	@ (100055e4 <usbd_edpt_claim+0x1c>)
100055cc:	4806      	ldr	r0, [pc, #24]	@ (100055e8 <usbd_edpt_claim+0x20>)
100055ce:	6819      	ldr	r1, [r3, #0]
100055d0:	09d3      	lsrs	r3, r2, #7
100055d2:	3334      	adds	r3, #52	@ 0x34
100055d4:	f002 027f 	and.w	r2, r2, #127	@ 0x7f
100055d8:	eb03 0342 	add.w	r3, r3, r2, lsl #1
100055dc:	4418      	add	r0, r3
100055de:	f000 bc79 	b.w	10005ed4 <tu_edpt_claim>
100055e2:	bf00      	nop
100055e4:	200291bc 	.word	0x200291bc
100055e8:	20029168 	.word	0x20029168

100055ec <usbd_edpt_release>:
100055ec:	460a      	mov	r2, r1
100055ee:	4b06      	ldr	r3, [pc, #24]	@ (10005608 <usbd_edpt_release+0x1c>)
100055f0:	4806      	ldr	r0, [pc, #24]	@ (1000560c <usbd_edpt_release+0x20>)
100055f2:	6819      	ldr	r1, [r3, #0]
100055f4:	09d3      	lsrs	r3, r2, #7
100055f6:	3334      	adds	r3, #52	@ 0x34
100055f8:	f002 027f 	and.w	r2, r2, #127	@ 0x7f
100055fc:	eb03 0342 	add.w	r3, r3, r2, lsl #1
10005600:	4418      	add	r0, r3
10005602:	f000 bc97 	b.w	10005f34 <tu_edpt_release>
10005606:	bf00      	nop
10005608:	200291bc 	.word	0x200291bc
1000560c:	20029168 	.word	0x20029168

10005610 <usbd_edpt_xfer>:
10005610:	b510      	push	{r4, lr}
10005612:	4819      	ldr	r0, [pc, #100]	@ (10005678 <usbd_edpt_xfer+0x68>)
10005614:	f001 047f 	and.w	r4, r1, #127	@ 0x7f
10005618:	eb00 0044 	add.w	r0, r0, r4, lsl #1
1000561c:	eb00 10d1 	add.w	r0, r0, r1, lsr #7
10005620:	f890 c034 	ldrb.w	ip, [r0, #52]	@ 0x34
10005624:	f01c 0f01 	tst.w	ip, #1
10005628:	d008      	beq.n	1000563c <usbd_edpt_xfer+0x2c>
1000562a:	f04f 23e0 	mov.w	r3, #3758153728	@ 0xe000e000
1000562e:	f8d3 3df0 	ldr.w	r3, [r3, #3568]	@ 0xdf0
10005632:	07da      	lsls	r2, r3, #31
10005634:	d500      	bpl.n	10005638 <usbd_edpt_xfer+0x28>
10005636:	be00      	bkpt	0x0000
10005638:	2000      	movs	r0, #0
1000563a:	bd10      	pop	{r4, pc}
1000563c:	f100 0430 	add.w	r4, r0, #48	@ 0x30
10005640:	f894 c004 	ldrb.w	ip, [r4, #4]
10005644:	480d      	ldr	r0, [pc, #52]	@ (1000567c <usbd_edpt_xfer+0x6c>)
10005646:	f04c 0c01 	orr.w	ip, ip, #1
1000564a:	7800      	ldrb	r0, [r0, #0]
1000564c:	f884 c004 	strb.w	ip, [r4, #4]
10005650:	f7ff fa1c 	bl	10004a8c <dcd_edpt_xfer>
10005654:	2800      	cmp	r0, #0
10005656:	d1f0      	bne.n	1000563a <usbd_edpt_xfer+0x2a>
10005658:	f04f 21e0 	mov.w	r1, #3758153728	@ 0xe000e000
1000565c:	7922      	ldrb	r2, [r4, #4]
1000565e:	f360 0200 	bfi	r2, r0, #0, #1
10005662:	7122      	strb	r2, [r4, #4]
10005664:	7922      	ldrb	r2, [r4, #4]
10005666:	f360 0282 	bfi	r2, r0, #2, #1
1000566a:	7122      	strb	r2, [r4, #4]
1000566c:	f8d1 3df0 	ldr.w	r3, [r1, #3568]	@ 0xdf0
10005670:	07db      	lsls	r3, r3, #31
10005672:	d5e1      	bpl.n	10005638 <usbd_edpt_xfer+0x28>
10005674:	be00      	bkpt	0x0000
10005676:	e7df      	b.n	10005638 <usbd_edpt_xfer+0x28>
10005678:	20029168 	.word	0x20029168
1000567c:	200025dc 	.word	0x200025dc

10005680 <tud_control_status>:
10005680:	f8df c030 	ldr.w	ip, [pc, #48]	@ 100056b4 <tud_control_status+0x34>
10005684:	2300      	movs	r3, #0
10005686:	4662      	mov	r2, ip
10005688:	b510      	push	{r4, lr}
1000568a:	468e      	mov	lr, r1
1000568c:	4604      	mov	r4, r0
1000568e:	6808      	ldr	r0, [r1, #0]
10005690:	6849      	ldr	r1, [r1, #4]
10005692:	f8cc 300c 	str.w	r3, [ip, #12]
10005696:	c203      	stmia	r2!, {r0, r1}
10005698:	f89e 1000 	ldrb.w	r1, [lr]
1000569c:	4620      	mov	r0, r4
1000569e:	e8bd 4010 	ldmia.w	sp!, {r4, lr}
100056a2:	f081 01ff 	eor.w	r1, r1, #255	@ 0xff
100056a6:	461a      	mov	r2, r3
100056a8:	f001 0180 	and.w	r1, r1, #128	@ 0x80
100056ac:	f8cc 3008 	str.w	r3, [ip, #8]
100056b0:	f7ff bfae 	b.w	10005610 <usbd_edpt_xfer>
100056b4:	20029128 	.word	0x20029128

100056b8 <tud_control_xfer>:
100056b8:	f8df c0ac 	ldr.w	ip, [pc, #172]	@ 10005768 <tud_control_xfer+0xb0>
100056bc:	b570      	push	{r4, r5, r6, lr}
100056be:	4615      	mov	r5, r2
100056c0:	4662      	mov	r2, ip
100056c2:	2400      	movs	r4, #0
100056c4:	468e      	mov	lr, r1
100056c6:	4606      	mov	r6, r0
100056c8:	6808      	ldr	r0, [r1, #0]
100056ca:	6849      	ldr	r1, [r1, #4]
100056cc:	b082      	sub	sp, #8
100056ce:	c203      	stmia	r2!, {r0, r1}
100056d0:	f8cc 5008 	str.w	r5, [ip, #8]
100056d4:	f8ac 400e 	strh.w	r4, [ip, #14]
100056d8:	f8be 2006 	ldrh.w	r2, [lr, #6]
100056dc:	4293      	cmp	r3, r2
100056de:	bf28      	it	cs
100056e0:	4613      	movcs	r3, r2
100056e2:	f8ac 300c 	strh.w	r3, [ip, #12]
100056e6:	b18a      	cbz	r2, 1000570c <tud_control_xfer+0x54>
100056e8:	b333      	cbz	r3, 10005738 <tud_control_xfer+0x80>
100056ea:	b1dd      	cbz	r5, 10005724 <tud_control_xfer+0x6c>
100056ec:	f99c 2000 	ldrsb.w	r2, [ip]
100056f0:	2b40      	cmp	r3, #64	@ 0x40
100056f2:	bf28      	it	cs
100056f4:	2340      	movcs	r3, #64	@ 0x40
100056f6:	2a00      	cmp	r2, #0
100056f8:	db29      	blt.n	1000574e <tud_control_xfer+0x96>
100056fa:	4621      	mov	r1, r4
100056fc:	4630      	mov	r0, r6
100056fe:	4a19      	ldr	r2, [pc, #100]	@ (10005764 <tud_control_xfer+0xac>)
10005700:	f7ff ff86 	bl	10005610 <usbd_edpt_xfer>
10005704:	b170      	cbz	r0, 10005724 <tud_control_xfer+0x6c>
10005706:	2001      	movs	r0, #1
10005708:	b002      	add	sp, #8
1000570a:	bd70      	pop	{r4, r5, r6, pc}
1000570c:	f89e 1000 	ldrb.w	r1, [lr]
10005710:	4613      	mov	r3, r2
10005712:	f081 01ff 	eor.w	r1, r1, #255	@ 0xff
10005716:	4630      	mov	r0, r6
10005718:	f001 0180 	and.w	r1, r1, #128	@ 0x80
1000571c:	f7ff ff78 	bl	10005610 <usbd_edpt_xfer>
10005720:	2800      	cmp	r0, #0
10005722:	d1f0      	bne.n	10005706 <tud_control_xfer+0x4e>
10005724:	f04f 23e0 	mov.w	r3, #3758153728	@ 0xe000e000
10005728:	f8d3 3df0 	ldr.w	r3, [r3, #3568]	@ 0xdf0
1000572c:	07db      	lsls	r3, r3, #31
1000572e:	d500      	bpl.n	10005732 <tud_control_xfer+0x7a>
10005730:	be00      	bkpt	0x0000
10005732:	2000      	movs	r0, #0
10005734:	b002      	add	sp, #8
10005736:	bd70      	pop	{r4, r5, r6, pc}
10005738:	461a      	mov	r2, r3
1000573a:	f89c 1000 	ldrb.w	r1, [ip]
1000573e:	f001 0180 	and.w	r1, r1, #128	@ 0x80
10005742:	4630      	mov	r0, r6
10005744:	f7ff ff64 	bl	10005610 <usbd_edpt_xfer>
10005748:	2800      	cmp	r0, #0
1000574a:	d1dc      	bne.n	10005706 <tud_control_xfer+0x4e>
1000574c:	e7ea      	b.n	10005724 <tud_control_xfer+0x6c>
1000574e:	461a      	mov	r2, r3
10005750:	4629      	mov	r1, r5
10005752:	4804      	ldr	r0, [pc, #16]	@ (10005764 <tud_control_xfer+0xac>)
10005754:	9301      	str	r3, [sp, #4]
10005756:	f002 ff73 	bl	10008640 <__memcpy_veneer>
1000575a:	2180      	movs	r1, #128	@ 0x80
1000575c:	4a01      	ldr	r2, [pc, #4]	@ (10005764 <tud_control_xfer+0xac>)
1000575e:	9b01      	ldr	r3, [sp, #4]
10005760:	e7ef      	b.n	10005742 <tud_control_xfer+0x8a>
10005762:	bf00      	nop
10005764:	200290e8 	.word	0x200290e8
10005768:	20029128 	.word	0x20029128

1000576c <usbd_control_reset>:
1000576c:	2200      	movs	r2, #0
1000576e:	4b03      	ldr	r3, [pc, #12]	@ (1000577c <usbd_control_reset+0x10>)
10005770:	e9c3 2200 	strd	r2, r2, [r3]
10005774:	e9c3 2202 	strd	r2, r2, [r3, #8]
10005778:	611a      	str	r2, [r3, #16]
1000577a:	4770      	bx	lr
1000577c:	20029128 	.word	0x20029128

10005780 <usbd_control_set_complete_callback>:
10005780:	4b01      	ldr	r3, [pc, #4]	@ (10005788 <usbd_control_set_complete_callback+0x8>)
10005782:	6118      	str	r0, [r3, #16]
10005784:	4770      	bx	lr
10005786:	bf00      	nop
10005788:	20029128 	.word	0x20029128

1000578c <usbd_control_set_request>:
1000578c:	4601      	mov	r1, r0
1000578e:	4a05      	ldr	r2, [pc, #20]	@ (100057a4 <usbd_control_set_request+0x18>)
10005790:	f04f 0c00 	mov.w	ip, #0
10005794:	4613      	mov	r3, r2
10005796:	6800      	ldr	r0, [r0, #0]
10005798:	6849      	ldr	r1, [r1, #4]
1000579a:	e9c2 cc02 	strd	ip, ip, [r2, #8]
1000579e:	c303      	stmia	r3!, {r0, r1}
100057a0:	4770      	bx	lr
100057a2:	bf00      	nop
100057a4:	20029128 	.word	0x20029128

100057a8 <usbd_control_xfer_cb>:
100057a8:	b530      	push	{r4, r5, lr}
100057aa:	4c3e      	ldr	r4, [pc, #248]	@ (100058a4 <usbd_control_xfer_cb+0xfc>)
100057ac:	09c9      	lsrs	r1, r1, #7
100057ae:	7822      	ldrb	r2, [r4, #0]
100057b0:	4605      	mov	r5, r0
100057b2:	ebb1 1fd2 	cmp.w	r1, r2, lsr #7
100057b6:	b083      	sub	sp, #12
100057b8:	d017      	beq.n	100057ea <usbd_control_xfer_cb+0x42>
100057ba:	b153      	cbz	r3, 100057d2 <usbd_control_xfer_cb+0x2a>
100057bc:	f04f 23e0 	mov.w	r3, #3758153728	@ 0xe000e000
100057c0:	f8d3 3df0 	ldr.w	r3, [r3, #3568]	@ 0xdf0
100057c4:	07db      	lsls	r3, r3, #31
100057c6:	d402      	bmi.n	100057ce <usbd_control_xfer_cb+0x26>
100057c8:	2000      	movs	r0, #0
100057ca:	b003      	add	sp, #12
100057cc:	bd30      	pop	{r4, r5, pc}
100057ce:	be00      	bkpt	0x0000
100057d0:	e7fa      	b.n	100057c8 <usbd_control_xfer_cb+0x20>
100057d2:	4621      	mov	r1, r4
100057d4:	f7ff f8d0 	bl	10004978 <dcd_edpt0_status_complete>
100057d8:	6923      	ldr	r3, [r4, #16]
100057da:	b11b      	cbz	r3, 100057e4 <usbd_control_xfer_cb+0x3c>
100057dc:	4622      	mov	r2, r4
100057de:	2103      	movs	r1, #3
100057e0:	4628      	mov	r0, r5
100057e2:	4798      	blx	r3
100057e4:	2001      	movs	r0, #1
100057e6:	b003      	add	sp, #12
100057e8:	bd30      	pop	{r4, r5, pc}
100057ea:	f994 2000 	ldrsb.w	r2, [r4]
100057ee:	2a00      	cmp	r2, #0
100057f0:	db08      	blt.n	10005804 <usbd_control_xfer_cb+0x5c>
100057f2:	68a0      	ldr	r0, [r4, #8]
100057f4:	2800      	cmp	r0, #0
100057f6:	d0e7      	beq.n	100057c8 <usbd_control_xfer_cb+0x20>
100057f8:	461a      	mov	r2, r3
100057fa:	492b      	ldr	r1, [pc, #172]	@ (100058a8 <usbd_control_xfer_cb+0x100>)
100057fc:	9301      	str	r3, [sp, #4]
100057fe:	f002 ff1f 	bl	10008640 <__memcpy_veneer>
10005802:	9b01      	ldr	r3, [sp, #4]
10005804:	89e0      	ldrh	r0, [r4, #14]
10005806:	68a1      	ldr	r1, [r4, #8]
10005808:	88e2      	ldrh	r2, [r4, #6]
1000580a:	4418      	add	r0, r3
1000580c:	b280      	uxth	r0, r0
1000580e:	4419      	add	r1, r3
10005810:	4282      	cmp	r2, r0
10005812:	81e0      	strh	r0, [r4, #14]
10005814:	60a1      	str	r1, [r4, #8]
10005816:	d016      	beq.n	10005846 <usbd_control_xfer_cb+0x9e>
10005818:	2b3f      	cmp	r3, #63	@ 0x3f
1000581a:	d914      	bls.n	10005846 <usbd_control_xfer_cb+0x9e>
1000581c:	89a2      	ldrh	r2, [r4, #12]
1000581e:	f994 4000 	ldrsb.w	r4, [r4]
10005822:	1a13      	subs	r3, r2, r0
10005824:	b29b      	uxth	r3, r3
10005826:	2b40      	cmp	r3, #64	@ 0x40
10005828:	bf28      	it	cs
1000582a:	2340      	movcs	r3, #64	@ 0x40
1000582c:	2c00      	cmp	r4, #0
1000582e:	db28      	blt.n	10005882 <usbd_control_xfer_cb+0xda>
10005830:	4290      	cmp	r0, r2
10005832:	f04f 0100 	mov.w	r1, #0
10005836:	d032      	beq.n	1000589e <usbd_control_xfer_cb+0xf6>
10005838:	4a1b      	ldr	r2, [pc, #108]	@ (100058a8 <usbd_control_xfer_cb+0x100>)
1000583a:	4628      	mov	r0, r5
1000583c:	f7ff fee8 	bl	10005610 <usbd_edpt_xfer>
10005840:	2800      	cmp	r0, #0
10005842:	d1cf      	bne.n	100057e4 <usbd_control_xfer_cb+0x3c>
10005844:	e7ba      	b.n	100057bc <usbd_control_xfer_cb+0x14>
10005846:	6923      	ldr	r3, [r4, #16]
10005848:	b123      	cbz	r3, 10005854 <usbd_control_xfer_cb+0xac>
1000584a:	2102      	movs	r1, #2
1000584c:	4628      	mov	r0, r5
1000584e:	4a15      	ldr	r2, [pc, #84]	@ (100058a4 <usbd_control_xfer_cb+0xfc>)
10005850:	4798      	blx	r3
10005852:	b168      	cbz	r0, 10005870 <usbd_control_xfer_cb+0xc8>
10005854:	2300      	movs	r3, #0
10005856:	7821      	ldrb	r1, [r4, #0]
10005858:	4628      	mov	r0, r5
1000585a:	f081 01ff 	eor.w	r1, r1, #255	@ 0xff
1000585e:	461a      	mov	r2, r3
10005860:	f001 0180 	and.w	r1, r1, #128	@ 0x80
10005864:	f7ff fed4 	bl	10005610 <usbd_edpt_xfer>
10005868:	2800      	cmp	r0, #0
1000586a:	d0a7      	beq.n	100057bc <usbd_control_xfer_cb+0x14>
1000586c:	2001      	movs	r0, #1
1000586e:	e7ba      	b.n	100057e6 <usbd_control_xfer_cb+0x3e>
10005870:	4601      	mov	r1, r0
10005872:	4628      	mov	r0, r5
10005874:	f7ff f91e 	bl	10004ab4 <dcd_edpt_stall>
10005878:	2180      	movs	r1, #128	@ 0x80
1000587a:	4628      	mov	r0, r5
1000587c:	f7ff f91a 	bl	10004ab4 <dcd_edpt_stall>
10005880:	e7b0      	b.n	100057e4 <usbd_control_xfer_cb+0x3c>
10005882:	4290      	cmp	r0, r2
10005884:	d008      	beq.n	10005898 <usbd_control_xfer_cb+0xf0>
10005886:	461a      	mov	r2, r3
10005888:	4807      	ldr	r0, [pc, #28]	@ (100058a8 <usbd_control_xfer_cb+0x100>)
1000588a:	9301      	str	r3, [sp, #4]
1000588c:	f002 fed8 	bl	10008640 <__memcpy_veneer>
10005890:	2180      	movs	r1, #128	@ 0x80
10005892:	4a05      	ldr	r2, [pc, #20]	@ (100058a8 <usbd_control_xfer_cb+0x100>)
10005894:	9b01      	ldr	r3, [sp, #4]
10005896:	e7d0      	b.n	1000583a <usbd_control_xfer_cb+0x92>
10005898:	2180      	movs	r1, #128	@ 0x80
1000589a:	2200      	movs	r2, #0
1000589c:	e7cd      	b.n	1000583a <usbd_control_xfer_cb+0x92>
1000589e:	460a      	mov	r2, r1
100058a0:	e7cb      	b.n	1000583a <usbd_control_xfer_cb+0x92>
100058a2:	bf00      	nop
100058a4:	20029128 	.word	0x20029128
100058a8:	200290e8 	.word	0x200290e8

100058ac <_prep_out_transaction.isra.0>:
100058ac:	b570      	push	{r4, r5, r6, lr}
100058ae:	b082      	sub	sp, #8
100058b0:	4604      	mov	r4, r0
100058b2:	f7ff f9bf 	bl	10004c34 <tud_mounted>
100058b6:	b908      	cbnz	r0, 100058bc <_prep_out_transaction.isra.0+0x10>
100058b8:	b002      	add	sp, #8
100058ba:	bd70      	pop	{r4, r5, r6, pc}
100058bc:	f7ff f9c2 	bl	10004c44 <tud_suspended>
100058c0:	4602      	mov	r2, r0
100058c2:	2800      	cmp	r0, #0
100058c4:	d1f8      	bne.n	100058b8 <_prep_out_transaction.isra.0+0xc>
100058c6:	23c8      	movs	r3, #200	@ 0xc8
100058c8:	fb04 f303 	mul.w	r3, r4, r3
100058cc:	4915      	ldr	r1, [pc, #84]	@ (10005924 <_prep_out_transaction.isra.0+0x78>)
100058ce:	4625      	mov	r5, r4
100058d0:	18cc      	adds	r4, r1, r3
100058d2:	78e0      	ldrb	r0, [r4, #3]
100058d4:	2800      	cmp	r0, #0
100058d6:	d0ef      	beq.n	100058b8 <_prep_out_transaction.isra.0+0xc>
100058d8:	3310      	adds	r3, #16
100058da:	185e      	adds	r6, r3, r1
100058dc:	4630      	mov	r0, r6
100058de:	9201      	str	r2, [sp, #4]
100058e0:	f000 fbe8 	bl	100060b4 <tu_fifo_remaining>
100058e4:	283f      	cmp	r0, #63	@ 0x3f
100058e6:	d9e7      	bls.n	100058b8 <_prep_out_transaction.isra.0+0xc>
100058e8:	78e1      	ldrb	r1, [r4, #3]
100058ea:	9801      	ldr	r0, [sp, #4]
100058ec:	f7ff fe6c 	bl	100055c8 <usbd_edpt_claim>
100058f0:	2800      	cmp	r0, #0
100058f2:	d0e1      	beq.n	100058b8 <_prep_out_transaction.isra.0+0xc>
100058f4:	4630      	mov	r0, r6
100058f6:	f000 fbdd 	bl	100060b4 <tu_fifo_remaining>
100058fa:	283f      	cmp	r0, #63	@ 0x3f
100058fc:	78e1      	ldrb	r1, [r4, #3]
100058fe:	d90a      	bls.n	10005916 <_prep_out_transaction.isra.0+0x6a>
10005900:	2340      	movs	r3, #64	@ 0x40
10005902:	f8df c024 	ldr.w	ip, [pc, #36]	@ 10005928 <_prep_out_transaction.isra.0+0x7c>
10005906:	9801      	ldr	r0, [sp, #4]
10005908:	eb0c 12c5 	add.w	r2, ip, r5, lsl #7
1000590c:	b002      	add	sp, #8
1000590e:	e8bd 4070 	ldmia.w	sp!, {r4, r5, r6, lr}
10005912:	f7ff be7d 	b.w	10005610 <usbd_edpt_xfer>
10005916:	9801      	ldr	r0, [sp, #4]
10005918:	b002      	add	sp, #8
1000591a:	e8bd 4070 	ldmia.w	sp!, {r4, r5, r6, lr}
1000591e:	f7ff be65 	b.w	100055ec <usbd_edpt_release>
10005922:	bf00      	nop
10005924:	20002c18 	.word	0x20002c18
10005928:	20029064 	.word	0x20029064

1000592c <tud_cdc_n_connected>:
1000592c:	b510      	push	{r4, lr}
1000592e:	4604      	mov	r4, r0
10005930:	f7ff f980 	bl	10004c34 <tud_mounted>
10005934:	b908      	cbnz	r0, 1000593a <tud_cdc_n_connected+0xe>
10005936:	2000      	movs	r0, #0
10005938:	bd10      	pop	{r4, pc}
1000593a:	f7ff f983 	bl	10004c44 <tud_suspended>
1000593e:	2800      	cmp	r0, #0
10005940:	d1f9      	bne.n	10005936 <tud_cdc_n_connected+0xa>
10005942:	22c8      	movs	r2, #200	@ 0xc8
10005944:	4b03      	ldr	r3, [pc, #12]	@ (10005954 <tud_cdc_n_connected+0x28>)
10005946:	fb02 3304 	mla	r3, r2, r4, r3
1000594a:	7918      	ldrb	r0, [r3, #4]
1000594c:	f000 0001 	and.w	r0, r0, #1
10005950:	bd10      	pop	{r4, pc}
10005952:	bf00      	nop
10005954:	20002c18 	.word	0x20002c18

10005958 <tud_cdc_n_available>:
10005958:	22c8      	movs	r2, #200	@ 0xc8
1000595a:	b508      	push	{r3, lr}
1000595c:	4b02      	ldr	r3, [pc, #8]	@ (10005968 <tud_cdc_n_available+0x10>)
1000595e:	fb02 3000 	mla	r0, r2, r0, r3
10005962:	f000 fb8d 	bl	10006080 <tu_fifo_count>
10005966:	bd08      	pop	{r3, pc}
10005968:	20002c28 	.word	0x20002c28

1000596c <tud_cdc_n_read>:
1000596c:	f64f 73ff 	movw	r3, #65535	@ 0xffff
10005970:	e92d 41f0 	stmdb	sp!, {r4, r5, r6, r7, r8, lr}
10005974:	24c8      	movs	r4, #200	@ 0xc8
10005976:	429a      	cmp	r2, r3
10005978:	bf28      	it	cs
1000597a:	461a      	movcs	r2, r3
1000597c:	fb00 f404 	mul.w	r4, r0, r4
10005980:	4d1b      	ldr	r5, [pc, #108]	@ (100059f0 <tud_cdc_n_read+0x84>)
10005982:	f104 0310 	add.w	r3, r4, #16
10005986:	b082      	sub	sp, #8
10005988:	4680      	mov	r8, r0
1000598a:	b292      	uxth	r2, r2
1000598c:	1958      	adds	r0, r3, r5
1000598e:	195f      	adds	r7, r3, r5
10005990:	f000 fbf0 	bl	10006174 <tu_fifo_read_n>
10005994:	4606      	mov	r6, r0
10005996:	f7ff f94d 	bl	10004c34 <tud_mounted>
1000599a:	b918      	cbnz	r0, 100059a4 <tud_cdc_n_read+0x38>
1000599c:	4630      	mov	r0, r6
1000599e:	b002      	add	sp, #8
100059a0:	e8bd 81f0 	ldmia.w	sp!, {r4, r5, r6, r7, r8, pc}
100059a4:	f7ff f94e 	bl	10004c44 <tud_suspended>
100059a8:	2800      	cmp	r0, #0
100059aa:	d1f7      	bne.n	1000599c <tud_cdc_n_read+0x30>
100059ac:	4425      	add	r5, r4
100059ae:	78ea      	ldrb	r2, [r5, #3]
100059b0:	2a00      	cmp	r2, #0
100059b2:	d0f3      	beq.n	1000599c <tud_cdc_n_read+0x30>
100059b4:	9001      	str	r0, [sp, #4]
100059b6:	4638      	mov	r0, r7
100059b8:	f000 fb7c 	bl	100060b4 <tu_fifo_remaining>
100059bc:	283f      	cmp	r0, #63	@ 0x3f
100059be:	d9ed      	bls.n	1000599c <tud_cdc_n_read+0x30>
100059c0:	9801      	ldr	r0, [sp, #4]
100059c2:	78e9      	ldrb	r1, [r5, #3]
100059c4:	f7ff fe00 	bl	100055c8 <usbd_edpt_claim>
100059c8:	2800      	cmp	r0, #0
100059ca:	d0e7      	beq.n	1000599c <tud_cdc_n_read+0x30>
100059cc:	4638      	mov	r0, r7
100059ce:	f000 fb71 	bl	100060b4 <tu_fifo_remaining>
100059d2:	283f      	cmp	r0, #63	@ 0x3f
100059d4:	78e9      	ldrb	r1, [r5, #3]
100059d6:	d907      	bls.n	100059e8 <tud_cdc_n_read+0x7c>
100059d8:	4a06      	ldr	r2, [pc, #24]	@ (100059f4 <tud_cdc_n_read+0x88>)
100059da:	2340      	movs	r3, #64	@ 0x40
100059dc:	9801      	ldr	r0, [sp, #4]
100059de:	eb02 12c8 	add.w	r2, r2, r8, lsl #7
100059e2:	f7ff fe15 	bl	10005610 <usbd_edpt_xfer>
100059e6:	e7d9      	b.n	1000599c <tud_cdc_n_read+0x30>
100059e8:	9801      	ldr	r0, [sp, #4]
100059ea:	f7ff fdff 	bl	100055ec <usbd_edpt_release>
100059ee:	e7d5      	b.n	1000599c <tud_cdc_n_read+0x30>
100059f0:	20002c18 	.word	0x20002c18
100059f4:	20029064 	.word	0x20029064

100059f8 <tud_cdc_n_write_flush>:
100059f8:	b5f0      	push	{r4, r5, r6, r7, lr}
100059fa:	b083      	sub	sp, #12
100059fc:	4605      	mov	r5, r0
100059fe:	f7ff f919 	bl	10004c34 <tud_mounted>
10005a02:	b910      	cbnz	r0, 10005a0a <tud_cdc_n_write_flush+0x12>
10005a04:	2000      	movs	r0, #0
10005a06:	b003      	add	sp, #12
10005a08:	bdf0      	pop	{r4, r5, r6, r7, pc}
10005a0a:	f7ff f91b 	bl	10004c44 <tud_suspended>
10005a0e:	4604      	mov	r4, r0
10005a10:	2800      	cmp	r0, #0
10005a12:	d1f7      	bne.n	10005a04 <tud_cdc_n_write_flush+0xc>
10005a14:	23c8      	movs	r3, #200	@ 0xc8
10005a16:	fb05 f303 	mul.w	r3, r5, r3
10005a1a:	4a1a      	ldr	r2, [pc, #104]	@ (10005a84 <tud_cdc_n_write_flush+0x8c>)
10005a1c:	f103 0124 	add.w	r1, r3, #36	@ 0x24
10005a20:	188f      	adds	r7, r1, r2
10005a22:	4638      	mov	r0, r7
10005a24:	9300      	str	r3, [sp, #0]
10005a26:	f000 fb2b 	bl	10006080 <tu_fifo_count>
10005a2a:	2800      	cmp	r0, #0
10005a2c:	d0ea      	beq.n	10005a04 <tud_cdc_n_write_flush+0xc>
10005a2e:	4a15      	ldr	r2, [pc, #84]	@ (10005a84 <tud_cdc_n_write_flush+0x8c>)
10005a30:	9b00      	ldr	r3, [sp, #0]
10005a32:	4620      	mov	r0, r4
10005a34:	18d6      	adds	r6, r2, r3
10005a36:	78b1      	ldrb	r1, [r6, #2]
10005a38:	f7ff fdc6 	bl	100055c8 <usbd_edpt_claim>
10005a3c:	2800      	cmp	r0, #0
10005a3e:	d0e1      	beq.n	10005a04 <tud_cdc_n_write_flush+0xc>
10005a40:	4911      	ldr	r1, [pc, #68]	@ (10005a88 <tud_cdc_n_write_flush+0x90>)
10005a42:	4638      	mov	r0, r7
10005a44:	eb01 11c5 	add.w	r1, r1, r5, lsl #7
10005a48:	2240      	movs	r2, #64	@ 0x40
10005a4a:	9100      	str	r1, [sp, #0]
10005a4c:	f000 fb92 	bl	10006174 <tu_fifo_read_n>
10005a50:	f896 c002 	ldrb.w	ip, [r6, #2]
10005a54:	4603      	mov	r3, r0
10005a56:	b170      	cbz	r0, 10005a76 <tud_cdc_n_write_flush+0x7e>
10005a58:	9001      	str	r0, [sp, #4]
10005a5a:	4661      	mov	r1, ip
10005a5c:	4620      	mov	r0, r4
10005a5e:	9a00      	ldr	r2, [sp, #0]
10005a60:	f7ff fdd6 	bl	10005610 <usbd_edpt_xfer>
10005a64:	b958      	cbnz	r0, 10005a7e <tud_cdc_n_write_flush+0x86>
10005a66:	f04f 23e0 	mov.w	r3, #3758153728	@ 0xe000e000
10005a6a:	f8d3 3df0 	ldr.w	r3, [r3, #3568]	@ 0xdf0
10005a6e:	07db      	lsls	r3, r3, #31
10005a70:	d5c8      	bpl.n	10005a04 <tud_cdc_n_write_flush+0xc>
10005a72:	be00      	bkpt	0x0000
10005a74:	e7c6      	b.n	10005a04 <tud_cdc_n_write_flush+0xc>
10005a76:	4661      	mov	r1, ip
10005a78:	f7ff fdb8 	bl	100055ec <usbd_edpt_release>
10005a7c:	e7c2      	b.n	10005a04 <tud_cdc_n_write_flush+0xc>
10005a7e:	9801      	ldr	r0, [sp, #4]
10005a80:	e7c1      	b.n	10005a06 <tud_cdc_n_write_flush+0xe>
10005a82:	bf00      	nop
10005a84:	20002c18 	.word	0x20002c18
10005a88:	200290a4 	.word	0x200290a4

10005a8c <tud_cdc_n_write>:
10005a8c:	b570      	push	{r4, r5, r6, lr}
10005a8e:	4605      	mov	r5, r0
10005a90:	f64f 70ff 	movw	r0, #65535	@ 0xffff
10005a94:	23c8      	movs	r3, #200	@ 0xc8
10005a96:	4282      	cmp	r2, r0
10005a98:	bf28      	it	cs
10005a9a:	4602      	movcs	r2, r0
10005a9c:	4c09      	ldr	r4, [pc, #36]	@ (10005ac4 <tud_cdc_n_write+0x38>)
10005a9e:	b292      	uxth	r2, r2
10005aa0:	fb03 4405 	mla	r4, r3, r5, r4
10005aa4:	4620      	mov	r0, r4
10005aa6:	f000 fc29 	bl	100062fc <tu_fifo_write_n>
10005aaa:	4606      	mov	r6, r0
10005aac:	4620      	mov	r0, r4
10005aae:	f000 fae7 	bl	10006080 <tu_fifo_count>
10005ab2:	283f      	cmp	r0, #63	@ 0x3f
10005ab4:	d801      	bhi.n	10005aba <tud_cdc_n_write+0x2e>
10005ab6:	4630      	mov	r0, r6
10005ab8:	bd70      	pop	{r4, r5, r6, pc}
10005aba:	4628      	mov	r0, r5
10005abc:	f7ff ff9c 	bl	100059f8 <tud_cdc_n_write_flush>
10005ac0:	4630      	mov	r0, r6
10005ac2:	bd70      	pop	{r4, r5, r6, pc}
10005ac4:	20002c3c 	.word	0x20002c3c

10005ac8 <tud_cdc_n_write_available>:
10005ac8:	22c8      	movs	r2, #200	@ 0xc8
10005aca:	b508      	push	{r3, lr}
10005acc:	4b02      	ldr	r3, [pc, #8]	@ (10005ad8 <tud_cdc_n_write_available+0x10>)
10005ace:	fb02 3000 	mla	r0, r2, r0, r3
10005ad2:	f000 faef 	bl	100060b4 <tu_fifo_remaining>
10005ad6:	bd08      	pop	{r3, pc}
10005ad8:	20002c3c 	.word	0x20002c3c

10005adc <cdcd_init>:
10005adc:	b570      	push	{r4, r5, r6, lr}
10005ade:	2400      	movs	r4, #0
10005ae0:	b082      	sub	sp, #8
10005ae2:	22c8      	movs	r2, #200	@ 0xc8
10005ae4:	2100      	movs	r1, #0
10005ae6:	4818      	ldr	r0, [pc, #96]	@ (10005b48 <cdcd_init+0x6c>)
10005ae8:	f002 fdb2 	bl	10008650 <__memset_veneer>
10005aec:	23ff      	movs	r3, #255	@ 0xff
10005aee:	f44f 31e1 	mov.w	r1, #115200	@ 0x1c200
10005af2:	2208      	movs	r2, #8
10005af4:	4815      	ldr	r0, [pc, #84]	@ (10005b4c <cdcd_init+0x70>)
10005af6:	7004      	strb	r4, [r0, #0]
10005af8:	4813      	ldr	r0, [pc, #76]	@ (10005b48 <cdcd_init+0x6c>)
10005afa:	9400      	str	r4, [sp, #0]
10005afc:	4606      	mov	r6, r0
10005afe:	7143      	strb	r3, [r0, #5]
10005b00:	6081      	str	r1, [r0, #8]
10005b02:	7382      	strb	r2, [r0, #14]
10005b04:	f100 0138 	add.w	r1, r0, #56	@ 0x38
10005b08:	2301      	movs	r3, #1
10005b0a:	2240      	movs	r2, #64	@ 0x40
10005b0c:	3010      	adds	r0, #16
10005b0e:	f000 fa87 	bl	10006020 <tu_fifo_config>
10005b12:	2301      	movs	r3, #1
10005b14:	2240      	movs	r2, #64	@ 0x40
10005b16:	f106 0178 	add.w	r1, r6, #120	@ 0x78
10005b1a:	9300      	str	r3, [sp, #0]
10005b1c:	f106 05b8 	add.w	r5, r6, #184	@ 0xb8
10005b20:	f106 0024 	add.w	r0, r6, #36	@ 0x24
10005b24:	f000 fa7c 	bl	10006020 <tu_fifo_config>
10005b28:	4628      	mov	r0, r5
10005b2a:	f7fb f82d 	bl	10000b88 <mutex_init>
10005b2e:	f106 00c0 	add.w	r0, r6, #192	@ 0xc0
10005b32:	f7fb f829 	bl	10000b88 <mutex_init>
10005b36:	f106 00c0 	add.w	r0, r6, #192	@ 0xc0
10005b3a:	e9c6 4507 	strd	r4, r5, [r6, #28]
10005b3e:	e9c6 040c 	strd	r0, r4, [r6, #48]	@ 0x30
10005b42:	b002      	add	sp, #8
10005b44:	bd70      	pop	{r4, r5, r6, pc}
10005b46:	bf00      	nop
10005b48:	20002c18 	.word	0x20002c18
10005b4c:	200290e4 	.word	0x200290e4

10005b50 <cdcd_deinit>:
10005b50:	4b0a      	ldr	r3, [pc, #40]	@ (10005b7c <cdcd_deinit+0x2c>)
10005b52:	6b19      	ldr	r1, [r3, #48]	@ 0x30
10005b54:	6a1a      	ldr	r2, [r3, #32]
10005b56:	b161      	cbz	r1, 10005b72 <cdcd_deinit+0x22>
10005b58:	b13a      	cbz	r2, 10005b6a <cdcd_deinit+0x1a>
10005b5a:	2200      	movs	r2, #0
10005b5c:	e9c3 220c 	strd	r2, r2, [r3, #48]	@ 0x30
10005b60:	61da      	str	r2, [r3, #28]
10005b62:	2200      	movs	r2, #0
10005b64:	621a      	str	r2, [r3, #32]
10005b66:	2001      	movs	r0, #1
10005b68:	4770      	bx	lr
10005b6a:	2001      	movs	r0, #1
10005b6c:	e9c3 220c 	strd	r2, r2, [r3, #48]	@ 0x30
10005b70:	4770      	bx	lr
10005b72:	2a00      	cmp	r2, #0
10005b74:	d0f7      	beq.n	10005b66 <cdcd_deinit+0x16>
10005b76:	61d9      	str	r1, [r3, #28]
10005b78:	e7f3      	b.n	10005b62 <cdcd_deinit+0x12>
10005b7a:	bf00      	nop
10005b7c:	20002c18 	.word	0x20002c18

10005b80 <cdcd_reset>:
10005b80:	2200      	movs	r2, #0
10005b82:	4910      	ldr	r1, [pc, #64]	@ (10005bc4 <cdcd_reset+0x44>)
10005b84:	b508      	push	{r3, lr}
10005b86:	4810      	ldr	r0, [pc, #64]	@ (10005bc8 <cdcd_reset+0x48>)
10005b88:	780b      	ldrb	r3, [r1, #0]
10005b8a:	6002      	str	r2, [r0, #0]
10005b8c:	7102      	strb	r2, [r0, #4]
10005b8e:	07da      	lsls	r2, r3, #31
10005b90:	d507      	bpl.n	10005ba2 <cdcd_reset+0x22>
10005b92:	079b      	lsls	r3, r3, #30
10005b94:	d50c      	bpl.n	10005bb0 <cdcd_reset+0x30>
10005b96:	e8bd 4008 	ldmia.w	sp!, {r3, lr}
10005b9a:	2101      	movs	r1, #1
10005b9c:	480b      	ldr	r0, [pc, #44]	@ (10005bcc <cdcd_reset+0x4c>)
10005b9e:	f000 bc71 	b.w	10006484 <tu_fifo_set_overwritable>
10005ba2:	3010      	adds	r0, #16
10005ba4:	f000 fc52 	bl	1000644c <tu_fifo_clear>
10005ba8:	4906      	ldr	r1, [pc, #24]	@ (10005bc4 <cdcd_reset+0x44>)
10005baa:	780b      	ldrb	r3, [r1, #0]
10005bac:	079b      	lsls	r3, r3, #30
10005bae:	d4f2      	bmi.n	10005b96 <cdcd_reset+0x16>
10005bb0:	4806      	ldr	r0, [pc, #24]	@ (10005bcc <cdcd_reset+0x4c>)
10005bb2:	f000 fc4b 	bl	1000644c <tu_fifo_clear>
10005bb6:	e8bd 4008 	ldmia.w	sp!, {r3, lr}
10005bba:	2101      	movs	r1, #1
10005bbc:	4803      	ldr	r0, [pc, #12]	@ (10005bcc <cdcd_reset+0x4c>)
10005bbe:	f000 bc61 	b.w	10006484 <tu_fifo_set_overwritable>
10005bc2:	bf00      	nop
10005bc4:	200290e4 	.word	0x200290e4
10005bc8:	20002c18 	.word	0x20002c18
10005bcc:	20002c3c 	.word	0x20002c3c

10005bd0 <cdcd_open>:
10005bd0:	b570      	push	{r4, r5, r6, lr}
10005bd2:	794b      	ldrb	r3, [r1, #5]
10005bd4:	b084      	sub	sp, #16
10005bd6:	2b02      	cmp	r3, #2
10005bd8:	d102      	bne.n	10005be0 <cdcd_open+0x10>
10005bda:	798b      	ldrb	r3, [r1, #6]
10005bdc:	2b02      	cmp	r3, #2
10005bde:	d003      	beq.n	10005be8 <cdcd_open+0x18>
10005be0:	2400      	movs	r4, #0
10005be2:	4620      	mov	r0, r4
10005be4:	b004      	add	sp, #16
10005be6:	bd70      	pop	{r4, r5, r6, pc}
10005be8:	4b2b      	ldr	r3, [pc, #172]	@ (10005c98 <cdcd_open+0xc8>)
10005bea:	789b      	ldrb	r3, [r3, #2]
10005bec:	b13b      	cbz	r3, 10005bfe <cdcd_open+0x2e>
10005bee:	f04f 23e0 	mov.w	r3, #3758153728	@ 0xe000e000
10005bf2:	f8d3 3df0 	ldr.w	r3, [r3, #3568]	@ 0xdf0
10005bf6:	07db      	lsls	r3, r3, #31
10005bf8:	d5f2      	bpl.n	10005be0 <cdcd_open+0x10>
10005bfa:	be00      	bkpt	0x0000
10005bfc:	e7f0      	b.n	10005be0 <cdcd_open+0x10>
10005bfe:	788b      	ldrb	r3, [r1, #2]
10005c00:	4605      	mov	r5, r0
10005c02:	4825      	ldr	r0, [pc, #148]	@ (10005c98 <cdcd_open+0xc8>)
10005c04:	7003      	strb	r3, [r0, #0]
10005c06:	780b      	ldrb	r3, [r1, #0]
10005c08:	4419      	add	r1, r3
10005c0a:	f891 c001 	ldrb.w	ip, [r1, #1]
10005c0e:	f1bc 0f24 	cmp.w	ip, #36	@ 0x24
10005c12:	bf08      	it	eq
10005c14:	2409      	moveq	r4, #9
10005c16:	d009      	beq.n	10005c2c <cdcd_open+0x5c>
10005c18:	e03b      	b.n	10005c92 <cdcd_open+0xc2>
10005c1a:	780b      	ldrb	r3, [r1, #0]
10005c1c:	4419      	add	r1, r3
10005c1e:	f891 c001 	ldrb.w	ip, [r1, #1]
10005c22:	4423      	add	r3, r4
10005c24:	f1bc 0f24 	cmp.w	ip, #36	@ 0x24
10005c28:	b29c      	uxth	r4, r3
10005c2a:	d107      	bne.n	10005c3c <cdcd_open+0x6c>
10005c2c:	4294      	cmp	r4, r2
10005c2e:	d9f4      	bls.n	10005c1a <cdcd_open+0x4a>
10005c30:	2000      	movs	r0, #0
10005c32:	f7ff fe3b 	bl	100058ac <_prep_out_transaction.isra.0>
10005c36:	4620      	mov	r0, r4
10005c38:	b004      	add	sp, #16
10005c3a:	bd70      	pop	{r4, r5, r6, pc}
10005c3c:	4663      	mov	r3, ip
10005c3e:	f1bc 0f05 	cmp.w	ip, #5
10005c42:	d016      	beq.n	10005c72 <cdcd_open+0xa2>
10005c44:	2b04      	cmp	r3, #4
10005c46:	d1f3      	bne.n	10005c30 <cdcd_open+0x60>
10005c48:	794b      	ldrb	r3, [r1, #5]
10005c4a:	2b0a      	cmp	r3, #10
10005c4c:	d1f0      	bne.n	10005c30 <cdcd_open+0x60>
10005c4e:	4b13      	ldr	r3, [pc, #76]	@ (10005c9c <cdcd_open+0xcc>)
10005c50:	780a      	ldrb	r2, [r1, #0]
10005c52:	9301      	str	r3, [sp, #4]
10005c54:	3301      	adds	r3, #1
10005c56:	9300      	str	r3, [sp, #0]
10005c58:	2302      	movs	r3, #2
10005c5a:	4616      	mov	r6, r2
10005c5c:	4411      	add	r1, r2
10005c5e:	4628      	mov	r0, r5
10005c60:	461a      	mov	r2, r3
10005c62:	f7ff fc33 	bl	100054cc <usbd_open_edpt_pair>
10005c66:	2800      	cmp	r0, #0
10005c68:	d0c1      	beq.n	10005bee <cdcd_open+0x1e>
10005c6a:	340e      	adds	r4, #14
10005c6c:	1933      	adds	r3, r6, r4
10005c6e:	b29c      	uxth	r4, r3
10005c70:	e7de      	b.n	10005c30 <cdcd_open+0x60>
10005c72:	4628      	mov	r0, r5
10005c74:	9103      	str	r1, [sp, #12]
10005c76:	f7ff fc79 	bl	1000556c <usbd_edpt_open>
10005c7a:	9903      	ldr	r1, [sp, #12]
10005c7c:	2800      	cmp	r0, #0
10005c7e:	d0b6      	beq.n	10005bee <cdcd_open+0x1e>
10005c80:	788b      	ldrb	r3, [r1, #2]
10005c82:	4a05      	ldr	r2, [pc, #20]	@ (10005c98 <cdcd_open+0xc8>)
10005c84:	7053      	strb	r3, [r2, #1]
10005c86:	780b      	ldrb	r3, [r1, #0]
10005c88:	191a      	adds	r2, r3, r4
10005c8a:	4419      	add	r1, r3
10005c8c:	784b      	ldrb	r3, [r1, #1]
10005c8e:	b294      	uxth	r4, r2
10005c90:	e7d8      	b.n	10005c44 <cdcd_open+0x74>
10005c92:	4663      	mov	r3, ip
10005c94:	2409      	movs	r4, #9
10005c96:	e7d2      	b.n	10005c3e <cdcd_open+0x6e>
10005c98:	20002c18 	.word	0x20002c18
10005c9c:	20002c1a 	.word	0x20002c1a

10005ca0 <cdcd_control_xfer_cb>:
10005ca0:	7813      	ldrb	r3, [r2, #0]
10005ca2:	f003 0360 	and.w	r3, r3, #96	@ 0x60
10005ca6:	2b20      	cmp	r3, #32
10005ca8:	d10b      	bne.n	10005cc2 <cdcd_control_xfer_cb+0x22>
10005caa:	b500      	push	{lr}
10005cac:	f8df c0bc 	ldr.w	ip, [pc, #188]	@ 10005d6c <cdcd_control_xfer_cb+0xcc>
10005cb0:	8893      	ldrh	r3, [r2, #4]
10005cb2:	f89c e000 	ldrb.w	lr, [ip]
10005cb6:	b083      	sub	sp, #12
10005cb8:	459e      	cmp	lr, r3
10005cba:	d004      	beq.n	10005cc6 <cdcd_control_xfer_cb+0x26>
10005cbc:	2000      	movs	r0, #0
10005cbe:	b003      	add	sp, #12
10005cc0:	bd00      	pop	{pc}
10005cc2:	2000      	movs	r0, #0
10005cc4:	4770      	bx	lr
10005cc6:	7853      	ldrb	r3, [r2, #1]
10005cc8:	3b20      	subs	r3, #32
10005cca:	2b03      	cmp	r3, #3
10005ccc:	d8f6      	bhi.n	10005cbc <cdcd_control_xfer_cb+0x1c>
10005cce:	e8df f003 	tbb	[pc, r3]
10005cd2:	272c      	.short	0x272c
10005cd4:	020d      	.short	0x020d
10005cd6:	2901      	cmp	r1, #1
10005cd8:	d033      	beq.n	10005d42 <cdcd_control_xfer_cb+0xa2>
10005cda:	2903      	cmp	r1, #3
10005cdc:	d122      	bne.n	10005d24 <cdcd_control_xfer_cb+0x84>
10005cde:	4b1e      	ldr	r3, [pc, #120]	@ (10005d58 <cdcd_control_xfer_cb+0xb8>)
10005ce0:	b303      	cbz	r3, 10005d24 <cdcd_control_xfer_cb+0x84>
10005ce2:	2000      	movs	r0, #0
10005ce4:	8851      	ldrh	r1, [r2, #2]
10005ce6:	f3af 8000 	nop.w
10005cea:	e01b      	b.n	10005d24 <cdcd_control_xfer_cb+0x84>
10005cec:	2901      	cmp	r1, #1
10005cee:	d028      	beq.n	10005d42 <cdcd_control_xfer_cb+0xa2>
10005cf0:	2903      	cmp	r1, #3
10005cf2:	d117      	bne.n	10005d24 <cdcd_control_xfer_cb+0x84>
10005cf4:	8852      	ldrh	r2, [r2, #2]
10005cf6:	4819      	ldr	r0, [pc, #100]	@ (10005d5c <cdcd_control_xfer_cb+0xbc>)
10005cf8:	f002 0301 	and.w	r3, r2, #1
10005cfc:	f083 0101 	eor.w	r1, r3, #1
10005d00:	9301      	str	r3, [sp, #4]
10005d02:	f88c 2004 	strb.w	r2, [ip, #4]
10005d06:	9200      	str	r2, [sp, #0]
10005d08:	f000 fbbc 	bl	10006484 <tu_fifo_set_overwritable>
10005d0c:	4914      	ldr	r1, [pc, #80]	@ (10005d60 <cdcd_control_xfer_cb+0xc0>)
10005d0e:	b149      	cbz	r1, 10005d24 <cdcd_control_xfer_cb+0x84>
10005d10:	9a00      	ldr	r2, [sp, #0]
10005d12:	2000      	movs	r0, #0
10005d14:	9901      	ldr	r1, [sp, #4]
10005d16:	f3c2 0240 	ubfx	r2, r2, #1, #1
10005d1a:	f3af 8000 	nop.w
10005d1e:	e001      	b.n	10005d24 <cdcd_control_xfer_cb+0x84>
10005d20:	2901      	cmp	r1, #1
10005d22:	d012      	beq.n	10005d4a <cdcd_control_xfer_cb+0xaa>
10005d24:	2001      	movs	r0, #1
10005d26:	b003      	add	sp, #12
10005d28:	bd00      	pop	{pc}
10005d2a:	2901      	cmp	r1, #1
10005d2c:	d00d      	beq.n	10005d4a <cdcd_control_xfer_cb+0xaa>
10005d2e:	2903      	cmp	r1, #3
10005d30:	d1f8      	bne.n	10005d24 <cdcd_control_xfer_cb+0x84>
10005d32:	4b0c      	ldr	r3, [pc, #48]	@ (10005d64 <cdcd_control_xfer_cb+0xc4>)
10005d34:	2b00      	cmp	r3, #0
10005d36:	d0f5      	beq.n	10005d24 <cdcd_control_xfer_cb+0x84>
10005d38:	2000      	movs	r0, #0
10005d3a:	490b      	ldr	r1, [pc, #44]	@ (10005d68 <cdcd_control_xfer_cb+0xc8>)
10005d3c:	f7fe fda8 	bl	10004890 <tud_cdc_line_coding_cb>
10005d40:	e7f0      	b.n	10005d24 <cdcd_control_xfer_cb+0x84>
10005d42:	4611      	mov	r1, r2
10005d44:	f7ff fc9c 	bl	10005680 <tud_control_status>
10005d48:	e7ec      	b.n	10005d24 <cdcd_control_xfer_cb+0x84>
10005d4a:	4611      	mov	r1, r2
10005d4c:	2307      	movs	r3, #7
10005d4e:	4a06      	ldr	r2, [pc, #24]	@ (10005d68 <cdcd_control_xfer_cb+0xc8>)
10005d50:	f7ff fcb2 	bl	100056b8 <tud_control_xfer>
10005d54:	e7e6      	b.n	10005d24 <cdcd_control_xfer_cb+0x84>
10005d56:	bf00      	nop
10005d58:	00000000 	.word	0x00000000
10005d5c:	20002c3c 	.word	0x20002c3c
10005d60:	00000000 	.word	0x00000000
10005d64:	10004891 	.word	0x10004891
10005d68:	20002c20 	.word	0x20002c20
10005d6c:	20002c18 	.word	0x20002c18

10005d70 <cdcd_xfer_cb>:
10005d70:	e92d 41f0 	stmdb	sp!, {r4, r5, r6, r7, r8, lr}
10005d74:	4c35      	ldr	r4, [pc, #212]	@ (10005e4c <cdcd_xfer_cb+0xdc>)
10005d76:	460d      	mov	r5, r1
10005d78:	78e2      	ldrb	r2, [r4, #3]
10005d7a:	4607      	mov	r7, r0
10005d7c:	428a      	cmp	r2, r1
10005d7e:	461e      	mov	r6, r3
10005d80:	b082      	sub	sp, #8
10005d82:	d02f      	beq.n	10005de4 <cdcd_xfer_cb+0x74>
10005d84:	78a3      	ldrb	r3, [r4, #2]
10005d86:	428b      	cmp	r3, r1
10005d88:	d009      	beq.n	10005d9e <cdcd_xfer_cb+0x2e>
10005d8a:	f04f 23e0 	mov.w	r3, #3758153728	@ 0xe000e000
10005d8e:	f8d3 3df0 	ldr.w	r3, [r3, #3568]	@ 0xdf0
10005d92:	07db      	lsls	r3, r3, #31
10005d94:	d424      	bmi.n	10005de0 <cdcd_xfer_cb+0x70>
10005d96:	2000      	movs	r0, #0
10005d98:	b002      	add	sp, #8
10005d9a:	e8bd 81f0 	ldmia.w	sp!, {r4, r5, r6, r7, r8, pc}
10005d9e:	4b2c      	ldr	r3, [pc, #176]	@ (10005e50 <cdcd_xfer_cb+0xe0>)
10005da0:	b113      	cbz	r3, 10005da8 <cdcd_xfer_cb+0x38>
10005da2:	2000      	movs	r0, #0
10005da4:	f3af 8000 	nop.w
10005da8:	2000      	movs	r0, #0
10005daa:	f7ff fe25 	bl	100059f8 <tud_cdc_n_write_flush>
10005dae:	2800      	cmp	r0, #0
10005db0:	d147      	bne.n	10005e42 <cdcd_xfer_cb+0xd2>
10005db2:	4828      	ldr	r0, [pc, #160]	@ (10005e54 <cdcd_xfer_cb+0xe4>)
10005db4:	f000 f964 	bl	10006080 <tu_fifo_count>
10005db8:	2800      	cmp	r0, #0
10005dba:	d142      	bne.n	10005e42 <cdcd_xfer_cb+0xd2>
10005dbc:	2e00      	cmp	r6, #0
10005dbe:	d040      	beq.n	10005e42 <cdcd_xfer_cb+0xd2>
10005dc0:	f016 053f 	ands.w	r5, r6, #63	@ 0x3f
10005dc4:	d13d      	bne.n	10005e42 <cdcd_xfer_cb+0xd2>
10005dc6:	4638      	mov	r0, r7
10005dc8:	78a1      	ldrb	r1, [r4, #2]
10005dca:	f7ff fbfd 	bl	100055c8 <usbd_edpt_claim>
10005dce:	2800      	cmp	r0, #0
10005dd0:	d037      	beq.n	10005e42 <cdcd_xfer_cb+0xd2>
10005dd2:	462b      	mov	r3, r5
10005dd4:	462a      	mov	r2, r5
10005dd6:	4638      	mov	r0, r7
10005dd8:	78a1      	ldrb	r1, [r4, #2]
10005dda:	f7ff fc19 	bl	10005610 <usbd_edpt_xfer>
10005dde:	e030      	b.n	10005e42 <cdcd_xfer_cb+0xd2>
10005de0:	be00      	bkpt	0x0000
10005de2:	e7d8      	b.n	10005d96 <cdcd_xfer_cb+0x26>
10005de4:	b29a      	uxth	r2, r3
10005de6:	491c      	ldr	r1, [pc, #112]	@ (10005e58 <cdcd_xfer_cb+0xe8>)
10005de8:	f104 0010 	add.w	r0, r4, #16
10005dec:	f000 fa86 	bl	100062fc <tu_fifo_write_n>
10005df0:	4b1a      	ldr	r3, [pc, #104]	@ (10005e5c <cdcd_xfer_cb+0xec>)
10005df2:	b1d3      	cbz	r3, 10005e2a <cdcd_xfer_cb+0xba>
10005df4:	7962      	ldrb	r2, [r4, #5]
10005df6:	2aff      	cmp	r2, #255	@ 0xff
10005df8:	d017      	beq.n	10005e2a <cdcd_xfer_cb+0xba>
10005dfa:	b1b6      	cbz	r6, 10005e2a <cdcd_xfer_cb+0xba>
10005dfc:	4b16      	ldr	r3, [pc, #88]	@ (10005e58 <cdcd_xfer_cb+0xe8>)
10005dfe:	eb03 0806 	add.w	r8, r3, r6
10005e02:	e002      	b.n	10005e0a <cdcd_xfer_cb+0x9a>
10005e04:	4543      	cmp	r3, r8
10005e06:	d010      	beq.n	10005e2a <cdcd_xfer_cb+0xba>
10005e08:	7962      	ldrb	r2, [r4, #5]
10005e0a:	f813 1b01 	ldrb.w	r1, [r3], #1
10005e0e:	4291      	cmp	r1, r2
10005e10:	d1f8      	bne.n	10005e04 <cdcd_xfer_cb+0x94>
10005e12:	4813      	ldr	r0, [pc, #76]	@ (10005e60 <cdcd_xfer_cb+0xf0>)
10005e14:	9301      	str	r3, [sp, #4]
10005e16:	f000 f943 	bl	100060a0 <tu_fifo_empty>
10005e1a:	9b01      	ldr	r3, [sp, #4]
10005e1c:	2800      	cmp	r0, #0
10005e1e:	d1f1      	bne.n	10005e04 <cdcd_xfer_cb+0x94>
10005e20:	7961      	ldrb	r1, [r4, #5]
10005e22:	f3af 8000 	nop.w
10005e26:	9b01      	ldr	r3, [sp, #4]
10005e28:	e7ec      	b.n	10005e04 <cdcd_xfer_cb+0x94>
10005e2a:	4b0e      	ldr	r3, [pc, #56]	@ (10005e64 <cdcd_xfer_cb+0xf4>)
10005e2c:	b11b      	cbz	r3, 10005e36 <cdcd_xfer_cb+0xc6>
10005e2e:	480c      	ldr	r0, [pc, #48]	@ (10005e60 <cdcd_xfer_cb+0xf0>)
10005e30:	f000 f936 	bl	100060a0 <tu_fifo_empty>
10005e34:	b138      	cbz	r0, 10005e46 <cdcd_xfer_cb+0xd6>
10005e36:	2000      	movs	r0, #0
10005e38:	f7ff fd38 	bl	100058ac <_prep_out_transaction.isra.0>
10005e3c:	78a3      	ldrb	r3, [r4, #2]
10005e3e:	42ab      	cmp	r3, r5
10005e40:	d0ad      	beq.n	10005d9e <cdcd_xfer_cb+0x2e>
10005e42:	2001      	movs	r0, #1
10005e44:	e7a8      	b.n	10005d98 <cdcd_xfer_cb+0x28>
10005e46:	f3af 8000 	nop.w
10005e4a:	e7f4      	b.n	10005e36 <cdcd_xfer_cb+0xc6>
10005e4c:	20002c18 	.word	0x20002c18
10005e50:	00000000 	.word	0x00000000
10005e54:	20002c3c 	.word	0x20002c3c
10005e58:	20029064 	.word	0x20029064
10005e5c:	00000000 	.word	0x00000000
10005e60:	20002c28 	.word	0x20002c28
10005e64:	00000000 	.word	0x00000000

10005e68 <tusb_rhport_init>:
10005e68:	b500      	push	{lr}
10005e6a:	b083      	sub	sp, #12
10005e6c:	b1d9      	cbz	r1, 10005ea6 <tusb_rhport_init+0x3e>
10005e6e:	2801      	cmp	r0, #1
10005e70:	d80e      	bhi.n	10005e90 <tusb_rhport_init+0x28>
10005e72:	780b      	ldrb	r3, [r1, #0]
10005e74:	b163      	cbz	r3, 10005e90 <tusb_rhport_init+0x28>
10005e76:	f8df c058 	ldr.w	ip, [pc, #88]	@ 10005ed0 <tusb_rhport_init+0x68>
10005e7a:	2b01      	cmp	r3, #1
10005e7c:	f80c 3000 	strb.w	r3, [ip, r0]
10005e80:	d002      	beq.n	10005e88 <tusb_rhport_init+0x20>
10005e82:	2001      	movs	r0, #1
10005e84:	b003      	add	sp, #12
10005e86:	bd00      	pop	{pc}
10005e88:	f7fe fee4 	bl	10004c54 <tud_rhport_init>
10005e8c:	2800      	cmp	r0, #0
10005e8e:	d1f8      	bne.n	10005e82 <tusb_rhport_init+0x1a>
10005e90:	f04f 23e0 	mov.w	r3, #3758153728	@ 0xe000e000
10005e94:	f8d3 3df0 	ldr.w	r3, [r3, #3568]	@ 0xdf0
10005e98:	07db      	lsls	r3, r3, #31
10005e9a:	d402      	bmi.n	10005ea2 <tusb_rhport_init+0x3a>
10005e9c:	2000      	movs	r0, #0
10005e9e:	b003      	add	sp, #12
10005ea0:	bd00      	pop	{pc}
10005ea2:	be00      	bkpt	0x0000
10005ea4:	e7fa      	b.n	10005e9c <tusb_rhport_init+0x34>
10005ea6:	2201      	movs	r2, #1
10005ea8:	4608      	mov	r0, r1
10005eaa:	a901      	add	r1, sp, #4
10005eac:	f8ad 2004 	strh.w	r2, [sp, #4]
10005eb0:	f7fe fed0 	bl	10004c54 <tud_rhport_init>
10005eb4:	2201      	movs	r2, #1
10005eb6:	b938      	cbnz	r0, 10005ec8 <tusb_rhport_init+0x60>
10005eb8:	f04f 23e0 	mov.w	r3, #3758153728	@ 0xe000e000
10005ebc:	f8d3 3df0 	ldr.w	r3, [r3, #3568]	@ 0xdf0
10005ec0:	07da      	lsls	r2, r3, #31
10005ec2:	d5ec      	bpl.n	10005e9e <tusb_rhport_init+0x36>
10005ec4:	be00      	bkpt	0x0000
10005ec6:	e7ea      	b.n	10005e9e <tusb_rhport_init+0x36>
10005ec8:	4b01      	ldr	r3, [pc, #4]	@ (10005ed0 <tusb_rhport_init+0x68>)
10005eca:	701a      	strb	r2, [r3, #0]
10005ecc:	e7e7      	b.n	10005e9e <tusb_rhport_init+0x36>
10005ece:	bf00      	nop
10005ed0:	2002915c 	.word	0x2002915c

10005ed4 <tu_edpt_claim>:
10005ed4:	7803      	ldrb	r3, [r0, #0]
10005ed6:	f013 0301 	ands.w	r3, r3, #1
10005eda:	d11e      	bne.n	10005f1a <tu_edpt_claim+0x46>
10005edc:	b530      	push	{r4, r5, lr}
10005ede:	4602      	mov	r2, r0
10005ee0:	7800      	ldrb	r0, [r0, #0]
10005ee2:	b083      	sub	sp, #12
10005ee4:	4604      	mov	r4, r0
10005ee6:	0740      	lsls	r0, r0, #29
10005ee8:	d502      	bpl.n	10005ef0 <tu_edpt_claim+0x1c>
10005eea:	4618      	mov	r0, r3
10005eec:	b003      	add	sp, #12
10005eee:	bd30      	pop	{r4, r5, pc}
10005ef0:	4608      	mov	r0, r1
10005ef2:	460d      	mov	r5, r1
10005ef4:	f04f 31ff 	mov.w	r1, #4294967295
10005ef8:	9201      	str	r2, [sp, #4]
10005efa:	f002 fbad 	bl	10008658 <__mutex_enter_timeout_ms_veneer>
10005efe:	9a01      	ldr	r2, [sp, #4]
10005f00:	7813      	ldrb	r3, [r2, #0]
10005f02:	f013 0301 	ands.w	r3, r3, #1
10005f06:	d10b      	bne.n	10005f20 <tu_edpt_claim+0x4c>
10005f08:	7811      	ldrb	r1, [r2, #0]
10005f0a:	0749      	lsls	r1, r1, #29
10005f0c:	d40a      	bmi.n	10005f24 <tu_edpt_claim+0x50>
10005f0e:	7811      	ldrb	r1, [r2, #0]
10005f10:	2301      	movs	r3, #1
10005f12:	f041 0104 	orr.w	r1, r1, #4
10005f16:	7011      	strb	r1, [r2, #0]
10005f18:	e004      	b.n	10005f24 <tu_edpt_claim+0x50>
10005f1a:	2300      	movs	r3, #0
10005f1c:	4618      	mov	r0, r3
10005f1e:	4770      	bx	lr
10005f20:	f3c4 0380 	ubfx	r3, r4, #2, #1
10005f24:	4628      	mov	r0, r5
10005f26:	9301      	str	r3, [sp, #4]
10005f28:	f002 fb7e 	bl	10008628 <__mutex_exit_veneer>
10005f2c:	9b01      	ldr	r3, [sp, #4]
10005f2e:	4618      	mov	r0, r3
10005f30:	b003      	add	sp, #12
10005f32:	bd30      	pop	{r4, r5, pc}

10005f34 <tu_edpt_release>:
10005f34:	b570      	push	{r4, r5, r6, lr}
10005f36:	460d      	mov	r5, r1
10005f38:	4604      	mov	r4, r0
10005f3a:	f04f 31ff 	mov.w	r1, #4294967295
10005f3e:	4628      	mov	r0, r5
10005f40:	f002 fb8a 	bl	10008658 <__mutex_enter_timeout_ms_veneer>
10005f44:	7823      	ldrb	r3, [r4, #0]
10005f46:	f3c3 0680 	ubfx	r6, r3, #2, #1
10005f4a:	075b      	lsls	r3, r3, #29
10005f4c:	d508      	bpl.n	10005f60 <tu_edpt_release+0x2c>
10005f4e:	7823      	ldrb	r3, [r4, #0]
10005f50:	f013 0301 	ands.w	r3, r3, #1
10005f54:	bf11      	iteee	ne
10005f56:	2600      	movne	r6, #0
10005f58:	7822      	ldrbeq	r2, [r4, #0]
10005f5a:	f363 0282 	bfieq	r2, r3, #2, #1
10005f5e:	7022      	strbeq	r2, [r4, #0]
10005f60:	4628      	mov	r0, r5
10005f62:	f002 fb61 	bl	10008628 <__mutex_exit_veneer>
10005f66:	4630      	mov	r0, r6
10005f68:	bd70      	pop	{r4, r5, r6, pc}
10005f6a:	bf00      	nop

10005f6c <tu_edpt_validate>:
10005f6c:	78c3      	ldrb	r3, [r0, #3]
10005f6e:	8882      	ldrh	r2, [r0, #4]
10005f70:	f003 0003 	and.w	r0, r3, #3
10005f74:	2802      	cmp	r0, #2
10005f76:	f3c2 020a 	ubfx	r2, r2, #0, #11
10005f7a:	d015      	beq.n	10005fa8 <tu_edpt_validate+0x3c>
10005f7c:	2803      	cmp	r0, #3
10005f7e:	d00a      	beq.n	10005f96 <tu_edpt_validate+0x2a>
10005f80:	2801      	cmp	r0, #1
10005f82:	d11c      	bne.n	10005fbe <tu_edpt_validate+0x52>
10005f84:	2902      	cmp	r1, #2
10005f86:	f240 33ff 	movw	r3, #1023	@ 0x3ff
10005f8a:	bf08      	it	eq
10005f8c:	f44f 6380 	moveq.w	r3, #1024	@ 0x400
10005f90:	4293      	cmp	r3, r2
10005f92:	d30d      	bcc.n	10005fb0 <tu_edpt_validate+0x44>
10005f94:	4770      	bx	lr
10005f96:	2902      	cmp	r1, #2
10005f98:	bf14      	ite	ne
10005f9a:	2340      	movne	r3, #64	@ 0x40
10005f9c:	f44f 6380 	moveq.w	r3, #1024	@ 0x400
10005fa0:	4293      	cmp	r3, r2
10005fa2:	d305      	bcc.n	10005fb0 <tu_edpt_validate+0x44>
10005fa4:	2001      	movs	r0, #1
10005fa6:	4770      	bx	lr
10005fa8:	2902      	cmp	r1, #2
10005faa:	d00a      	beq.n	10005fc2 <tu_edpt_validate+0x56>
10005fac:	2a40      	cmp	r2, #64	@ 0x40
10005fae:	d9f9      	bls.n	10005fa4 <tu_edpt_validate+0x38>
10005fb0:	f04f 23e0 	mov.w	r3, #3758153728	@ 0xe000e000
10005fb4:	f8d3 3df0 	ldr.w	r3, [r3, #3568]	@ 0xdf0
10005fb8:	07db      	lsls	r3, r3, #31
10005fba:	d500      	bpl.n	10005fbe <tu_edpt_validate+0x52>
10005fbc:	be00      	bkpt	0x0000
10005fbe:	2000      	movs	r0, #0
10005fc0:	4770      	bx	lr
10005fc2:	f5b2 7f00 	cmp.w	r2, #512	@ 0x200
10005fc6:	d0ed      	beq.n	10005fa4 <tu_edpt_validate+0x38>
10005fc8:	e7f2      	b.n	10005fb0 <tu_edpt_validate+0x44>
10005fca:	bf00      	nop

10005fcc <tu_edpt_bind_driver>:
10005fcc:	440a      	add	r2, r1
10005fce:	4291      	cmp	r1, r2
10005fd0:	d225      	bcs.n	1000601e <tu_edpt_bind_driver+0x52>
10005fd2:	f891 c001 	ldrb.w	ip, [r1, #1]
10005fd6:	f1bc 0f05 	cmp.w	ip, #5
10005fda:	d005      	beq.n	10005fe8 <tu_edpt_bind_driver+0x1c>
10005fdc:	f891 c000 	ldrb.w	ip, [r1]
10005fe0:	4461      	add	r1, ip
10005fe2:	428a      	cmp	r2, r1
10005fe4:	d8f5      	bhi.n	10005fd2 <tu_edpt_bind_driver+0x6>
10005fe6:	4770      	bx	lr
10005fe8:	b500      	push	{lr}
10005fea:	f891 c002 	ldrb.w	ip, [r1, #2]
10005fee:	f00c 0e7f 	and.w	lr, ip, #127	@ 0x7f
10005ff2:	eb00 0e4e 	add.w	lr, r0, lr, lsl #1
10005ff6:	ea4f 1cdc 	mov.w	ip, ip, lsr #7
10005ffa:	f80e 300c 	strb.w	r3, [lr, ip]
10005ffe:	f891 c000 	ldrb.w	ip, [r1]
10006002:	4461      	add	r1, ip
10006004:	428a      	cmp	r2, r1
10006006:	d909      	bls.n	1000601c <tu_edpt_bind_driver+0x50>
10006008:	f891 c001 	ldrb.w	ip, [r1, #1]
1000600c:	f1bc 0f05 	cmp.w	ip, #5
10006010:	d0eb      	beq.n	10005fea <tu_edpt_bind_driver+0x1e>
10006012:	f891 c000 	ldrb.w	ip, [r1]
10006016:	4461      	add	r1, ip
10006018:	428a      	cmp	r2, r1
1000601a:	d8f5      	bhi.n	10006008 <tu_edpt_bind_driver+0x3c>
1000601c:	bd00      	pop	{pc}
1000601e:	4770      	bx	lr

10006020 <tu_fifo_config>:
10006020:	e92d 41f0 	stmdb	sp!, {r4, r5, r6, r7, r8, lr}
10006024:	f5b2 4f00 	cmp.w	r2, #32768	@ 0x8000
10006028:	f89d 5018 	ldrb.w	r5, [sp, #24]
1000602c:	d824      	bhi.n	10006078 <tu_fifo_config+0x58>
1000602e:	4604      	mov	r4, r0
10006030:	68c0      	ldr	r0, [r0, #12]
10006032:	4698      	mov	r8, r3
10006034:	460f      	mov	r7, r1
10006036:	4616      	mov	r6, r2
10006038:	b118      	cbz	r0, 10006042 <tu_fifo_config+0x22>
1000603a:	f04f 31ff 	mov.w	r1, #4294967295
1000603e:	f002 fb0b 	bl	10008658 <__mutex_enter_timeout_ms_veneer>
10006042:	6920      	ldr	r0, [r4, #16]
10006044:	b118      	cbz	r0, 1000604e <tu_fifo_config+0x2e>
10006046:	f04f 31ff 	mov.w	r1, #4294967295
1000604a:	f002 fb05 	bl	10008658 <__mutex_enter_timeout_ms_veneer>
1000604e:	2200      	movs	r2, #0
10006050:	f3c8 030e 	ubfx	r3, r8, #0, #15
10006054:	68e0      	ldr	r0, [r4, #12]
10006056:	ea43 33c5 	orr.w	r3, r3, r5, lsl #15
1000605a:	8162      	strh	r2, [r4, #10]
1000605c:	6027      	str	r7, [r4, #0]
1000605e:	80a6      	strh	r6, [r4, #4]
10006060:	80e3      	strh	r3, [r4, #6]
10006062:	8122      	strh	r2, [r4, #8]
10006064:	b108      	cbz	r0, 1000606a <tu_fifo_config+0x4a>
10006066:	f002 fadf 	bl	10008628 <__mutex_exit_veneer>
1000606a:	6920      	ldr	r0, [r4, #16]
1000606c:	b108      	cbz	r0, 10006072 <tu_fifo_config+0x52>
1000606e:	f002 fadb 	bl	10008628 <__mutex_exit_veneer>
10006072:	2001      	movs	r0, #1
10006074:	e8bd 81f0 	ldmia.w	sp!, {r4, r5, r6, r7, r8, pc}
10006078:	2000      	movs	r0, #0
1000607a:	e8bd 81f0 	ldmia.w	sp!, {r4, r5, r6, r7, r8, pc}
1000607e:	bf00      	nop

10006080 <tu_fifo_count>:
10006080:	8903      	ldrh	r3, [r0, #8]
10006082:	8942      	ldrh	r2, [r0, #10]
10006084:	b29b      	uxth	r3, r3
10006086:	b292      	uxth	r2, r2
10006088:	8880      	ldrh	r0, [r0, #4]
1000608a:	4293      	cmp	r3, r2
1000608c:	bf36      	itet	cc
1000608e:	ebc2 0240 	rsbcc	r2, r2, r0, lsl #1
10006092:	1a9b      	subcs	r3, r3, r2
10006094:	189b      	addcc	r3, r3, r2
10006096:	b29b      	uxth	r3, r3
10006098:	4298      	cmp	r0, r3
1000609a:	bf28      	it	cs
1000609c:	4618      	movcs	r0, r3
1000609e:	4770      	bx	lr

100060a0 <tu_fifo_empty>:
100060a0:	8902      	ldrh	r2, [r0, #8]
100060a2:	8943      	ldrh	r3, [r0, #10]
100060a4:	b290      	uxth	r0, r2
100060a6:	b29b      	uxth	r3, r3
100060a8:	1ac0      	subs	r0, r0, r3
100060aa:	fab0 f080 	clz	r0, r0
100060ae:	0940      	lsrs	r0, r0, #5
100060b0:	4770      	bx	lr
100060b2:	bf00      	nop

100060b4 <tu_fifo_remaining>:
100060b4:	8903      	ldrh	r3, [r0, #8]
100060b6:	8942      	ldrh	r2, [r0, #10]
100060b8:	b29b      	uxth	r3, r3
100060ba:	8880      	ldrh	r0, [r0, #4]
100060bc:	b292      	uxth	r2, r2
100060be:	4293      	cmp	r3, r2
100060c0:	bf36      	itet	cc
100060c2:	ebc2 0240 	rsbcc	r2, r2, r0, lsl #1
100060c6:	1a9b      	subcs	r3, r3, r2
100060c8:	189b      	addcc	r3, r3, r2
100060ca:	b29b      	uxth	r3, r3
100060cc:	4298      	cmp	r0, r3
100060ce:	bf86      	itte	hi
100060d0:	1ac0      	subhi	r0, r0, r3
100060d2:	b280      	uxthhi	r0, r0
100060d4:	2000      	movls	r0, #0
100060d6:	4770      	bx	lr

100060d8 <tu_fifo_read>:
100060d8:	b530      	push	{r4, r5, lr}
100060da:	4604      	mov	r4, r0
100060dc:	6900      	ldr	r0, [r0, #16]
100060de:	460d      	mov	r5, r1
100060e0:	b083      	sub	sp, #12
100060e2:	b118      	cbz	r0, 100060ec <tu_fifo_read+0x14>
100060e4:	f04f 31ff 	mov.w	r1, #4294967295
100060e8:	f002 fab6 	bl	10008658 <__mutex_enter_timeout_ms_veneer>
100060ec:	8922      	ldrh	r2, [r4, #8]
100060ee:	8961      	ldrh	r1, [r4, #10]
100060f0:	b292      	uxth	r2, r2
100060f2:	b289      	uxth	r1, r1
100060f4:	88a3      	ldrh	r3, [r4, #4]
100060f6:	428a      	cmp	r2, r1
100060f8:	bf36      	itet	cc
100060fa:	ebc1 0043 	rsbcc	r0, r1, r3, lsl #1
100060fe:	1a50      	subcs	r0, r2, r1
10006100:	1880      	addcc	r0, r0, r2
10006102:	b280      	uxth	r0, r0
10006104:	b368      	cbz	r0, 10006162 <tu_fifo_read+0x8a>
10006106:	4283      	cmp	r3, r0
10006108:	d209      	bcs.n	1000611e <tu_fifo_read+0x46>
1000610a:	429a      	cmp	r2, r3
1000610c:	bf2c      	ite	cs
1000610e:	1ad2      	subcs	r2, r2, r3
10006110:	18d2      	addcc	r2, r2, r3
10006112:	b291      	uxth	r1, r2
10006114:	428b      	cmp	r3, r1
10006116:	8161      	strh	r1, [r4, #10]
10006118:	d803      	bhi.n	10006122 <tu_fifo_read+0x4a>
1000611a:	1ac9      	subs	r1, r1, r3
1000611c:	b289      	uxth	r1, r1
1000611e:	428b      	cmp	r3, r1
10006120:	d9fb      	bls.n	1000611a <tu_fifo_read+0x42>
10006122:	88e2      	ldrh	r2, [r4, #6]
10006124:	6823      	ldr	r3, [r4, #0]
10006126:	f3c2 020e 	ubfx	r2, r2, #0, #15
1000612a:	fb02 3101 	mla	r1, r2, r1, r3
1000612e:	4628      	mov	r0, r5
10006130:	f002 fa86 	bl	10008640 <__memcpy_veneer>
10006134:	8962      	ldrh	r2, [r4, #10]
10006136:	88a3      	ldrh	r3, [r4, #4]
10006138:	b292      	uxth	r2, r2
1000613a:	1c51      	adds	r1, r2, #1
1000613c:	b289      	uxth	r1, r1
1000613e:	428a      	cmp	r2, r1
10006140:	f04f 0201 	mov.w	r2, #1
10006144:	d910      	bls.n	10006168 <tu_fifo_read+0x90>
10006146:	2100      	movs	r1, #0
10006148:	fa03 f002 	lsl.w	r0, r3, r2
1000614c:	1a09      	subs	r1, r1, r0
1000614e:	6920      	ldr	r0, [r4, #16]
10006150:	8161      	strh	r1, [r4, #10]
10006152:	b118      	cbz	r0, 1000615c <tu_fifo_read+0x84>
10006154:	9201      	str	r2, [sp, #4]
10006156:	f002 fa67 	bl	10008628 <__mutex_exit_veneer>
1000615a:	9a01      	ldr	r2, [sp, #4]
1000615c:	4610      	mov	r0, r2
1000615e:	b003      	add	sp, #12
10006160:	bd30      	pop	{r4, r5, pc}
10006162:	4602      	mov	r2, r0
10006164:	8961      	ldrh	r1, [r4, #10]
10006166:	b289      	uxth	r1, r1
10006168:	ebb1 0f43 	cmp.w	r1, r3, lsl #1
1000616c:	ea4f 0043 	mov.w	r0, r3, lsl #1
10006170:	dbed      	blt.n	1000614e <tu_fifo_read+0x76>
10006172:	e7eb      	b.n	1000614c <tu_fifo_read+0x74>

10006174 <tu_fifo_read_n>:
10006174:	e92d 41f0 	stmdb	sp!, {r4, r5, r6, r7, r8, lr}
10006178:	4605      	mov	r5, r0
1000617a:	6900      	ldr	r0, [r0, #16]
1000617c:	4688      	mov	r8, r1
1000617e:	b082      	sub	sp, #8
10006180:	b128      	cbz	r0, 1000618e <tu_fifo_read_n+0x1a>
10006182:	f04f 31ff 	mov.w	r1, #4294967295
10006186:	9200      	str	r2, [sp, #0]
10006188:	f002 fa66 	bl	10008658 <__mutex_enter_timeout_ms_veneer>
1000618c:	9a00      	ldr	r2, [sp, #0]
1000618e:	8929      	ldrh	r1, [r5, #8]
10006190:	896b      	ldrh	r3, [r5, #10]
10006192:	b289      	uxth	r1, r1
10006194:	b29b      	uxth	r3, r3
10006196:	88ac      	ldrh	r4, [r5, #4]
10006198:	4299      	cmp	r1, r3
1000619a:	bf36      	itet	cc
1000619c:	ebc3 0644 	rsbcc	r6, r3, r4, lsl #1
100061a0:	1ace      	subcs	r6, r1, r3
100061a2:	1876      	addcc	r6, r6, r1
100061a4:	b2b6      	uxth	r6, r6
100061a6:	2e00      	cmp	r6, #0
100061a8:	d04b      	beq.n	10006242 <tu_fifo_read_n+0xce>
100061aa:	42b4      	cmp	r4, r6
100061ac:	d341      	bcc.n	10006232 <tu_fifo_read_n+0xbe>
100061ae:	42b2      	cmp	r2, r6
100061b0:	bf28      	it	cs
100061b2:	4632      	movcs	r2, r6
100061b4:	429c      	cmp	r4, r3
100061b6:	b296      	uxth	r6, r2
100061b8:	d803      	bhi.n	100061c2 <tu_fifo_read_n+0x4e>
100061ba:	1b1b      	subs	r3, r3, r4
100061bc:	b29b      	uxth	r3, r3
100061be:	429c      	cmp	r4, r3
100061c0:	d9fb      	bls.n	100061ba <tu_fifo_read_n+0x46>
100061c2:	f8b5 c006 	ldrh.w	ip, [r5, #6]
100061c6:	1ae0      	subs	r0, r4, r3
100061c8:	6829      	ldr	r1, [r5, #0]
100061ca:	b280      	uxth	r0, r0
100061cc:	f3cc 020e 	ubfx	r2, ip, #0, #15
100061d0:	4286      	cmp	r6, r0
100061d2:	4617      	mov	r7, r2
100061d4:	fb02 1103 	mla	r1, r2, r3, r1
100061d8:	d925      	bls.n	10006226 <tu_fifo_read_n+0xb2>
100061da:	fb10 f202 	smulbb	r2, r0, r2
100061de:	4640      	mov	r0, r8
100061e0:	b292      	uxth	r2, r2
100061e2:	9301      	str	r3, [sp, #4]
100061e4:	9200      	str	r2, [sp, #0]
100061e6:	f002 fa2b 	bl	10008640 <__memcpy_veneer>
100061ea:	9b01      	ldr	r3, [sp, #4]
100061ec:	9a00      	ldr	r2, [sp, #0]
100061ee:	1b34      	subs	r4, r6, r4
100061f0:	4423      	add	r3, r4
100061f2:	eb08 0002 	add.w	r0, r8, r2
100061f6:	fb13 f207 	smulbb	r2, r3, r7
100061fa:	6829      	ldr	r1, [r5, #0]
100061fc:	b292      	uxth	r2, r2
100061fe:	f002 fa1f 	bl	10008640 <__memcpy_veneer>
10006202:	896a      	ldrh	r2, [r5, #10]
10006204:	88ac      	ldrh	r4, [r5, #4]
10006206:	b292      	uxth	r2, r2
10006208:	1993      	adds	r3, r2, r6
1000620a:	b29b      	uxth	r3, r3
1000620c:	429a      	cmp	r2, r3
1000620e:	d91a      	bls.n	10006246 <tu_fifo_read_n+0xd2>
10006210:	0062      	lsls	r2, r4, #1
10006212:	1a9b      	subs	r3, r3, r2
10006214:	6928      	ldr	r0, [r5, #16]
10006216:	816b      	strh	r3, [r5, #10]
10006218:	b108      	cbz	r0, 1000621e <tu_fifo_read_n+0xaa>
1000621a:	f002 fa05 	bl	10008628 <__mutex_exit_veneer>
1000621e:	4630      	mov	r0, r6
10006220:	b002      	add	sp, #8
10006222:	e8bd 81f0 	ldmia.w	sp!, {r4, r5, r6, r7, r8, pc}
10006226:	4640      	mov	r0, r8
10006228:	fb06 f202 	mul.w	r2, r6, r2
1000622c:	f002 fa08 	bl	10008640 <__memcpy_veneer>
10006230:	e7e7      	b.n	10006202 <tu_fifo_read_n+0x8e>
10006232:	42a1      	cmp	r1, r4
10006234:	bf2c      	ite	cs
10006236:	1b09      	subcs	r1, r1, r4
10006238:	1909      	addcc	r1, r1, r4
1000623a:	b28b      	uxth	r3, r1
1000623c:	4626      	mov	r6, r4
1000623e:	816b      	strh	r3, [r5, #10]
10006240:	e7b5      	b.n	100061ae <tu_fifo_read_n+0x3a>
10006242:	896b      	ldrh	r3, [r5, #10]
10006244:	b29b      	uxth	r3, r3
10006246:	ebb3 0f44 	cmp.w	r3, r4, lsl #1
1000624a:	ea4f 0244 	mov.w	r2, r4, lsl #1
1000624e:	dbe1      	blt.n	10006214 <tu_fifo_read_n+0xa0>
10006250:	e7df      	b.n	10006212 <tu_fifo_read_n+0x9e>
10006252:	bf00      	nop

10006254 <tu_fifo_write>:
10006254:	b570      	push	{r4, r5, r6, lr}
10006256:	4604      	mov	r4, r0
10006258:	68c0      	ldr	r0, [r0, #12]
1000625a:	460e      	mov	r6, r1
1000625c:	b082      	sub	sp, #8
1000625e:	b118      	cbz	r0, 10006268 <tu_fifo_write+0x14>
10006260:	f04f 31ff 	mov.w	r1, #4294967295
10006264:	f002 f9f8 	bl	10008658 <__mutex_enter_timeout_ms_veneer>
10006268:	8925      	ldrh	r5, [r4, #8]
1000626a:	8923      	ldrh	r3, [r4, #8]
1000626c:	8961      	ldrh	r1, [r4, #10]
1000626e:	b29b      	uxth	r3, r3
10006270:	b289      	uxth	r1, r1
10006272:	88a2      	ldrh	r2, [r4, #4]
10006274:	428b      	cmp	r3, r1
10006276:	bf36      	itet	cc
10006278:	ebc1 0142 	rsbcc	r1, r1, r2, lsl #1
1000627c:	1a5b      	subcs	r3, r3, r1
1000627e:	185b      	addcc	r3, r3, r1
10006280:	b29b      	uxth	r3, r3
10006282:	429a      	cmp	r2, r3
10006284:	b2ad      	uxth	r5, r5
10006286:	d80b      	bhi.n	100062a0 <tu_fifo_write+0x4c>
10006288:	79e1      	ldrb	r1, [r4, #7]
1000628a:	09c9      	lsrs	r1, r1, #7
1000628c:	d108      	bne.n	100062a0 <tu_fifo_write+0x4c>
1000628e:	68e0      	ldr	r0, [r4, #12]
10006290:	b118      	cbz	r0, 1000629a <tu_fifo_write+0x46>
10006292:	9101      	str	r1, [sp, #4]
10006294:	f002 f9c8 	bl	10008628 <__mutex_exit_veneer>
10006298:	9901      	ldr	r1, [sp, #4]
1000629a:	4608      	mov	r0, r1
1000629c:	b002      	add	sp, #8
1000629e:	bd70      	pop	{r4, r5, r6, pc}
100062a0:	4295      	cmp	r5, r2
100062a2:	bf28      	it	cs
100062a4:	462b      	movcs	r3, r5
100062a6:	d317      	bcc.n	100062d8 <tu_fifo_write+0x84>
100062a8:	1a9b      	subs	r3, r3, r2
100062aa:	b29b      	uxth	r3, r3
100062ac:	4293      	cmp	r3, r2
100062ae:	d2fb      	bcs.n	100062a8 <tu_fifo_write+0x54>
100062b0:	88e2      	ldrh	r2, [r4, #6]
100062b2:	6820      	ldr	r0, [r4, #0]
100062b4:	f3c2 020e 	ubfx	r2, r2, #0, #15
100062b8:	fb02 0003 	mla	r0, r2, r3, r0
100062bc:	4631      	mov	r1, r6
100062be:	f002 f9bf 	bl	10008640 <__memcpy_veneer>
100062c2:	1c6b      	adds	r3, r5, #1
100062c4:	b29b      	uxth	r3, r3
100062c6:	429d      	cmp	r5, r3
100062c8:	88a2      	ldrh	r2, [r4, #4]
100062ca:	d911      	bls.n	100062f0 <tu_fifo_write+0x9c>
100062cc:	2300      	movs	r3, #0
100062ce:	0051      	lsls	r1, r2, #1
100062d0:	1a5b      	subs	r3, r3, r1
100062d2:	2101      	movs	r1, #1
100062d4:	8123      	strh	r3, [r4, #8]
100062d6:	e7da      	b.n	1000628e <tu_fifo_write+0x3a>
100062d8:	88e2      	ldrh	r2, [r4, #6]
100062da:	6820      	ldr	r0, [r4, #0]
100062dc:	f3c2 020e 	ubfx	r2, r2, #0, #15
100062e0:	fb05 0002 	mla	r0, r5, r2, r0
100062e4:	4631      	mov	r1, r6
100062e6:	f002 f9ab 	bl	10008640 <__memcpy_veneer>
100062ea:	3501      	adds	r5, #1
100062ec:	88a2      	ldrh	r2, [r4, #4]
100062ee:	b2ab      	uxth	r3, r5
100062f0:	ebb3 0f42 	cmp.w	r3, r2, lsl #1
100062f4:	ea4f 0142 	mov.w	r1, r2, lsl #1
100062f8:	dbeb      	blt.n	100062d2 <tu_fifo_write+0x7e>
100062fa:	e7e9      	b.n	100062d0 <tu_fifo_write+0x7c>

100062fc <tu_fifo_write_n>:
100062fc:	e92d 47f0 	stmdb	sp!, {r4, r5, r6, r7, r8, r9, sl, lr}
10006300:	4615      	mov	r5, r2
10006302:	b082      	sub	sp, #8
10006304:	2a00      	cmp	r2, #0
10006306:	d04a      	beq.n	1000639e <tu_fifo_write_n+0xa2>
10006308:	4604      	mov	r4, r0
1000630a:	68c0      	ldr	r0, [r0, #12]
1000630c:	4688      	mov	r8, r1
1000630e:	b118      	cbz	r0, 10006318 <tu_fifo_write_n+0x1c>
10006310:	f04f 31ff 	mov.w	r1, #4294967295
10006314:	f002 f9a0 	bl	10008658 <__mutex_enter_timeout_ms_veneer>
10006318:	79e1      	ldrb	r1, [r4, #7]
1000631a:	8926      	ldrh	r6, [r4, #8]
1000631c:	8963      	ldrh	r3, [r4, #10]
1000631e:	09c9      	lsrs	r1, r1, #7
10006320:	88a2      	ldrh	r2, [r4, #4]
10006322:	b2b6      	uxth	r6, r6
10006324:	b29b      	uxth	r3, r3
10006326:	d13e      	bne.n	100063a6 <tu_fifo_write_n+0xaa>
10006328:	429e      	cmp	r6, r3
1000632a:	bf36      	itet	cc
1000632c:	ebc3 0342 	rsbcc	r3, r3, r2, lsl #1
10006330:	1af3      	subcs	r3, r6, r3
10006332:	199b      	addcc	r3, r3, r6
10006334:	b29b      	uxth	r3, r3
10006336:	4293      	cmp	r3, r2
10006338:	d253      	bcs.n	100063e2 <tu_fifo_write_n+0xe6>
1000633a:	1ad3      	subs	r3, r2, r3
1000633c:	b29b      	uxth	r3, r3
1000633e:	42ab      	cmp	r3, r5
10006340:	bf28      	it	cs
10006342:	462b      	movcs	r3, r5
10006344:	b29d      	uxth	r5, r3
10006346:	1973      	adds	r3, r6, r5
10006348:	f8b4 c006 	ldrh.w	ip, [r4, #6]
1000634c:	fa1f f983 	uxth.w	r9, r3
10006350:	eba5 0a02 	sub.w	sl, r5, r2
10006354:	4296      	cmp	r6, r2
10006356:	4633      	mov	r3, r6
10006358:	d303      	bcc.n	10006362 <tu_fifo_write_n+0x66>
1000635a:	1a9b      	subs	r3, r3, r2
1000635c:	b29b      	uxth	r3, r3
1000635e:	4293      	cmp	r3, r2
10006360:	d2fb      	bcs.n	1000635a <tu_fifo_write_n+0x5e>
10006362:	1ad2      	subs	r2, r2, r3
10006364:	b291      	uxth	r1, r2
10006366:	6820      	ldr	r0, [r4, #0]
10006368:	f3cc 020e 	ubfx	r2, ip, #0, #15
1000636c:	42a9      	cmp	r1, r5
1000636e:	4617      	mov	r7, r2
10006370:	fb02 0003 	mla	r0, r2, r3, r0
10006374:	d352      	bcc.n	1000641c <tu_fifo_write_n+0x120>
10006376:	4641      	mov	r1, r8
10006378:	fb05 f202 	mul.w	r2, r5, r2
1000637c:	f002 f960 	bl	10008640 <__memcpy_veneer>
10006380:	88a3      	ldrh	r3, [r4, #4]
10006382:	454e      	cmp	r6, r9
10006384:	ea4f 0243 	mov.w	r2, r3, lsl #1
10006388:	d802      	bhi.n	10006390 <tu_fifo_write_n+0x94>
1000638a:	ebb9 0f43 	cmp.w	r9, r3, lsl #1
1000638e:	db01      	blt.n	10006394 <tu_fifo_write_n+0x98>
10006390:	eba9 0902 	sub.w	r9, r9, r2
10006394:	68e0      	ldr	r0, [r4, #12]
10006396:	462a      	mov	r2, r5
10006398:	f8a4 9008 	strh.w	r9, [r4, #8]
1000639c:	bb28      	cbnz	r0, 100063ea <tu_fifo_write_n+0xee>
1000639e:	4610      	mov	r0, r2
100063a0:	b002      	add	sp, #8
100063a2:	e8bd 87f0 	ldmia.w	sp!, {r4, r5, r6, r7, r8, r9, sl, pc}
100063a6:	4295      	cmp	r5, r2
100063a8:	d227      	bcs.n	100063fa <tu_fifo_write_n+0xfe>
100063aa:	429e      	cmp	r6, r3
100063ac:	bf36      	itet	cc
100063ae:	ebc3 0142 	rsbcc	r1, r3, r2, lsl #1
100063b2:	1af1      	subcs	r1, r6, r3
100063b4:	1989      	addcc	r1, r1, r6
100063b6:	b289      	uxth	r1, r1
100063b8:	0050      	lsls	r0, r2, #1
100063ba:	4429      	add	r1, r5
100063bc:	1aaf      	subs	r7, r5, r2
100063be:	4281      	cmp	r1, r0
100063c0:	46ba      	mov	sl, r7
100063c2:	db08      	blt.n	100063d6 <tu_fifo_write_n+0xda>
100063c4:	1899      	adds	r1, r3, r2
100063c6:	b289      	uxth	r1, r1
100063c8:	1b4e      	subs	r6, r1, r5
100063ca:	b2b6      	uxth	r6, r6
100063cc:	42b3      	cmp	r3, r6
100063ce:	4689      	mov	r9, r1
100063d0:	d938      	bls.n	10006444 <tu_fifo_write_n+0x148>
100063d2:	1a30      	subs	r0, r6, r0
100063d4:	b286      	uxth	r6, r0
100063d6:	19ab      	adds	r3, r5, r6
100063d8:	fa1f f983 	uxth.w	r9, r3
100063dc:	f8b4 c006 	ldrh.w	ip, [r4, #6]
100063e0:	e7b8      	b.n	10006354 <tu_fifo_write_n+0x58>
100063e2:	2200      	movs	r2, #0
100063e4:	68e0      	ldr	r0, [r4, #12]
100063e6:	2800      	cmp	r0, #0
100063e8:	d0d9      	beq.n	1000639e <tu_fifo_write_n+0xa2>
100063ea:	9200      	str	r2, [sp, #0]
100063ec:	f002 f91c 	bl	10008628 <__mutex_exit_veneer>
100063f0:	9a00      	ldr	r2, [sp, #0]
100063f2:	4610      	mov	r0, r2
100063f4:	b002      	add	sp, #8
100063f6:	e8bd 87f0 	ldmia.w	sp!, {r4, r5, r6, r7, r8, r9, sl, pc}
100063fa:	2a00      	cmp	r2, #0
100063fc:	d0f2      	beq.n	100063e4 <tu_fifo_write_n+0xe8>
100063fe:	f8b4 c006 	ldrh.w	ip, [r4, #6]
10006402:	1aad      	subs	r5, r5, r2
10006404:	1899      	adds	r1, r3, r2
10006406:	461e      	mov	r6, r3
10006408:	f3cc 030e 	ubfx	r3, ip, #0, #15
1000640c:	fb03 8805 	mla	r8, r3, r5, r8
10006410:	f04f 0a00 	mov.w	sl, #0
10006414:	4615      	mov	r5, r2
10006416:	fa1f f981 	uxth.w	r9, r1
1000641a:	e79b      	b.n	10006354 <tu_fifo_write_n+0x58>
1000641c:	fb11 f202 	smulbb	r2, r1, r2
10006420:	4641      	mov	r1, r8
10006422:	b292      	uxth	r2, r2
10006424:	9301      	str	r3, [sp, #4]
10006426:	9200      	str	r2, [sp, #0]
10006428:	f002 f90a 	bl	10008640 <__memcpy_veneer>
1000642c:	9b01      	ldr	r3, [sp, #4]
1000642e:	9a00      	ldr	r2, [sp, #0]
10006430:	4453      	add	r3, sl
10006432:	fb13 f307 	smulbb	r3, r3, r7
10006436:	eb08 0102 	add.w	r1, r8, r2
1000643a:	6820      	ldr	r0, [r4, #0]
1000643c:	b29a      	uxth	r2, r3
1000643e:	f002 f8ff 	bl	10008640 <__memcpy_veneer>
10006442:	e79d      	b.n	10006380 <tu_fifo_write_n+0x84>
10006444:	42b0      	cmp	r0, r6
10006446:	ddc4      	ble.n	100063d2 <tu_fifo_write_n+0xd6>
10006448:	e7c8      	b.n	100063dc <tu_fifo_write_n+0xe0>
1000644a:	bf00      	nop

1000644c <tu_fifo_clear>:
1000644c:	b510      	push	{r4, lr}
1000644e:	4604      	mov	r4, r0
10006450:	68c0      	ldr	r0, [r0, #12]
10006452:	b118      	cbz	r0, 1000645c <tu_fifo_clear+0x10>
10006454:	f04f 31ff 	mov.w	r1, #4294967295
10006458:	f002 f8fe 	bl	10008658 <__mutex_enter_timeout_ms_veneer>
1000645c:	6920      	ldr	r0, [r4, #16]
1000645e:	b118      	cbz	r0, 10006468 <tu_fifo_clear+0x1c>
10006460:	f04f 31ff 	mov.w	r1, #4294967295
10006464:	f002 f8f8 	bl	10008658 <__mutex_enter_timeout_ms_veneer>
10006468:	2300      	movs	r3, #0
1000646a:	68e0      	ldr	r0, [r4, #12]
1000646c:	8163      	strh	r3, [r4, #10]
1000646e:	8123      	strh	r3, [r4, #8]
10006470:	b108      	cbz	r0, 10006476 <tu_fifo_clear+0x2a>
10006472:	f002 f8d9 	bl	10008628 <__mutex_exit_veneer>
10006476:	6920      	ldr	r0, [r4, #16]
10006478:	b108      	cbz	r0, 1000647e <tu_fifo_clear+0x32>
1000647a:	f002 f8d5 	bl	10008628 <__mutex_exit_veneer>
1000647e:	2001      	movs	r0, #1
10006480:	bd10      	pop	{r4, pc}
10006482:	bf00      	nop

10006484 <tu_fifo_set_overwritable>:
10006484:	b538      	push	{r3, r4, r5, lr}
10006486:	4604      	mov	r4, r0
10006488:	68c0      	ldr	r0, [r0, #12]
1000648a:	460d      	mov	r5, r1
1000648c:	b118      	cbz	r0, 10006496 <tu_fifo_set_overwritable+0x12>
1000648e:	f04f 31ff 	mov.w	r1, #4294967295
10006492:	f002 f8e1 	bl	10008658 <__mutex_enter_timeout_ms_veneer>
10006496:	6920      	ldr	r0, [r4, #16]
10006498:	b118      	cbz	r0, 100064a2 <tu_fifo_set_overwritable+0x1e>
1000649a:	f04f 31ff 	mov.w	r1, #4294967295
1000649e:	f002 f8db 	bl	10008658 <__mutex_enter_timeout_ms_veneer>
100064a2:	79e3      	ldrb	r3, [r4, #7]
100064a4:	68e0      	ldr	r0, [r4, #12]
100064a6:	f365 13c7 	bfi	r3, r5, #7, #1
100064aa:	71e3      	strb	r3, [r4, #7]
100064ac:	b108      	cbz	r0, 100064b2 <tu_fifo_set_overwritable+0x2e>
100064ae:	f002 f8bb 	bl	10008628 <__mutex_exit_veneer>
100064b2:	6920      	ldr	r0, [r4, #16]
100064b4:	b108      	cbz	r0, 100064ba <tu_fifo_set_overwritable+0x36>
100064b6:	f002 f8b7 	bl	10008628 <__mutex_exit_veneer>
100064ba:	2001      	movs	r0, #1
100064bc:	bd38      	pop	{r3, r4, r5, pc}
100064be:	bf00      	nop

100064c0 <runtime_init_per_core_tls_setup>:
100064c0:	2200      	movs	r2, #0
100064c2:	4b01      	ldr	r3, [pc, #4]	@ (100064c8 <runtime_init_per_core_tls_setup+0x8>)
100064c4:	605a      	str	r2, [r3, #4]
100064c6:	4770      	bx	lr
100064c8:	20029058 	.word	0x20029058

100064cc <pio_sm_claim>:
100064cc:	f100 402f 	add.w	r0, r0, #2936012800	@ 0xaf000000
100064d0:	f500 0060 	add.w	r0, r0, #14680064	@ 0xe00000
100064d4:	0d03      	lsrs	r3, r0, #20
100064d6:	2b02      	cmp	r3, #2
100064d8:	d00d      	beq.n	100064f6 <pio_sm_claim+0x2a>
100064da:	2b01      	cmp	r3, #1
100064dc:	d005      	beq.n	100064ea <pio_sm_claim+0x1e>
100064de:	4a09      	ldr	r2, [pc, #36]	@ (10006504 <pio_sm_claim+0x38>)
100064e0:	4809      	ldr	r0, [pc, #36]	@ (10006508 <pio_sm_claim+0x3c>)
100064e2:	eb01 0183 	add.w	r1, r1, r3, lsl #2
100064e6:	f7f9 bfa5 	b.w	10000434 <hw_claim_or_assert>
100064ea:	4a08      	ldr	r2, [pc, #32]	@ (1000650c <pio_sm_claim+0x40>)
100064ec:	4806      	ldr	r0, [pc, #24]	@ (10006508 <pio_sm_claim+0x3c>)
100064ee:	eb01 0183 	add.w	r1, r1, r3, lsl #2
100064f2:	f7f9 bf9f 	b.w	10000434 <hw_claim_or_assert>
100064f6:	4a06      	ldr	r2, [pc, #24]	@ (10006510 <pio_sm_claim+0x44>)
100064f8:	4803      	ldr	r0, [pc, #12]	@ (10006508 <pio_sm_claim+0x3c>)
100064fa:	eb01 0183 	add.w	r1, r1, r3, lsl #2
100064fe:	f7f9 bf99 	b.w	10000434 <hw_claim_or_assert>
10006502:	bf00      	nop
10006504:	10008940 	.word	0x10008940
10006508:	2002b2a8 	.word	0x2002b2a8
1000650c:	10008980 	.word	0x10008980
10006510:	1000895c 	.word	0x1000895c

10006514 <pio_set_gpio_base>:
10006514:	2000      	movs	r0, #0
10006516:	4770      	bx	lr

10006518 <pio_add_program>:
10006518:	e92d 47f0 	stmdb	sp!, {r4, r5, r6, r7, r8, r9, sl, lr}
1000651c:	4688      	mov	r8, r1
1000651e:	4605      	mov	r5, r0
10006520:	f7f9 ff6c 	bl	100003fc <hw_claim_lock>
10006524:	2201      	movs	r2, #1
10006526:	f898 c004 	ldrb.w	ip, [r8, #4]
1000652a:	f998 4005 	ldrsb.w	r4, [r8, #5]
1000652e:	f105 4e2f 	add.w	lr, r5, #2936012800	@ 0xaf000000
10006532:	4f31      	ldr	r7, [pc, #196]	@ (100065f8 <pio_add_program+0xe0>)
10006534:	f50e 0e60 	add.w	lr, lr, #14680064	@ 0xe00000
10006538:	fa02 f20c 	lsl.w	r2, r2, ip
1000653c:	ea4f 5e1e 	mov.w	lr, lr, lsr #20
10006540:	2c00      	cmp	r4, #0
10006542:	4681      	mov	r9, r0
10006544:	f857 602e 	ldr.w	r6, [r7, lr, lsl #2]
10006548:	f102 32ff 	add.w	r2, r2, #4294967295
1000654c:	f1cc 0320 	rsb	r3, ip, #32
10006550:	db37      	blt.n	100065c2 <pio_add_program+0xaa>
10006552:	429c      	cmp	r4, r3
10006554:	4620      	mov	r0, r4
10006556:	d82c      	bhi.n	100065b2 <pio_add_program+0x9a>
10006558:	fa02 f304 	lsl.w	r3, r2, r4
1000655c:	4233      	tst	r3, r6
1000655e:	d128      	bne.n	100065b2 <pio_add_program+0x9a>
10006560:	f898 3007 	ldrb.w	r3, [r8, #7]
10006564:	075b      	lsls	r3, r3, #29
10006566:	d437      	bmi.n	100065d8 <pio_add_program+0xc0>
10006568:	fa02 f300 	lsl.w	r3, r2, r0
1000656c:	421e      	tst	r6, r3
1000656e:	469a      	mov	sl, r3
10006570:	d13a      	bne.n	100065e8 <pio_add_program+0xd0>
10006572:	f1bc 0f00 	cmp.w	ip, #0
10006576:	d012      	beq.n	1000659e <pio_add_program+0x86>
10006578:	f8d8 1000 	ldr.w	r1, [r8]
1000657c:	eb01 084c 	add.w	r8, r1, ip, lsl #1
10006580:	4684      	mov	ip, r0
10006582:	f831 3b02 	ldrh.w	r3, [r1], #2
10006586:	f10c 0212 	add.w	r2, ip, #18
1000658a:	f5b3 5f00 	cmp.w	r3, #8192	@ 0x2000
1000658e:	bf38      	it	cc
10006590:	181b      	addcc	r3, r3, r0
10006592:	4541      	cmp	r1, r8
10006594:	f10c 0c01 	add.w	ip, ip, #1
10006598:	f845 3022 	str.w	r3, [r5, r2, lsl #2]
1000659c:	d1f1      	bne.n	10006582 <pio_add_program+0x6a>
1000659e:	4648      	mov	r0, r9
100065a0:	ea46 060a 	orr.w	r6, r6, sl
100065a4:	f847 602e 	str.w	r6, [r7, lr, lsl #2]
100065a8:	f7f9 ff3a 	bl	10000420 <hw_claim_unlock>
100065ac:	4620      	mov	r0, r4
100065ae:	e8bd 87f0 	ldmia.w	sp!, {r4, r5, r6, r7, r8, r9, sl, pc}
100065b2:	f04f 34ff 	mov.w	r4, #4294967295
100065b6:	4648      	mov	r0, r9
100065b8:	f7f9 ff32 	bl	10000420 <hw_claim_unlock>
100065bc:	4620      	mov	r0, r4
100065be:	e8bd 87f0 	ldmia.w	sp!, {r4, r5, r6, r7, r8, r9, sl, pc}
100065c2:	1e1c      	subs	r4, r3, #0
100065c4:	da02      	bge.n	100065cc <pio_add_program+0xb4>
100065c6:	e00f      	b.n	100065e8 <pio_add_program+0xd0>
100065c8:	3c01      	subs	r4, #1
100065ca:	d30d      	bcc.n	100065e8 <pio_add_program+0xd0>
100065cc:	fa02 f304 	lsl.w	r3, r2, r4
100065d0:	4233      	tst	r3, r6
100065d2:	4620      	mov	r0, r4
100065d4:	d1f8      	bne.n	100065c8 <pio_add_program+0xb0>
100065d6:	e7c3      	b.n	10006560 <pio_add_program+0x48>
100065d8:	f06f 040a 	mvn.w	r4, #10
100065dc:	4648      	mov	r0, r9
100065de:	f7f9 ff1f 	bl	10000420 <hw_claim_unlock>
100065e2:	4620      	mov	r0, r4
100065e4:	e8bd 87f0 	ldmia.w	sp!, {r4, r5, r6, r7, r8, r9, sl, pc}
100065e8:	f06f 0408 	mvn.w	r4, #8
100065ec:	4648      	mov	r0, r9
100065ee:	f7f9 ff17 	bl	10000420 <hw_claim_unlock>
100065f2:	4620      	mov	r0, r4
100065f4:	e8bd 87f0 	ldmia.w	sp!, {r4, r5, r6, r7, r8, r9, sl, pc}
100065f8:	20029284 	.word	0x20029284

100065fc <pio_sm_set_pins_with_mask64>:
100065fc:	e92d 41f0 	stmdb	sp!, {r4, r5, r6, r7, r8, lr}
10006600:	4605      	mov	r5, r0
10006602:	4614      	mov	r4, r2
10006604:	f44f 3200 	mov.w	r2, #131072	@ 0x20000
10006608:	460e      	mov	r6, r1
1000660a:	eb01 0141 	add.w	r1, r1, r1, lsl #1
1000660e:	eb05 03c1 	add.w	r3, r5, r1, lsl #3
10006612:	eb05 01c1 	add.w	r1, r5, r1, lsl #3
10006616:	f8d1 70dc 	ldr.w	r7, [r1, #220]	@ 0xdc
1000661a:	9806      	ldr	r0, [sp, #24]
1000661c:	f503 5343 	add.w	r3, r3, #12480	@ 0x30c0
10006620:	46b8      	mov	r8, r7
10006622:	f8d1 70cc 	ldr.w	r7, [r1, #204]	@ 0xcc
10006626:	60da      	str	r2, [r3, #12]
10006628:	b1a8      	cbz	r0, 10006656 <pio_sm_set_pins_with_mask64+0x5a>
1000662a:	fa90 f3a0 	rbit	r3, r0
1000662e:	fab3 f383 	clz	r3, r3
10006632:	fa24 fc03 	lsr.w	ip, r4, r3
10006636:	f100 3eff 	add.w	lr, r0, #4294967295
1000663a:	015b      	lsls	r3, r3, #5
1000663c:	f00c 0c01 	and.w	ip, ip, #1
10006640:	f043 6380 	orr.w	r3, r3, #67108864	@ 0x4000000
10006644:	f44c 4260 	orr.w	r2, ip, #57344	@ 0xe000
10006648:	ea10 000e 	ands.w	r0, r0, lr
1000664c:	f8c1 30dc 	str.w	r3, [r1, #220]	@ 0xdc
10006650:	f8c1 20d8 	str.w	r2, [r1, #216]	@ 0xd8
10006654:	d1e9      	bne.n	1000662a <pio_sm_set_pins_with_mask64+0x2e>
10006656:	eb06 0646 	add.w	r6, r6, r6, lsl #1
1000665a:	eb05 05c6 	add.w	r5, r5, r6, lsl #3
1000665e:	f8c5 80dc 	str.w	r8, [r5, #220]	@ 0xdc
10006662:	f8c5 70cc 	str.w	r7, [r5, #204]	@ 0xcc
10006666:	e8bd 81f0 	ldmia.w	sp!, {r4, r5, r6, r7, r8, pc}
1000666a:	bf00      	nop

1000666c <pio_sm_set_consecutive_pindirs>:
1000666c:	b5f0      	push	{r4, r5, r6, r7, lr}
1000666e:	2a1f      	cmp	r2, #31
10006670:	f89d 5014 	ldrb.w	r5, [sp, #20]
10006674:	d83a      	bhi.n	100066ec <pio_sm_set_consecutive_pindirs+0x80>
10006676:	460c      	mov	r4, r1
10006678:	469e      	mov	lr, r3
1000667a:	f24e 019f 	movw	r1, #57503	@ 0xe09f
1000667e:	f24e 0380 	movw	r3, #57472	@ 0xe080
10006682:	f44f 3700 	mov.w	r7, #131072	@ 0x20000
10006686:	eb04 0c44 	add.w	ip, r4, r4, lsl #1
1000668a:	2d00      	cmp	r5, #0
1000668c:	bf08      	it	eq
1000668e:	4619      	moveq	r1, r3
10006690:	eb00 03cc 	add.w	r3, r0, ip, lsl #3
10006694:	f503 5343 	add.w	r3, r3, #12480	@ 0x30c0
10006698:	eb00 0ccc 	add.w	ip, r0, ip, lsl #3
1000669c:	f1be 0f05 	cmp.w	lr, #5
100066a0:	f8dc 60dc 	ldr.w	r6, [ip, #220]	@ 0xdc
100066a4:	f8dc 50cc 	ldr.w	r5, [ip, #204]	@ 0xcc
100066a8:	60df      	str	r7, [r3, #12]
100066aa:	d90e      	bls.n	100066ca <pio_sm_set_consecutive_pindirs+0x5e>
100066ac:	0153      	lsls	r3, r2, #5
100066ae:	f1ae 0e05 	sub.w	lr, lr, #5
100066b2:	f043 53a0 	orr.w	r3, r3, #335544320	@ 0x14000000
100066b6:	3205      	adds	r2, #5
100066b8:	f1be 0f05 	cmp.w	lr, #5
100066bc:	f8cc 30dc 	str.w	r3, [ip, #220]	@ 0xdc
100066c0:	f002 021f 	and.w	r2, r2, #31
100066c4:	f8cc 10d8 	str.w	r1, [ip, #216]	@ 0xd8
100066c8:	d8f0      	bhi.n	100066ac <pio_sm_set_consecutive_pindirs+0x40>
100066ca:	0152      	lsls	r2, r2, #5
100066cc:	eb04 0444 	add.w	r4, r4, r4, lsl #1
100066d0:	ea42 638e 	orr.w	r3, r2, lr, lsl #26
100066d4:	eb00 02c4 	add.w	r2, r0, r4, lsl #3
100066d8:	f8c2 30dc 	str.w	r3, [r2, #220]	@ 0xdc
100066dc:	2000      	movs	r0, #0
100066de:	f8c2 10d8 	str.w	r1, [r2, #216]	@ 0xd8
100066e2:	f8c2 60dc 	str.w	r6, [r2, #220]	@ 0xdc
100066e6:	f8c2 50cc 	str.w	r5, [r2, #204]	@ 0xcc
100066ea:	bdf0      	pop	{r4, r5, r6, r7, pc}
100066ec:	f06f 0004 	mvn.w	r0, #4
100066f0:	bdf0      	pop	{r4, r5, r6, r7, pc}
100066f2:	bf00      	nop

100066f4 <pio_sm_init>:
100066f4:	b5f0      	push	{r4, r5, r6, r7, lr}
100066f6:	2401      	movs	r4, #1
100066f8:	fa04 f501 	lsl.w	r5, r4, r1
100066fc:	6804      	ldr	r4, [r0, #0]
100066fe:	ea24 0405 	bic.w	r4, r4, r5
10006702:	6004      	str	r4, [r0, #0]
10006704:	b3a3      	cbz	r3, 10006770 <pio_sm_init+0x7c>
10006706:	e9d3 5601 	ldrd	r5, r6, [r3, #4]
1000670a:	681f      	ldr	r7, [r3, #0]
1000670c:	68dc      	ldr	r4, [r3, #12]
1000670e:	eb01 0341 	add.w	r3, r1, r1, lsl #1
10006712:	eb00 03c3 	add.w	r3, r0, r3, lsl #3
10006716:	f8c3 70c8 	str.w	r7, [r3, #200]	@ 0xc8
1000671a:	ea4f 0c41 	mov.w	ip, r1, lsl #1
1000671e:	f8c3 60d0 	str.w	r6, [r3, #208]	@ 0xd0
10006722:	f8c3 50cc 	str.w	r5, [r3, #204]	@ 0xcc
10006726:	f8c3 40dc 	str.w	r4, [r3, #220]	@ 0xdc
1000672a:	eb0c 0301 	add.w	r3, ip, r1
1000672e:	f04f 3501 	mov.w	r5, #16843009	@ 0x1010101
10006732:	eb00 0cc3 	add.w	ip, r0, r3, lsl #3
10006736:	f04f 4600 	mov.w	r6, #2147483648	@ 0x80000000
1000673a:	eb00 0ec3 	add.w	lr, r0, r3, lsl #3
1000673e:	2301      	movs	r3, #1
10006740:	f50e 5e86 	add.w	lr, lr, #4288	@ 0x10c0
10006744:	1d0c      	adds	r4, r1, #4
10006746:	f101 0708 	add.w	r7, r1, #8
1000674a:	408d      	lsls	r5, r1
1000674c:	f8ce 6010 	str.w	r6, [lr, #16]
10006750:	fa03 f404 	lsl.w	r4, r3, r4
10006754:	f8ce 6010 	str.w	r6, [lr, #16]
10006758:	f002 021f 	and.w	r2, r2, #31
1000675c:	6085      	str	r5, [r0, #8]
1000675e:	40bb      	lsls	r3, r7
10006760:	f500 5000 	add.w	r0, r0, #8192	@ 0x2000
10006764:	6004      	str	r4, [r0, #0]
10006766:	6003      	str	r3, [r0, #0]
10006768:	2000      	movs	r0, #0
1000676a:	f8cc 20d8 	str.w	r2, [ip, #216]	@ 0xd8
1000676e:	bdf0      	pop	{r4, r5, r6, r7, pc}
10006770:	f44f 3780 	mov.w	r7, #65536	@ 0x10000
10006774:	f44f 2640 	mov.w	r6, #786432	@ 0xc0000
10006778:	f44f 35f8 	mov.w	r5, #126976	@ 0x1f000
1000677c:	eb01 0441 	add.w	r4, r1, r1, lsl #1
10006780:	eb00 04c4 	add.w	r4, r0, r4, lsl #3
10006784:	f8c4 70c8 	str.w	r7, [r4, #200]	@ 0xc8
10006788:	ea4f 0c41 	mov.w	ip, r1, lsl #1
1000678c:	f8c4 60d0 	str.w	r6, [r4, #208]	@ 0xd0
10006790:	f8c4 50cc 	str.w	r5, [r4, #204]	@ 0xcc
10006794:	f8c4 30dc 	str.w	r3, [r4, #220]	@ 0xdc
10006798:	e7c7      	b.n	1000672a <pio_sm_init+0x36>
1000679a:	bf00      	nop

1000679c <dma_claim_unused_channel>:
1000679c:	b500      	push	{lr}
1000679e:	f8df c01c 	ldr.w	ip, [pc, #28]	@ 100067bc <dma_claim_unused_channel+0x20>
100067a2:	b083      	sub	sp, #12
100067a4:	4601      	mov	r1, r0
100067a6:	230f      	movs	r3, #15
100067a8:	2200      	movs	r2, #0
100067aa:	f8cd c000 	str.w	ip, [sp]
100067ae:	4802      	ldr	r0, [pc, #8]	@ (100067b8 <dma_claim_unused_channel+0x1c>)
100067b0:	f7f9 fe6c 	bl	1000048c <hw_claim_unused_from_range>
100067b4:	b003      	add	sp, #12
100067b6:	bd00      	pop	{pc}
100067b8:	2002ee3a 	.word	0x2002ee3a
100067bc:	100089a4 	.word	0x100089a4

100067c0 <frank_hdmi_set_buffer>:
100067c0:	f5b1 7fa0 	cmp.w	r1, #320	@ 0x140
100067c4:	bfa8      	it	ge
100067c6:	f44f 71a0 	movge.w	r1, #320	@ 0x140
100067ca:	f5b2 7ff0 	cmp.w	r2, #480	@ 0x1e0
100067ce:	bfa8      	it	ge
100067d0:	f44f 72f0 	movge.w	r2, #480	@ 0x1e0
100067d4:	b530      	push	{r4, r5, lr}
100067d6:	f8df c034 	ldr.w	ip, [pc, #52]	@ 1000680c <frank_hdmi_set_buffer+0x4c>
100067da:	f8df e034 	ldr.w	lr, [pc, #52]	@ 10006810 <frank_hdmi_set_buffer+0x50>
100067de:	4c08      	ldr	r4, [pc, #32]	@ (10006800 <frank_hdmi_set_buffer+0x40>)
100067e0:	4d08      	ldr	r5, [pc, #32]	@ (10006804 <frank_hdmi_set_buffer+0x44>)
100067e2:	4b09      	ldr	r3, [pc, #36]	@ (10006808 <frank_hdmi_set_buffer+0x48>)
100067e4:	f8ce 1000 	str.w	r1, [lr]
100067e8:	f8cc 2000 	str.w	r2, [ip]
100067ec:	f5c1 71a0 	rsb	r1, r1, #320	@ 0x140
100067f0:	f5c2 72f0 	rsb	r2, r2, #480	@ 0x1e0
100067f4:	1049      	asrs	r1, r1, #1
100067f6:	1052      	asrs	r2, r2, #1
100067f8:	6020      	str	r0, [r4, #0]
100067fa:	6029      	str	r1, [r5, #0]
100067fc:	601a      	str	r2, [r3, #0]
100067fe:	bd30      	pop	{r4, r5, pc}
10006800:	2002b314 	.word	0x2002b314
10006804:	2002b320 	.word	0x2002b320
10006808:	2002b324 	.word	0x2002b324
1000680c:	2002b318 	.word	0x2002b318
10006810:	2002b31c 	.word	0x2002b31c

10006814 <frank_hdmi_set_palette>:
10006814:	b500      	push	{lr}
10006816:	4a0a      	ldr	r2, [pc, #40]	@ (10006840 <frank_hdmi_set_palette+0x2c>)
10006818:	f8df e028 	ldr.w	lr, [pc, #40]	@ 10006844 <frank_hdmi_set_palette+0x30>
1000681c:	f021 417f 	bic.w	r1, r1, #4278190080	@ 0xff000000
10006820:	ea02 2211 	and.w	r2, r2, r1, lsr #8
10006824:	f3c1 03c4 	ubfx	r3, r1, #3, #5
10006828:	f84e 1020 	str.w	r1, [lr, r0, lsl #2]
1000682c:	0949      	lsrs	r1, r1, #5
1000682e:	f8df c018 	ldr.w	ip, [pc, #24]	@ 10006848 <frank_hdmi_set_palette+0x34>
10006832:	4313      	orrs	r3, r2
10006834:	f401 61fc 	and.w	r1, r1, #2016	@ 0x7e0
10006838:	430b      	orrs	r3, r1
1000683a:	f82c 3010 	strh.w	r3, [ip, r0, lsl #1]
1000683e:	bd00      	pop	{pc}
10006840:	fffff800 	.word	0xfffff800
10006844:	2002b7ec 	.word	0x2002b7ec
10006848:	2008107c 	.word	0x2008107c

1000684c <frank_hdmi_init>:
1000684c:	b5f0      	push	{r4, r5, r6, r7, lr}
1000684e:	f241 1510 	movw	r5, #4368	@ 0x1110
10006852:	4b28      	ldr	r3, [pc, #160]	@ (100068f4 <frank_hdmi_init+0xa8>)
10006854:	4828      	ldr	r0, [pc, #160]	@ (100068f8 <frank_hdmi_init+0xac>)
10006856:	4c29      	ldr	r4, [pc, #164]	@ (100068fc <frank_hdmi_init+0xb0>)
10006858:	b085      	sub	sp, #20
1000685a:	2224      	movs	r2, #36	@ 0x24
1000685c:	6025      	str	r5, [r4, #0]
1000685e:	2100      	movs	r1, #0
10006860:	f840 3b40 	str.w	r3, [r0], #64
10006864:	f001 fef4 	bl	10008650 <__memset_veneer>
10006868:	2301      	movs	r3, #1
1000686a:	2202      	movs	r2, #2
1000686c:	2106      	movs	r1, #6
1000686e:	2004      	movs	r0, #4
10006870:	4d21      	ldr	r5, [pc, #132]	@ (100068f8 <frank_hdmi_init+0xac>)
10006872:	4c23      	ldr	r4, [pc, #140]	@ (10006900 <frank_hdmi_init+0xb4>)
10006874:	e9c5 3211 	strd	r3, r2, [r5, #68]	@ 0x44
10006878:	f885 305c 	strb.w	r3, [r5, #92]	@ 0x5c
1000687c:	e9c5 0213 	strd	r0, r2, [r5, #76]	@ 0x4c
10006880:	65a9      	str	r1, [r5, #88]	@ 0x58
10006882:	63ec      	str	r4, [r5, #60]	@ 0x3c
10006884:	f7f9 fe44 	bl	10000510 <next_striped_spin_lock_num>
10006888:	4604      	mov	r4, r0
1000688a:	f7f9 fe41 	bl	10000510 <next_striped_spin_lock_num>
1000688e:	4621      	mov	r1, r4
10006890:	2400      	movs	r4, #0
10006892:	4602      	mov	r2, r0
10006894:	4628      	mov	r0, r5
10006896:	f000 f839 	bl	1000690c <dvi_init>
1000689a:	f44f 6200 	mov.w	r2, #2048	@ 0x800
1000689e:	4628      	mov	r0, r5
100068a0:	4918      	ldr	r1, [pc, #96]	@ (10006904 <frank_hdmi_init+0xb8>)
100068a2:	66ec      	str	r4, [r5, #108]	@ 0x6c
100068a4:	672c      	str	r4, [r5, #112]	@ 0x70
100068a6:	f000 fa19 	bl	10006cdc <dvi_audio_sample_buffer_set>
100068aa:	f44f 6380 	mov.w	r3, #1024	@ 0x400
100068ae:	462f      	mov	r7, r5
100068b0:	f8c5 386c 	str.w	r3, [r5, #2156]	@ 0x86c
100068b4:	f3bf 8f5f 	dmb	sy
100068b8:	4d13      	ldr	r5, [pc, #76]	@ (10006908 <frank_hdmi_init+0xbc>)
100068ba:	4621      	mov	r1, r4
100068bc:	f505 7620 	add.w	r6, r5, #640	@ 0x280
100068c0:	4628      	mov	r0, r5
100068c2:	f44f 7220 	mov.w	r2, #640	@ 0x280
100068c6:	f001 fec3 	bl	10008650 <__memset_veneer>
100068ca:	f44f 7220 	mov.w	r2, #640	@ 0x280
100068ce:	4621      	mov	r1, r4
100068d0:	4630      	mov	r0, r6
100068d2:	f001 febd 	bl	10008650 <__memset_veneer>
100068d6:	f207 63f4 	addw	r3, r7, #1780	@ 0x6f4
100068da:	4618      	mov	r0, r3
100068dc:	a903      	add	r1, sp, #12
100068de:	9301      	str	r3, [sp, #4]
100068e0:	9503      	str	r5, [sp, #12]
100068e2:	f7fa fe45 	bl	10001570 <queue_add_blocking>
100068e6:	9801      	ldr	r0, [sp, #4]
100068e8:	a903      	add	r1, sp, #12
100068ea:	9603      	str	r6, [sp, #12]
100068ec:	f7fa fe40 	bl	10001570 <queue_add_blocking>
100068f0:	b005      	add	sp, #20
100068f2:	bdf0      	pop	{r4, r5, r6, r7, pc}
100068f4:	200018ac 	.word	0x200018ac
100068f8:	20002e60 	.word	0x20002e60
100068fc:	4006a000 	.word	0x4006a000
10006900:	50200000 	.word	0x50200000
10006904:	20029290 	.word	0x20029290
10006908:	2002bc14 	.word	0x2002bc14

1000690c <dvi_init>:
1000690c:	e92d 43f0 	stmdb	sp!, {r4, r5, r6, r7, r8, r9, lr}
10006910:	2300      	movs	r3, #0
10006912:	4604      	mov	r4, r0
10006914:	b085      	sub	sp, #20
10006916:	3034      	adds	r0, #52	@ 0x34
10006918:	f884 3704 	strb.w	r3, [r4, #1796]	@ 0x704
1000691c:	6363      	str	r3, [r4, #52]	@ 0x34
1000691e:	f8c4 3708 	str.w	r3, [r4, #1800]	@ 0x708
10006922:	f8a4 3784 	strh.w	r3, [r4, #1924]	@ 0x784
10006926:	f8c4 3778 	str.w	r3, [r4, #1912]	@ 0x778
1000692a:	f8c4 377c 	str.w	r3, [r4, #1916]	@ 0x77c
1000692e:	f8c4 3780 	str.w	r3, [r4, #1920]	@ 0x780
10006932:	f8c4 3870 	str.w	r3, [r4, #2160]	@ 0x870
10006936:	f8c4 3874 	str.w	r3, [r4, #2164]	@ 0x874
1000693a:	f104 093c 	add.w	r9, r4, #60	@ 0x3c
1000693e:	460f      	mov	r7, r1
10006940:	4616      	mov	r6, r2
10006942:	f000 f9cf 	bl	10006ce4 <dvi_timing_state_init>
10006946:	4648      	mov	r0, r9
10006948:	f000 fc50 	bl	100071ec <dvi_serialiser_init>
1000694c:	4625      	mov	r5, r4
1000694e:	f104 0830 	add.w	r8, r4, #48	@ 0x30
10006952:	2001      	movs	r0, #1
10006954:	f7ff ff22 	bl	1000679c <dma_claim_unused_channel>
10006958:	4603      	mov	r3, r0
1000695a:	2001      	movs	r0, #1
1000695c:	606b      	str	r3, [r5, #4]
1000695e:	f7ff ff1d 	bl	1000679c <dma_claim_unused_channel>
10006962:	6be1      	ldr	r1, [r4, #60]	@ 0x3c
10006964:	60a8      	str	r0, [r5, #8]
10006966:	f859 2f04 	ldr.w	r2, [r9, #4]!
1000696a:	f101 432f 	add.w	r3, r1, #2936012800	@ 0xaf000000
1000696e:	f503 0360 	add.w	r3, r3, #14680064	@ 0xe00000
10006972:	1d10      	adds	r0, r2, #4
10006974:	0d1b      	lsrs	r3, r3, #20
10006976:	eb01 0180 	add.w	r1, r1, r0, lsl #2
1000697a:	eb02 02c3 	add.w	r2, r2, r3, lsl #3
1000697e:	60e9      	str	r1, [r5, #12]
10006980:	f845 2f10 	str.w	r2, [r5, #16]!
10006984:	4545      	cmp	r5, r8
10006986:	d1e4      	bne.n	10006952 <dvi_init+0x46>
10006988:	2500      	movs	r5, #0
1000698a:	463b      	mov	r3, r7
1000698c:	2208      	movs	r2, #8
1000698e:	2104      	movs	r1, #4
10006990:	f204 60c4 	addw	r0, r4, #1732	@ 0x6c4
10006994:	f8c4 56c0 	str.w	r5, [r4, #1728]	@ 0x6c0
10006998:	f8c4 56b8 	str.w	r5, [r4, #1720]	@ 0x6b8
1000699c:	f8c4 56bc 	str.w	r5, [r4, #1724]	@ 0x6bc
100069a0:	f7fa fdce 	bl	10001540 <queue_init_with_spinlock>
100069a4:	463b      	mov	r3, r7
100069a6:	2208      	movs	r2, #8
100069a8:	2104      	movs	r1, #4
100069aa:	f204 60d4 	addw	r0, r4, #1748	@ 0x6d4
100069ae:	f7fa fdc7 	bl	10001540 <queue_init_with_spinlock>
100069b2:	4633      	mov	r3, r6
100069b4:	2208      	movs	r2, #8
100069b6:	2104      	movs	r1, #4
100069b8:	f204 60e4 	addw	r0, r4, #1764	@ 0x6e4
100069bc:	f7fa fdc0 	bl	10001540 <queue_init_with_spinlock>
100069c0:	4633      	mov	r3, r6
100069c2:	2208      	movs	r2, #8
100069c4:	2104      	movs	r1, #4
100069c6:	f204 60f4 	addw	r0, r4, #1780	@ 0x6f4
100069ca:	f7fa fdb9 	bl	10001540 <queue_init_with_spinlock>
100069ce:	4623      	mov	r3, r4
100069d0:	2201      	movs	r2, #1
100069d2:	f853 0b78 	ldr.w	r0, [r3], #120
100069d6:	1d21      	adds	r1, r4, #4
100069d8:	f000 f988 	bl	10006cec <dvi_setup_scanline_for_vblank>
100069dc:	462a      	mov	r2, r5
100069de:	6820      	ldr	r0, [r4, #0]
100069e0:	1d21      	adds	r1, r4, #4
100069e2:	f504 73dc 	add.w	r3, r4, #440	@ 0x1b8
100069e6:	f000 f981 	bl	10006cec <dvi_setup_scanline_for_vblank>
100069ea:	9500      	str	r5, [sp, #0]
100069ec:	f04f 5200 	mov.w	r2, #536870912	@ 0x20000000
100069f0:	6820      	ldr	r0, [r4, #0]
100069f2:	1d21      	adds	r1, r4, #4
100069f4:	f504 733e 	add.w	r3, r4, #760	@ 0x2f8
100069f8:	f000 fa7e 	bl	10006ef8 <dvi_setup_scanline_for_active>
100069fc:	9500      	str	r5, [sp, #0]
100069fe:	462a      	mov	r2, r5
10006a00:	6820      	ldr	r0, [r4, #0]
10006a02:	1d21      	adds	r1, r4, #4
10006a04:	f504 6387 	add.w	r3, r4, #1080	@ 0x438
10006a08:	f000 fa76 	bl	10006ef8 <dvi_setup_scanline_for_active>
10006a0c:	2301      	movs	r3, #1
10006a0e:	9300      	str	r3, [sp, #0]
10006a10:	1d21      	adds	r1, r4, #4
10006a12:	f504 63af 	add.w	r3, r4, #1400	@ 0x578
10006a16:	462a      	mov	r2, r5
10006a18:	6820      	ldr	r0, [r4, #0]
10006a1a:	f000 fa6d 	bl	10006ef8 <dvi_setup_scanline_for_active>
10006a1e:	6823      	ldr	r3, [r4, #0]
10006a20:	6919      	ldr	r1, [r3, #16]
10006a22:	b28b      	uxth	r3, r1
10006a24:	f5b3 7f20 	cmp.w	r3, #640	@ 0x280
10006a28:	d854      	bhi.n	10006ad4 <dvi_init+0x1c8>
10006a2a:	482d      	ldr	r0, [pc, #180]	@ (10006ae0 <dvi_init+0x1d4>)
10006a2c:	f500 5e34 	add.w	lr, r0, #11520	@ 0x2d00
10006a30:	f8d4 36d4 	ldr.w	r3, [r4, #1748]	@ 0x6d4
10006a34:	f3ef 8c10 	mrs	ip, PRIMASK
10006a38:	b672      	cpsid	i
10006a3a:	e8d3 1fcf 	ldaexb	r1, [r3]
10006a3e:	2201      	movs	r2, #1
10006a40:	2900      	cmp	r1, #0
10006a42:	d1fa      	bne.n	10006a3a <dvi_init+0x12e>
10006a44:	e8c3 2f41 	strexb	r1, r2, [r3]
10006a48:	2900      	cmp	r1, #0
10006a4a:	d1f6      	bne.n	10006a3a <dvi_init+0x12e>
10006a4c:	f3bf 8f5f 	dmb	sy
10006a50:	f8b4 26dc 	ldrh.w	r2, [r4, #1756]	@ 0x6dc
10006a54:	f8b4 36de 	ldrh.w	r3, [r4, #1758]	@ 0x6de
10006a58:	f8b4 16e2 	ldrh.w	r1, [r4, #1762]	@ 0x6e2
10006a5c:	1ad3      	subs	r3, r2, r3
10006a5e:	d42d      	bmi.n	10006abc <dvi_init+0x1b0>
10006a60:	428b      	cmp	r3, r1
10006a62:	f8d4 66d4 	ldr.w	r6, [r4, #1748]	@ 0x6d4
10006a66:	d02f      	beq.n	10006ac8 <dvi_init+0x1bc>
10006a68:	1c53      	adds	r3, r2, #1
10006a6a:	b29b      	uxth	r3, r3
10006a6c:	428b      	cmp	r3, r1
10006a6e:	bf88      	it	hi
10006a70:	2300      	movhi	r3, #0
10006a72:	f8d4 16d8 	ldr.w	r1, [r4, #1752]	@ 0x6d8
10006a76:	f841 0022 	str.w	r0, [r1, r2, lsl #2]
10006a7a:	f8a4 36dc 	strh.w	r3, [r4, #1756]	@ 0x6dc
10006a7e:	e8c6 5f8f 	stlb	r5, [r6]
10006a82:	f38c 8810 	msr	PRIMASK, ip
10006a86:	bf40      	sev
10006a88:	f500 6070 	add.w	r0, r0, #3840	@ 0xf00
10006a8c:	4570      	cmp	r0, lr
10006a8e:	d1cf      	bne.n	10006a30 <dvi_init+0x124>
10006a90:	6823      	ldr	r3, [r4, #0]
10006a92:	2102      	movs	r1, #2
10006a94:	691a      	ldr	r2, [r3, #16]
10006a96:	2301      	movs	r3, #1
10006a98:	f5b2 7f34 	cmp.w	r2, #720	@ 0x2d0
10006a9c:	bf14      	ite	ne
10006a9e:	461e      	movne	r6, r3
10006aa0:	2611      	moveq	r6, #17
10006aa2:	2508      	movs	r5, #8
10006aa4:	2200      	movs	r2, #0
10006aa6:	f204 700c 	addw	r0, r4, #1804	@ 0x70c
10006aaa:	9102      	str	r1, [sp, #8]
10006aac:	9300      	str	r3, [sp, #0]
10006aae:	9603      	str	r6, [sp, #12]
10006ab0:	9501      	str	r5, [sp, #4]
10006ab2:	f000 fceb 	bl	1000748c <set_AVI_info_frame>
10006ab6:	b005      	add	sp, #20
10006ab8:	e8bd 83f0 	ldmia.w	sp!, {r4, r5, r6, r7, r8, r9, pc}
10006abc:	1c4e      	adds	r6, r1, #1
10006abe:	4433      	add	r3, r6
10006ac0:	428b      	cmp	r3, r1
10006ac2:	f8d4 66d4 	ldr.w	r6, [r4, #1748]	@ 0x6d4
10006ac6:	d1cf      	bne.n	10006a68 <dvi_init+0x15c>
10006ac8:	e8c6 5f8f 	stlb	r5, [r6]
10006acc:	f38c 8810 	msr	PRIMASK, ip
10006ad0:	bf20      	wfe
10006ad2:	e7ad      	b.n	10006a30 <dvi_init+0x124>
10006ad4:	f44f 7220 	mov.w	r2, #640	@ 0x280
10006ad8:	4619      	mov	r1, r3
10006ada:	4802      	ldr	r0, [pc, #8]	@ (10006ae4 <dvi_init+0x1d8>)
10006adc:	f7f9 fc76 	bl	100003cc <panic>
10006ae0:	2002c118 	.word	0x2002c118
10006ae4:	10008a34 	.word	0x10008a34

10006ae8 <dvi_register_irqs_this_core>:
10006ae8:	2201      	movs	r2, #1
10006aea:	4684      	mov	ip, r0
10006aec:	b510      	push	{r4, lr}
10006aee:	460c      	mov	r4, r1
10006af0:	f04f 4ea0 	mov.w	lr, #1342177280	@ 0x50000000
10006af4:	6881      	ldr	r1, [r0, #8]
10006af6:	6843      	ldr	r3, [r0, #4]
10006af8:	6940      	ldr	r0, [r0, #20]
10006afa:	fa02 f101 	lsl.w	r1, r2, r1
10006afe:	fa02 f303 	lsl.w	r3, r2, r3
10006b02:	fa02 f000 	lsl.w	r0, r2, r0
10006b06:	430b      	orrs	r3, r1
10006b08:	4303      	orrs	r3, r0
10006b0a:	f8dc 0018 	ldr.w	r0, [ip, #24]
10006b0e:	2c0a      	cmp	r4, #10
10006b10:	fa02 f000 	lsl.w	r0, r2, r0
10006b14:	ea43 0300 	orr.w	r3, r3, r0
10006b18:	f8dc 0024 	ldr.w	r0, [ip, #36]	@ 0x24
10006b1c:	fa02 f000 	lsl.w	r0, r2, r0
10006b20:	ea43 0300 	orr.w	r3, r3, r0
10006b24:	f8dc 0028 	ldr.w	r0, [ip, #40]	@ 0x28
10006b28:	f8ce 140c 	str.w	r1, [lr, #1036]	@ 0x40c
10006b2c:	fa02 f200 	lsl.w	r2, r2, r0
10006b30:	ea43 0302 	orr.w	r3, r3, r2
10006b34:	d013      	beq.n	10006b5e <dvi_register_irqs_this_core+0x76>
10006b36:	f8de 2414 	ldr.w	r2, [lr, #1044]	@ 0x414
10006b3a:	200b      	movs	r0, #11
10006b3c:	4051      	eors	r1, r2
10006b3e:	4a12      	ldr	r2, [pc, #72]	@ (10006b88 <dvi_register_irqs_this_core+0xa0>)
10006b40:	4019      	ands	r1, r3
10006b42:	4b12      	ldr	r3, [pc, #72]	@ (10006b8c <dvi_register_irqs_this_core+0xa4>)
10006b44:	f8c2 1414 	str.w	r1, [r2, #1044]	@ 0x414
10006b48:	4911      	ldr	r1, [pc, #68]	@ (10006b90 <dvi_register_irqs_this_core+0xa8>)
10006b4a:	f8c3 c004 	str.w	ip, [r3, #4]
10006b4e:	f7f9 fd73 	bl	10000638 <irq_set_exclusive_handler>
10006b52:	4620      	mov	r0, r4
10006b54:	e8bd 4010 	ldmia.w	sp!, {r4, lr}
10006b58:	2101      	movs	r1, #1
10006b5a:	f7f9 bd2b 	b.w	100005b4 <irq_set_enabled>
10006b5e:	f8de 2404 	ldr.w	r2, [lr, #1028]	@ 0x404
10006b62:	4620      	mov	r0, r4
10006b64:	404a      	eors	r2, r1
10006b66:	4908      	ldr	r1, [pc, #32]	@ (10006b88 <dvi_register_irqs_this_core+0xa0>)
10006b68:	4013      	ands	r3, r2
10006b6a:	f8c1 3404 	str.w	r3, [r1, #1028]	@ 0x404
10006b6e:	4b07      	ldr	r3, [pc, #28]	@ (10006b8c <dvi_register_irqs_this_core+0xa4>)
10006b70:	4908      	ldr	r1, [pc, #32]	@ (10006b94 <dvi_register_irqs_this_core+0xac>)
10006b72:	f8c3 c000 	str.w	ip, [r3]
10006b76:	f7f9 fd5f 	bl	10000638 <irq_set_exclusive_handler>
10006b7a:	4620      	mov	r0, r4
10006b7c:	e8bd 4010 	ldmia.w	sp!, {r4, lr}
10006b80:	2101      	movs	r1, #1
10006b82:	f7f9 bd17 	b.w	100005b4 <irq_set_enabled>
10006b86:	bf00      	nop
10006b88:	50001000 	.word	0x50001000
10006b8c:	2002b300 	.word	0x2002b300
10006b90:	200017d5 	.word	0x200017d5
10006b94:	200017f1 	.word	0x200017f1

10006b98 <dvi_start>:
10006b98:	f890 3704 	ldrb.w	r3, [r0, #1796]	@ 0x704
10006b9c:	2b00      	cmp	r3, #0
10006b9e:	f040 809a 	bne.w	10006cd6 <dvi_start+0x13e>
10006ba2:	e92d 43f0 	stmdb	sp!, {r4, r5, r6, r7, r8, r9, lr}
10006ba6:	f04f 0e01 	mov.w	lr, #1
10006baa:	4604      	mov	r4, r0
10006bac:	f04f 0804 	mov.w	r8, #4
10006bb0:	f8d0 6214 	ldr.w	r6, [r0, #532]	@ 0x214
10006bb4:	b08b      	sub	sp, #44	@ 0x2c
10006bb6:	f426 3cf0 	bic.w	ip, r6, #122880	@ 0x1e000
10006bba:	6886      	ldr	r6, [r0, #8]
10006bbc:	6987      	ldr	r7, [r0, #24]
10006bbe:	ea4c 3646 	orr.w	r6, ip, r6, lsl #13
10006bc2:	9607      	str	r6, [sp, #28]
10006bc4:	6886      	ldr	r6, [r0, #8]
10006bc6:	6841      	ldr	r1, [r0, #4]
10006bc8:	ea4f 1c86 	mov.w	ip, r6, lsl #6
10006bcc:	f10c 46a0 	add.w	r6, ip, #1342177280	@ 0x50000000
10006bd0:	9604      	str	r6, [sp, #16]
10006bd2:	f8d0 6284 	ldr.w	r6, [r0, #644]	@ 0x284
10006bd6:	6a85      	ldr	r5, [r0, #40]	@ 0x28
10006bd8:	f426 3cf0 	bic.w	ip, r6, #122880	@ 0x1e000
10006bdc:	ea4c 3647 	orr.w	r6, ip, r7, lsl #13
10006be0:	01bf      	lsls	r7, r7, #6
10006be2:	f107 47a0 	add.w	r7, r7, #1342177280	@ 0x50000000
10006be6:	9706      	str	r7, [sp, #24]
10006be8:	f8d0 72f4 	ldr.w	r7, [r0, #756]	@ 0x2f4
10006bec:	4b3a      	ldr	r3, [pc, #232]	@ (10006cd8 <dvi_start+0x140>)
10006bee:	f427 37f0 	bic.w	r7, r7, #122880	@ 0x1e000
10006bf2:	ea47 3745 	orr.w	r7, r7, r5, lsl #13
10006bf6:	034a      	lsls	r2, r1, #13
10006bf8:	9608      	str	r6, [sp, #32]
10006bfa:	9709      	str	r7, [sp, #36]	@ 0x24
10006bfc:	01ae      	lsls	r6, r5, #6
10006bfe:	6947      	ldr	r7, [r0, #20]
10006c00:	f022 7260 	bic.w	r2, r2, #58720256	@ 0x3800000
10006c04:	431a      	orrs	r2, r3
10006c06:	f106 46a0 	add.w	r6, r6, #1342177280	@ 0x50000000
10006c0a:	9205      	str	r2, [sp, #20]
10006c0c:	9601      	str	r6, [sp, #4]
10006c0e:	6a42      	ldr	r2, [r0, #36]	@ 0x24
10006c10:	037e      	lsls	r6, r7, #13
10006c12:	f026 7660 	bic.w	r6, r6, #58720256	@ 0x3800000
10006c16:	ea46 0703 	orr.w	r7, r6, r3
10006c1a:	0356      	lsls	r6, r2, #13
10006c1c:	6945      	ldr	r5, [r0, #20]
10006c1e:	f026 7660 	bic.w	r6, r6, #58720256	@ 0x3800000
10006c22:	4333      	orrs	r3, r6
10006c24:	fa0e fc02 	lsl.w	ip, lr, r2
10006c28:	9703      	str	r7, [sp, #12]
10006c2a:	fa0e f701 	lsl.w	r7, lr, r1
10006c2e:	9302      	str	r3, [sp, #8]
10006c30:	ea47 030c 	orr.w	r3, r7, ip
10006c34:	fa0e fc05 	lsl.w	ip, lr, r5
10006c38:	ea43 0c0c 	orr.w	ip, r3, ip
10006c3c:	0189      	lsls	r1, r1, #6
10006c3e:	9b04      	ldr	r3, [sp, #16]
10006c40:	6947      	ldr	r7, [r0, #20]
10006c42:	f101 41a0 	add.w	r1, r1, #1342177280	@ 0x50000000
10006c46:	f500 75dc 	add.w	r5, r0, #440	@ 0x1b8
10006c4a:	f854 9f3c 	ldr.w	r9, [r4, #60]!
10006c4e:	600d      	str	r5, [r1, #0]
10006c50:	604b      	str	r3, [r1, #4]
10006c52:	9b05      	ldr	r3, [sp, #20]
10006c54:	01bf      	lsls	r7, r7, #6
10006c56:	f107 47a0 	add.w	r7, r7, #1342177280	@ 0x50000000
10006c5a:	f8c1 8008 	str.w	r8, [r1, #8]
10006c5e:	610b      	str	r3, [r1, #16]
10006c60:	f500 7106 	add.w	r1, r0, #536	@ 0x218
10006c64:	6039      	str	r1, [r7, #0]
10006c66:	9906      	ldr	r1, [sp, #24]
10006c68:	0192      	lsls	r2, r2, #6
10006c6a:	6079      	str	r1, [r7, #4]
10006c6c:	9903      	ldr	r1, [sp, #12]
10006c6e:	f8c7 8008 	str.w	r8, [r7, #8]
10006c72:	f102 42a0 	add.w	r2, r2, #1342177280	@ 0x50000000
10006c76:	6139      	str	r1, [r7, #16]
10006c78:	f500 7122 	add.w	r1, r0, #648	@ 0x288
10006c7c:	6011      	str	r1, [r2, #0]
10006c7e:	9901      	ldr	r1, [sp, #4]
10006c80:	9b07      	ldr	r3, [sp, #28]
10006c82:	6051      	str	r1, [r2, #4]
10006c84:	9902      	ldr	r1, [sp, #8]
10006c86:	f8c2 8008 	str.w	r8, [r2, #8]
10006c8a:	6111      	str	r1, [r2, #16]
10006c8c:	f8c0 3214 	str.w	r3, [r0, #532]	@ 0x214
10006c90:	9b08      	ldr	r3, [sp, #32]
10006c92:	9f09      	ldr	r7, [sp, #36]	@ 0x24
10006c94:	f8c0 3284 	str.w	r3, [r0, #644]	@ 0x284
10006c98:	f04f 43a0 	mov.w	r3, #1342177280	@ 0x50000000
10006c9c:	f8c0 72f4 	str.w	r7, [r0, #756]	@ 0x2f4
10006ca0:	4626      	mov	r6, r4
10006ca2:	f8c3 c450 	str.w	ip, [r3, #1104]	@ 0x450
10006ca6:	464b      	mov	r3, r9
10006ca8:	f100 0548 	add.w	r5, r0, #72	@ 0x48
10006cac:	f856 1f04 	ldr.w	r1, [r6, #4]!
10006cb0:	3110      	adds	r1, #16
10006cb2:	fa0e f101 	lsl.w	r1, lr, r1
10006cb6:	685a      	ldr	r2, [r3, #4]
10006cb8:	420a      	tst	r2, r1
10006cba:	d0fc      	beq.n	10006cb6 <dvi_start+0x11e>
10006cbc:	42b5      	cmp	r5, r6
10006cbe:	d1f5      	bne.n	10006cac <dvi_start+0x114>
10006cc0:	4605      	mov	r5, r0
10006cc2:	2101      	movs	r1, #1
10006cc4:	4620      	mov	r0, r4
10006cc6:	f000 fb93 	bl	100073f0 <dvi_serialiser_enable>
10006cca:	2301      	movs	r3, #1
10006ccc:	f885 3704 	strb.w	r3, [r5, #1796]	@ 0x704
10006cd0:	b00b      	add	sp, #44	@ 0x2c
10006cd2:	e8bd 83f0 	ldmia.w	sp!, {r4, r5, r6, r7, r8, r9, pc}
10006cd6:	4770      	bx	lr
10006cd8:	007e1459 	.word	0x007e1459

10006cdc <dvi_audio_sample_buffer_set>:
10006cdc:	f500 6006 	add.w	r0, r0, #2144	@ 0x860
10006ce0:	f000 bbce 	b.w	10007480 <audio_ring_set>

10006ce4 <dvi_timing_state_init>:
10006ce4:	2300      	movs	r3, #0
10006ce6:	6003      	str	r3, [r0, #0]
10006ce8:	7103      	strb	r3, [r0, #4]
10006cea:	4770      	bx	lr

10006cec <dvi_setup_scanline_for_vblank>:
10006cec:	e92d 4ff0 	stmdb	sp!, {r4, r5, r6, r7, r8, r9, sl, fp, lr}
10006cf0:	e9d0 e801 	ldrd	lr, r8, [r0, #4]
10006cf4:	7d04      	ldrb	r4, [r0, #20]
10006cf6:	2501      	movs	r5, #1
10006cf8:	1aa2      	subs	r2, r4, r2
10006cfa:	fab2 f282 	clz	r2, r2
10006cfe:	469a      	mov	sl, r3
10006d00:	684c      	ldr	r4, [r1, #4]
10006d02:	4b7b      	ldr	r3, [pc, #492]	@ (10006ef0 <dvi_setup_scanline_for_vblank+0x204>)
10006d04:	68cf      	ldr	r7, [r1, #12]
10006d06:	f890 c000 	ldrb.w	ip, [r0]
10006d0a:	ea03 3444 	and.w	r4, r3, r4, lsl #13
10006d0e:	ea44 4447 	orr.w	r4, r4, r7, lsl #17
10006d12:	680f      	ldr	r7, [r1, #0]
10006d14:	4e77      	ldr	r6, [pc, #476]	@ (10006ef4 <dvi_setup_scanline_for_vblank+0x208>)
10006d16:	0952      	lsrs	r2, r2, #5
10006d18:	ea8c 0905 	eor.w	r9, ip, r5
10006d1c:	f424 34f0 	bic.w	r4, r4, #122880	@ 0x1e000
10006d20:	ea44 3447 	orr.w	r4, r4, r7, lsl #13
10006d24:	ea49 0942 	orr.w	r9, r9, r2, lsl #1
10006d28:	ea4c 0c42 	orr.w	ip, ip, r2, lsl #1
10006d2c:	eb06 0289 	add.w	r2, r6, r9, lsl #2
10006d30:	f424 0900 	bic.w	r9, r4, #8388608	@ 0x800000
10006d34:	eb06 0b8c 	add.w	fp, r6, ip, lsl #2
10006d38:	f449 7906 	orr.w	r9, r9, #536	@ 0x218
10006d3c:	eb0e 0c08 	add.w	ip, lr, r8
10006d40:	e9d0 7003 	ldrd	r7, r0, [r0, #12]
10006d44:	f049 0903 	orr.w	r9, r9, #3
10006d48:	44bc      	add	ip, r7
10006d4a:	f444 0400 	orr.w	r4, r4, #8388608	@ 0x800000
10006d4e:	40ef      	lsrs	r7, r5
10006d50:	688b      	ldr	r3, [r1, #8]
10006d52:	f444 7406 	orr.w	r4, r4, #536	@ 0x218
10006d56:	e9ca 790a 	strd	r7, r9, [sl, #40]	@ 0x28
10006d5a:	698f      	ldr	r7, [r1, #24]
10006d5c:	40e8      	lsrs	r0, r5
10006d5e:	f044 0403 	orr.w	r4, r4, #3
10006d62:	fa2c fc05 	lsr.w	ip, ip, r5
10006d66:	fa2e fe05 	lsr.w	lr, lr, r5
10006d6a:	fa28 f805 	lsr.w	r8, r8, r5
10006d6e:	e9ca 300d 	strd	r3, r0, [sl, #52]	@ 0x34
10006d72:	e9ca 7c19 	strd	r7, ip, [sl, #100]	@ 0x64
10006d76:	f8ca e008 	str.w	lr, [sl, #8]
10006d7a:	f8ca b010 	str.w	fp, [sl, #16]
10006d7e:	f8ca 8018 	str.w	r8, [sl, #24]
10006d82:	f8ca 3004 	str.w	r3, [sl, #4]
10006d86:	f8ca 400c 	str.w	r4, [sl, #12]
10006d8a:	f8ca 3014 	str.w	r3, [sl, #20]
10006d8e:	f8ca 401c 	str.w	r4, [sl, #28]
10006d92:	f8ca 403c 	str.w	r4, [sl, #60]	@ 0x3c
10006d96:	f8ca 3024 	str.w	r3, [sl, #36]	@ 0x24
10006d9a:	f8ca 6060 	str.w	r6, [sl, #96]	@ 0x60
10006d9e:	4b54      	ldr	r3, [pc, #336]	@ (10006ef0 <dvi_setup_scanline_for_vblank+0x204>)
10006da0:	f8ca 2000 	str.w	r2, [sl]
10006da4:	f8ca 2020 	str.w	r2, [sl, #32]
10006da8:	f8ca 2030 	str.w	r2, [sl, #48]	@ 0x30
10006dac:	694a      	ldr	r2, [r1, #20]
10006dae:	69cc      	ldr	r4, [r1, #28]
10006db0:	ea03 3242 	and.w	r2, r3, r2, lsl #13
10006db4:	ea42 4244 	orr.w	r2, r2, r4, lsl #17
10006db8:	690c      	ldr	r4, [r1, #16]
10006dba:	f422 32f0 	bic.w	r2, r2, #122880	@ 0x1e000
10006dbe:	ea42 3244 	orr.w	r2, r2, r4, lsl #13
10006dc2:	f442 0200 	orr.w	r2, r2, #8388608	@ 0x800000
10006dc6:	f442 7206 	orr.w	r2, r2, #536	@ 0x218
10006dca:	f042 0203 	orr.w	r2, r2, #3
10006dce:	f8ca 206c 	str.w	r2, [sl, #108]	@ 0x6c
10006dd2:	f8ca 207c 	str.w	r2, [sl, #124]	@ 0x7c
10006dd6:	6a4a      	ldr	r2, [r1, #36]	@ 0x24
10006dd8:	f10a 0440 	add.w	r4, sl, #64	@ 0x40
10006ddc:	ea03 3342 	and.w	r3, r3, r2, lsl #13
10006de0:	6aca      	ldr	r2, [r1, #44]	@ 0x2c
10006de2:	f8ca 7074 	str.w	r7, [sl, #116]	@ 0x74
10006de6:	ea43 4342 	orr.w	r3, r3, r2, lsl #17
10006dea:	6a0a      	ldr	r2, [r1, #32]
10006dec:	f423 33f0 	bic.w	r3, r3, #122880	@ 0x1e000
10006df0:	ea43 3342 	orr.w	r3, r3, r2, lsl #13
10006df4:	f443 0300 	orr.w	r3, r3, #8388608	@ 0x800000
10006df8:	6a8a      	ldr	r2, [r1, #40]	@ 0x28
10006dfa:	f443 7306 	orr.w	r3, r3, #536	@ 0x218
10006dfe:	f043 0303 	orr.w	r3, r3, #3
10006e02:	e9ca 033a 	strd	r0, r3, [sl, #232]	@ 0xe8
10006e06:	f8ca 6070 	str.w	r6, [sl, #112]	@ 0x70
10006e0a:	f8ca 0078 	str.w	r0, [sl, #120]	@ 0x78
10006e0e:	f8ca 60d0 	str.w	r6, [sl, #208]	@ 0xd0
10006e12:	f8ca c0d8 	str.w	ip, [sl, #216]	@ 0xd8
10006e16:	f8ca 60e0 	str.w	r6, [sl, #224]	@ 0xe0
10006e1a:	f8ca 20d4 	str.w	r2, [sl, #212]	@ 0xd4
10006e1e:	f8ca 30dc 	str.w	r3, [sl, #220]	@ 0xdc
10006e22:	f8ca 20e4 	str.w	r2, [sl, #228]	@ 0xe4
10006e26:	e89a 000f 	ldmia.w	sl, {r0, r1, r2, r3}
10006e2a:	e884 000f 	stmia.w	r4, {r0, r1, r2, r3}
10006e2e:	f10a 0b50 	add.w	fp, sl, #80	@ 0x50
10006e32:	f8ca 5048 	str.w	r5, [sl, #72]	@ 0x48
10006e36:	e89a 000f 	ldmia.w	sl, {r0, r1, r2, r3}
10006e3a:	e88b 000f 	stmia.w	fp, {r0, r1, r2, r3}
10006e3e:	f10a 0e60 	add.w	lr, sl, #96	@ 0x60
10006e42:	f8ca 5058 	str.w	r5, [sl, #88]	@ 0x58
10006e46:	f10a 0480 	add.w	r4, sl, #128	@ 0x80
10006e4a:	e89e 000f 	ldmia.w	lr, {r0, r1, r2, r3}
10006e4e:	e884 000f 	stmia.w	r4, {r0, r1, r2, r3}
10006e52:	f10a 0990 	add.w	r9, sl, #144	@ 0x90
10006e56:	f8ca 5088 	str.w	r5, [sl, #136]	@ 0x88
10006e5a:	e89e 000f 	ldmia.w	lr, {r0, r1, r2, r3}
10006e5e:	e889 000f 	stmia.w	r9, {r0, r1, r2, r3}
10006e62:	f10a 08a0 	add.w	r8, sl, #160	@ 0xa0
10006e66:	f8ca 5098 	str.w	r5, [sl, #152]	@ 0x98
10006e6a:	f10a 07b0 	add.w	r7, sl, #176	@ 0xb0
10006e6e:	e89e 000f 	ldmia.w	lr, {r0, r1, r2, r3}
10006e72:	e888 000f 	stmia.w	r8, {r0, r1, r2, r3}
10006e76:	f8ca 50a8 	str.w	r5, [sl, #168]	@ 0xa8
10006e7a:	e89e 000f 	ldmia.w	lr, {r0, r1, r2, r3}
10006e7e:	e887 000f 	stmia.w	r7, {r0, r1, r2, r3}
10006e82:	f10a 06c0 	add.w	r6, sl, #192	@ 0xc0
10006e86:	f8ca 50b8 	str.w	r5, [sl, #184]	@ 0xb8
10006e8a:	e89e 000f 	ldmia.w	lr, {r0, r1, r2, r3}
10006e8e:	e886 000f 	stmia.w	r6, {r0, r1, r2, r3}
10006e92:	f10a 0cd0 	add.w	ip, sl, #208	@ 0xd0
10006e96:	f8ca 50c8 	str.w	r5, [sl, #200]	@ 0xc8
10006e9a:	f10a 04f0 	add.w	r4, sl, #240	@ 0xf0
10006e9e:	e89c 000f 	ldmia.w	ip, {r0, r1, r2, r3}
10006ea2:	e884 000f 	stmia.w	r4, {r0, r1, r2, r3}
10006ea6:	f8ca 50f8 	str.w	r5, [sl, #248]	@ 0xf8
10006eaa:	f50a 7480 	add.w	r4, sl, #256	@ 0x100
10006eae:	e89c 000f 	ldmia.w	ip, {r0, r1, r2, r3}
10006eb2:	e884 000f 	stmia.w	r4, {r0, r1, r2, r3}
10006eb6:	f8ca 5108 	str.w	r5, [sl, #264]	@ 0x108
10006eba:	f50a 7488 	add.w	r4, sl, #272	@ 0x110
10006ebe:	e89c 000f 	ldmia.w	ip, {r0, r1, r2, r3}
10006ec2:	e884 000f 	stmia.w	r4, {r0, r1, r2, r3}
10006ec6:	f8ca 5118 	str.w	r5, [sl, #280]	@ 0x118
10006eca:	f50a 7490 	add.w	r4, sl, #288	@ 0x120
10006ece:	e89c 000f 	ldmia.w	ip, {r0, r1, r2, r3}
10006ed2:	e884 000f 	stmia.w	r4, {r0, r1, r2, r3}
10006ed6:	f8ca 5128 	str.w	r5, [sl, #296]	@ 0x128
10006eda:	f50a 7498 	add.w	r4, sl, #304	@ 0x130
10006ede:	e89c 000f 	ldmia.w	ip, {r0, r1, r2, r3}
10006ee2:	e884 000f 	stmia.w	r4, {r0, r1, r2, r3}
10006ee6:	f8ca 5138 	str.w	r5, [sl, #312]	@ 0x138
10006eea:	e8bd 8ff0 	ldmia.w	sp!, {r4, r5, r6, r7, r8, r9, sl, fp, pc}
10006eee:	bf00      	nop
10006ef0:	fc01ffff 	.word	0xfc01ffff
10006ef4:	2000189c 	.word	0x2000189c

10006ef8 <dvi_setup_scanline_for_active>:
10006ef8:	e92d 4ff0 	stmdb	sp!, {r4, r5, r6, r7, r8, r9, sl, fp, lr}
10006efc:	e9d0 b403 	ldrd	fp, r4, [r0, #12]
10006f00:	469a      	mov	sl, r3
10006f02:	4691      	mov	r9, r2
10006f04:	b083      	sub	sp, #12
10006f06:	f89d 3030 	ldrb.w	r3, [sp, #48]	@ 0x30
10006f0a:	f8df e2dc 	ldr.w	lr, [pc, #732]	@ 100071e8 <dvi_setup_scanline_for_active+0x2f0>
10006f0e:	9301      	str	r3, [sp, #4]
10006f10:	684b      	ldr	r3, [r1, #4]
10006f12:	68ca      	ldr	r2, [r1, #12]
10006f14:	7d06      	ldrb	r6, [r0, #20]
10006f16:	ea0e 3c43 	and.w	ip, lr, r3, lsl #13
10006f1a:	ea4c 4c42 	orr.w	ip, ip, r2, lsl #17
10006f1e:	680b      	ldr	r3, [r1, #0]
10006f20:	7802      	ldrb	r2, [r0, #0]
10006f22:	f086 0601 	eor.w	r6, r6, #1
10006f26:	4fab      	ldr	r7, [pc, #684]	@ (100071d4 <dvi_setup_scanline_for_active+0x2dc>)
10006f28:	f42c 3cf0 	bic.w	ip, ip, #122880	@ 0x1e000
10006f2c:	ea4c 3c43 	orr.w	ip, ip, r3, lsl #13
10006f30:	e9d0 8301 	ldrd	r8, r3, [r0, #4]
10006f34:	ea42 0046 	orr.w	r0, r2, r6, lsl #1
10006f38:	eb07 0080 	add.w	r0, r7, r0, lsl #2
10006f3c:	9300      	str	r3, [sp, #0]
10006f3e:	f082 0301 	eor.w	r3, r2, #1
10006f42:	688a      	ldr	r2, [r1, #8]
10006f44:	f8ca 0010 	str.w	r0, [sl, #16]
10006f48:	ea4f 0058 	mov.w	r0, r8, lsr #1
10006f4c:	f8ca 0008 	str.w	r0, [sl, #8]
10006f50:	9800      	ldr	r0, [sp, #0]
10006f52:	ea43 0346 	orr.w	r3, r3, r6, lsl #1
10006f56:	4da0      	ldr	r5, [pc, #640]	@ (100071d8 <dvi_setup_scanline_for_active+0x2e0>)
10006f58:	f42c 0600 	bic.w	r6, ip, #8388608	@ 0x800000
10006f5c:	eb07 0383 	add.w	r3, r7, r3, lsl #2
10006f60:	0840      	lsrs	r0, r0, #1
10006f62:	f446 7606 	orr.w	r6, r6, #536	@ 0x218
10006f66:	f8ca 3000 	str.w	r3, [sl]
10006f6a:	f046 0603 	orr.w	r6, r6, #3
10006f6e:	f8ca 3020 	str.w	r3, [sl, #32]
10006f72:	f8ca 0018 	str.w	r0, [sl, #24]
10006f76:	ea4c 0305 	orr.w	r3, ip, r5
10006f7a:	ea4f 005b 	mov.w	r0, fp, lsr #1
10006f7e:	0864      	lsrs	r4, r4, #1
10006f80:	f8ca 602c 	str.w	r6, [sl, #44]	@ 0x2c
10006f84:	f8ca 2004 	str.w	r2, [sl, #4]
10006f88:	f8ca 2014 	str.w	r2, [sl, #20]
10006f8c:	f8ca 2024 	str.w	r2, [sl, #36]	@ 0x24
10006f90:	f8ca 300c 	str.w	r3, [sl, #12]
10006f94:	f8ca 301c 	str.w	r3, [sl, #28]
10006f98:	f8ca 0028 	str.w	r0, [sl, #40]	@ 0x28
10006f9c:	f1b9 0f00 	cmp.w	r9, #0
10006fa0:	f000 80b6 	beq.w	10007110 <dvi_setup_scanline_for_active+0x218>
10006fa4:	694b      	ldr	r3, [r1, #20]
10006fa6:	69ce      	ldr	r6, [r1, #28]
10006fa8:	ea0e 3343 	and.w	r3, lr, r3, lsl #13
10006fac:	ea43 4646 	orr.w	r6, r3, r6, lsl #17
10006fb0:	6a4b      	ldr	r3, [r1, #36]	@ 0x24
10006fb2:	9800      	ldr	r0, [sp, #0]
10006fb4:	ea0e 3e43 	and.w	lr, lr, r3, lsl #13
10006fb8:	6acb      	ldr	r3, [r1, #44]	@ 0x2c
10006fba:	f426 36f0 	bic.w	r6, r6, #122880	@ 0x1e000
10006fbe:	ea4e 4e43 	orr.w	lr, lr, r3, lsl #17
10006fc2:	690b      	ldr	r3, [r1, #16]
10006fc4:	4440      	add	r0, r8
10006fc6:	ea46 3843 	orr.w	r8, r6, r3, lsl #13
10006fca:	4e84      	ldr	r6, [pc, #528]	@ (100071dc <dvi_setup_scanline_for_active+0x2e4>)
10006fcc:	4458      	add	r0, fp
10006fce:	ea4c 0306 	orr.w	r3, ip, r6
10006fd2:	f8ca 303c 	str.w	r3, [sl, #60]	@ 0x3c
10006fd6:	6a0b      	ldr	r3, [r1, #32]
10006fd8:	f8d1 c018 	ldr.w	ip, [r1, #24]
10006fdc:	f42e 3ef0 	bic.w	lr, lr, #122880	@ 0x1e000
10006fe0:	f8ca 7060 	str.w	r7, [sl, #96]	@ 0x60
10006fe4:	f8ca 70d0 	str.w	r7, [sl, #208]	@ 0xd0
10006fe8:	ea48 0705 	orr.w	r7, r8, r5
10006fec:	6a89      	ldr	r1, [r1, #40]	@ 0x28
10006fee:	ea4e 3343 	orr.w	r3, lr, r3, lsl #13
10006ff2:	f8ca 2034 	str.w	r2, [sl, #52]	@ 0x34
10006ff6:	0840      	lsrs	r0, r0, #1
10006ff8:	eb09 0284 	add.w	r2, r9, r4, lsl #2
10006ffc:	f8ca 706c 	str.w	r7, [sl, #108]	@ 0x6c
10007000:	ea48 0706 	orr.w	r7, r8, r6
10007004:	f8ca 2070 	str.w	r2, [sl, #112]	@ 0x70
10007008:	431d      	orrs	r5, r3
1000700a:	f8ca 9030 	str.w	r9, [sl, #48]	@ 0x30
1000700e:	f8ca 4038 	str.w	r4, [sl, #56]	@ 0x38
10007012:	f8ca c064 	str.w	ip, [sl, #100]	@ 0x64
10007016:	f8ca c074 	str.w	ip, [sl, #116]	@ 0x74
1000701a:	f8ca 0068 	str.w	r0, [sl, #104]	@ 0x68
1000701e:	f8ca 4078 	str.w	r4, [sl, #120]	@ 0x78
10007022:	eb02 0284 	add.w	r2, r2, r4, lsl #2
10007026:	f8ca 707c 	str.w	r7, [sl, #124]	@ 0x7c
1000702a:	4333      	orrs	r3, r6
1000702c:	e9ca 1439 	strd	r1, r4, [sl, #228]	@ 0xe4
10007030:	2401      	movs	r4, #1
10007032:	e9ca 0536 	strd	r0, r5, [sl, #216]	@ 0xd8
10007036:	f10a 0540 	add.w	r5, sl, #64	@ 0x40
1000703a:	f8ca 10d4 	str.w	r1, [sl, #212]	@ 0xd4
1000703e:	f8ca 20e0 	str.w	r2, [sl, #224]	@ 0xe0
10007042:	f8ca 30ec 	str.w	r3, [sl, #236]	@ 0xec
10007046:	e89a 000f 	ldmia.w	sl, {r0, r1, r2, r3}
1000704a:	e885 000f 	stmia.w	r5, {r0, r1, r2, r3}
1000704e:	f10a 0650 	add.w	r6, sl, #80	@ 0x50
10007052:	f8ca 4048 	str.w	r4, [sl, #72]	@ 0x48
10007056:	e89a 000f 	ldmia.w	sl, {r0, r1, r2, r3}
1000705a:	e886 000f 	stmia.w	r6, {r0, r1, r2, r3}
1000705e:	f10a 0e60 	add.w	lr, sl, #96	@ 0x60
10007062:	f8ca 4058 	str.w	r4, [sl, #88]	@ 0x58
10007066:	f10a 0b80 	add.w	fp, sl, #128	@ 0x80
1000706a:	f10a 0690 	add.w	r6, sl, #144	@ 0x90
1000706e:	e89e 000f 	ldmia.w	lr, {r0, r1, r2, r3}
10007072:	e88b 000f 	stmia.w	fp, {r0, r1, r2, r3}
10007076:	f8ca 4088 	str.w	r4, [sl, #136]	@ 0x88
1000707a:	e89e 000f 	ldmia.w	lr, {r0, r1, r2, r3}
1000707e:	e886 000f 	stmia.w	r6, {r0, r1, r2, r3}
10007082:	f10a 09a0 	add.w	r9, sl, #160	@ 0xa0
10007086:	f8ca 4098 	str.w	r4, [sl, #152]	@ 0x98
1000708a:	e89e 000f 	ldmia.w	lr, {r0, r1, r2, r3}
1000708e:	e889 000f 	stmia.w	r9, {r0, r1, r2, r3}
10007092:	f10a 08b0 	add.w	r8, sl, #176	@ 0xb0
10007096:	f8ca 40a8 	str.w	r4, [sl, #168]	@ 0xa8
1000709a:	e89e 000f 	ldmia.w	lr, {r0, r1, r2, r3}
1000709e:	e888 000f 	stmia.w	r8, {r0, r1, r2, r3}
100070a2:	f10a 07c0 	add.w	r7, sl, #192	@ 0xc0
100070a6:	f8ca 40b8 	str.w	r4, [sl, #184]	@ 0xb8
100070aa:	e89e 000f 	ldmia.w	lr, {r0, r1, r2, r3}
100070ae:	e887 000f 	stmia.w	r7, {r0, r1, r2, r3}
100070b2:	f10a 0cd0 	add.w	ip, sl, #208	@ 0xd0
100070b6:	f8ca 40c8 	str.w	r4, [sl, #200]	@ 0xc8
100070ba:	f10a 06f0 	add.w	r6, sl, #240	@ 0xf0
100070be:	e89c 000f 	ldmia.w	ip, {r0, r1, r2, r3}
100070c2:	e886 000f 	stmia.w	r6, {r0, r1, r2, r3}
100070c6:	f50a 7580 	add.w	r5, sl, #256	@ 0x100
100070ca:	f8ca 40f8 	str.w	r4, [sl, #248]	@ 0xf8
100070ce:	e89c 000f 	ldmia.w	ip, {r0, r1, r2, r3}
100070d2:	e885 000f 	stmia.w	r5, {r0, r1, r2, r3}
100070d6:	f8ca 4108 	str.w	r4, [sl, #264]	@ 0x108
100070da:	f50a 7588 	add.w	r5, sl, #272	@ 0x110
100070de:	e89c 000f 	ldmia.w	ip, {r0, r1, r2, r3}
100070e2:	e885 000f 	stmia.w	r5, {r0, r1, r2, r3}
100070e6:	f50a 7590 	add.w	r5, sl, #288	@ 0x120
100070ea:	f8ca 4118 	str.w	r4, [sl, #280]	@ 0x118
100070ee:	e89c 000f 	ldmia.w	ip, {r0, r1, r2, r3}
100070f2:	e885 000f 	stmia.w	r5, {r0, r1, r2, r3}
100070f6:	f8ca 4128 	str.w	r4, [sl, #296]	@ 0x128
100070fa:	f50a 7598 	add.w	r5, sl, #304	@ 0x130
100070fe:	e89c 000f 	ldmia.w	ip, {r0, r1, r2, r3}
10007102:	e885 000f 	stmia.w	r5, {r0, r1, r2, r3}
10007106:	f8ca 4138 	str.w	r4, [sl, #312]	@ 0x138
1000710a:	b003      	add	sp, #12
1000710c:	e8bd 8ff0 	ldmia.w	sp!, {r4, r5, r6, r7, r8, r9, sl, fp, pc}
10007110:	9801      	ldr	r0, [sp, #4]
10007112:	2800      	cmp	r0, #0
10007114:	d038      	beq.n	10007188 <dvi_setup_scanline_for_active+0x290>
10007116:	f8ca 303c 	str.w	r3, [sl, #60]	@ 0x3c
1000711a:	694b      	ldr	r3, [r1, #20]
1000711c:	f8ca 2034 	str.w	r2, [sl, #52]	@ 0x34
10007120:	69ca      	ldr	r2, [r1, #28]
10007122:	ea0e 3643 	and.w	r6, lr, r3, lsl #13
10007126:	6a4b      	ldr	r3, [r1, #36]	@ 0x24
10007128:	ea46 4642 	orr.w	r6, r6, r2, lsl #17
1000712c:	6aca      	ldr	r2, [r1, #44]	@ 0x2c
1000712e:	ea0e 3343 	and.w	r3, lr, r3, lsl #13
10007132:	ea43 4342 	orr.w	r3, r3, r2, lsl #17
10007136:	690a      	ldr	r2, [r1, #16]
10007138:	9800      	ldr	r0, [sp, #0]
1000713a:	f426 36f0 	bic.w	r6, r6, #122880	@ 0x1e000
1000713e:	ea46 3642 	orr.w	r6, r6, r2, lsl #13
10007142:	6a0a      	ldr	r2, [r1, #32]
10007144:	4440      	add	r0, r8
10007146:	f423 33f0 	bic.w	r3, r3, #122880	@ 0x1e000
1000714a:	ea43 3342 	orr.w	r3, r3, r2, lsl #13
1000714e:	4458      	add	r0, fp
10007150:	4a23      	ldr	r2, [pc, #140]	@ (100071e0 <dvi_setup_scanline_for_active+0x2e8>)
10007152:	0840      	lsrs	r0, r0, #1
10007154:	f8ca 4038 	str.w	r4, [sl, #56]	@ 0x38
10007158:	432e      	orrs	r6, r5
1000715a:	f8ca 7060 	str.w	r7, [sl, #96]	@ 0x60
1000715e:	432b      	orrs	r3, r5
10007160:	698d      	ldr	r5, [r1, #24]
10007162:	6a89      	ldr	r1, [r1, #40]	@ 0x28
10007164:	f8ca 5064 	str.w	r5, [sl, #100]	@ 0x64
10007168:	f8ca 5074 	str.w	r5, [sl, #116]	@ 0x74
1000716c:	1d15      	adds	r5, r2, #4
1000716e:	f8ca 2030 	str.w	r2, [sl, #48]	@ 0x30
10007172:	f8ca 5070 	str.w	r5, [sl, #112]	@ 0x70
10007176:	e9ca 061a 	strd	r0, r6, [sl, #104]	@ 0x68
1000717a:	461d      	mov	r5, r3
1000717c:	e9ca 461e 	strd	r4, r6, [sl, #120]	@ 0x78
10007180:	f8ca 70d0 	str.w	r7, [sl, #208]	@ 0xd0
10007184:	3208      	adds	r2, #8
10007186:	e751      	b.n	1000702c <dvi_setup_scanline_for_active+0x134>
10007188:	f8ca 303c 	str.w	r3, [sl, #60]	@ 0x3c
1000718c:	694b      	ldr	r3, [r1, #20]
1000718e:	f8ca 2034 	str.w	r2, [sl, #52]	@ 0x34
10007192:	69ca      	ldr	r2, [r1, #28]
10007194:	ea0e 3643 	and.w	r6, lr, r3, lsl #13
10007198:	6a4b      	ldr	r3, [r1, #36]	@ 0x24
1000719a:	ea46 4642 	orr.w	r6, r6, r2, lsl #17
1000719e:	6aca      	ldr	r2, [r1, #44]	@ 0x2c
100071a0:	ea0e 3343 	and.w	r3, lr, r3, lsl #13
100071a4:	ea43 4342 	orr.w	r3, r3, r2, lsl #17
100071a8:	690a      	ldr	r2, [r1, #16]
100071aa:	9800      	ldr	r0, [sp, #0]
100071ac:	f426 36f0 	bic.w	r6, r6, #122880	@ 0x1e000
100071b0:	ea46 3642 	orr.w	r6, r6, r2, lsl #13
100071b4:	6a0a      	ldr	r2, [r1, #32]
100071b6:	4440      	add	r0, r8
100071b8:	f423 33f0 	bic.w	r3, r3, #122880	@ 0x1e000
100071bc:	ea43 3342 	orr.w	r3, r3, r2, lsl #13
100071c0:	4458      	add	r0, fp
100071c2:	4a08      	ldr	r2, [pc, #32]	@ (100071e4 <dvi_setup_scanline_for_active+0x2ec>)
100071c4:	0840      	lsrs	r0, r0, #1
100071c6:	f8ca 4038 	str.w	r4, [sl, #56]	@ 0x38
100071ca:	432e      	orrs	r6, r5
100071cc:	f8ca 7060 	str.w	r7, [sl, #96]	@ 0x60
100071d0:	432b      	orrs	r3, r5
100071d2:	e7c5      	b.n	10007160 <dvi_setup_scanline_for_active+0x268>
100071d4:	2000189c 	.word	0x2000189c
100071d8:	0080021b 	.word	0x0080021b
100071dc:	0080001b 	.word	0x0080001b
100071e0:	20001884 	.word	0x20001884
100071e4:	20001890 	.word	0x20001890
100071e8:	fc01ffff 	.word	0xfc01ffff

100071ec <dvi_serialiser_init>:
100071ec:	e92d 4ff0 	stmdb	sp!, {r4, r5, r6, r7, r8, r9, sl, fp, lr}
100071f0:	4605      	mov	r5, r0
100071f2:	b08b      	sub	sp, #44	@ 0x2c
100071f4:	2110      	movs	r1, #16
100071f6:	6800      	ldr	r0, [r0, #0]
100071f8:	f7ff f98c 	bl	10006514 <pio_set_gpio_base>
100071fc:	4978      	ldr	r1, [pc, #480]	@ (100073e0 <dvi_serialiser_init+0x1f4>)
100071fe:	6828      	ldr	r0, [r5, #0]
10007200:	f7ff f98a 	bl	10006518 <pio_add_program>
10007204:	f04f 0b02 	mov.w	fp, #2
10007208:	46a9      	mov	r9, r5
1000720a:	1c41      	adds	r1, r0, #1
1000720c:	01c3      	lsls	r3, r0, #7
1000720e:	ea43 3301 	orr.w	r3, r3, r1, lsl #12
10007212:	f023 43c0 	bic.w	r3, r3, #1610612736	@ 0x60000000
10007216:	9304      	str	r3, [sp, #16]
10007218:	f8df a1d0 	ldr.w	sl, [pc, #464]	@ 100073ec <dvi_serialiser_init+0x200>
1000721c:	f105 0318 	add.w	r3, r5, #24
10007220:	f105 060c 	add.w	r6, r5, #12
10007224:	6268      	str	r0, [r5, #36]	@ 0x24
10007226:	9303      	str	r3, [sp, #12]
10007228:	9005      	str	r0, [sp, #20]
1000722a:	f856 1c08 	ldr.w	r1, [r6, #-8]
1000722e:	f8d9 0000 	ldr.w	r0, [r9]
10007232:	f7ff f94b 	bl	100064cc <pio_sm_claim>
10007236:	f8d9 7000 	ldr.w	r7, [r9]
1000723a:	f856 8c08 	ldr.w	r8, [r6, #-8]
1000723e:	f107 412f 	add.w	r1, r7, #2936012800	@ 0xaf000000
10007242:	f501 0160 	add.w	r1, r1, #14680064	@ 0xe00000
10007246:	f856 4f04 	ldr.w	r4, [r6, #4]!
1000724a:	0d0d      	lsrs	r5, r1, #20
1000724c:	3506      	adds	r5, #6
1000724e:	4620      	mov	r0, r4
10007250:	b2e9      	uxtb	r1, r5
10007252:	f7f9 f88d 	bl	10000370 <gpio_set_function>
10007256:	b2e9      	uxtb	r1, r5
10007258:	1c60      	adds	r0, r4, #1
1000725a:	f7f9 f889 	bl	10000370 <gpio_set_function>
1000725e:	f44f 3380 	mov.w	r3, #65536	@ 0x10000
10007262:	2501      	movs	r5, #1
10007264:	9306      	str	r3, [sp, #24]
10007266:	9b04      	ldr	r3, [sp, #16]
10007268:	0162      	lsls	r2, r4, #5
1000726a:	9307      	str	r3, [sp, #28]
1000726c:	4b5d      	ldr	r3, [pc, #372]	@ (100073e4 <dvi_serialiser_init+0x1f8>)
1000726e:	f402 7278 	and.w	r2, r2, #992	@ 0x3e0
10007272:	9308      	str	r3, [sp, #32]
10007274:	02a3      	lsls	r3, r4, #10
10007276:	f403 43f8 	and.w	r3, r3, #31744	@ 0x7c00
1000727a:	4313      	orrs	r3, r2
1000727c:	f043 4390 	orr.w	r3, r3, #1207959552	@ 0x48000000
10007280:	4641      	mov	r1, r8
10007282:	9a05      	ldr	r2, [sp, #20]
10007284:	9309      	str	r3, [sp, #36]	@ 0x24
10007286:	4638      	mov	r0, r7
10007288:	ab06      	add	r3, sp, #24
1000728a:	f7ff fa33 	bl	100066f4 <pio_sm_init>
1000728e:	4622      	mov	r2, r4
10007290:	2302      	movs	r3, #2
10007292:	4641      	mov	r1, r8
10007294:	9500      	str	r5, [sp, #0]
10007296:	4638      	mov	r0, r7
10007298:	f7ff f9e8 	bl	1000666c <pio_sm_set_consecutive_pindirs>
1000729c:	2303      	movs	r3, #3
1000729e:	f1a4 0220 	sub.w	r2, r4, #32
100072a2:	f1c4 0120 	rsb	r1, r4, #32
100072a6:	fa23 f101 	lsr.w	r1, r3, r1
100072aa:	fa03 f202 	lsl.w	r2, r3, r2
100072ae:	430a      	orrs	r2, r1
100072b0:	40a3      	lsls	r3, r4
100072b2:	9201      	str	r2, [sp, #4]
100072b4:	9300      	str	r3, [sp, #0]
100072b6:	f1a4 0220 	sub.w	r2, r4, #32
100072ba:	f1c4 0320 	rsb	r3, r4, #32
100072be:	fa0b f202 	lsl.w	r2, fp, r2
100072c2:	fa2b f303 	lsr.w	r3, fp, r3
100072c6:	4313      	orrs	r3, r2
100072c8:	4641      	mov	r1, r8
100072ca:	fa0b f204 	lsl.w	r2, fp, r4
100072ce:	4638      	mov	r0, r7
100072d0:	f7ff f994 	bl	100065fc <pio_sm_set_pins_with_mask64>
100072d4:	6830      	ldr	r0, [r6, #0]
100072d6:	f899 4020 	ldrb.w	r4, [r9, #32]
100072da:	683b      	ldr	r3, [r7, #0]
100072dc:	2820      	cmp	r0, #32
100072de:	bf08      	it	eq
100072e0:	f084 0401 	eoreq.w	r4, r4, #1
100072e4:	fa05 f508 	lsl.w	r5, r5, r8
100072e8:	ea23 0305 	bic.w	r3, r3, r5
100072ec:	603b      	str	r3, [r7, #0]
100072ee:	f85a 3020 	ldr.w	r3, [sl, r0, lsl #2]
100072f2:	eb0a 0280 	add.w	r2, sl, r0, lsl #2
100072f6:	f083 0331 	eor.w	r3, r3, #49	@ 0x31
100072fa:	f003 0371 	and.w	r3, r3, #113	@ 0x71
100072fe:	f502 5280 	add.w	r2, r2, #4096	@ 0x1000
10007302:	6013      	str	r3, [r2, #0]
10007304:	4621      	mov	r1, r4
10007306:	f7f9 f851 	bl	100003ac <gpio_set_outover>
1000730a:	6830      	ldr	r0, [r6, #0]
1000730c:	4621      	mov	r1, r4
1000730e:	3001      	adds	r0, #1
10007310:	f85a 3020 	ldr.w	r3, [sl, r0, lsl #2]
10007314:	eb0a 0280 	add.w	r2, sl, r0, lsl #2
10007318:	f083 0331 	eor.w	r3, r3, #49	@ 0x31
1000731c:	f003 0371 	and.w	r3, r3, #113	@ 0x71
10007320:	f502 5280 	add.w	r2, r2, #4096	@ 0x1000
10007324:	6013      	str	r3, [r2, #0]
10007326:	f7f9 f841 	bl	100003ac <gpio_set_outover>
1000732a:	9b03      	ldr	r3, [sp, #12]
1000732c:	42b3      	cmp	r3, r6
1000732e:	f47f af7c 	bne.w	1000722a <dvi_serialiser_init+0x3e>
10007332:	f8d9 401c 	ldr.w	r4, [r9, #28]
10007336:	2c1f      	cmp	r4, #31
10007338:	ea4f 0354 	mov.w	r3, r4, lsr #1
1000733c:	d834      	bhi.n	100073a8 <dvi_serialiser_init+0x1bc>
1000733e:	2100      	movs	r1, #0
10007340:	f003 0307 	and.w	r3, r3, #7
10007344:	eb03 0383 	add.w	r3, r3, r3, lsl #2
10007348:	009b      	lsls	r3, r3, #2
1000734a:	f103 4380 	add.w	r3, r3, #1073741824	@ 0x40000000
1000734e:	f503 2328 	add.w	r3, r3, #688128	@ 0xa8000
10007352:	6019      	str	r1, [r3, #0]
10007354:	2709      	movs	r7, #9
10007356:	6099      	str	r1, [r3, #8]
10007358:	2610      	movs	r6, #16
1000735a:	60d9      	str	r1, [r3, #12]
1000735c:	2004      	movs	r0, #4
1000735e:	f04f 1105 	mov.w	r1, #327685	@ 0x50005
10007362:	611f      	str	r7, [r3, #16]
10007364:	605e      	str	r6, [r3, #4]
10007366:	6018      	str	r0, [r3, #0]
10007368:	60d9      	str	r1, [r3, #12]
1000736a:	4e1f      	ldr	r6, [pc, #124]	@ (100073e8 <dvi_serialiser_init+0x1fc>)
1000736c:	19a6      	adds	r6, r4, r6
1000736e:	00b6      	lsls	r6, r6, #2
10007370:	4620      	mov	r0, r4
10007372:	2104      	movs	r1, #4
10007374:	f7f8 fffc 	bl	10000370 <gpio_set_function>
10007378:	6833      	ldr	r3, [r6, #0]
1000737a:	f506 5280 	add.w	r2, r6, #4096	@ 0x1000
1000737e:	f083 0331 	eor.w	r3, r3, #49	@ 0x31
10007382:	f003 0371 	and.w	r3, r3, #113	@ 0x71
10007386:	4620      	mov	r0, r4
10007388:	f899 1020 	ldrb.w	r1, [r9, #32]
1000738c:	6013      	str	r3, [r2, #0]
1000738e:	f7f9 f80d 	bl	100003ac <gpio_set_outover>
10007392:	f8d9 301c 	ldr.w	r3, [r9, #28]
10007396:	3401      	adds	r4, #1
10007398:	3301      	adds	r3, #1
1000739a:	42a3      	cmp	r3, r4
1000739c:	f106 0604 	add.w	r6, r6, #4
100073a0:	d2e6      	bcs.n	10007370 <dvi_serialiser_init+0x184>
100073a2:	b00b      	add	sp, #44	@ 0x2c
100073a4:	e8bd 8ff0 	ldmia.w	sp!, {r4, r5, r6, r7, r8, r9, sl, fp, pc}
100073a8:	2100      	movs	r1, #0
100073aa:	f003 0303 	and.w	r3, r3, #3
100073ae:	3308      	adds	r3, #8
100073b0:	eb03 0383 	add.w	r3, r3, r3, lsl #2
100073b4:	009b      	lsls	r3, r3, #2
100073b6:	f103 4380 	add.w	r3, r3, #1073741824	@ 0x40000000
100073ba:	f503 2328 	add.w	r3, r3, #688128	@ 0xa8000
100073be:	6019      	str	r1, [r3, #0]
100073c0:	2709      	movs	r7, #9
100073c2:	6099      	str	r1, [r3, #8]
100073c4:	2610      	movs	r6, #16
100073c6:	60d9      	str	r1, [r3, #12]
100073c8:	2004      	movs	r0, #4
100073ca:	f04f 1105 	mov.w	r1, #327685	@ 0x50005
100073ce:	611f      	str	r7, [r3, #16]
100073d0:	605e      	str	r6, [r3, #4]
100073d2:	6018      	str	r0, [r3, #0]
100073d4:	60d9      	str	r1, [r3, #12]
100073d6:	1c63      	adds	r3, r4, #1
100073d8:	d1c7      	bne.n	1000736a <dvi_serialiser_init+0x17e>
100073da:	b00b      	add	sp, #44	@ 0x2c
100073dc:	e8bd 8ff0 	ldmia.w	sp!, {r4, r5, r6, r7, r8, r9, sl, fp, pc}
100073e0:	10008d08 	.word	0x10008d08
100073e4:	680e0000 	.word	0x680e0000
100073e8:	1000e001 	.word	0x1000e001
100073ec:	40038004 	.word	0x40038004

100073f0 <dvi_serialiser_enable>:
100073f0:	2301      	movs	r3, #1
100073f2:	6842      	ldr	r2, [r0, #4]
100073f4:	b410      	push	{r4}
100073f6:	6884      	ldr	r4, [r0, #8]
100073f8:	fa03 f202 	lsl.w	r2, r3, r2
100073fc:	fa03 fc04 	lsl.w	ip, r3, r4
10007400:	68c4      	ldr	r4, [r0, #12]
10007402:	ea42 020c 	orr.w	r2, r2, ip
10007406:	f8d0 c01c 	ldr.w	ip, [r0, #28]
1000740a:	40a3      	lsls	r3, r4
1000740c:	431a      	orrs	r2, r3
1000740e:	6800      	ldr	r0, [r0, #0]
10007410:	ea4f 035c 	mov.w	r3, ip, lsr #1
10007414:	b1d1      	cbz	r1, 1000744c <dvi_serialiser_enable+0x5c>
10007416:	bc10      	pop	{r4}
10007418:	f1bc 0f1f 	cmp.w	ip, #31
1000741c:	bf8a      	itet	hi
1000741e:	f003 0303 	andhi.w	r3, r3, #3
10007422:	f003 0307 	andls.w	r3, r3, #7
10007426:	3308      	addhi	r3, #8
10007428:	eb03 0383 	add.w	r3, r3, r3, lsl #2
1000742c:	009b      	lsls	r3, r3, #2
1000742e:	f103 4380 	add.w	r3, r3, #1073741824	@ 0x40000000
10007432:	f500 5000 	add.w	r0, r0, #8192	@ 0x2000
10007436:	6002      	str	r2, [r0, #0]
10007438:	f503 2228 	add.w	r2, r3, #688128	@ 0xa8000
1000743c:	6812      	ldr	r2, [r2, #0]
1000743e:	f503 2329 	add.w	r3, r3, #692224	@ 0xa9000
10007442:	43d2      	mvns	r2, r2
10007444:	f002 0201 	and.w	r2, r2, #1
10007448:	601a      	str	r2, [r3, #0]
1000744a:	4770      	bx	lr
1000744c:	f1bc 0f1f 	cmp.w	ip, #31
10007450:	bf8a      	itet	hi
10007452:	f003 0303 	andhi.w	r3, r3, #3
10007456:	f003 0307 	andls.w	r3, r3, #7
1000745a:	3308      	addhi	r3, #8
1000745c:	eb03 0383 	add.w	r3, r3, r3, lsl #2
10007460:	009b      	lsls	r3, r3, #2
10007462:	f103 4380 	add.w	r3, r3, #1073741824	@ 0x40000000
10007466:	f500 5040 	add.w	r0, r0, #12288	@ 0x3000
1000746a:	6002      	str	r2, [r0, #0]
1000746c:	f503 2228 	add.w	r2, r3, #688128	@ 0xa8000
10007470:	6812      	ldr	r2, [r2, #0]
10007472:	f503 2329 	add.w	r3, r3, #692224	@ 0xa9000
10007476:	f002 0201 	and.w	r2, r2, #1
1000747a:	601a      	str	r2, [r3, #0]
1000747c:	bc10      	pop	{r4}
1000747e:	4770      	bx	lr

10007480 <audio_ring_set>:
10007480:	2300      	movs	r3, #0
10007482:	e9c0 1200 	strd	r1, r2, [r0]
10007486:	6083      	str	r3, [r0, #8]
10007488:	60c3      	str	r3, [r0, #12]
1000748a:	4770      	bx	lr

1000748c <set_AVI_info_frame>:
1000748c:	b510      	push	{r4, lr}
1000748e:	f89d 4008 	ldrb.w	r4, [sp, #8]
10007492:	ea41 1142 	orr.w	r1, r1, r2, lsl #5
10007496:	ea4f 1c83 	mov.w	ip, r3, lsl #6
1000749a:	f99d 200c 	ldrsb.w	r2, [sp, #12]
1000749e:	ea4c 1c04 	orr.w	ip, ip, r4, lsl #4
100074a2:	ea42 0c0c 	orr.w	ip, r2, ip
100074a6:	3201      	adds	r2, #1
100074a8:	bf18      	it	ne
100074aa:	2201      	movne	r2, #1
100074ac:	2300      	movs	r3, #0
100074ae:	ea41 1102 	orr.w	r1, r1, r2, lsl #4
100074b2:	f89d e010 	ldrb.w	lr, [sp, #16]
100074b6:	b2c9      	uxtb	r1, r1
100074b8:	fa5f fc8c 	uxtb.w	ip, ip
100074bc:	f101 0291 	add.w	r2, r1, #145	@ 0x91
100074c0:	ea4f 0e8e 	mov.w	lr, lr, lsl #2
100074c4:	f89d 4014 	ldrb.w	r4, [sp, #20]
100074c8:	fa5f fe8e 	uxtb.w	lr, lr
100074cc:	4462      	add	r2, ip
100074ce:	4472      	add	r2, lr
100074d0:	4422      	add	r2, r4
100074d2:	4252      	negs	r2, r2
100074d4:	b2d2      	uxtb	r2, r2
100074d6:	f8c0 3009 	str.w	r3, [r0, #9]
100074da:	f8c0 301d 	str.w	r3, [r0, #29]
100074de:	f8c0 300d 	str.w	r3, [r0, #13]
100074e2:	f8c0 3011 	str.w	r3, [r0, #17]
100074e6:	f8c0 3015 	str.w	r3, [r0, #21]
100074ea:	f8c0 3019 	str.w	r3, [r0, #25]
100074ee:	6203      	str	r3, [r0, #32]
100074f0:	f362 0307 	bfi	r3, r2, #0, #8
100074f4:	f361 230f 	bfi	r3, r1, #8, #8
100074f8:	f36c 4317 	bfi	r3, ip, #16, #8
100074fc:	f36e 631f 	bfi	r3, lr, #24, #8
10007500:	6043      	str	r3, [r0, #4]
10007502:	4b0a      	ldr	r3, [pc, #40]	@ (1000752c <set_AVI_info_frame+0xa0>)
10007504:	7204      	strb	r4, [r0, #8]
10007506:	5c9a      	ldrb	r2, [r3, r2]
10007508:	4051      	eors	r1, r2
1000750a:	5c5a      	ldrb	r2, [r3, r1]
1000750c:	ea8c 0c02 	eor.w	ip, ip, r2
10007510:	f813 200c 	ldrb.w	r2, [r3, ip]
10007514:	ea8e 0e02 	eor.w	lr, lr, r2
10007518:	f813 200e 	ldrb.w	r2, [r3, lr]
1000751c:	4054      	eors	r4, r2
1000751e:	5d1a      	ldrb	r2, [r3, r4]
10007520:	5c9a      	ldrb	r2, [r3, r2]
10007522:	5c9b      	ldrb	r3, [r3, r2]
10007524:	72c3      	strb	r3, [r0, #11]
10007526:	4b02      	ldr	r3, [pc, #8]	@ (10007530 <set_AVI_info_frame+0xa4>)
10007528:	6003      	str	r3, [r0, #0]
1000752a:	bd10      	pop	{r4, pc}
1000752c:	20001dfc 	.word	0x20001dfc
10007530:	e40d0282 	.word	0xe40d0282

10007534 <core1_trampoline>:
10007534:	bd03      	pop	{r0, r1, pc}
10007536:	bf00      	nop

10007538 <core1_wrapper>:
10007538:	b500      	push	{lr}
1000753a:	b083      	sub	sp, #12
1000753c:	9001      	str	r0, [sp, #4]
1000753e:	f7fa fc81 	bl	10001e44 <runtime_run_per_core_initializers>
10007542:	9801      	ldr	r0, [sp, #4]
10007544:	b003      	add	sp, #12
10007546:	f85d eb04 	ldr.w	lr, [sp], #4
1000754a:	4700      	bx	r0

1000754c <multicore_launch_core1_raw>:
1000754c:	b570      	push	{r4, r5, r6, lr}
1000754e:	4605      	mov	r5, r0
10007550:	b088      	sub	sp, #32
10007552:	2019      	movs	r0, #25
10007554:	460c      	mov	r4, r1
10007556:	9201      	str	r2, [sp, #4]
10007558:	f7f9 f842 	bl	100005e0 <irq_is_enabled>
1000755c:	2100      	movs	r1, #0
1000755e:	4606      	mov	r6, r0
10007560:	2019      	movs	r0, #25
10007562:	f7f9 f827 	bl	100005b4 <irq_set_enabled>
10007566:	2300      	movs	r3, #0
10007568:	9a01      	ldr	r2, [sp, #4]
1000756a:	4619      	mov	r1, r3
1000756c:	9205      	str	r2, [sp, #20]
1000756e:	2201      	movs	r2, #1
10007570:	4817      	ldr	r0, [pc, #92]	@ (100075d0 <multicore_launch_core1_raw+0x84>)
10007572:	e9cd 3302 	strd	r3, r3, [sp, #8]
10007576:	7042      	strb	r2, [r0, #1]
10007578:	f04f 4350 	mov.w	r3, #3489660928	@ 0xd0000000
1000757c:	4608      	mov	r0, r1
1000757e:	e9cd 4506 	strd	r4, r5, [sp, #24]
10007582:	9204      	str	r2, [sp, #16]
10007584:	b1a1      	cbz	r1, 100075b0 <multicore_launch_core1_raw+0x64>
10007586:	6d1a      	ldr	r2, [r3, #80]	@ 0x50
10007588:	0795      	lsls	r5, r2, #30
1000758a:	d5fc      	bpl.n	10007586 <multicore_launch_core1_raw+0x3a>
1000758c:	6559      	str	r1, [r3, #84]	@ 0x54
1000758e:	bf40      	sev
10007590:	6d1a      	ldr	r2, [r3, #80]	@ 0x50
10007592:	07d4      	lsls	r4, r2, #31
10007594:	d403      	bmi.n	1000759e <multicore_launch_core1_raw+0x52>
10007596:	bf20      	wfe
10007598:	6d1a      	ldr	r2, [r3, #80]	@ 0x50
1000759a:	07d2      	lsls	r2, r2, #31
1000759c:	d5fb      	bpl.n	10007596 <multicore_launch_core1_raw+0x4a>
1000759e:	6d9a      	ldr	r2, [r3, #88]	@ 0x58
100075a0:	428a      	cmp	r2, r1
100075a2:	d00a      	beq.n	100075ba <multicore_launch_core1_raw+0x6e>
100075a4:	2000      	movs	r0, #0
100075a6:	eb0d 0280 	add.w	r2, sp, r0, lsl #2
100075aa:	6891      	ldr	r1, [r2, #8]
100075ac:	e7ea      	b.n	10007584 <multicore_launch_core1_raw+0x38>
100075ae:	6d9a      	ldr	r2, [r3, #88]	@ 0x58
100075b0:	6d1a      	ldr	r2, [r3, #80]	@ 0x50
100075b2:	07d2      	lsls	r2, r2, #31
100075b4:	d4fb      	bmi.n	100075ae <multicore_launch_core1_raw+0x62>
100075b6:	bf40      	sev
100075b8:	e7e5      	b.n	10007586 <multicore_launch_core1_raw+0x3a>
100075ba:	3001      	adds	r0, #1
100075bc:	2806      	cmp	r0, #6
100075be:	d1f2      	bne.n	100075a6 <multicore_launch_core1_raw+0x5a>
100075c0:	4631      	mov	r1, r6
100075c2:	2019      	movs	r0, #25
100075c4:	b008      	add	sp, #32
100075c6:	e8bd 4070 	ldmia.w	sp!, {r4, r5, r6, lr}
100075ca:	f7f8 bff3 	b.w	100005b4 <irq_set_enabled>
100075ce:	bf00      	nop
100075d0:	2002b2d4 	.word	0x2002b2d4

100075d4 <multicore_launch_core1>:
100075d4:	4b0c      	ldr	r3, [pc, #48]	@ (10007608 <multicore_launch_core1+0x34>)
100075d6:	4a0d      	ldr	r2, [pc, #52]	@ (1000760c <multicore_launch_core1+0x38>)
100075d8:	4293      	cmp	r3, r2
100075da:	d30e      	bcc.n	100075fa <multicore_launch_core1+0x26>
100075dc:	469c      	mov	ip, r3
100075de:	f203 71f4 	addw	r1, r3, #2036	@ 0x7f4
100075e2:	4a0b      	ldr	r2, [pc, #44]	@ (10007610 <multicore_launch_core1+0x3c>)
100075e4:	6892      	ldr	r2, [r2, #8]
100075e6:	f8cc 07f4 	str.w	r0, [ip, #2036]	@ 0x7f4
100075ea:	480a      	ldr	r0, [pc, #40]	@ (10007614 <multicore_launch_core1+0x40>)
100075ec:	f8cc 37f8 	str.w	r3, [ip, #2040]	@ 0x7f8
100075f0:	f8cc 07fc 	str.w	r0, [ip, #2044]	@ 0x7fc
100075f4:	4808      	ldr	r0, [pc, #32]	@ (10007618 <multicore_launch_core1+0x44>)
100075f6:	f7ff bfa9 	b.w	1000754c <multicore_launch_core1_raw>
100075fa:	f04f 33ff 	mov.w	r3, #4294967295
100075fe:	f240 71f3 	movw	r1, #2035	@ 0x7f3
10007602:	469c      	mov	ip, r3
10007604:	e7ed      	b.n	100075e2 <multicore_launch_core1+0xe>
10007606:	bf00      	nop
10007608:	20080800 	.word	0x20080800
1000760c:	20080164 	.word	0x20080164
10007610:	e000ed00 	.word	0xe000ed00
10007614:	10007539 	.word	0x10007539
10007618:	10007535 	.word	0x10007535

1000761c <interp_save>:
1000761c:	f8d0 c000 	ldr.w	ip, [r0]
10007620:	6843      	ldr	r3, [r0, #4]
10007622:	6882      	ldr	r2, [r0, #8]
10007624:	e9c1 c300 	strd	ip, r3, [r1]
10007628:	68c3      	ldr	r3, [r0, #12]
1000762a:	f8d0 c010 	ldr.w	ip, [r0, #16]
1000762e:	e9c1 2302 	strd	r2, r3, [r1, #8]
10007632:	6ac2      	ldr	r2, [r0, #44]	@ 0x2c
10007634:	6b03      	ldr	r3, [r0, #48]	@ 0x30
10007636:	e9c1 c204 	strd	ip, r2, [r1, #16]
1000763a:	618b      	str	r3, [r1, #24]
1000763c:	4770      	bx	lr
1000763e:	bf00      	nop

10007640 <interp_restore>:
10007640:	b570      	push	{r4, r5, r6, lr}
10007642:	e9d1 c204 	ldrd	ip, r2, [r1, #16]
10007646:	e9d1 6500 	ldrd	r6, r5, [r1]
1000764a:	e9d1 4e02 	ldrd	r4, lr, [r1, #8]
1000764e:	698b      	ldr	r3, [r1, #24]
10007650:	6006      	str	r6, [r0, #0]
10007652:	6045      	str	r5, [r0, #4]
10007654:	6084      	str	r4, [r0, #8]
10007656:	f8c0 e00c 	str.w	lr, [r0, #12]
1000765a:	f8c0 c010 	str.w	ip, [r0, #16]
1000765e:	62c2      	str	r2, [r0, #44]	@ 0x2c
10007660:	6303      	str	r3, [r0, #48]	@ 0x30
10007662:	bd70      	pop	{r4, r5, r6, pc}

10007664 <calloc>:
10007664:	4b02      	ldr	r3, [pc, #8]	@ (10007670 <calloc+0xc>)
10007666:	460a      	mov	r2, r1
10007668:	4601      	mov	r1, r0
1000766a:	6818      	ldr	r0, [r3, #0]
1000766c:	f000 b802 	b.w	10007674 <_calloc_r>
10007670:	20002a04 	.word	0x20002a04

10007674 <_calloc_r>:
10007674:	b510      	push	{r4, lr}
10007676:	fba1 1402 	umull	r1, r4, r1, r2
1000767a:	b082      	sub	sp, #8
1000767c:	bb54      	cbnz	r4, 100076d4 <_calloc_r+0x60>
1000767e:	f000 f837 	bl	100076f0 <_malloc_r>
10007682:	4603      	mov	r3, r0
10007684:	b350      	cbz	r0, 100076dc <_calloc_r+0x68>
10007686:	f850 2c04 	ldr.w	r2, [r0, #-4]
1000768a:	f022 0203 	bic.w	r2, r2, #3
1000768e:	3a04      	subs	r2, #4
10007690:	2a24      	cmp	r2, #36	@ 0x24
10007692:	d80c      	bhi.n	100076ae <_calloc_r+0x3a>
10007694:	2a13      	cmp	r2, #19
10007696:	d912      	bls.n	100076be <_calloc_r+0x4a>
10007698:	2a1b      	cmp	r2, #27
1000769a:	e9c0 4400 	strd	r4, r4, [r0]
1000769e:	d916      	bls.n	100076ce <_calloc_r+0x5a>
100076a0:	2a24      	cmp	r2, #36	@ 0x24
100076a2:	e9c0 4402 	strd	r4, r4, [r0, #8]
100076a6:	d01d      	beq.n	100076e4 <_calloc_r+0x70>
100076a8:	f100 0110 	add.w	r1, r0, #16
100076ac:	e008      	b.n	100076c0 <_calloc_r+0x4c>
100076ae:	4621      	mov	r1, r4
100076b0:	9001      	str	r0, [sp, #4]
100076b2:	f000 ffcd 	bl	10008650 <__memset_veneer>
100076b6:	9b01      	ldr	r3, [sp, #4]
100076b8:	4618      	mov	r0, r3
100076ba:	b002      	add	sp, #8
100076bc:	bd10      	pop	{r4, pc}
100076be:	4601      	mov	r1, r0
100076c0:	2200      	movs	r2, #0
100076c2:	4618      	mov	r0, r3
100076c4:	e9c1 2200 	strd	r2, r2, [r1]
100076c8:	608a      	str	r2, [r1, #8]
100076ca:	b002      	add	sp, #8
100076cc:	bd10      	pop	{r4, pc}
100076ce:	f100 0108 	add.w	r1, r0, #8
100076d2:	e7f5      	b.n	100076c0 <_calloc_r+0x4c>
100076d4:	f000 fda0 	bl	10008218 <__errno>
100076d8:	230c      	movs	r3, #12
100076da:	6003      	str	r3, [r0, #0]
100076dc:	2300      	movs	r3, #0
100076de:	4618      	mov	r0, r3
100076e0:	b002      	add	sp, #8
100076e2:	bd10      	pop	{r4, pc}
100076e4:	f100 0118 	add.w	r1, r0, #24
100076e8:	e9c0 4404 	strd	r4, r4, [r0, #16]
100076ec:	e7e8      	b.n	100076c0 <_calloc_r+0x4c>
100076ee:	bf00      	nop

100076f0 <_malloc_r>:
100076f0:	f101 030b 	add.w	r3, r1, #11
100076f4:	2b16      	cmp	r3, #22
100076f6:	e92d 4ff0 	stmdb	sp!, {r4, r5, r6, r7, r8, r9, sl, fp, lr}
100076fa:	4680      	mov	r8, r0
100076fc:	b085      	sub	sp, #20
100076fe:	d82c      	bhi.n	1000775a <_malloc_r+0x6a>
10007700:	2910      	cmp	r1, #16
10007702:	d822      	bhi.n	1000774a <_malloc_r+0x5a>
10007704:	f000 fac8 	bl	10007c98 <__malloc_lock>
10007708:	2118      	movs	r1, #24
1000770a:	f04f 0e02 	mov.w	lr, #2
1000770e:	2210      	movs	r2, #16
10007710:	4cb6      	ldr	r4, [pc, #728]	@ (100079ec <_malloc_r+0x2fc>)
10007712:	4421      	add	r1, r4
10007714:	684d      	ldr	r5, [r1, #4]
10007716:	f1a1 0008 	sub.w	r0, r1, #8
1000771a:	4285      	cmp	r5, r0
1000771c:	f000 815f 	beq.w	100079de <_malloc_r+0x2ee>
10007720:	686a      	ldr	r2, [r5, #4]
10007722:	4640      	mov	r0, r8
10007724:	f022 0203 	bic.w	r2, r2, #3
10007728:	e9d5 4102 	ldrd	r4, r1, [r5, #8]
1000772c:	442a      	add	r2, r5
1000772e:	60e1      	str	r1, [r4, #12]
10007730:	608c      	str	r4, [r1, #8]
10007732:	f105 0408 	add.w	r4, r5, #8
10007736:	6851      	ldr	r1, [r2, #4]
10007738:	f041 0101 	orr.w	r1, r1, #1
1000773c:	6051      	str	r1, [r2, #4]
1000773e:	f000 fab1 	bl	10007ca4 <__malloc_unlock>
10007742:	4620      	mov	r0, r4
10007744:	b005      	add	sp, #20
10007746:	e8bd 8ff0 	ldmia.w	sp!, {r4, r5, r6, r7, r8, r9, sl, fp, pc}
1000774a:	230c      	movs	r3, #12
1000774c:	f8c8 3000 	str.w	r3, [r8]
10007750:	2400      	movs	r4, #0
10007752:	4620      	mov	r0, r4
10007754:	b005      	add	sp, #20
10007756:	e8bd 8ff0 	ldmia.w	sp!, {r4, r5, r6, r7, r8, r9, sl, fp, pc}
1000775a:	2b00      	cmp	r3, #0
1000775c:	f023 0207 	bic.w	r2, r3, #7
10007760:	dbf3      	blt.n	1000774a <_malloc_r+0x5a>
10007762:	4291      	cmp	r1, r2
10007764:	d8f1      	bhi.n	1000774a <_malloc_r+0x5a>
10007766:	9200      	str	r2, [sp, #0]
10007768:	f000 fa96 	bl	10007c98 <__malloc_lock>
1000776c:	9a00      	ldr	r2, [sp, #0]
1000776e:	f5b2 7ffc 	cmp.w	r2, #504	@ 0x1f8
10007772:	f0c0 819f 	bcc.w	10007ab4 <_malloc_r+0x3c4>
10007776:	0a53      	lsrs	r3, r2, #9
10007778:	d073      	beq.n	10007862 <_malloc_r+0x172>
1000777a:	2b04      	cmp	r3, #4
1000777c:	f200 8164 	bhi.w	10007a48 <_malloc_r+0x358>
10007780:	0993      	lsrs	r3, r2, #6
10007782:	f103 0e39 	add.w	lr, r3, #57	@ 0x39
10007786:	f103 0638 	add.w	r6, r3, #56	@ 0x38
1000778a:	ea4f 03ce 	mov.w	r3, lr, lsl #3
1000778e:	4c97      	ldr	r4, [pc, #604]	@ (100079ec <_malloc_r+0x2fc>)
10007790:	4423      	add	r3, r4
10007792:	f1a3 0508 	sub.w	r5, r3, #8
10007796:	685f      	ldr	r7, [r3, #4]
10007798:	42bd      	cmp	r5, r7
1000779a:	d107      	bne.n	100077ac <_malloc_r+0xbc>
1000779c:	e00d      	b.n	100077ba <_malloc_r+0xca>
1000779e:	2800      	cmp	r0, #0
100077a0:	68fb      	ldr	r3, [r7, #12]
100077a2:	f280 810b 	bge.w	100079bc <_malloc_r+0x2cc>
100077a6:	429d      	cmp	r5, r3
100077a8:	461f      	mov	r7, r3
100077aa:	d006      	beq.n	100077ba <_malloc_r+0xca>
100077ac:	6879      	ldr	r1, [r7, #4]
100077ae:	f021 0103 	bic.w	r1, r1, #3
100077b2:	1a88      	subs	r0, r1, r2
100077b4:	280f      	cmp	r0, #15
100077b6:	ddf2      	ble.n	1000779e <_malloc_r+0xae>
100077b8:	46b6      	mov	lr, r6
100077ba:	6923      	ldr	r3, [r4, #16]
100077bc:	498c      	ldr	r1, [pc, #560]	@ (100079f0 <_malloc_r+0x300>)
100077be:	428b      	cmp	r3, r1
100077c0:	f000 80e9 	beq.w	10007996 <_malloc_r+0x2a6>
100077c4:	685e      	ldr	r6, [r3, #4]
100077c6:	f026 0603 	bic.w	r6, r6, #3
100077ca:	1ab1      	subs	r1, r6, r2
100077cc:	290f      	cmp	r1, #15
100077ce:	f300 8183 	bgt.w	10007ad8 <_malloc_r+0x3e8>
100077d2:	4887      	ldr	r0, [pc, #540]	@ (100079f0 <_malloc_r+0x300>)
100077d4:	2900      	cmp	r1, #0
100077d6:	e9c4 0004 	strd	r0, r0, [r4, #16]
100077da:	f280 8170 	bge.w	10007abe <_malloc_r+0x3ce>
100077de:	f5b6 7f00 	cmp.w	r6, #512	@ 0x200
100077e2:	6867      	ldr	r7, [r4, #4]
100077e4:	f080 8110 	bcs.w	10007a08 <_malloc_r+0x318>
100077e8:	08f1      	lsrs	r1, r6, #3
100077ea:	2001      	movs	r0, #1
100077ec:	0976      	lsrs	r6, r6, #5
100077ee:	3101      	adds	r1, #1
100077f0:	40b0      	lsls	r0, r6
100077f2:	f854 5031 	ldr.w	r5, [r4, r1, lsl #3]
100077f6:	4307      	orrs	r7, r0
100077f8:	eb04 00c1 	add.w	r0, r4, r1, lsl #3
100077fc:	3808      	subs	r0, #8
100077fe:	6067      	str	r7, [r4, #4]
10007800:	e9c3 5002 	strd	r5, r0, [r3, #8]
10007804:	f844 3031 	str.w	r3, [r4, r1, lsl #3]
10007808:	60eb      	str	r3, [r5, #12]
1000780a:	ea4f 03ae 	mov.w	r3, lr, asr #2
1000780e:	2601      	movs	r6, #1
10007810:	409e      	lsls	r6, r3
10007812:	42be      	cmp	r6, r7
10007814:	d82b      	bhi.n	1000786e <_malloc_r+0x17e>
10007816:	423e      	tst	r6, r7
10007818:	d106      	bne.n	10007828 <_malloc_r+0x138>
1000781a:	f02e 0e03 	bic.w	lr, lr, #3
1000781e:	0076      	lsls	r6, r6, #1
10007820:	f10e 0e04 	add.w	lr, lr, #4
10007824:	423e      	tst	r6, r7
10007826:	d0fa      	beq.n	1000781e <_malloc_r+0x12e>
10007828:	eb04 0ace 	add.w	sl, r4, lr, lsl #3
1000782c:	46f1      	mov	r9, lr
1000782e:	eb04 07ce 	add.w	r7, r4, lr, lsl #3
10007832:	68f9      	ldr	r1, [r7, #12]
10007834:	e00c      	b.n	10007850 <_malloc_r+0x160>
10007836:	6848      	ldr	r0, [r1, #4]
10007838:	460b      	mov	r3, r1
1000783a:	68c9      	ldr	r1, [r1, #12]
1000783c:	f020 0c03 	bic.w	ip, r0, #3
10007840:	ebac 0502 	sub.w	r5, ip, r2
10007844:	2d0f      	cmp	r5, #15
10007846:	f300 810c 	bgt.w	10007a62 <_malloc_r+0x372>
1000784a:	2d00      	cmp	r5, #0
1000784c:	f280 8122 	bge.w	10007a94 <_malloc_r+0x3a4>
10007850:	428f      	cmp	r7, r1
10007852:	d1f0      	bne.n	10007836 <_malloc_r+0x146>
10007854:	f109 0301 	add.w	r3, r9, #1
10007858:	3708      	adds	r7, #8
1000785a:	0798      	lsls	r0, r3, #30
1000785c:	4699      	mov	r9, r3
1000785e:	d1e8      	bne.n	10007832 <_malloc_r+0x142>
10007860:	e174      	b.n	10007b4c <_malloc_r+0x45c>
10007862:	f44f 7300 	mov.w	r3, #512	@ 0x200
10007866:	f04f 0e40 	mov.w	lr, #64	@ 0x40
1000786a:	263f      	movs	r6, #63	@ 0x3f
1000786c:	e78f      	b.n	1000778e <_malloc_r+0x9e>
1000786e:	68a7      	ldr	r7, [r4, #8]
10007870:	6879      	ldr	r1, [r7, #4]
10007872:	f021 0603 	bic.w	r6, r1, #3
10007876:	4296      	cmp	r6, r2
10007878:	eba6 0002 	sub.w	r0, r6, r2
1000787c:	d302      	bcc.n	10007884 <_malloc_r+0x194>
1000787e:	280f      	cmp	r0, #15
10007880:	f300 808b 	bgt.w	1000799a <_malloc_r+0x2aa>
10007884:	495b      	ldr	r1, [pc, #364]	@ (100079f4 <_malloc_r+0x304>)
10007886:	2008      	movs	r0, #8
10007888:	6809      	ldr	r1, [r1, #0]
1000788a:	3110      	adds	r1, #16
1000788c:	4411      	add	r1, r2
1000788e:	e9cd 1200 	strd	r1, r2, [sp]
10007892:	f000 fccf 	bl	10008234 <sysconf>
10007896:	9900      	ldr	r1, [sp, #0]
10007898:	4603      	mov	r3, r0
1000789a:	4682      	mov	sl, r0
1000789c:	1e48      	subs	r0, r1, #1
1000789e:	425d      	negs	r5, r3
100078a0:	4418      	add	r0, r3
100078a2:	4b55      	ldr	r3, [pc, #340]	@ (100079f8 <_malloc_r+0x308>)
100078a4:	4005      	ands	r5, r0
100078a6:	6818      	ldr	r0, [r3, #0]
100078a8:	f1b0 3fff 	cmp.w	r0, #4294967295
100078ac:	bf18      	it	ne
100078ae:	4629      	movne	r1, r5
100078b0:	4640      	mov	r0, r8
100078b2:	9100      	str	r1, [sp, #0]
100078b4:	f000 fc8a 	bl	100081cc <_sbrk_r>
100078b8:	1c41      	adds	r1, r0, #1
100078ba:	4605      	mov	r5, r0
100078bc:	e9dd 1200 	ldrd	r1, r2, [sp]
100078c0:	f000 8127 	beq.w	10007b12 <_malloc_r+0x422>
100078c4:	eb07 0c06 	add.w	ip, r7, r6
100078c8:	4584      	cmp	ip, r0
100078ca:	f200 8120 	bhi.w	10007b0e <_malloc_r+0x41e>
100078ce:	f8df 9134 	ldr.w	r9, [pc, #308]	@ 10007a04 <_malloc_r+0x314>
100078d2:	f10a 3eff 	add.w	lr, sl, #4294967295
100078d6:	f8d9 0000 	ldr.w	r0, [r9]
100078da:	4408      	add	r0, r1
100078dc:	f8c9 0000 	str.w	r0, [r9]
100078e0:	f000 8183 	beq.w	10007bea <_malloc_r+0x4fa>
100078e4:	4b44      	ldr	r3, [pc, #272]	@ (100079f8 <_malloc_r+0x308>)
100078e6:	681b      	ldr	r3, [r3, #0]
100078e8:	3301      	adds	r3, #1
100078ea:	f000 8188 	beq.w	10007bfe <_malloc_r+0x50e>
100078ee:	eba5 0c0c 	sub.w	ip, r5, ip
100078f2:	4460      	add	r0, ip
100078f4:	f8c9 0000 	str.w	r0, [r9]
100078f8:	f015 0307 	ands.w	r3, r5, #7
100078fc:	e9cd 2901 	strd	r2, r9, [sp, #4]
10007900:	469b      	mov	fp, r3
10007902:	f000 813f 	beq.w	10007b84 <_malloc_r+0x494>
10007906:	f1c3 0008 	rsb	r0, r3, #8
1000790a:	4405      	add	r5, r0
1000790c:	eb0a 0c00 	add.w	ip, sl, r0
10007910:	4640      	mov	r0, r8
10007912:	186b      	adds	r3, r5, r1
10007914:	ea03 010e 	and.w	r1, r3, lr
10007918:	469a      	mov	sl, r3
1000791a:	ebac 0101 	sub.w	r1, ip, r1
1000791e:	ea01 030e 	and.w	r3, r1, lr
10007922:	4619      	mov	r1, r3
10007924:	9300      	str	r3, [sp, #0]
10007926:	f000 fc51 	bl	100081cc <_sbrk_r>
1000792a:	1c42      	adds	r2, r0, #1
1000792c:	e9dd 2901 	ldrd	r2, r9, [sp, #4]
10007930:	f000 8180 	beq.w	10007c34 <_malloc_r+0x544>
10007934:	1b41      	subs	r1, r0, r5
10007936:	9b00      	ldr	r3, [sp, #0]
10007938:	f8d9 0000 	ldr.w	r0, [r9]
1000793c:	42a7      	cmp	r7, r4
1000793e:	4419      	add	r1, r3
10007940:	60a5      	str	r5, [r4, #8]
10007942:	4418      	add	r0, r3
10007944:	f041 0101 	orr.w	r1, r1, #1
10007948:	f8c9 0000 	str.w	r0, [r9]
1000794c:	6069      	str	r1, [r5, #4]
1000794e:	d016      	beq.n	1000797e <_malloc_r+0x28e>
10007950:	2e0f      	cmp	r6, #15
10007952:	f240 8157 	bls.w	10007c04 <_malloc_r+0x514>
10007956:	f1a6 010c 	sub.w	r1, r6, #12
1000795a:	2605      	movs	r6, #5
1000795c:	f021 0c07 	bic.w	ip, r1, #7
10007960:	6879      	ldr	r1, [r7, #4]
10007962:	f001 0101 	and.w	r1, r1, #1
10007966:	f1bc 0f0f 	cmp.w	ip, #15
1000796a:	ea41 010c 	orr.w	r1, r1, ip
1000796e:	6079      	str	r1, [r7, #4]
10007970:	eb07 010c 	add.w	r1, r7, ip
10007974:	e9c1 6601 	strd	r6, r6, [r1, #4]
10007978:	f200 8163 	bhi.w	10007c42 <_malloc_r+0x552>
1000797c:	6869      	ldr	r1, [r5, #4]
1000797e:	4b1f      	ldr	r3, [pc, #124]	@ (100079fc <_malloc_r+0x30c>)
10007980:	681e      	ldr	r6, [r3, #0]
10007982:	4286      	cmp	r6, r0
10007984:	bf38      	it	cc
10007986:	6018      	strcc	r0, [r3, #0]
10007988:	4b1d      	ldr	r3, [pc, #116]	@ (10007a00 <_malloc_r+0x310>)
1000798a:	681e      	ldr	r6, [r3, #0]
1000798c:	4286      	cmp	r6, r0
1000798e:	d200      	bcs.n	10007992 <_malloc_r+0x2a2>
10007990:	6018      	str	r0, [r3, #0]
10007992:	462f      	mov	r7, r5
10007994:	e0bf      	b.n	10007b16 <_malloc_r+0x426>
10007996:	6867      	ldr	r7, [r4, #4]
10007998:	e737      	b.n	1000780a <_malloc_r+0x11a>
1000799a:	18bd      	adds	r5, r7, r2
1000799c:	f042 0201 	orr.w	r2, r2, #1
100079a0:	f040 0101 	orr.w	r1, r0, #1
100079a4:	4640      	mov	r0, r8
100079a6:	607a      	str	r2, [r7, #4]
100079a8:	60a5      	str	r5, [r4, #8]
100079aa:	f107 0408 	add.w	r4, r7, #8
100079ae:	6069      	str	r1, [r5, #4]
100079b0:	f000 f978 	bl	10007ca4 <__malloc_unlock>
100079b4:	4620      	mov	r0, r4
100079b6:	b005      	add	sp, #20
100079b8:	e8bd 8ff0 	ldmia.w	sp!, {r4, r5, r6, r7, r8, r9, sl, fp, pc}
100079bc:	68ba      	ldr	r2, [r7, #8]
100079be:	4439      	add	r1, r7
100079c0:	f107 0408 	add.w	r4, r7, #8
100079c4:	4640      	mov	r0, r8
100079c6:	60d3      	str	r3, [r2, #12]
100079c8:	609a      	str	r2, [r3, #8]
100079ca:	684a      	ldr	r2, [r1, #4]
100079cc:	f042 0201 	orr.w	r2, r2, #1
100079d0:	604a      	str	r2, [r1, #4]
100079d2:	f000 f967 	bl	10007ca4 <__malloc_unlock>
100079d6:	4620      	mov	r0, r4
100079d8:	b005      	add	sp, #20
100079da:	e8bd 8ff0 	ldmia.w	sp!, {r4, r5, r6, r7, r8, r9, sl, fp, pc}
100079de:	68cd      	ldr	r5, [r1, #12]
100079e0:	42a9      	cmp	r1, r5
100079e2:	f47f ae9d 	bne.w	10007720 <_malloc_r+0x30>
100079e6:	f10e 0e02 	add.w	lr, lr, #2
100079ea:	e6e6      	b.n	100077ba <_malloc_r+0xca>
100079ec:	200025f0 	.word	0x200025f0
100079f0:	200025f8 	.word	0x200025f8
100079f4:	20028f18 	.word	0x20028f18
100079f8:	200025e4 	.word	0x200025e4
100079fc:	20028f10 	.word	0x20028f10
10007a00:	20028f14 	.word	0x20028f14
10007a04:	20028ee8 	.word	0x20028ee8
10007a08:	f5b6 6f20 	cmp.w	r6, #2560	@ 0xa00
10007a0c:	ea4f 2056 	mov.w	r0, r6, lsr #9
10007a10:	d377      	bcc.n	10007b02 <_malloc_r+0x412>
10007a12:	2814      	cmp	r0, #20
10007a14:	f200 80cc 	bhi.w	10007bb0 <_malloc_r+0x4c0>
10007a18:	f100 015c 	add.w	r1, r0, #92	@ 0x5c
10007a1c:	305b      	adds	r0, #91	@ 0x5b
10007a1e:	00c9      	lsls	r1, r1, #3
10007a20:	1865      	adds	r5, r4, r1
10007a22:	5861      	ldr	r1, [r4, r1]
10007a24:	3d08      	subs	r5, #8
10007a26:	428d      	cmp	r5, r1
10007a28:	d103      	bne.n	10007a32 <_malloc_r+0x342>
10007a2a:	e0a4      	b.n	10007b76 <_malloc_r+0x486>
10007a2c:	6889      	ldr	r1, [r1, #8]
10007a2e:	428d      	cmp	r5, r1
10007a30:	d004      	beq.n	10007a3c <_malloc_r+0x34c>
10007a32:	6848      	ldr	r0, [r1, #4]
10007a34:	f020 0003 	bic.w	r0, r0, #3
10007a38:	42b0      	cmp	r0, r6
10007a3a:	d8f7      	bhi.n	10007a2c <_malloc_r+0x33c>
10007a3c:	68cd      	ldr	r5, [r1, #12]
10007a3e:	e9c3 1502 	strd	r1, r5, [r3, #8]
10007a42:	60ab      	str	r3, [r5, #8]
10007a44:	60cb      	str	r3, [r1, #12]
10007a46:	e6e0      	b.n	1000780a <_malloc_r+0x11a>
10007a48:	2b14      	cmp	r3, #20
10007a4a:	d971      	bls.n	10007b30 <_malloc_r+0x440>
10007a4c:	2b54      	cmp	r3, #84	@ 0x54
10007a4e:	f200 80b7 	bhi.w	10007bc0 <_malloc_r+0x4d0>
10007a52:	0b13      	lsrs	r3, r2, #12
10007a54:	f103 0e6f 	add.w	lr, r3, #111	@ 0x6f
10007a58:	f103 066e 	add.w	r6, r3, #110	@ 0x6e
10007a5c:	ea4f 03ce 	mov.w	r3, lr, lsl #3
10007a60:	e695      	b.n	1000778e <_malloc_r+0x9e>
10007a62:	189e      	adds	r6, r3, r2
10007a64:	f042 0201 	orr.w	r2, r2, #1
10007a68:	689f      	ldr	r7, [r3, #8]
10007a6a:	4640      	mov	r0, r8
10007a6c:	605a      	str	r2, [r3, #4]
10007a6e:	4a87      	ldr	r2, [pc, #540]	@ (10007c8c <_malloc_r+0x59c>)
10007a70:	60f9      	str	r1, [r7, #12]
10007a72:	608f      	str	r7, [r1, #8]
10007a74:	9300      	str	r3, [sp, #0]
10007a76:	e9c4 6604 	strd	r6, r6, [r4, #16]
10007a7a:	e9c6 2202 	strd	r2, r2, [r6, #8]
10007a7e:	f045 0201 	orr.w	r2, r5, #1
10007a82:	6072      	str	r2, [r6, #4]
10007a84:	f843 500c 	str.w	r5, [r3, ip]
10007a88:	f000 f90c 	bl	10007ca4 <__malloc_unlock>
10007a8c:	9b00      	ldr	r3, [sp, #0]
10007a8e:	f103 0408 	add.w	r4, r3, #8
10007a92:	e65e      	b.n	10007752 <_malloc_r+0x62>
10007a94:	449c      	add	ip, r3
10007a96:	461c      	mov	r4, r3
10007a98:	4640      	mov	r0, r8
10007a9a:	f8dc 3004 	ldr.w	r3, [ip, #4]
10007a9e:	f043 0301 	orr.w	r3, r3, #1
10007aa2:	f8cc 3004 	str.w	r3, [ip, #4]
10007aa6:	f854 3f08 	ldr.w	r3, [r4, #8]!
10007aaa:	60d9      	str	r1, [r3, #12]
10007aac:	608b      	str	r3, [r1, #8]
10007aae:	f000 f8f9 	bl	10007ca4 <__malloc_unlock>
10007ab2:	e64e      	b.n	10007752 <_malloc_r+0x62>
10007ab4:	ea4f 0ed2 	mov.w	lr, r2, lsr #3
10007ab8:	f102 0108 	add.w	r1, r2, #8
10007abc:	e628      	b.n	10007710 <_malloc_r+0x20>
10007abe:	441e      	add	r6, r3
10007ac0:	4640      	mov	r0, r8
10007ac2:	9300      	str	r3, [sp, #0]
10007ac4:	6872      	ldr	r2, [r6, #4]
10007ac6:	f042 0201 	orr.w	r2, r2, #1
10007aca:	6072      	str	r2, [r6, #4]
10007acc:	f000 f8ea 	bl	10007ca4 <__malloc_unlock>
10007ad0:	9b00      	ldr	r3, [sp, #0]
10007ad2:	f103 0408 	add.w	r4, r3, #8
10007ad6:	e63c      	b.n	10007752 <_malloc_r+0x62>
10007ad8:	189d      	adds	r5, r3, r2
10007ada:	f042 0201 	orr.w	r2, r2, #1
10007ade:	4640      	mov	r0, r8
10007ae0:	9300      	str	r3, [sp, #0]
10007ae2:	605a      	str	r2, [r3, #4]
10007ae4:	4a69      	ldr	r2, [pc, #420]	@ (10007c8c <_malloc_r+0x59c>)
10007ae6:	e9c4 5504 	strd	r5, r5, [r4, #16]
10007aea:	e9c5 2202 	strd	r2, r2, [r5, #8]
10007aee:	f041 0201 	orr.w	r2, r1, #1
10007af2:	606a      	str	r2, [r5, #4]
10007af4:	5199      	str	r1, [r3, r6]
10007af6:	f000 f8d5 	bl	10007ca4 <__malloc_unlock>
10007afa:	9b00      	ldr	r3, [sp, #0]
10007afc:	f103 0408 	add.w	r4, r3, #8
10007b00:	e627      	b.n	10007752 <_malloc_r+0x62>
10007b02:	09b0      	lsrs	r0, r6, #6
10007b04:	f100 0139 	add.w	r1, r0, #57	@ 0x39
10007b08:	3038      	adds	r0, #56	@ 0x38
10007b0a:	00c9      	lsls	r1, r1, #3
10007b0c:	e788      	b.n	10007a20 <_malloc_r+0x330>
10007b0e:	42a7      	cmp	r7, r4
10007b10:	d061      	beq.n	10007bd6 <_malloc_r+0x4e6>
10007b12:	68a7      	ldr	r7, [r4, #8]
10007b14:	6879      	ldr	r1, [r7, #4]
10007b16:	f021 0103 	bic.w	r1, r1, #3
10007b1a:	4291      	cmp	r1, r2
10007b1c:	eba1 0002 	sub.w	r0, r1, r2
10007b20:	d302      	bcc.n	10007b28 <_malloc_r+0x438>
10007b22:	280f      	cmp	r0, #15
10007b24:	f73f af39 	bgt.w	1000799a <_malloc_r+0x2aa>
10007b28:	4640      	mov	r0, r8
10007b2a:	f000 f8bb 	bl	10007ca4 <__malloc_unlock>
10007b2e:	e60f      	b.n	10007750 <_malloc_r+0x60>
10007b30:	f103 0e5c 	add.w	lr, r3, #92	@ 0x5c
10007b34:	f103 065b 	add.w	r6, r3, #91	@ 0x5b
10007b38:	ea4f 03ce 	mov.w	r3, lr, lsl #3
10007b3c:	e627      	b.n	1000778e <_malloc_r+0x9e>
10007b3e:	4651      	mov	r1, sl
10007b40:	f851 3908 	ldr.w	r3, [r1], #-8
10007b44:	428b      	cmp	r3, r1
10007b46:	468a      	mov	sl, r1
10007b48:	f040 809e 	bne.w	10007c88 <_malloc_r+0x598>
10007b4c:	f01e 0f03 	tst.w	lr, #3
10007b50:	f10e 3eff 	add.w	lr, lr, #4294967295
10007b54:	d1f3      	bne.n	10007b3e <_malloc_r+0x44e>
10007b56:	6863      	ldr	r3, [r4, #4]
10007b58:	ea23 0306 	bic.w	r3, r3, r6
10007b5c:	6063      	str	r3, [r4, #4]
10007b5e:	0076      	lsls	r6, r6, #1
10007b60:	1e71      	subs	r1, r6, #1
10007b62:	4299      	cmp	r1, r3
10007b64:	d303      	bcc.n	10007b6e <_malloc_r+0x47e>
10007b66:	e682      	b.n	1000786e <_malloc_r+0x17e>
10007b68:	0076      	lsls	r6, r6, #1
10007b6a:	f109 0904 	add.w	r9, r9, #4
10007b6e:	421e      	tst	r6, r3
10007b70:	d0fa      	beq.n	10007b68 <_malloc_r+0x478>
10007b72:	46ce      	mov	lr, r9
10007b74:	e658      	b.n	10007828 <_malloc_r+0x138>
10007b76:	1080      	asrs	r0, r0, #2
10007b78:	2601      	movs	r6, #1
10007b7a:	fa06 f000 	lsl.w	r0, r6, r0
10007b7e:	4307      	orrs	r7, r0
10007b80:	6067      	str	r7, [r4, #4]
10007b82:	e75c      	b.n	10007a3e <_malloc_r+0x34e>
10007b84:	186b      	adds	r3, r5, r1
10007b86:	4640      	mov	r0, r8
10007b88:	ea03 010e 	and.w	r1, r3, lr
10007b8c:	9303      	str	r3, [sp, #12]
10007b8e:	ebaa 0101 	sub.w	r1, sl, r1
10007b92:	ea01 030e 	and.w	r3, r1, lr
10007b96:	4619      	mov	r1, r3
10007b98:	9300      	str	r3, [sp, #0]
10007b9a:	f000 fb17 	bl	100081cc <_sbrk_r>
10007b9e:	1c43      	adds	r3, r0, #1
10007ba0:	e9dd 2901 	ldrd	r2, r9, [sp, #4]
10007ba4:	f47f aec6 	bne.w	10007934 <_malloc_r+0x244>
10007ba8:	9803      	ldr	r0, [sp, #12]
10007baa:	f8cd b000 	str.w	fp, [sp]
10007bae:	e6c1      	b.n	10007934 <_malloc_r+0x244>
10007bb0:	2854      	cmp	r0, #84	@ 0x54
10007bb2:	d82a      	bhi.n	10007c0a <_malloc_r+0x51a>
10007bb4:	0b30      	lsrs	r0, r6, #12
10007bb6:	f100 016f 	add.w	r1, r0, #111	@ 0x6f
10007bba:	306e      	adds	r0, #110	@ 0x6e
10007bbc:	00c9      	lsls	r1, r1, #3
10007bbe:	e72f      	b.n	10007a20 <_malloc_r+0x330>
10007bc0:	f5b3 7faa 	cmp.w	r3, #340	@ 0x154
10007bc4:	d82a      	bhi.n	10007c1c <_malloc_r+0x52c>
10007bc6:	0bd3      	lsrs	r3, r2, #15
10007bc8:	f103 0e78 	add.w	lr, r3, #120	@ 0x78
10007bcc:	f103 0677 	add.w	r6, r3, #119	@ 0x77
10007bd0:	ea4f 03ce 	mov.w	r3, lr, lsl #3
10007bd4:	e5db      	b.n	1000778e <_malloc_r+0x9e>
10007bd6:	f8df 90bc 	ldr.w	r9, [pc, #188]	@ 10007c94 <_malloc_r+0x5a4>
10007bda:	f10a 3eff 	add.w	lr, sl, #4294967295
10007bde:	f8d9 0000 	ldr.w	r0, [r9]
10007be2:	4408      	add	r0, r1
10007be4:	f8c9 0000 	str.w	r0, [r9]
10007be8:	e67c      	b.n	100078e4 <_malloc_r+0x1f4>
10007bea:	ea15 0f0e 	tst.w	r5, lr
10007bee:	f47f ae79 	bne.w	100078e4 <_malloc_r+0x1f4>
10007bf2:	4431      	add	r1, r6
10007bf4:	68a5      	ldr	r5, [r4, #8]
10007bf6:	f041 0101 	orr.w	r1, r1, #1
10007bfa:	6069      	str	r1, [r5, #4]
10007bfc:	e6bf      	b.n	1000797e <_malloc_r+0x28e>
10007bfe:	4b24      	ldr	r3, [pc, #144]	@ (10007c90 <_malloc_r+0x5a0>)
10007c00:	601d      	str	r5, [r3, #0]
10007c02:	e679      	b.n	100078f8 <_malloc_r+0x208>
10007c04:	2301      	movs	r3, #1
10007c06:	606b      	str	r3, [r5, #4]
10007c08:	e78e      	b.n	10007b28 <_malloc_r+0x438>
10007c0a:	f5b0 7faa 	cmp.w	r0, #340	@ 0x154
10007c0e:	d827      	bhi.n	10007c60 <_malloc_r+0x570>
10007c10:	0bf0      	lsrs	r0, r6, #15
10007c12:	f100 0178 	add.w	r1, r0, #120	@ 0x78
10007c16:	3077      	adds	r0, #119	@ 0x77
10007c18:	00c9      	lsls	r1, r1, #3
10007c1a:	e701      	b.n	10007a20 <_malloc_r+0x330>
10007c1c:	f240 5154 	movw	r1, #1364	@ 0x554
10007c20:	428b      	cmp	r3, r1
10007c22:	d827      	bhi.n	10007c74 <_malloc_r+0x584>
10007c24:	0c93      	lsrs	r3, r2, #18
10007c26:	f103 0e7d 	add.w	lr, r3, #125	@ 0x7d
10007c2a:	f103 067c 	add.w	r6, r3, #124	@ 0x7c
10007c2e:	ea4f 03ce 	mov.w	r3, lr, lsl #3
10007c32:	e5ac      	b.n	1000778e <_malloc_r+0x9e>
10007c34:	f1ab 0108 	sub.w	r1, fp, #8
10007c38:	2300      	movs	r3, #0
10007c3a:	eb0a 0001 	add.w	r0, sl, r1
10007c3e:	9300      	str	r3, [sp, #0]
10007c40:	e678      	b.n	10007934 <_malloc_r+0x244>
10007c42:	f107 0108 	add.w	r1, r7, #8
10007c46:	4640      	mov	r0, r8
10007c48:	e9cd 2900 	strd	r2, r9, [sp]
10007c4c:	f000 fb84 	bl	10008358 <_free_r>
10007c50:	68a5      	ldr	r5, [r4, #8]
10007c52:	f8dd 9004 	ldr.w	r9, [sp, #4]
10007c56:	6869      	ldr	r1, [r5, #4]
10007c58:	f8d9 0000 	ldr.w	r0, [r9]
10007c5c:	9a00      	ldr	r2, [sp, #0]
10007c5e:	e68e      	b.n	1000797e <_malloc_r+0x28e>
10007c60:	f240 5154 	movw	r1, #1364	@ 0x554
10007c64:	4288      	cmp	r0, r1
10007c66:	d80b      	bhi.n	10007c80 <_malloc_r+0x590>
10007c68:	0cb0      	lsrs	r0, r6, #18
10007c6a:	f100 017d 	add.w	r1, r0, #125	@ 0x7d
10007c6e:	307c      	adds	r0, #124	@ 0x7c
10007c70:	00c9      	lsls	r1, r1, #3
10007c72:	e6d5      	b.n	10007a20 <_malloc_r+0x330>
10007c74:	f44f 737e 	mov.w	r3, #1016	@ 0x3f8
10007c78:	f04f 0e7f 	mov.w	lr, #127	@ 0x7f
10007c7c:	267e      	movs	r6, #126	@ 0x7e
10007c7e:	e586      	b.n	1000778e <_malloc_r+0x9e>
10007c80:	f44f 717e 	mov.w	r1, #1016	@ 0x3f8
10007c84:	207e      	movs	r0, #126	@ 0x7e
10007c86:	e6cb      	b.n	10007a20 <_malloc_r+0x330>
10007c88:	6863      	ldr	r3, [r4, #4]
10007c8a:	e768      	b.n	10007b5e <_malloc_r+0x46e>
10007c8c:	200025f8 	.word	0x200025f8
10007c90:	200025e4 	.word	0x200025e4
10007c94:	20028ee8 	.word	0x20028ee8

10007c98 <__malloc_lock>:
10007c98:	4801      	ldr	r0, [pc, #4]	@ (10007ca0 <__malloc_lock+0x8>)
10007c9a:	f000 bac7 	b.w	1000822c <__retarget_lock_acquire_recursive>
10007c9e:	bf00      	nop
10007ca0:	20028ee0 	.word	0x20028ee0

10007ca4 <__malloc_unlock>:
10007ca4:	4801      	ldr	r0, [pc, #4]	@ (10007cac <__malloc_unlock+0x8>)
10007ca6:	f000 bac3 	b.w	10008230 <__retarget_lock_release_recursive>
10007caa:	bf00      	nop
10007cac:	20028ee0 	.word	0x20028ee0

10007cb0 <__sflush_r>:
10007cb0:	f9b1 200c 	ldrsh.w	r2, [r1, #12]
10007cb4:	e92d 41f0 	stmdb	sp!, {r4, r5, r6, r7, r8, lr}
10007cb8:	4680      	mov	r8, r0
10007cba:	0710      	lsls	r0, r2, #28
10007cbc:	460c      	mov	r4, r1
10007cbe:	d450      	bmi.n	10007d62 <__sflush_r+0xb2>
10007cc0:	6849      	ldr	r1, [r1, #4]
10007cc2:	f442 6300 	orr.w	r3, r2, #2048	@ 0x800
10007cc6:	2900      	cmp	r1, #0
10007cc8:	81a3      	strh	r3, [r4, #12]
10007cca:	dd64      	ble.n	10007d96 <__sflush_r+0xe6>
10007ccc:	6aa6      	ldr	r6, [r4, #40]	@ 0x28
10007cce:	2e00      	cmp	r6, #0
10007cd0:	d044      	beq.n	10007d5c <__sflush_r+0xac>
10007cd2:	2100      	movs	r1, #0
10007cd4:	f412 5280 	ands.w	r2, r2, #4096	@ 0x1000
10007cd8:	f8d8 5000 	ldr.w	r5, [r8]
10007cdc:	f8c8 1000 	str.w	r1, [r8]
10007ce0:	d165      	bne.n	10007dae <__sflush_r+0xfe>
10007ce2:	69e1      	ldr	r1, [r4, #28]
10007ce4:	2301      	movs	r3, #1
10007ce6:	4640      	mov	r0, r8
10007ce8:	47b0      	blx	r6
10007cea:	1c41      	adds	r1, r0, #1
10007cec:	4602      	mov	r2, r0
10007cee:	d06c      	beq.n	10007dca <__sflush_r+0x11a>
10007cf0:	f9b4 300c 	ldrsh.w	r3, [r4, #12]
10007cf4:	6aa6      	ldr	r6, [r4, #40]	@ 0x28
10007cf6:	075b      	lsls	r3, r3, #29
10007cf8:	d505      	bpl.n	10007d06 <__sflush_r+0x56>
10007cfa:	6863      	ldr	r3, [r4, #4]
10007cfc:	1ad2      	subs	r2, r2, r3
10007cfe:	6b23      	ldr	r3, [r4, #48]	@ 0x30
10007d00:	b10b      	cbz	r3, 10007d06 <__sflush_r+0x56>
10007d02:	6be3      	ldr	r3, [r4, #60]	@ 0x3c
10007d04:	1ad2      	subs	r2, r2, r3
10007d06:	2300      	movs	r3, #0
10007d08:	69e1      	ldr	r1, [r4, #28]
10007d0a:	4640      	mov	r0, r8
10007d0c:	47b0      	blx	r6
10007d0e:	1c47      	adds	r7, r0, #1
10007d10:	f9b4 300c 	ldrsh.w	r3, [r4, #12]
10007d14:	d14d      	bne.n	10007db2 <__sflush_r+0x102>
10007d16:	f8d8 1000 	ldr.w	r1, [r8]
10007d1a:	291d      	cmp	r1, #29
10007d1c:	d840      	bhi.n	10007da0 <__sflush_r+0xf0>
10007d1e:	4a30      	ldr	r2, [pc, #192]	@ (10007de0 <__sflush_r+0x130>)
10007d20:	40ca      	lsrs	r2, r1
10007d22:	07d6      	lsls	r6, r2, #31
10007d24:	d53c      	bpl.n	10007da0 <__sflush_r+0xf0>
10007d26:	f423 6200 	bic.w	r2, r3, #2048	@ 0x800
10007d2a:	04d9      	lsls	r1, r3, #19
10007d2c:	81a2      	strh	r2, [r4, #12]
10007d2e:	f04f 0200 	mov.w	r2, #0
10007d32:	6062      	str	r2, [r4, #4]
10007d34:	6922      	ldr	r2, [r4, #16]
10007d36:	6022      	str	r2, [r4, #0]
10007d38:	d503      	bpl.n	10007d42 <__sflush_r+0x92>
10007d3a:	f8d8 3000 	ldr.w	r3, [r8]
10007d3e:	2b00      	cmp	r3, #0
10007d40:	d041      	beq.n	10007dc6 <__sflush_r+0x116>
10007d42:	6b21      	ldr	r1, [r4, #48]	@ 0x30
10007d44:	f8c8 5000 	str.w	r5, [r8]
10007d48:	b141      	cbz	r1, 10007d5c <__sflush_r+0xac>
10007d4a:	f104 0340 	add.w	r3, r4, #64	@ 0x40
10007d4e:	4299      	cmp	r1, r3
10007d50:	d002      	beq.n	10007d58 <__sflush_r+0xa8>
10007d52:	4640      	mov	r0, r8
10007d54:	f000 fb00 	bl	10008358 <_free_r>
10007d58:	2300      	movs	r3, #0
10007d5a:	6323      	str	r3, [r4, #48]	@ 0x30
10007d5c:	2000      	movs	r0, #0
10007d5e:	e8bd 81f0 	ldmia.w	sp!, {r4, r5, r6, r7, r8, pc}
10007d62:	690e      	ldr	r6, [r1, #16]
10007d64:	2e00      	cmp	r6, #0
10007d66:	d0f9      	beq.n	10007d5c <__sflush_r+0xac>
10007d68:	0792      	lsls	r2, r2, #30
10007d6a:	680d      	ldr	r5, [r1, #0]
10007d6c:	600e      	str	r6, [r1, #0]
10007d6e:	bf0c      	ite	eq
10007d70:	694b      	ldreq	r3, [r1, #20]
10007d72:	2300      	movne	r3, #0
10007d74:	1bad      	subs	r5, r5, r6
10007d76:	608b      	str	r3, [r1, #8]
10007d78:	e00a      	b.n	10007d90 <__sflush_r+0xe0>
10007d7a:	462b      	mov	r3, r5
10007d7c:	4632      	mov	r2, r6
10007d7e:	69e1      	ldr	r1, [r4, #28]
10007d80:	4640      	mov	r0, r8
10007d82:	6a67      	ldr	r7, [r4, #36]	@ 0x24
10007d84:	47b8      	blx	r7
10007d86:	2800      	cmp	r0, #0
10007d88:	eba5 0500 	sub.w	r5, r5, r0
10007d8c:	4406      	add	r6, r0
10007d8e:	dd06      	ble.n	10007d9e <__sflush_r+0xee>
10007d90:	2d00      	cmp	r5, #0
10007d92:	dcf2      	bgt.n	10007d7a <__sflush_r+0xca>
10007d94:	e7e2      	b.n	10007d5c <__sflush_r+0xac>
10007d96:	6be1      	ldr	r1, [r4, #60]	@ 0x3c
10007d98:	2900      	cmp	r1, #0
10007d9a:	dc97      	bgt.n	10007ccc <__sflush_r+0x1c>
10007d9c:	e7de      	b.n	10007d5c <__sflush_r+0xac>
10007d9e:	89a3      	ldrh	r3, [r4, #12]
10007da0:	f043 0340 	orr.w	r3, r3, #64	@ 0x40
10007da4:	f04f 30ff 	mov.w	r0, #4294967295
10007da8:	81a3      	strh	r3, [r4, #12]
10007daa:	e8bd 81f0 	ldmia.w	sp!, {r4, r5, r6, r7, r8, pc}
10007dae:	6d22      	ldr	r2, [r4, #80]	@ 0x50
10007db0:	e7a1      	b.n	10007cf6 <__sflush_r+0x46>
10007db2:	f423 6200 	bic.w	r2, r3, #2048	@ 0x800
10007db6:	04db      	lsls	r3, r3, #19
10007db8:	81a2      	strh	r2, [r4, #12]
10007dba:	f04f 0200 	mov.w	r2, #0
10007dbe:	6062      	str	r2, [r4, #4]
10007dc0:	6922      	ldr	r2, [r4, #16]
10007dc2:	6022      	str	r2, [r4, #0]
10007dc4:	d5bd      	bpl.n	10007d42 <__sflush_r+0x92>
10007dc6:	6520      	str	r0, [r4, #80]	@ 0x50
10007dc8:	e7bb      	b.n	10007d42 <__sflush_r+0x92>
10007dca:	f8d8 3000 	ldr.w	r3, [r8]
10007dce:	2b00      	cmp	r3, #0
10007dd0:	d08e      	beq.n	10007cf0 <__sflush_r+0x40>
10007dd2:	2b1d      	cmp	r3, #29
10007dd4:	d001      	beq.n	10007dda <__sflush_r+0x12a>
10007dd6:	2b16      	cmp	r3, #22
10007dd8:	d1e1      	bne.n	10007d9e <__sflush_r+0xee>
10007dda:	f8c8 5000 	str.w	r5, [r8]
10007dde:	e7bd      	b.n	10007d5c <__sflush_r+0xac>
10007de0:	20400001 	.word	0x20400001

10007de4 <_fflush_r>:
10007de4:	b500      	push	{lr}
10007de6:	4603      	mov	r3, r0
10007de8:	b083      	sub	sp, #12
10007dea:	b108      	cbz	r0, 10007df0 <_fflush_r+0xc>
10007dec:	6b42      	ldr	r2, [r0, #52]	@ 0x34
10007dee:	b352      	cbz	r2, 10007e46 <_fflush_r+0x62>
10007df0:	f9b1 000c 	ldrsh.w	r0, [r1, #12]
10007df4:	b198      	cbz	r0, 10007e1e <_fflush_r+0x3a>
10007df6:	6e4a      	ldr	r2, [r1, #100]	@ 0x64
10007df8:	07d2      	lsls	r2, r2, #31
10007dfa:	d401      	bmi.n	10007e00 <_fflush_r+0x1c>
10007dfc:	0582      	lsls	r2, r0, #22
10007dfe:	d512      	bpl.n	10007e26 <_fflush_r+0x42>
10007e00:	4618      	mov	r0, r3
10007e02:	9100      	str	r1, [sp, #0]
10007e04:	f7ff ff54 	bl	10007cb0 <__sflush_r>
10007e08:	9900      	ldr	r1, [sp, #0]
10007e0a:	4603      	mov	r3, r0
10007e0c:	6e4a      	ldr	r2, [r1, #100]	@ 0x64
10007e0e:	07d0      	lsls	r0, r2, #31
10007e10:	d402      	bmi.n	10007e18 <_fflush_r+0x34>
10007e12:	898a      	ldrh	r2, [r1, #12]
10007e14:	0592      	lsls	r2, r2, #22
10007e16:	d50e      	bpl.n	10007e36 <_fflush_r+0x52>
10007e18:	4618      	mov	r0, r3
10007e1a:	b003      	add	sp, #12
10007e1c:	bd00      	pop	{pc}
10007e1e:	4603      	mov	r3, r0
10007e20:	4618      	mov	r0, r3
10007e22:	b003      	add	sp, #12
10007e24:	bd00      	pop	{pc}
10007e26:	6d88      	ldr	r0, [r1, #88]	@ 0x58
10007e28:	9301      	str	r3, [sp, #4]
10007e2a:	9100      	str	r1, [sp, #0]
10007e2c:	f000 f9fe 	bl	1000822c <__retarget_lock_acquire_recursive>
10007e30:	e9dd 1300 	ldrd	r1, r3, [sp]
10007e34:	e7e4      	b.n	10007e00 <_fflush_r+0x1c>
10007e36:	6d88      	ldr	r0, [r1, #88]	@ 0x58
10007e38:	9300      	str	r3, [sp, #0]
10007e3a:	f000 f9f9 	bl	10008230 <__retarget_lock_release_recursive>
10007e3e:	9b00      	ldr	r3, [sp, #0]
10007e40:	4618      	mov	r0, r3
10007e42:	b003      	add	sp, #12
10007e44:	bd00      	pop	{pc}
10007e46:	e9cd 0100 	strd	r0, r1, [sp]
10007e4a:	f000 f8ef 	bl	1000802c <__sinit>
10007e4e:	e9dd 3100 	ldrd	r3, r1, [sp]
10007e52:	e7cd      	b.n	10007df0 <_fflush_r+0xc>

10007e54 <fflush>:
10007e54:	2800      	cmp	r0, #0
10007e56:	d038      	beq.n	10007eca <fflush+0x76>
10007e58:	4b1e      	ldr	r3, [pc, #120]	@ (10007ed4 <fflush+0x80>)
10007e5a:	4601      	mov	r1, r0
10007e5c:	681b      	ldr	r3, [r3, #0]
10007e5e:	b500      	push	{lr}
10007e60:	b083      	sub	sp, #12
10007e62:	b10b      	cbz	r3, 10007e68 <fflush+0x14>
10007e64:	6b5a      	ldr	r2, [r3, #52]	@ 0x34
10007e66:	b1d2      	cbz	r2, 10007e9e <fflush+0x4a>
10007e68:	f9b1 000c 	ldrsh.w	r0, [r1, #12]
10007e6c:	b198      	cbz	r0, 10007e96 <fflush+0x42>
10007e6e:	6e4a      	ldr	r2, [r1, #100]	@ 0x64
10007e70:	07d2      	lsls	r2, r2, #31
10007e72:	d401      	bmi.n	10007e78 <fflush+0x24>
10007e74:	0582      	lsls	r2, r0, #22
10007e76:	d51a      	bpl.n	10007eae <fflush+0x5a>
10007e78:	4618      	mov	r0, r3
10007e7a:	9100      	str	r1, [sp, #0]
10007e7c:	f7ff ff18 	bl	10007cb0 <__sflush_r>
10007e80:	9900      	ldr	r1, [sp, #0]
10007e82:	4603      	mov	r3, r0
10007e84:	6e4a      	ldr	r2, [r1, #100]	@ 0x64
10007e86:	07d0      	lsls	r0, r2, #31
10007e88:	d402      	bmi.n	10007e90 <fflush+0x3c>
10007e8a:	898a      	ldrh	r2, [r1, #12]
10007e8c:	0592      	lsls	r2, r2, #22
10007e8e:	d516      	bpl.n	10007ebe <fflush+0x6a>
10007e90:	4618      	mov	r0, r3
10007e92:	b003      	add	sp, #12
10007e94:	bd00      	pop	{pc}
10007e96:	4603      	mov	r3, r0
10007e98:	4618      	mov	r0, r3
10007e9a:	b003      	add	sp, #12
10007e9c:	bd00      	pop	{pc}
10007e9e:	9001      	str	r0, [sp, #4]
10007ea0:	4618      	mov	r0, r3
10007ea2:	9300      	str	r3, [sp, #0]
10007ea4:	f000 f8c2 	bl	1000802c <__sinit>
10007ea8:	e9dd 3100 	ldrd	r3, r1, [sp]
10007eac:	e7dc      	b.n	10007e68 <fflush+0x14>
10007eae:	6d88      	ldr	r0, [r1, #88]	@ 0x58
10007eb0:	9301      	str	r3, [sp, #4]
10007eb2:	9100      	str	r1, [sp, #0]
10007eb4:	f000 f9ba 	bl	1000822c <__retarget_lock_acquire_recursive>
10007eb8:	e9dd 1300 	ldrd	r1, r3, [sp]
10007ebc:	e7dc      	b.n	10007e78 <fflush+0x24>
10007ebe:	6d88      	ldr	r0, [r1, #88]	@ 0x58
10007ec0:	9300      	str	r3, [sp, #0]
10007ec2:	f000 f9b5 	bl	10008230 <__retarget_lock_release_recursive>
10007ec6:	9b00      	ldr	r3, [sp, #0]
10007ec8:	e7e2      	b.n	10007e90 <fflush+0x3c>
10007eca:	4a03      	ldr	r2, [pc, #12]	@ (10007ed8 <fflush+0x84>)
10007ecc:	4903      	ldr	r1, [pc, #12]	@ (10007edc <fflush+0x88>)
10007ece:	4804      	ldr	r0, [pc, #16]	@ (10007ee0 <fflush+0x8c>)
10007ed0:	f000 b8d6 	b.w	10008080 <_fwalk_sglue>
10007ed4:	20002a04 	.word	0x20002a04
10007ed8:	200029f8 	.word	0x200029f8
10007edc:	10007de5 	.word	0x10007de5
10007ee0:	20002a08 	.word	0x20002a08

10007ee4 <stdio_exit_handler>:
10007ee4:	4a02      	ldr	r2, [pc, #8]	@ (10007ef0 <stdio_exit_handler+0xc>)
10007ee6:	4903      	ldr	r1, [pc, #12]	@ (10007ef4 <stdio_exit_handler+0x10>)
10007ee8:	4803      	ldr	r0, [pc, #12]	@ (10007ef8 <stdio_exit_handler+0x14>)
10007eea:	f000 b8c9 	b.w	10008080 <_fwalk_sglue>
10007eee:	bf00      	nop
10007ef0:	200029f8 	.word	0x200029f8
10007ef4:	10008561 	.word	0x10008561
10007ef8:	20002a08 	.word	0x20002a08

10007efc <cleanup_stdio>:
10007efc:	4b0c      	ldr	r3, [pc, #48]	@ (10007f30 <cleanup_stdio+0x34>)
10007efe:	6841      	ldr	r1, [r0, #4]
10007f00:	4299      	cmp	r1, r3
10007f02:	b510      	push	{r4, lr}
10007f04:	4604      	mov	r4, r0
10007f06:	d001      	beq.n	10007f0c <cleanup_stdio+0x10>
10007f08:	f000 fb2a 	bl	10008560 <_fclose_r>
10007f0c:	68a1      	ldr	r1, [r4, #8]
10007f0e:	4b09      	ldr	r3, [pc, #36]	@ (10007f34 <cleanup_stdio+0x38>)
10007f10:	4299      	cmp	r1, r3
10007f12:	d002      	beq.n	10007f1a <cleanup_stdio+0x1e>
10007f14:	4620      	mov	r0, r4
10007f16:	f000 fb23 	bl	10008560 <_fclose_r>
10007f1a:	68e1      	ldr	r1, [r4, #12]
10007f1c:	4b06      	ldr	r3, [pc, #24]	@ (10007f38 <cleanup_stdio+0x3c>)
10007f1e:	4299      	cmp	r1, r3
10007f20:	d004      	beq.n	10007f2c <cleanup_stdio+0x30>
10007f22:	4620      	mov	r0, r4
10007f24:	e8bd 4010 	ldmia.w	sp!, {r4, lr}
10007f28:	f000 bb1a 	b.w	10008560 <_fclose_r>
10007f2c:	bd10      	pop	{r4, pc}
10007f2e:	bf00      	nop
10007f30:	20028f1c 	.word	0x20028f1c
10007f34:	20028f84 	.word	0x20028f84
10007f38:	20028fec 	.word	0x20028fec

10007f3c <global_stdio_init.part.0>:
10007f3c:	e92d 43f8 	stmdb	sp!, {r3, r4, r5, r6, r7, r8, r9, lr}
10007f40:	4a31      	ldr	r2, [pc, #196]	@ (10008008 <global_stdio_init.part.0+0xcc>)
10007f42:	2500      	movs	r5, #0
10007f44:	4c31      	ldr	r4, [pc, #196]	@ (1000800c <global_stdio_init.part.0+0xd0>)
10007f46:	2304      	movs	r3, #4
10007f48:	4931      	ldr	r1, [pc, #196]	@ (10008010 <global_stdio_init.part.0+0xd4>)
10007f4a:	f8df 90d8 	ldr.w	r9, [pc, #216]	@ 10008024 <global_stdio_init.part.0+0xe8>
10007f4e:	f104 005c 	add.w	r0, r4, #92	@ 0x5c
10007f52:	f8df 80d4 	ldr.w	r8, [pc, #212]	@ 10008028 <global_stdio_init.part.0+0xec>
10007f56:	4f2f      	ldr	r7, [pc, #188]	@ (10008014 <global_stdio_init.part.0+0xd8>)
10007f58:	4e2f      	ldr	r6, [pc, #188]	@ (10008018 <global_stdio_init.part.0+0xdc>)
10007f5a:	6011      	str	r1, [r2, #0]
10007f5c:	4629      	mov	r1, r5
10007f5e:	2208      	movs	r2, #8
10007f60:	6025      	str	r5, [r4, #0]
10007f62:	6665      	str	r5, [r4, #100]	@ 0x64
10007f64:	e9c4 3503 	strd	r3, r5, [r4, #12]
10007f68:	e9c4 5501 	strd	r5, r5, [r4, #4]
10007f6c:	e9c4 5505 	strd	r5, r5, [r4, #20]
10007f70:	f000 fb6e 	bl	10008650 <__memset_veneer>
10007f74:	f104 0058 	add.w	r0, r4, #88	@ 0x58
10007f78:	62e6      	str	r6, [r4, #44]	@ 0x2c
10007f7a:	e9c4 4907 	strd	r4, r9, [r4, #28]
10007f7e:	e9c4 8709 	strd	r8, r7, [r4, #36]	@ 0x24
10007f82:	f000 f94f 	bl	10008224 <__retarget_lock_init_recursive>
10007f86:	4b25      	ldr	r3, [pc, #148]	@ (1000801c <global_stdio_init.part.0+0xe0>)
10007f88:	4629      	mov	r1, r5
10007f8a:	2208      	movs	r2, #8
10007f8c:	f104 00c4 	add.w	r0, r4, #196	@ 0xc4
10007f90:	6763      	str	r3, [r4, #116]	@ 0x74
10007f92:	6725      	str	r5, [r4, #112]	@ 0x70
10007f94:	f8c4 50cc 	str.w	r5, [r4, #204]	@ 0xcc
10007f98:	f8c4 5080 	str.w	r5, [r4, #128]	@ 0x80
10007f9c:	e9c4 551a 	strd	r5, r5, [r4, #104]	@ 0x68
10007fa0:	e9c4 551e 	strd	r5, r5, [r4, #120]	@ 0x78
10007fa4:	f000 fb54 	bl	10008650 <__memset_veneer>
10007fa8:	f104 0368 	add.w	r3, r4, #104	@ 0x68
10007fac:	f104 00c0 	add.w	r0, r4, #192	@ 0xc0
10007fb0:	f8c4 3084 	str.w	r3, [r4, #132]	@ 0x84
10007fb4:	e9c4 9822 	strd	r9, r8, [r4, #136]	@ 0x88
10007fb8:	e9c4 7624 	strd	r7, r6, [r4, #144]	@ 0x90
10007fbc:	f000 f932 	bl	10008224 <__retarget_lock_init_recursive>
10007fc0:	4b17      	ldr	r3, [pc, #92]	@ (10008020 <global_stdio_init.part.0+0xe4>)
10007fc2:	4629      	mov	r1, r5
10007fc4:	f504 7096 	add.w	r0, r4, #300	@ 0x12c
10007fc8:	2208      	movs	r2, #8
10007fca:	f8c4 30dc 	str.w	r3, [r4, #220]	@ 0xdc
10007fce:	f8c4 50d8 	str.w	r5, [r4, #216]	@ 0xd8
10007fd2:	f8c4 5134 	str.w	r5, [r4, #308]	@ 0x134
10007fd6:	f8c4 50e8 	str.w	r5, [r4, #232]	@ 0xe8
10007fda:	e9c4 5534 	strd	r5, r5, [r4, #208]	@ 0xd0
10007fde:	e9c4 5538 	strd	r5, r5, [r4, #224]	@ 0xe0
10007fe2:	f000 fb35 	bl	10008650 <__memset_veneer>
10007fe6:	f104 03d0 	add.w	r3, r4, #208	@ 0xd0
10007fea:	f504 7094 	add.w	r0, r4, #296	@ 0x128
10007fee:	f8c4 90f0 	str.w	r9, [r4, #240]	@ 0xf0
10007ff2:	f8c4 60fc 	str.w	r6, [r4, #252]	@ 0xfc
10007ff6:	f8c4 30ec 	str.w	r3, [r4, #236]	@ 0xec
10007ffa:	e9c4 873d 	strd	r8, r7, [r4, #244]	@ 0xf4
10007ffe:	e8bd 43f8 	ldmia.w	sp!, {r3, r4, r5, r6, r7, r8, r9, lr}
10008002:	f000 b90f 	b.w	10008224 <__retarget_lock_init_recursive>
10008006:	bf00      	nop
10008008:	20029054 	.word	0x20029054
1000800c:	20028f1c 	.word	0x20028f1c
10008010:	10007ee5 	.word	0x10007ee5
10008014:	10008129 	.word	0x10008129
10008018:	10008151 	.word	0x10008151
1000801c:	00010009 	.word	0x00010009
10008020:	00020012 	.word	0x00020012
10008024:	100080c5 	.word	0x100080c5
10008028:	100080e9 	.word	0x100080e9

1000802c <__sinit>:
1000802c:	b510      	push	{r4, lr}
1000802e:	4604      	mov	r4, r0
10008030:	480a      	ldr	r0, [pc, #40]	@ (1000805c <__sinit+0x30>)
10008032:	f000 f8fb 	bl	1000822c <__retarget_lock_acquire_recursive>
10008036:	6b63      	ldr	r3, [r4, #52]	@ 0x34
10008038:	b923      	cbnz	r3, 10008044 <__sinit+0x18>
1000803a:	4b09      	ldr	r3, [pc, #36]	@ (10008060 <__sinit+0x34>)
1000803c:	4a09      	ldr	r2, [pc, #36]	@ (10008064 <__sinit+0x38>)
1000803e:	681b      	ldr	r3, [r3, #0]
10008040:	6362      	str	r2, [r4, #52]	@ 0x34
10008042:	b123      	cbz	r3, 1000804e <__sinit+0x22>
10008044:	4805      	ldr	r0, [pc, #20]	@ (1000805c <__sinit+0x30>)
10008046:	e8bd 4010 	ldmia.w	sp!, {r4, lr}
1000804a:	f000 b8f1 	b.w	10008230 <__retarget_lock_release_recursive>
1000804e:	f7ff ff75 	bl	10007f3c <global_stdio_init.part.0>
10008052:	4802      	ldr	r0, [pc, #8]	@ (1000805c <__sinit+0x30>)
10008054:	e8bd 4010 	ldmia.w	sp!, {r4, lr}
10008058:	f000 b8ea 	b.w	10008230 <__retarget_lock_release_recursive>
1000805c:	20028ee4 	.word	0x20028ee4
10008060:	20029054 	.word	0x20029054
10008064:	10007efd 	.word	0x10007efd

10008068 <__sfp_lock_acquire>:
10008068:	4801      	ldr	r0, [pc, #4]	@ (10008070 <__sfp_lock_acquire+0x8>)
1000806a:	f000 b8df 	b.w	1000822c <__retarget_lock_acquire_recursive>
1000806e:	bf00      	nop
10008070:	20028ee4 	.word	0x20028ee4

10008074 <__sfp_lock_release>:
10008074:	4801      	ldr	r0, [pc, #4]	@ (1000807c <__sfp_lock_release+0x8>)
10008076:	f000 b8db 	b.w	10008230 <__retarget_lock_release_recursive>
1000807a:	bf00      	nop
1000807c:	20028ee4 	.word	0x20028ee4

10008080 <_fwalk_sglue>:
10008080:	e92d 43f8 	stmdb	sp!, {r3, r4, r5, r6, r7, r8, r9, lr}
10008084:	4607      	mov	r7, r0
10008086:	4688      	mov	r8, r1
10008088:	f04f 0900 	mov.w	r9, #0
1000808c:	4616      	mov	r6, r2
1000808e:	6875      	ldr	r5, [r6, #4]
10008090:	3d01      	subs	r5, #1
10008092:	d410      	bmi.n	100080b6 <_fwalk_sglue+0x36>
10008094:	68b4      	ldr	r4, [r6, #8]
10008096:	89a3      	ldrh	r3, [r4, #12]
10008098:	2b01      	cmp	r3, #1
1000809a:	d908      	bls.n	100080ae <_fwalk_sglue+0x2e>
1000809c:	f9b4 300e 	ldrsh.w	r3, [r4, #14]
100080a0:	4621      	mov	r1, r4
100080a2:	4638      	mov	r0, r7
100080a4:	3301      	adds	r3, #1
100080a6:	d002      	beq.n	100080ae <_fwalk_sglue+0x2e>
100080a8:	47c0      	blx	r8
100080aa:	ea49 0900 	orr.w	r9, r9, r0
100080ae:	3d01      	subs	r5, #1
100080b0:	3468      	adds	r4, #104	@ 0x68
100080b2:	1c6b      	adds	r3, r5, #1
100080b4:	d1ef      	bne.n	10008096 <_fwalk_sglue+0x16>
100080b6:	6836      	ldr	r6, [r6, #0]
100080b8:	2e00      	cmp	r6, #0
100080ba:	d1e8      	bne.n	1000808e <_fwalk_sglue+0xe>
100080bc:	4648      	mov	r0, r9
100080be:	e8bd 83f8 	ldmia.w	sp!, {r3, r4, r5, r6, r7, r8, r9, pc}
100080c2:	bf00      	nop

100080c4 <__sread>:
100080c4:	b510      	push	{r4, lr}
100080c6:	460c      	mov	r4, r1
100080c8:	f9b1 100e 	ldrsh.w	r1, [r1, #14]
100080cc:	f000 f86a 	bl	100081a4 <_read_r>
100080d0:	2800      	cmp	r0, #0
100080d2:	db03      	blt.n	100080dc <__sread+0x18>
100080d4:	6d23      	ldr	r3, [r4, #80]	@ 0x50
100080d6:	4403      	add	r3, r0
100080d8:	6523      	str	r3, [r4, #80]	@ 0x50
100080da:	bd10      	pop	{r4, pc}
100080dc:	89a3      	ldrh	r3, [r4, #12]
100080de:	f423 5380 	bic.w	r3, r3, #4096	@ 0x1000
100080e2:	81a3      	strh	r3, [r4, #12]
100080e4:	bd10      	pop	{r4, pc}
100080e6:	bf00      	nop

100080e8 <__swrite>:
100080e8:	e92d 41f0 	stmdb	sp!, {r4, r5, r6, r7, r8, lr}
100080ec:	461f      	mov	r7, r3
100080ee:	f9b1 300c 	ldrsh.w	r3, [r1, #12]
100080f2:	4616      	mov	r6, r2
100080f4:	460c      	mov	r4, r1
100080f6:	05da      	lsls	r2, r3, #23
100080f8:	4605      	mov	r5, r0
100080fa:	d40b      	bmi.n	10008114 <__swrite+0x2c>
100080fc:	f423 5180 	bic.w	r1, r3, #4096	@ 0x1000
10008100:	4632      	mov	r2, r6
10008102:	463b      	mov	r3, r7
10008104:	4628      	mov	r0, r5
10008106:	81a1      	strh	r1, [r4, #12]
10008108:	f9b4 100e 	ldrsh.w	r1, [r4, #14]
1000810c:	e8bd 41f0 	ldmia.w	sp!, {r4, r5, r6, r7, r8, lr}
10008110:	f000 b86e 	b.w	100081f0 <_write_r>
10008114:	2302      	movs	r3, #2
10008116:	2200      	movs	r2, #0
10008118:	f9b1 100e 	ldrsh.w	r1, [r1, #14]
1000811c:	f000 f82e 	bl	1000817c <_lseek_r>
10008120:	f9b4 300c 	ldrsh.w	r3, [r4, #12]
10008124:	e7ea      	b.n	100080fc <__swrite+0x14>
10008126:	bf00      	nop

10008128 <__sseek>:
10008128:	b510      	push	{r4, lr}
1000812a:	460c      	mov	r4, r1
1000812c:	f9b1 100e 	ldrsh.w	r1, [r1, #14]
10008130:	f000 f824 	bl	1000817c <_lseek_r>
10008134:	1c42      	adds	r2, r0, #1
10008136:	f9b4 300c 	ldrsh.w	r3, [r4, #12]
1000813a:	d004      	beq.n	10008146 <__sseek+0x1e>
1000813c:	f443 5380 	orr.w	r3, r3, #4096	@ 0x1000
10008140:	6520      	str	r0, [r4, #80]	@ 0x50
10008142:	81a3      	strh	r3, [r4, #12]
10008144:	bd10      	pop	{r4, pc}
10008146:	f423 5380 	bic.w	r3, r3, #4096	@ 0x1000
1000814a:	81a3      	strh	r3, [r4, #12]
1000814c:	bd10      	pop	{r4, pc}
1000814e:	bf00      	nop

10008150 <__sclose>:
10008150:	f9b1 100e 	ldrsh.w	r1, [r1, #14]
10008154:	f000 b800 	b.w	10008158 <_close_r>

10008158 <_close_r>:
10008158:	b538      	push	{r3, r4, r5, lr}
1000815a:	2300      	movs	r3, #0
1000815c:	4c06      	ldr	r4, [pc, #24]	@ (10008178 <_close_r+0x20>)
1000815e:	4605      	mov	r5, r0
10008160:	4608      	mov	r0, r1
10008162:	6023      	str	r3, [r4, #0]
10008164:	f7fb fca4 	bl	10003ab0 <_close>
10008168:	1c43      	adds	r3, r0, #1
1000816a:	d000      	beq.n	1000816e <_close_r+0x16>
1000816c:	bd38      	pop	{r3, r4, r5, pc}
1000816e:	6823      	ldr	r3, [r4, #0]
10008170:	2b00      	cmp	r3, #0
10008172:	d0fb      	beq.n	1000816c <_close_r+0x14>
10008174:	602b      	str	r3, [r5, #0]
10008176:	bd38      	pop	{r3, r4, r5, pc}
10008178:	2002b310 	.word	0x2002b310

1000817c <_lseek_r>:
1000817c:	b538      	push	{r3, r4, r5, lr}
1000817e:	4c08      	ldr	r4, [pc, #32]	@ (100081a0 <_lseek_r+0x24>)
10008180:	4605      	mov	r5, r0
10008182:	4608      	mov	r0, r1
10008184:	4611      	mov	r1, r2
10008186:	461a      	mov	r2, r3
10008188:	2300      	movs	r3, #0
1000818a:	6023      	str	r3, [r4, #0]
1000818c:	f7fb fc94 	bl	10003ab8 <_lseek>
10008190:	1c43      	adds	r3, r0, #1
10008192:	d000      	beq.n	10008196 <_lseek_r+0x1a>
10008194:	bd38      	pop	{r3, r4, r5, pc}
10008196:	6823      	ldr	r3, [r4, #0]
10008198:	2b00      	cmp	r3, #0
1000819a:	d0fb      	beq.n	10008194 <_lseek_r+0x18>
1000819c:	602b      	str	r3, [r5, #0]
1000819e:	bd38      	pop	{r3, r4, r5, pc}
100081a0:	2002b310 	.word	0x2002b310

100081a4 <_read_r>:
100081a4:	b538      	push	{r3, r4, r5, lr}
100081a6:	4c08      	ldr	r4, [pc, #32]	@ (100081c8 <_read_r+0x24>)
100081a8:	4605      	mov	r5, r0
100081aa:	4608      	mov	r0, r1
100081ac:	4611      	mov	r1, r2
100081ae:	461a      	mov	r2, r3
100081b0:	2300      	movs	r3, #0
100081b2:	6023      	str	r3, [r4, #0]
100081b4:	f7fb fc5e 	bl	10003a74 <_read>
100081b8:	1c43      	adds	r3, r0, #1
100081ba:	d000      	beq.n	100081be <_read_r+0x1a>
100081bc:	bd38      	pop	{r3, r4, r5, pc}
100081be:	6823      	ldr	r3, [r4, #0]
100081c0:	2b00      	cmp	r3, #0
100081c2:	d0fb      	beq.n	100081bc <_read_r+0x18>
100081c4:	602b      	str	r3, [r5, #0]
100081c6:	bd38      	pop	{r3, r4, r5, pc}
100081c8:	2002b310 	.word	0x2002b310

100081cc <_sbrk_r>:
100081cc:	b538      	push	{r3, r4, r5, lr}
100081ce:	2300      	movs	r3, #0
100081d0:	4c06      	ldr	r4, [pc, #24]	@ (100081ec <_sbrk_r+0x20>)
100081d2:	4605      	mov	r5, r0
100081d4:	4608      	mov	r0, r1
100081d6:	6023      	str	r3, [r4, #0]
100081d8:	f7fb fc36 	bl	10003a48 <_sbrk>
100081dc:	1c43      	adds	r3, r0, #1
100081de:	d000      	beq.n	100081e2 <_sbrk_r+0x16>
100081e0:	bd38      	pop	{r3, r4, r5, pc}
100081e2:	6823      	ldr	r3, [r4, #0]
100081e4:	2b00      	cmp	r3, #0
100081e6:	d0fb      	beq.n	100081e0 <_sbrk_r+0x14>
100081e8:	602b      	str	r3, [r5, #0]
100081ea:	bd38      	pop	{r3, r4, r5, pc}
100081ec:	2002b310 	.word	0x2002b310

100081f0 <_write_r>:
100081f0:	b538      	push	{r3, r4, r5, lr}
100081f2:	4c08      	ldr	r4, [pc, #32]	@ (10008214 <_write_r+0x24>)
100081f4:	4605      	mov	r5, r0
100081f6:	4608      	mov	r0, r1
100081f8:	4611      	mov	r1, r2
100081fa:	461a      	mov	r2, r3
100081fc:	2300      	movs	r3, #0
100081fe:	6023      	str	r3, [r4, #0]
10008200:	f7fb fc46 	bl	10003a90 <_write>
10008204:	1c43      	adds	r3, r0, #1
10008206:	d000      	beq.n	1000820a <_write_r+0x1a>
10008208:	bd38      	pop	{r3, r4, r5, pc}
1000820a:	6823      	ldr	r3, [r4, #0]
1000820c:	2b00      	cmp	r3, #0
1000820e:	d0fb      	beq.n	10008208 <_write_r+0x18>
10008210:	602b      	str	r3, [r5, #0]
10008212:	bd38      	pop	{r3, r4, r5, pc}
10008214:	2002b310 	.word	0x2002b310

10008218 <__errno>:
10008218:	4b01      	ldr	r3, [pc, #4]	@ (10008220 <__errno+0x8>)
1000821a:	6818      	ldr	r0, [r3, #0]
1000821c:	4770      	bx	lr
1000821e:	bf00      	nop
10008220:	20002a04 	.word	0x20002a04

10008224 <__retarget_lock_init_recursive>:
10008224:	4770      	bx	lr
10008226:	bf00      	nop

10008228 <__retarget_lock_close_recursive>:
10008228:	4770      	bx	lr
1000822a:	bf00      	nop

1000822c <__retarget_lock_acquire_recursive>:
1000822c:	4770      	bx	lr
1000822e:	bf00      	nop

10008230 <__retarget_lock_release_recursive>:
10008230:	4770      	bx	lr
10008232:	bf00      	nop

10008234 <sysconf>:
10008234:	2808      	cmp	r0, #8
10008236:	d102      	bne.n	1000823e <sysconf+0xa>
10008238:	f44f 5080 	mov.w	r0, #4096	@ 0x1000
1000823c:	4770      	bx	lr
1000823e:	b508      	push	{r3, lr}
10008240:	f7ff ffea 	bl	10008218 <__errno>
10008244:	2216      	movs	r2, #22
10008246:	4603      	mov	r3, r0
10008248:	f04f 30ff 	mov.w	r0, #4294967295
1000824c:	601a      	str	r2, [r3, #0]
1000824e:	bd08      	pop	{r3, pc}

10008250 <strlen>:
10008250:	f020 0103 	bic.w	r1, r0, #3
10008254:	f010 0003 	ands.w	r0, r0, #3
10008258:	f1c0 0000 	rsb	r0, r0, #0
1000825c:	f851 3b04 	ldr.w	r3, [r1], #4
10008260:	f100 0c04 	add.w	ip, r0, #4
10008264:	ea4f 0ccc 	mov.w	ip, ip, lsl #3
10008268:	f06f 0200 	mvn.w	r2, #0
1000826c:	bf1c      	itt	ne
1000826e:	fa22 f20c 	lsrne.w	r2, r2, ip
10008272:	4313      	orrne	r3, r2
10008274:	f04f 0c01 	mov.w	ip, #1
10008278:	ea4c 2c0c 	orr.w	ip, ip, ip, lsl #8
1000827c:	ea4c 4c0c 	orr.w	ip, ip, ip, lsl #16
10008280:	eba3 020c 	sub.w	r2, r3, ip
10008284:	ea22 0203 	bic.w	r2, r2, r3
10008288:	ea12 12cc 	ands.w	r2, r2, ip, lsl #7
1000828c:	bf04      	itt	eq
1000828e:	f851 3b04 	ldreq.w	r3, [r1], #4
10008292:	3004      	addeq	r0, #4
10008294:	d0f4      	beq.n	10008280 <strlen+0x30>
10008296:	f1c2 0100 	rsb	r1, r2, #0
1000829a:	ea02 0201 	and.w	r2, r2, r1
1000829e:	fab2 f282 	clz	r2, r2
100082a2:	f1c2 021f 	rsb	r2, r2, #31
100082a6:	eb00 00d2 	add.w	r0, r0, r2, lsr #3
100082aa:	4770      	bx	lr

100082ac <_malloc_trim_r>:
100082ac:	b5f8      	push	{r3, r4, r5, r6, r7, lr}
100082ae:	4606      	mov	r6, r0
100082b0:	2008      	movs	r0, #8
100082b2:	460c      	mov	r4, r1
100082b4:	f7ff ffbe 	bl	10008234 <sysconf>
100082b8:	4607      	mov	r7, r0
100082ba:	4630      	mov	r0, r6
100082bc:	f7ff fcec 	bl	10007c98 <__malloc_lock>
100082c0:	4a22      	ldr	r2, [pc, #136]	@ (1000834c <_malloc_trim_r+0xa0>)
100082c2:	6893      	ldr	r3, [r2, #8]
100082c4:	685d      	ldr	r5, [r3, #4]
100082c6:	f025 0503 	bic.w	r5, r5, #3
100082ca:	f1a5 0311 	sub.w	r3, r5, #17
100082ce:	1b1c      	subs	r4, r3, r4
100082d0:	443c      	add	r4, r7
100082d2:	fbb4 f4f7 	udiv	r4, r4, r7
100082d6:	3c01      	subs	r4, #1
100082d8:	fb07 f404 	mul.w	r4, r7, r4
100082dc:	42a7      	cmp	r7, r4
100082de:	dc08      	bgt.n	100082f2 <_malloc_trim_r+0x46>
100082e0:	2100      	movs	r1, #0
100082e2:	4630      	mov	r0, r6
100082e4:	f7ff ff72 	bl	100081cc <_sbrk_r>
100082e8:	4a18      	ldr	r2, [pc, #96]	@ (1000834c <_malloc_trim_r+0xa0>)
100082ea:	6893      	ldr	r3, [r2, #8]
100082ec:	442b      	add	r3, r5
100082ee:	4298      	cmp	r0, r3
100082f0:	d004      	beq.n	100082fc <_malloc_trim_r+0x50>
100082f2:	4630      	mov	r0, r6
100082f4:	f7ff fcd6 	bl	10007ca4 <__malloc_unlock>
100082f8:	2000      	movs	r0, #0
100082fa:	bdf8      	pop	{r3, r4, r5, r6, r7, pc}
100082fc:	4261      	negs	r1, r4
100082fe:	4630      	mov	r0, r6
10008300:	f7ff ff64 	bl	100081cc <_sbrk_r>
10008304:	3001      	adds	r0, #1
10008306:	4a11      	ldr	r2, [pc, #68]	@ (1000834c <_malloc_trim_r+0xa0>)
10008308:	d00d      	beq.n	10008326 <_malloc_trim_r+0x7a>
1000830a:	1b2d      	subs	r5, r5, r4
1000830c:	4910      	ldr	r1, [pc, #64]	@ (10008350 <_malloc_trim_r+0xa4>)
1000830e:	6893      	ldr	r3, [r2, #8]
10008310:	4630      	mov	r0, r6
10008312:	f045 0501 	orr.w	r5, r5, #1
10008316:	605d      	str	r5, [r3, #4]
10008318:	680b      	ldr	r3, [r1, #0]
1000831a:	1b1b      	subs	r3, r3, r4
1000831c:	600b      	str	r3, [r1, #0]
1000831e:	f7ff fcc1 	bl	10007ca4 <__malloc_unlock>
10008322:	2001      	movs	r0, #1
10008324:	bdf8      	pop	{r3, r4, r5, r6, r7, pc}
10008326:	2100      	movs	r1, #0
10008328:	4630      	mov	r0, r6
1000832a:	f7ff ff4f 	bl	100081cc <_sbrk_r>
1000832e:	4a07      	ldr	r2, [pc, #28]	@ (1000834c <_malloc_trim_r+0xa0>)
10008330:	6892      	ldr	r2, [r2, #8]
10008332:	1a83      	subs	r3, r0, r2
10008334:	2b0f      	cmp	r3, #15
10008336:	dddc      	ble.n	100082f2 <_malloc_trim_r+0x46>
10008338:	f043 0301 	orr.w	r3, r3, #1
1000833c:	4904      	ldr	r1, [pc, #16]	@ (10008350 <_malloc_trim_r+0xa4>)
1000833e:	6053      	str	r3, [r2, #4]
10008340:	4b04      	ldr	r3, [pc, #16]	@ (10008354 <_malloc_trim_r+0xa8>)
10008342:	681b      	ldr	r3, [r3, #0]
10008344:	1ac0      	subs	r0, r0, r3
10008346:	6008      	str	r0, [r1, #0]
10008348:	e7d3      	b.n	100082f2 <_malloc_trim_r+0x46>
1000834a:	bf00      	nop
1000834c:	200025f0 	.word	0x200025f0
10008350:	20028ee8 	.word	0x20028ee8
10008354:	200025e4 	.word	0x200025e4

10008358 <_free_r>:
10008358:	2900      	cmp	r1, #0
1000835a:	d062      	beq.n	10008422 <_free_r+0xca>
1000835c:	e92d 41f0 	stmdb	sp!, {r4, r5, r6, r7, r8, lr}
10008360:	460c      	mov	r4, r1
10008362:	4607      	mov	r7, r0
10008364:	f7ff fc98 	bl	10007c98 <__malloc_lock>
10008368:	497a      	ldr	r1, [pc, #488]	@ (10008554 <_free_r+0x1fc>)
1000836a:	f854 ec04 	ldr.w	lr, [r4, #-4]
1000836e:	f1a4 0c08 	sub.w	ip, r4, #8
10008372:	688d      	ldr	r5, [r1, #8]
10008374:	f02e 0301 	bic.w	r3, lr, #1
10008378:	f00e 0601 	and.w	r6, lr, #1
1000837c:	eb0c 0203 	add.w	r2, ip, r3
10008380:	6850      	ldr	r0, [r2, #4]
10008382:	4295      	cmp	r5, r2
10008384:	f020 0003 	bic.w	r0, r0, #3
10008388:	f000 8087 	beq.w	1000849a <_free_r+0x142>
1000838c:	1815      	adds	r5, r2, r0
1000838e:	6050      	str	r0, [r2, #4]
10008390:	686d      	ldr	r5, [r5, #4]
10008392:	f005 0501 	and.w	r5, r5, #1
10008396:	46a8      	mov	r8, r5
10008398:	bb96      	cbnz	r6, 10008400 <_free_r+0xa8>
1000839a:	f854 4c08 	ldr.w	r4, [r4, #-8]
1000839e:	f101 0e08 	add.w	lr, r1, #8
100083a2:	ebac 0c04 	sub.w	ip, ip, r4
100083a6:	4423      	add	r3, r4
100083a8:	f8dc 4008 	ldr.w	r4, [ip, #8]
100083ac:	4574      	cmp	r4, lr
100083ae:	d067      	beq.n	10008480 <_free_r+0x128>
100083b0:	f8dc 500c 	ldr.w	r5, [ip, #12]
100083b4:	60e5      	str	r5, [r4, #12]
100083b6:	60ac      	str	r4, [r5, #8]
100083b8:	f1b8 0f00 	cmp.w	r8, #0
100083bc:	f000 8088 	beq.w	100084d0 <_free_r+0x178>
100083c0:	f043 0001 	orr.w	r0, r3, #1
100083c4:	f8cc 0004 	str.w	r0, [ip, #4]
100083c8:	6013      	str	r3, [r2, #0]
100083ca:	f5b3 7f00 	cmp.w	r3, #512	@ 0x200
100083ce:	d232      	bcs.n	10008436 <_free_r+0xde>
100083d0:	0958      	lsrs	r0, r3, #5
100083d2:	08da      	lsrs	r2, r3, #3
100083d4:	2301      	movs	r3, #1
100083d6:	4083      	lsls	r3, r0
100083d8:	6848      	ldr	r0, [r1, #4]
100083da:	3201      	adds	r2, #1
100083dc:	4303      	orrs	r3, r0
100083de:	f851 0032 	ldr.w	r0, [r1, r2, lsl #3]
100083e2:	604b      	str	r3, [r1, #4]
100083e4:	eb01 03c2 	add.w	r3, r1, r2, lsl #3
100083e8:	3b08      	subs	r3, #8
100083ea:	e9cc 0302 	strd	r0, r3, [ip, #8]
100083ee:	f841 c032 	str.w	ip, [r1, r2, lsl #3]
100083f2:	f8c0 c00c 	str.w	ip, [r0, #12]
100083f6:	4638      	mov	r0, r7
100083f8:	e8bd 41f0 	ldmia.w	sp!, {r4, r5, r6, r7, r8, lr}
100083fc:	f7ff bc52 	b.w	10007ca4 <__malloc_unlock>
10008400:	b985      	cbnz	r5, 10008424 <_free_r+0xcc>
10008402:	4403      	add	r3, r0
10008404:	f101 0e08 	add.w	lr, r1, #8
10008408:	6890      	ldr	r0, [r2, #8]
1000840a:	f043 0401 	orr.w	r4, r3, #1
1000840e:	4570      	cmp	r0, lr
10008410:	d077      	beq.n	10008502 <_free_r+0x1aa>
10008412:	68d2      	ldr	r2, [r2, #12]
10008414:	60c2      	str	r2, [r0, #12]
10008416:	6090      	str	r0, [r2, #8]
10008418:	f8cc 4004 	str.w	r4, [ip, #4]
1000841c:	f84c 3003 	str.w	r3, [ip, r3]
10008420:	e7d3      	b.n	100083ca <_free_r+0x72>
10008422:	4770      	bx	lr
10008424:	f04e 0201 	orr.w	r2, lr, #1
10008428:	f5b3 7f00 	cmp.w	r3, #512	@ 0x200
1000842c:	f844 2c04 	str.w	r2, [r4, #-4]
10008430:	f84c 3003 	str.w	r3, [ip, r3]
10008434:	d3cc      	bcc.n	100083d0 <_free_r+0x78>
10008436:	f5b3 6f20 	cmp.w	r3, #2560	@ 0xa00
1000843a:	ea4f 2253 	mov.w	r2, r3, lsr #9
1000843e:	d249      	bcs.n	100084d4 <_free_r+0x17c>
10008440:	099a      	lsrs	r2, r3, #6
10008442:	f102 0039 	add.w	r0, r2, #57	@ 0x39
10008446:	f102 0438 	add.w	r4, r2, #56	@ 0x38
1000844a:	00c2      	lsls	r2, r0, #3
1000844c:	1888      	adds	r0, r1, r2
1000844e:	588a      	ldr	r2, [r1, r2]
10008450:	3808      	subs	r0, #8
10008452:	4290      	cmp	r0, r2
10008454:	d103      	bne.n	1000845e <_free_r+0x106>
10008456:	e05d      	b.n	10008514 <_free_r+0x1bc>
10008458:	6892      	ldr	r2, [r2, #8]
1000845a:	4290      	cmp	r0, r2
1000845c:	d004      	beq.n	10008468 <_free_r+0x110>
1000845e:	6851      	ldr	r1, [r2, #4]
10008460:	f021 0103 	bic.w	r1, r1, #3
10008464:	4299      	cmp	r1, r3
10008466:	d8f7      	bhi.n	10008458 <_free_r+0x100>
10008468:	68d0      	ldr	r0, [r2, #12]
1000846a:	e9cc 2002 	strd	r2, r0, [ip, #8]
1000846e:	f8c0 c008 	str.w	ip, [r0, #8]
10008472:	4638      	mov	r0, r7
10008474:	f8c2 c00c 	str.w	ip, [r2, #12]
10008478:	e8bd 41f0 	ldmia.w	sp!, {r4, r5, r6, r7, r8, lr}
1000847c:	f7ff bc12 	b.w	10007ca4 <__malloc_unlock>
10008480:	bb9d      	cbnz	r5, 100084ea <_free_r+0x192>
10008482:	4418      	add	r0, r3
10008484:	e9d2 2302 	ldrd	r2, r3, [r2, #8]
10008488:	60d3      	str	r3, [r2, #12]
1000848a:	609a      	str	r2, [r3, #8]
1000848c:	f040 0301 	orr.w	r3, r0, #1
10008490:	f8cc 3004 	str.w	r3, [ip, #4]
10008494:	f84c 0000 	str.w	r0, [ip, r0]
10008498:	e7ad      	b.n	100083f6 <_free_r+0x9e>
1000849a:	4418      	add	r0, r3
1000849c:	b946      	cbnz	r6, 100084b0 <_free_r+0x158>
1000849e:	f854 3c08 	ldr.w	r3, [r4, #-8]
100084a2:	ebac 0c03 	sub.w	ip, ip, r3
100084a6:	4418      	add	r0, r3
100084a8:	e9dc 2302 	ldrd	r2, r3, [ip, #8]
100084ac:	60d3      	str	r3, [r2, #12]
100084ae:	609a      	str	r2, [r3, #8]
100084b0:	f040 0301 	orr.w	r3, r0, #1
100084b4:	f8cc 3004 	str.w	r3, [ip, #4]
100084b8:	4b27      	ldr	r3, [pc, #156]	@ (10008558 <_free_r+0x200>)
100084ba:	f8c1 c008 	str.w	ip, [r1, #8]
100084be:	681b      	ldr	r3, [r3, #0]
100084c0:	4283      	cmp	r3, r0
100084c2:	d898      	bhi.n	100083f6 <_free_r+0x9e>
100084c4:	4b25      	ldr	r3, [pc, #148]	@ (1000855c <_free_r+0x204>)
100084c6:	4638      	mov	r0, r7
100084c8:	6819      	ldr	r1, [r3, #0]
100084ca:	f7ff feef 	bl	100082ac <_malloc_trim_r>
100084ce:	e792      	b.n	100083f6 <_free_r+0x9e>
100084d0:	4403      	add	r3, r0
100084d2:	e799      	b.n	10008408 <_free_r+0xb0>
100084d4:	2a14      	cmp	r2, #20
100084d6:	d90e      	bls.n	100084f6 <_free_r+0x19e>
100084d8:	2a54      	cmp	r2, #84	@ 0x54
100084da:	d822      	bhi.n	10008522 <_free_r+0x1ca>
100084dc:	0b1a      	lsrs	r2, r3, #12
100084de:	f102 006f 	add.w	r0, r2, #111	@ 0x6f
100084e2:	f102 046e 	add.w	r4, r2, #110	@ 0x6e
100084e6:	00c2      	lsls	r2, r0, #3
100084e8:	e7b0      	b.n	1000844c <_free_r+0xf4>
100084ea:	f043 0101 	orr.w	r1, r3, #1
100084ee:	f8cc 1004 	str.w	r1, [ip, #4]
100084f2:	6013      	str	r3, [r2, #0]
100084f4:	e77f      	b.n	100083f6 <_free_r+0x9e>
100084f6:	f102 005c 	add.w	r0, r2, #92	@ 0x5c
100084fa:	f102 045b 	add.w	r4, r2, #91	@ 0x5b
100084fe:	00c2      	lsls	r2, r0, #3
10008500:	e7a4      	b.n	1000844c <_free_r+0xf4>
10008502:	e9c1 cc04 	strd	ip, ip, [r1, #16]
10008506:	e9cc ee02 	strd	lr, lr, [ip, #8]
1000850a:	f8cc 4004 	str.w	r4, [ip, #4]
1000850e:	f84c 3003 	str.w	r3, [ip, r3]
10008512:	e770      	b.n	100083f6 <_free_r+0x9e>
10008514:	10a4      	asrs	r4, r4, #2
10008516:	2301      	movs	r3, #1
10008518:	40a3      	lsls	r3, r4
1000851a:	684c      	ldr	r4, [r1, #4]
1000851c:	4323      	orrs	r3, r4
1000851e:	604b      	str	r3, [r1, #4]
10008520:	e7a3      	b.n	1000846a <_free_r+0x112>
10008522:	f5b2 7faa 	cmp.w	r2, #340	@ 0x154
10008526:	d806      	bhi.n	10008536 <_free_r+0x1de>
10008528:	0bda      	lsrs	r2, r3, #15
1000852a:	f102 0078 	add.w	r0, r2, #120	@ 0x78
1000852e:	f102 0477 	add.w	r4, r2, #119	@ 0x77
10008532:	00c2      	lsls	r2, r0, #3
10008534:	e78a      	b.n	1000844c <_free_r+0xf4>
10008536:	f240 5054 	movw	r0, #1364	@ 0x554
1000853a:	4282      	cmp	r2, r0
1000853c:	d806      	bhi.n	1000854c <_free_r+0x1f4>
1000853e:	0c9a      	lsrs	r2, r3, #18
10008540:	f102 007d 	add.w	r0, r2, #125	@ 0x7d
10008544:	f102 047c 	add.w	r4, r2, #124	@ 0x7c
10008548:	00c2      	lsls	r2, r0, #3
1000854a:	e77f      	b.n	1000844c <_free_r+0xf4>
1000854c:	f44f 727e 	mov.w	r2, #1016	@ 0x3f8
10008550:	247e      	movs	r4, #126	@ 0x7e
10008552:	e77b      	b.n	1000844c <_free_r+0xf4>
10008554:	200025f0 	.word	0x200025f0
10008558:	200025e8 	.word	0x200025e8
1000855c:	20028f18 	.word	0x20028f18

10008560 <_fclose_r>:
10008560:	b570      	push	{r4, r5, r6, lr}
10008562:	2900      	cmp	r1, #0
10008564:	d041      	beq.n	100085ea <_fclose_r+0x8a>
10008566:	4606      	mov	r6, r0
10008568:	460c      	mov	r4, r1
1000856a:	b110      	cbz	r0, 10008572 <_fclose_r+0x12>
1000856c:	6b43      	ldr	r3, [r0, #52]	@ 0x34
1000856e:	2b00      	cmp	r3, #0
10008570:	d03e      	beq.n	100085f0 <_fclose_r+0x90>
10008572:	f7ff fd79 	bl	10008068 <__sfp_lock_acquire>
10008576:	6e63      	ldr	r3, [r4, #100]	@ 0x64
10008578:	f9b4 200c 	ldrsh.w	r2, [r4, #12]
1000857c:	07dd      	lsls	r5, r3, #31
1000857e:	d430      	bmi.n	100085e2 <_fclose_r+0x82>
10008580:	0590      	lsls	r0, r2, #22
10008582:	d538      	bpl.n	100085f6 <_fclose_r+0x96>
10008584:	4621      	mov	r1, r4
10008586:	4630      	mov	r0, r6
10008588:	f7ff fb92 	bl	10007cb0 <__sflush_r>
1000858c:	6ae3      	ldr	r3, [r4, #44]	@ 0x2c
1000858e:	4605      	mov	r5, r0
10008590:	b133      	cbz	r3, 100085a0 <_fclose_r+0x40>
10008592:	69e1      	ldr	r1, [r4, #28]
10008594:	4630      	mov	r0, r6
10008596:	4798      	blx	r3
10008598:	2800      	cmp	r0, #0
1000859a:	bfb8      	it	lt
1000859c:	f04f 35ff 	movlt.w	r5, #4294967295
100085a0:	89a3      	ldrh	r3, [r4, #12]
100085a2:	061a      	lsls	r2, r3, #24
100085a4:	d439      	bmi.n	1000861a <_fclose_r+0xba>
100085a6:	6b21      	ldr	r1, [r4, #48]	@ 0x30
100085a8:	b141      	cbz	r1, 100085bc <_fclose_r+0x5c>
100085aa:	f104 0340 	add.w	r3, r4, #64	@ 0x40
100085ae:	4299      	cmp	r1, r3
100085b0:	d002      	beq.n	100085b8 <_fclose_r+0x58>
100085b2:	4630      	mov	r0, r6
100085b4:	f7ff fed0 	bl	10008358 <_free_r>
100085b8:	2300      	movs	r3, #0
100085ba:	6323      	str	r3, [r4, #48]	@ 0x30
100085bc:	6c61      	ldr	r1, [r4, #68]	@ 0x44
100085be:	b121      	cbz	r1, 100085ca <_fclose_r+0x6a>
100085c0:	4630      	mov	r0, r6
100085c2:	f7ff fec9 	bl	10008358 <_free_r>
100085c6:	2300      	movs	r3, #0
100085c8:	6463      	str	r3, [r4, #68]	@ 0x44
100085ca:	6e63      	ldr	r3, [r4, #100]	@ 0x64
100085cc:	2200      	movs	r2, #0
100085ce:	07db      	lsls	r3, r3, #31
100085d0:	81a2      	strh	r2, [r4, #12]
100085d2:	d51e      	bpl.n	10008612 <_fclose_r+0xb2>
100085d4:	6da0      	ldr	r0, [r4, #88]	@ 0x58
100085d6:	f7ff fe27 	bl	10008228 <__retarget_lock_close_recursive>
100085da:	f7ff fd4b 	bl	10008074 <__sfp_lock_release>
100085de:	4628      	mov	r0, r5
100085e0:	bd70      	pop	{r4, r5, r6, pc}
100085e2:	2a00      	cmp	r2, #0
100085e4:	d1ce      	bne.n	10008584 <_fclose_r+0x24>
100085e6:	f7ff fd45 	bl	10008074 <__sfp_lock_release>
100085ea:	2500      	movs	r5, #0
100085ec:	4628      	mov	r0, r5
100085ee:	bd70      	pop	{r4, r5, r6, pc}
100085f0:	f7ff fd1c 	bl	1000802c <__sinit>
100085f4:	e7bd      	b.n	10008572 <_fclose_r+0x12>
100085f6:	6da0      	ldr	r0, [r4, #88]	@ 0x58
100085f8:	f7ff fe18 	bl	1000822c <__retarget_lock_acquire_recursive>
100085fc:	f9b4 300c 	ldrsh.w	r3, [r4, #12]
10008600:	2b00      	cmp	r3, #0
10008602:	d1bf      	bne.n	10008584 <_fclose_r+0x24>
10008604:	6e63      	ldr	r3, [r4, #100]	@ 0x64
10008606:	07d9      	lsls	r1, r3, #31
10008608:	d4ed      	bmi.n	100085e6 <_fclose_r+0x86>
1000860a:	6da0      	ldr	r0, [r4, #88]	@ 0x58
1000860c:	f7ff fe10 	bl	10008230 <__retarget_lock_release_recursive>
10008610:	e7e9      	b.n	100085e6 <_fclose_r+0x86>
10008612:	6da0      	ldr	r0, [r4, #88]	@ 0x58
10008614:	f7ff fe0c 	bl	10008230 <__retarget_lock_release_recursive>
10008618:	e7dc      	b.n	100085d4 <_fclose_r+0x74>
1000861a:	6921      	ldr	r1, [r4, #16]
1000861c:	4630      	mov	r0, r6
1000861e:	f7ff fe9b 	bl	10008358 <_free_r>
10008622:	e7c0      	b.n	100085a6 <_fclose_r+0x46>
10008624:	0000      	movs	r0, r0
	...

10008628 <__mutex_exit_veneer>:
10008628:	f85f f000 	ldr.w	pc, [pc]	@ 1000862c <__mutex_exit_veneer+0x4>
1000862c:	200002f1 	.word	0x200002f1

10008630 <___hw_endpoint_buffer_control_update32_veneer>:
10008630:	f85f f000 	ldr.w	pc, [pc]	@ 10008634 <___hw_endpoint_buffer_control_update32_veneer+0x4>
10008634:	20000b41 	.word	0x20000b41

10008638 <__reset_non_control_endpoints_veneer>:
10008638:	f85f f000 	ldr.w	pc, [pc]	@ 1000863c <__reset_non_control_endpoints_veneer+0x4>
1000863c:	20000339 	.word	0x20000339

10008640 <__memcpy_veneer>:
10008640:	f85f f000 	ldr.w	pc, [pc]	@ 10008644 <__memcpy_veneer+0x4>
10008644:	200023b1 	.word	0x200023b1

10008648 <__mutex_try_enter_block_until_veneer>:
10008648:	f85f f000 	ldr.w	pc, [pc]	@ 1000864c <__mutex_try_enter_block_until_veneer+0x4>
1000864c:	20000281 	.word	0x20000281

10008650 <__memset_veneer>:
10008650:	f85f f000 	ldr.w	pc, [pc]	@ 10008654 <__memset_veneer+0x4>
10008654:	20002329 	.word	0x20002329

10008658 <__mutex_enter_timeout_ms_veneer>:
10008658:	f85f f000 	ldr.w	pc, [pc]	@ 1000865c <__mutex_enter_timeout_ms_veneer+0x4>
1000865c:	200002b9 	.word	0x200002b9

10008660 <__e15_is_bulkin_ep_veneer>:
10008660:	f85f f000 	ldr.w	pc, [pc]	@ 10008664 <__e15_is_bulkin_ep_veneer+0x4>
10008664:	20000ae5 	.word	0x20000ae5

10008668 <__mutex_try_enter_veneer>:
10008668:	f85f f000 	ldr.w	pc, [pc]	@ 1000866c <__mutex_try_enter_veneer+0x4>
1000866c:	200001a1 	.word	0x200001a1

10008670 <__hw_endpoint_start_next_buffer_veneer>:
10008670:	f85f f000 	ldr.w	pc, [pc]	@ 10008674 <__hw_endpoint_start_next_buffer_veneer+0x4>
10008674:	20000b89 	.word	0x20000b89

10008678 <____aeabi_uldivmod_veneer>:
10008678:	f85f f000 	ldr.w	pc, [pc]	@ 1000867c <____aeabi_uldivmod_veneer+0x4>
1000867c:	20001fb5 	.word	0x20001fb5

10008680 <__e15_is_critical_frame_period_veneer>:
10008680:	f85f f000 	ldr.w	pc, [pc]	@ 10008684 <__e15_is_critical_frame_period_veneer+0x4>
10008684:	20000b0d 	.word	0x20000b0d

10008688 <__mutex_enter_blocking_veneer>:
10008688:	f85f f000 	ldr.w	pc, [pc]	@ 1000868c <__mutex_enter_blocking_veneer+0x4>
1000868c:	20000111 	.word	0x20000111

10008690 <__pre_init_runtime_init_bootrom_reset>:
10008690:	10001eed                                ....

10008694 <__pre_init_runtime_init_early_resets>:
10008694:	10001e65                                e...

10008698 <__pre_init_runtime_init_usb_power_down>:
10008698:	10001e95                                ....

1000869c <__pre_init_runtime_init_clocks>:
1000869c:	10001f7d                                }...

100086a0 <__pre_init_runtime_init_post_clock_resets>:
100086a0:	10001ecd                                ....

100086a4 <__pre_init_runtime_init_boot_locks_reset>:
100086a4:	10001dcd                                ....

100086a8 <__pre_init_runtime_init_spin_locks_reset>:
100086a8:	10001f15                                ....

100086ac <__pre_init_runtime_init_bootrom_locking_enable>:
100086ac:	10001db9                                ....

100086b0 <__pre_init_runtime_init_mutex>:
100086b0:	10000b3d                                =...

100086b4 <__pre_init_runtime_init_install_ram_vector_table>:
100086b4:	10001f19                                ....

100086b8 <__pre_init_runtime_init_default_alarm_pool>:
100086b8:	10000f0d                                ....

100086bc <__pre_init_first_per_core_initializer>:
100086bc:	10001e15                                ....

100086c0 <__pre_init_runtime_init_per_core_bootrom_reset>:
100086c0:	10001f01                                ....

100086c4 <__pre_init_runtime_init_per_core_enable_coprocessors>:
100086c4:	10001eb1                                ....

100086c8 <__pre_init_spinlock_set_extexclall>:
100086c8:	1000054d                                M...

100086cc <__pre_init_runtime_init_per_core_irq_priorities>:
100086cc:	10000575                                u...

100086d0 <__pre_init_runtime_init_per_core_tls_setup>:
100086d0:	100064c1                                .d..

100086d4 <__init_array_start>:
100086d4:	10004609 	.word	0x10004609

Disassembly of section .data:

20000110 <mutex_enter_blocking>:
20000110:	f04f 4350 	mov.w	r3, #3489660928	@ 0xd0000000
20000114:	b530      	push	{r4, r5, lr}
20000116:	6802      	ldr	r2, [r0, #0]
20000118:	f993 4000 	ldrsb.w	r4, [r3]
2000011c:	f3ef 8310 	mrs	r3, PRIMASK
20000120:	b672      	cpsid	i
20000122:	e8d2 5fcf 	ldaexb	r5, [r2]
20000126:	2101      	movs	r1, #1
20000128:	2d00      	cmp	r5, #0
2000012a:	d1fa      	bne.n	20000122 <mutex_enter_blocking+0x12>
2000012c:	e8c2 1f45 	strexb	r5, r1, [r2]
20000130:	2d00      	cmp	r5, #0
20000132:	d1f6      	bne.n	20000122 <mutex_enter_blocking+0x12>
20000134:	f3bf 8f5f 	dmb	sy
20000138:	f990 2004 	ldrsb.w	r2, [r0, #4]
2000013c:	2a00      	cmp	r2, #0
2000013e:	db24      	blt.n	2000018a <mutex_enter_blocking+0x7a>
20000140:	f04f 0e00 	mov.w	lr, #0
20000144:	f8df c054 	ldr.w	ip, [pc, #84]	@ 2000019c <mutex_enter_blocking+0x8c>
20000148:	f89c 2000 	ldrb.w	r2, [ip]
2000014c:	6801      	ldr	r1, [r0, #0]
2000014e:	b2d2      	uxtb	r2, r2
20000150:	e8c1 ef8f 	stlb	lr, [r1]
20000154:	f383 8810 	msr	PRIMASK, r3
20000158:	f89c 3000 	ldrb.w	r3, [ip]
2000015c:	4293      	cmp	r3, r2
2000015e:	d100      	bne.n	20000162 <mutex_enter_blocking+0x52>
20000160:	bf20      	wfe
20000162:	bf20      	wfe
20000164:	6802      	ldr	r2, [r0, #0]
20000166:	f3ef 8310 	mrs	r3, PRIMASK
2000016a:	b672      	cpsid	i
2000016c:	e8d2 5fcf 	ldaexb	r5, [r2]
20000170:	2101      	movs	r1, #1
20000172:	2d00      	cmp	r5, #0
20000174:	d1fa      	bne.n	2000016c <mutex_enter_blocking+0x5c>
20000176:	e8c2 1f45 	strexb	r5, r1, [r2]
2000017a:	2d00      	cmp	r5, #0
2000017c:	d1f6      	bne.n	2000016c <mutex_enter_blocking+0x5c>
2000017e:	f3bf 8f5f 	dmb	sy
20000182:	f990 2004 	ldrsb.w	r2, [r0, #4]
20000186:	2a00      	cmp	r2, #0
20000188:	dade      	bge.n	20000148 <mutex_enter_blocking+0x38>
2000018a:	2200      	movs	r2, #0
2000018c:	6801      	ldr	r1, [r0, #0]
2000018e:	7104      	strb	r4, [r0, #4]
20000190:	e8c1 2f8f 	stlb	r2, [r1]
20000194:	f383 8810 	msr	PRIMASK, r3
20000198:	bd30      	pop	{r4, r5, pc}
2000019a:	bf00      	nop
2000019c:	2002ee41 	.word	0x2002ee41

200001a0 <mutex_try_enter>:
200001a0:	4603      	mov	r3, r0
200001a2:	b500      	push	{lr}
200001a4:	6802      	ldr	r2, [r0, #0]
200001a6:	f3ef 8c10 	mrs	ip, PRIMASK
200001aa:	b672      	cpsid	i
200001ac:	e8d2 efcf 	ldaexb	lr, [r2]
200001b0:	2001      	movs	r0, #1
200001b2:	f1be 0f00 	cmp.w	lr, #0
200001b6:	d1f9      	bne.n	200001ac <mutex_try_enter+0xc>
200001b8:	e8c2 0f4e 	strexb	lr, r0, [r2]
200001bc:	f1be 0f00 	cmp.w	lr, #0
200001c0:	d1f4      	bne.n	200001ac <mutex_try_enter+0xc>
200001c2:	f3bf 8f5f 	dmb	sy
200001c6:	f993 2004 	ldrsb.w	r2, [r3, #4]
200001ca:	2a00      	cmp	r2, #0
200001cc:	db09      	blt.n	200001e2 <mutex_try_enter+0x42>
200001ce:	b101      	cbz	r1, 200001d2 <mutex_try_enter+0x32>
200001d0:	600a      	str	r2, [r1, #0]
200001d2:	2000      	movs	r0, #0
200001d4:	2200      	movs	r2, #0
200001d6:	681b      	ldr	r3, [r3, #0]
200001d8:	e8c3 2f8f 	stlb	r2, [r3]
200001dc:	f38c 8810 	msr	PRIMASK, ip
200001e0:	bd00      	pop	{pc}
200001e2:	f04f 4250 	mov.w	r2, #3489660928	@ 0xd0000000
200001e6:	6812      	ldr	r2, [r2, #0]
200001e8:	2001      	movs	r0, #1
200001ea:	711a      	strb	r2, [r3, #4]
200001ec:	e7f2      	b.n	200001d4 <mutex_try_enter+0x34>
200001ee:	bf00      	nop

200001f0 <mutex_enter_block_until>:
200001f0:	f04f 4150 	mov.w	r1, #3489660928	@ 0xd0000000
200001f4:	e92d 43f8 	stmdb	sp!, {r3, r4, r5, r6, r7, r8, r9, lr}
200001f8:	461f      	mov	r7, r3
200001fa:	680b      	ldr	r3, [r1, #0]
200001fc:	4604      	mov	r4, r0
200001fe:	4616      	mov	r6, r2
20000200:	2500      	movs	r5, #0
20000202:	4699      	mov	r9, r3
20000204:	f8df 8074 	ldr.w	r8, [pc, #116]	@ 2000027c <mutex_enter_block_until+0x8c>
20000208:	6823      	ldr	r3, [r4, #0]
2000020a:	f3ef 8210 	mrs	r2, PRIMASK
2000020e:	b672      	cpsid	i
20000210:	e8d3 0fcf 	ldaexb	r0, [r3]
20000214:	2101      	movs	r1, #1
20000216:	2800      	cmp	r0, #0
20000218:	d1fa      	bne.n	20000210 <mutex_enter_block_until+0x20>
2000021a:	e8c3 1f40 	strexb	r0, r1, [r3]
2000021e:	2800      	cmp	r0, #0
20000220:	d1f6      	bne.n	20000210 <mutex_enter_block_until+0x20>
20000222:	f3bf 8f5f 	dmb	sy
20000226:	f994 3004 	ldrsb.w	r3, [r4, #4]
2000022a:	6821      	ldr	r1, [r4, #0]
2000022c:	2b00      	cmp	r3, #0
2000022e:	db1b      	blt.n	20000268 <mutex_enter_block_until+0x78>
20000230:	f898 3000 	ldrb.w	r3, [r8]
20000234:	b2db      	uxtb	r3, r3
20000236:	e8c1 5f8f 	stlb	r5, [r1]
2000023a:	f382 8810 	msr	PRIMASK, r2
2000023e:	f898 2000 	ldrb.w	r2, [r8]
20000242:	429a      	cmp	r2, r3
20000244:	d008      	beq.n	20000258 <mutex_enter_block_until+0x68>
20000246:	4630      	mov	r0, r6
20000248:	4639      	mov	r1, r7
2000024a:	f002 f955 	bl	200024f8 <__best_effort_wfe_or_timeout_veneer>
2000024e:	2800      	cmp	r0, #0
20000250:	d0da      	beq.n	20000208 <mutex_enter_block_until+0x18>
20000252:	2000      	movs	r0, #0
20000254:	e8bd 83f8 	ldmia.w	sp!, {r3, r4, r5, r6, r7, r8, r9, pc}
20000258:	bf20      	wfe
2000025a:	4630      	mov	r0, r6
2000025c:	4639      	mov	r1, r7
2000025e:	f002 f94b 	bl	200024f8 <__best_effort_wfe_or_timeout_veneer>
20000262:	2800      	cmp	r0, #0
20000264:	d0d0      	beq.n	20000208 <mutex_enter_block_until+0x18>
20000266:	e7f4      	b.n	20000252 <mutex_enter_block_until+0x62>
20000268:	2300      	movs	r3, #0
2000026a:	f884 9004 	strb.w	r9, [r4, #4]
2000026e:	e8c1 3f8f 	stlb	r3, [r1]
20000272:	f382 8810 	msr	PRIMASK, r2
20000276:	2001      	movs	r0, #1
20000278:	e8bd 83f8 	ldmia.w	sp!, {r3, r4, r5, r6, r7, r8, r9, pc}
2000027c:	2002ee41 	.word	0x2002ee41

20000280 <mutex_try_enter_block_until>:
20000280:	b570      	push	{r4, r5, r6, lr}
20000282:	b082      	sub	sp, #8
20000284:	a901      	add	r1, sp, #4
20000286:	4606      	mov	r6, r0
20000288:	4614      	mov	r4, r2
2000028a:	461d      	mov	r5, r3
2000028c:	f7ff ff88 	bl	200001a0 <mutex_try_enter>
20000290:	b938      	cbnz	r0, 200002a2 <mutex_try_enter_block_until+0x22>
20000292:	f04f 4350 	mov.w	r3, #3489660928	@ 0xd0000000
20000296:	f99d 2004 	ldrsb.w	r2, [sp, #4]
2000029a:	f993 3000 	ldrsb.w	r3, [r3]
2000029e:	429a      	cmp	r2, r3
200002a0:	d101      	bne.n	200002a6 <mutex_try_enter_block_until+0x26>
200002a2:	b002      	add	sp, #8
200002a4:	bd70      	pop	{r4, r5, r6, pc}
200002a6:	4622      	mov	r2, r4
200002a8:	462b      	mov	r3, r5
200002aa:	4630      	mov	r0, r6
200002ac:	b002      	add	sp, #8
200002ae:	e8bd 4070 	ldmia.w	sp!, {r4, r5, r6, lr}
200002b2:	f7ff bf9d 	b.w	200001f0 <mutex_enter_block_until>
200002b6:	bf00      	nop

200002b8 <mutex_enter_timeout_ms>:
200002b8:	b570      	push	{r4, r5, r6, lr}
200002ba:	4605      	mov	r5, r0
200002bc:	460c      	mov	r4, r1
200002be:	f002 f913 	bl	200024e8 <__time_us_64_veneer>
200002c2:	4602      	mov	r2, r0
200002c4:	460b      	mov	r3, r1
200002c6:	f44f 707a 	mov.w	r0, #1000	@ 0x3e8
200002ca:	f04f 3eff 	mov.w	lr, #4294967295
200002ce:	f06f 4c00 	mvn.w	ip, #2147483648	@ 0x80000000
200002d2:	fbe4 2300 	umlal	r2, r3, r4, r0
200002d6:	4596      	cmp	lr, r2
200002d8:	eb7c 0103 	sbcs.w	r1, ip, r3
200002dc:	bf38      	it	cc
200002de:	4672      	movcc	r2, lr
200002e0:	4628      	mov	r0, r5
200002e2:	e8bd 4070 	ldmia.w	sp!, {r4, r5, r6, lr}
200002e6:	bf38      	it	cc
200002e8:	4663      	movcc	r3, ip
200002ea:	f7ff bf81 	b.w	200001f0 <mutex_enter_block_until>
200002ee:	bf00      	nop

200002f0 <mutex_exit>:
200002f0:	6803      	ldr	r3, [r0, #0]
200002f2:	f3ef 8110 	mrs	r1, PRIMASK
200002f6:	b672      	cpsid	i
200002f8:	e8d3 cfcf 	ldaexb	ip, [r3]
200002fc:	2201      	movs	r2, #1
200002fe:	f1bc 0f00 	cmp.w	ip, #0
20000302:	d1f9      	bne.n	200002f8 <mutex_exit+0x8>
20000304:	e8c3 2f4c 	strexb	ip, r2, [r3]
20000308:	f1bc 0f00 	cmp.w	ip, #0
2000030c:	d1f4      	bne.n	200002f8 <mutex_exit+0x8>
2000030e:	f3bf 8f5f 	dmb	sy
20000312:	f04f 0cff 	mov.w	ip, #255	@ 0xff
20000316:	4a07      	ldr	r2, [pc, #28]	@ (20000334 <mutex_exit+0x44>)
20000318:	f880 c004 	strb.w	ip, [r0, #4]
2000031c:	7813      	ldrb	r3, [r2, #0]
2000031e:	3301      	adds	r3, #1
20000320:	7013      	strb	r3, [r2, #0]
20000322:	2300      	movs	r3, #0
20000324:	6802      	ldr	r2, [r0, #0]
20000326:	e8c2 3f8f 	stlb	r3, [r2]
2000032a:	f381 8810 	msr	PRIMASK, r1
2000032e:	bf40      	sev
20000330:	4770      	bx	lr
20000332:	bf00      	nop
20000334:	2002ee41 	.word	0x2002ee41

20000338 <reset_non_control_endpoints>:
20000338:	2100      	movs	r1, #0
2000033a:	b508      	push	{r3, lr}
2000033c:	4b13      	ldr	r3, [pc, #76]	@ (2000038c <reset_non_control_endpoints+0x54>)
2000033e:	f44f 7270 	mov.w	r2, #960	@ 0x3c0
20000342:	6099      	str	r1, [r3, #8]
20000344:	4812      	ldr	r0, [pc, #72]	@ (20000390 <reset_non_control_endpoints+0x58>)
20000346:	60d9      	str	r1, [r3, #12]
20000348:	6119      	str	r1, [r3, #16]
2000034a:	6159      	str	r1, [r3, #20]
2000034c:	6199      	str	r1, [r3, #24]
2000034e:	61d9      	str	r1, [r3, #28]
20000350:	6219      	str	r1, [r3, #32]
20000352:	6259      	str	r1, [r3, #36]	@ 0x24
20000354:	6299      	str	r1, [r3, #40]	@ 0x28
20000356:	62d9      	str	r1, [r3, #44]	@ 0x2c
20000358:	6319      	str	r1, [r3, #48]	@ 0x30
2000035a:	6359      	str	r1, [r3, #52]	@ 0x34
2000035c:	6399      	str	r1, [r3, #56]	@ 0x38
2000035e:	63d9      	str	r1, [r3, #60]	@ 0x3c
20000360:	6419      	str	r1, [r3, #64]	@ 0x40
20000362:	6459      	str	r1, [r3, #68]	@ 0x44
20000364:	6499      	str	r1, [r3, #72]	@ 0x48
20000366:	64d9      	str	r1, [r3, #76]	@ 0x4c
20000368:	6519      	str	r1, [r3, #80]	@ 0x50
2000036a:	6559      	str	r1, [r3, #84]	@ 0x54
2000036c:	6599      	str	r1, [r3, #88]	@ 0x58
2000036e:	65d9      	str	r1, [r3, #92]	@ 0x5c
20000370:	6619      	str	r1, [r3, #96]	@ 0x60
20000372:	6659      	str	r1, [r3, #100]	@ 0x64
20000374:	6699      	str	r1, [r3, #104]	@ 0x68
20000376:	66d9      	str	r1, [r3, #108]	@ 0x6c
20000378:	6719      	str	r1, [r3, #112]	@ 0x70
2000037a:	6759      	str	r1, [r3, #116]	@ 0x74
2000037c:	6799      	str	r1, [r3, #120]	@ 0x78
2000037e:	67d9      	str	r1, [r3, #124]	@ 0x7c
20000380:	f001 ffd2 	bl	20002328 <memset>
20000384:	4b03      	ldr	r3, [pc, #12]	@ (20000394 <reset_non_control_endpoints+0x5c>)
20000386:	4a04      	ldr	r2, [pc, #16]	@ (20000398 <reset_non_control_endpoints+0x60>)
20000388:	601a      	str	r2, [r3, #0]
2000038a:	bd08      	pop	{r3, pc}
2000038c:	50100000 	.word	0x50100000
20000390:	2002b418 	.word	0x2002b418
20000394:	2002b7e0 	.word	0x2002b7e0
20000398:	50100180 	.word	0x50100180

2000039c <hw_handle_buff_status>:
2000039c:	e92d 47f0 	stmdb	sp!, {r4, r5, r6, r7, r8, r9, sl, lr}
200003a0:	4b1e      	ldr	r3, [pc, #120]	@ (2000041c <hw_handle_buff_status+0x80>)
200003a2:	b084      	sub	sp, #16
200003a4:	f8d3 a058 	ldr.w	sl, [r3, #88]	@ 0x58
200003a8:	f1ba 0f00 	cmp.w	sl, #0
200003ac:	d021      	beq.n	200003f2 <hw_handle_buff_status+0x56>
200003ae:	2400      	movs	r4, #0
200003b0:	2501      	movs	r5, #1
200003b2:	f44f 69e0 	mov.w	r9, #1792	@ 0x700
200003b6:	f8df 806c 	ldr.w	r8, [pc, #108]	@ 20000424 <hw_handle_buff_status+0x88>
200003ba:	4f19      	ldr	r7, [pc, #100]	@ (20000420 <hw_handle_buff_status+0x84>)
200003bc:	e005      	b.n	200003ca <hw_handle_buff_status+0x2e>
200003be:	3401      	adds	r4, #1
200003c0:	b2e4      	uxtb	r4, r4
200003c2:	2c20      	cmp	r4, #32
200003c4:	ea4f 0545 	mov.w	r5, r5, lsl #1
200003c8:	d013      	beq.n	200003f2 <hw_handle_buff_status+0x56>
200003ca:	ea1a 0f05 	tst.w	sl, r5
200003ce:	d0f6      	beq.n	200003be <hw_handle_buff_status+0x22>
200003d0:	43e3      	mvns	r3, r4
200003d2:	f004 06fe 	and.w	r6, r4, #254	@ 0xfe
200003d6:	f003 0301 	and.w	r3, r3, #1
200003da:	441e      	add	r6, r3
200003dc:	eb07 1646 	add.w	r6, r7, r6, lsl #5
200003e0:	4630      	mov	r0, r6
200003e2:	f8c8 5058 	str.w	r5, [r8, #88]	@ 0x58
200003e6:	f000 fc01 	bl	20000bec <hw_endpoint_xfer_continue>
200003ea:	b928      	cbnz	r0, 200003f8 <hw_handle_buff_status+0x5c>
200003ec:	ea3a 0a05 	bics.w	sl, sl, r5
200003f0:	d1e5      	bne.n	200003be <hw_handle_buff_status+0x22>
200003f2:	b004      	add	sp, #16
200003f4:	e8bd 87f0 	ldmia.w	sp!, {r4, r5, r6, r7, r8, r9, sl, pc}
200003f8:	78b3      	ldrb	r3, [r6, #2]
200003fa:	8af2      	ldrh	r2, [r6, #22]
200003fc:	f88d 3008 	strb.w	r3, [sp, #8]
20000400:	2300      	movs	r3, #0
20000402:	a801      	add	r0, sp, #4
20000404:	2101      	movs	r1, #1
20000406:	f8ad 9004 	strh.w	r9, [sp, #4]
2000040a:	9203      	str	r2, [sp, #12]
2000040c:	f88d 3009 	strb.w	r3, [sp, #9]
20000410:	f000 fc0a 	bl	20000c28 <dcd_event_handler>
20000414:	4630      	mov	r0, r6
20000416:	f000 fb8d 	bl	20000b34 <hw_endpoint_reset_transfer>
2000041a:	e7e7      	b.n	200003ec <hw_handle_buff_status+0x50>
2000041c:	50110000 	.word	0x50110000
20000420:	2002b3d8 	.word	0x2002b3d8
20000424:	50113000 	.word	0x50113000

20000428 <dcd_rp2040_irq>:
20000428:	b570      	push	{r4, r5, r6, lr}
2000042a:	4bb2      	ldr	r3, [pc, #712]	@ (200006f4 <dcd_rp2040_irq+0x2cc>)
2000042c:	b086      	sub	sp, #24
2000042e:	f8d3 4098 	ldr.w	r4, [r3, #152]	@ 0x98
20000432:	f414 3500 	ands.w	r5, r4, #131072	@ 0x20000
20000436:	d074      	beq.n	20000522 <dcd_rp2040_irq+0xfa>
20000438:	4aaf      	ldr	r2, [pc, #700]	@ (200006f8 <dcd_rp2040_irq+0x2d0>)
2000043a:	4bb0      	ldr	r3, [pc, #704]	@ (200006fc <dcd_rp2040_irq+0x2d4>)
2000043c:	6a90      	ldr	r0, [r2, #40]	@ 0x28
2000043e:	f893 203b 	ldrb.w	r2, [r3, #59]	@ 0x3b
20000442:	49af      	ldr	r1, [pc, #700]	@ (20000700 <dcd_rp2040_irq+0x2d8>)
20000444:	2a02      	cmp	r2, #2
20000446:	6008      	str	r0, [r1, #0]
20000448:	f000 80e6 	beq.w	20000618 <dcd_rp2040_irq+0x1f0>
2000044c:	2500      	movs	r5, #0
2000044e:	f893 207b 	ldrb.w	r2, [r3, #123]	@ 0x7b
20000452:	2a02      	cmp	r2, #2
20000454:	f000 81b2 	beq.w	200007bc <dcd_rp2040_irq+0x394>
20000458:	f893 20bb 	ldrb.w	r2, [r3, #187]	@ 0xbb
2000045c:	2a02      	cmp	r2, #2
2000045e:	f000 81a2 	beq.w	200007a6 <dcd_rp2040_irq+0x37e>
20000462:	f893 20fb 	ldrb.w	r2, [r3, #251]	@ 0xfb
20000466:	2a02      	cmp	r2, #2
20000468:	f000 8192 	beq.w	20000790 <dcd_rp2040_irq+0x368>
2000046c:	f893 213b 	ldrb.w	r2, [r3, #315]	@ 0x13b
20000470:	2a02      	cmp	r2, #2
20000472:	f000 8181 	beq.w	20000778 <dcd_rp2040_irq+0x350>
20000476:	f893 217b 	ldrb.w	r2, [r3, #379]	@ 0x17b
2000047a:	2a02      	cmp	r2, #2
2000047c:	f000 8171 	beq.w	20000762 <dcd_rp2040_irq+0x33a>
20000480:	f893 21bb 	ldrb.w	r2, [r3, #443]	@ 0x1bb
20000484:	2a02      	cmp	r2, #2
20000486:	f000 8161 	beq.w	2000074c <dcd_rp2040_irq+0x324>
2000048a:	f893 21fb 	ldrb.w	r2, [r3, #507]	@ 0x1fb
2000048e:	2a02      	cmp	r2, #2
20000490:	f000 8150 	beq.w	20000734 <dcd_rp2040_irq+0x30c>
20000494:	f893 223b 	ldrb.w	r2, [r3, #571]	@ 0x23b
20000498:	2a02      	cmp	r2, #2
2000049a:	f000 813f 	beq.w	2000071c <dcd_rp2040_irq+0x2f4>
2000049e:	f893 227b 	ldrb.w	r2, [r3, #635]	@ 0x27b
200004a2:	2a02      	cmp	r2, #2
200004a4:	f000 811a 	beq.w	200006dc <dcd_rp2040_irq+0x2b4>
200004a8:	f893 22bb 	ldrb.w	r2, [r3, #699]	@ 0x2bb
200004ac:	2a02      	cmp	r2, #2
200004ae:	f000 8109 	beq.w	200006c4 <dcd_rp2040_irq+0x29c>
200004b2:	f893 22fb 	ldrb.w	r2, [r3, #763]	@ 0x2fb
200004b6:	2a02      	cmp	r2, #2
200004b8:	f000 80f8 	beq.w	200006ac <dcd_rp2040_irq+0x284>
200004bc:	f893 233b 	ldrb.w	r2, [r3, #827]	@ 0x33b
200004c0:	2a02      	cmp	r2, #2
200004c2:	f000 80e7 	beq.w	20000694 <dcd_rp2040_irq+0x26c>
200004c6:	f893 237b 	ldrb.w	r2, [r3, #891]	@ 0x37b
200004ca:	2a02      	cmp	r2, #2
200004cc:	f000 80b7 	beq.w	2000063e <dcd_rp2040_irq+0x216>
200004d0:	f893 23bb 	ldrb.w	r2, [r3, #955]	@ 0x3bb
200004d4:	2a02      	cmp	r2, #2
200004d6:	f000 817c 	beq.w	200007d2 <dcd_rp2040_irq+0x3aa>
200004da:	f893 23fb 	ldrb.w	r2, [r3, #1019]	@ 0x3fb
200004de:	2a02      	cmp	r2, #2
200004e0:	f000 80c7 	beq.w	20000672 <dcd_rp2040_irq+0x24a>
200004e4:	b93d      	cbnz	r5, 200004f6 <dcd_rp2040_irq+0xce>
200004e6:	4b87      	ldr	r3, [pc, #540]	@ (20000704 <dcd_rp2040_irq+0x2dc>)
200004e8:	781b      	ldrb	r3, [r3, #0]
200004ea:	b923      	cbnz	r3, 200004f6 <dcd_rp2040_irq+0xce>
200004ec:	f44f 3200 	mov.w	r2, #131072	@ 0x20000
200004f0:	4b85      	ldr	r3, [pc, #532]	@ (20000708 <dcd_rp2040_irq+0x2e0>)
200004f2:	f8c3 2090 	str.w	r2, [r3, #144]	@ 0x90
200004f6:	f44f 7240 	mov.w	r2, #768	@ 0x300
200004fa:	4b7e      	ldr	r3, [pc, #504]	@ (200006f4 <dcd_rp2040_irq+0x2cc>)
200004fc:	2101      	movs	r1, #1
200004fe:	6c9b      	ldr	r3, [r3, #72]	@ 0x48
20000500:	a803      	add	r0, sp, #12
20000502:	f3c3 030a 	ubfx	r3, r3, #0, #11
20000506:	9304      	str	r3, [sp, #16]
20000508:	f8ad 200c 	strh.w	r2, [sp, #12]
2000050c:	f000 fb8c 	bl	20000c28 <dcd_event_handler>
20000510:	06e3      	lsls	r3, r4, #27
20000512:	f44f 3500 	mov.w	r5, #131072	@ 0x20000
20000516:	4e7d      	ldr	r6, [pc, #500]	@ (2000070c <dcd_rp2040_irq+0x2e4>)
20000518:	d507      	bpl.n	2000052a <dcd_rp2040_irq+0x102>
2000051a:	f7ff ff3f 	bl	2000039c <hw_handle_buff_status>
2000051e:	4635      	mov	r5, r6
20000520:	e003      	b.n	2000052a <dcd_rp2040_irq+0x102>
20000522:	06e3      	lsls	r3, r4, #27
20000524:	f04f 0610 	mov.w	r6, #16
20000528:	d4f7      	bmi.n	2000051a <dcd_rp2040_irq+0xf2>
2000052a:	03e0      	lsls	r0, r4, #15
2000052c:	d51d      	bpl.n	2000056a <dcd_rp2040_irq+0x142>
2000052e:	4873      	ldr	r0, [pc, #460]	@ (200006fc <dcd_rp2040_irq+0x2d4>)
20000530:	2602      	movs	r6, #2
20000532:	7e83      	ldrb	r3, [r0, #26]
20000534:	f445 3580 	orr.w	r5, r5, #65536	@ 0x10000
20000538:	bb33      	cbnz	r3, 20000588 <dcd_rp2040_irq+0x160>
2000053a:	f04f 0301 	mov.w	r3, #1
2000053e:	2e01      	cmp	r6, #1
20000540:	70c3      	strb	r3, [r0, #3]
20000542:	f100 0020 	add.w	r0, r0, #32
20000546:	d11b      	bne.n	20000580 <dcd_rp2040_irq+0x158>
20000548:	f44f 62c0 	mov.w	r2, #1536	@ 0x600
2000054c:	4b70      	ldr	r3, [pc, #448]	@ (20000710 <dcd_rp2040_irq+0x2e8>)
2000054e:	f8ad 200c 	strh.w	r2, [sp, #12]
20000552:	e893 0003 	ldmia.w	r3, {r0, r1}
20000556:	e9cd 0104 	strd	r0, r1, [sp, #16]
2000055a:	4631      	mov	r1, r6
2000055c:	a803      	add	r0, sp, #12
2000055e:	f000 fb63 	bl	20000c28 <dcd_event_handler>
20000562:	f44f 3200 	mov.w	r2, #131072	@ 0x20000
20000566:	4b68      	ldr	r3, [pc, #416]	@ (20000708 <dcd_rp2040_irq+0x2e0>)
20000568:	651a      	str	r2, [r3, #80]	@ 0x50
2000056a:	04e1      	lsls	r1, r4, #19
2000056c:	d43e      	bmi.n	200005ec <dcd_rp2040_irq+0x1c4>
2000056e:	0462      	lsls	r2, r4, #17
20000570:	d42e      	bmi.n	200005d0 <dcd_rp2040_irq+0x1a8>
20000572:	0423      	lsls	r3, r4, #16
20000574:	d41d      	bmi.n	200005b2 <dcd_rp2040_irq+0x18a>
20000576:	42a5      	cmp	r5, r4
20000578:	f040 81bb 	bne.w	200008f2 <dcd_rp2040_irq+0x4ca>
2000057c:	b006      	add	sp, #24
2000057e:	bd70      	pop	{r4, r5, r6, pc}
20000580:	7e83      	ldrb	r3, [r0, #26]
20000582:	2601      	movs	r6, #1
20000584:	2b00      	cmp	r3, #0
20000586:	d0d8      	beq.n	2000053a <dcd_rp2040_irq+0x112>
20000588:	4b62      	ldr	r3, [pc, #392]	@ (20000714 <dcd_rp2040_irq+0x2ec>)
2000058a:	4a5a      	ldr	r2, [pc, #360]	@ (200006f4 <dcd_rp2040_irq+0x2cc>)
2000058c:	661e      	str	r6, [r3, #96]	@ 0x60
2000058e:	6e53      	ldr	r3, [r2, #100]	@ 0x64
20000590:	ea36 0303 	bics.w	r3, r6, r3
20000594:	d1fb      	bne.n	2000058e <dcd_rp2040_irq+0x166>
20000596:	f44f 5240 	mov.w	r2, #12288	@ 0x3000
2000059a:	2100      	movs	r1, #0
2000059c:	9001      	str	r0, [sp, #4]
2000059e:	f000 facf 	bl	20000b40 <_hw_endpoint_buffer_control_update32>
200005a2:	9801      	ldr	r0, [sp, #4]
200005a4:	f000 fac6 	bl	20000b34 <hw_endpoint_reset_transfer>
200005a8:	4b57      	ldr	r3, [pc, #348]	@ (20000708 <dcd_rp2040_irq+0x2e0>)
200005aa:	9801      	ldr	r0, [sp, #4]
200005ac:	665e      	str	r6, [r3, #100]	@ 0x64
200005ae:	661e      	str	r6, [r3, #96]	@ 0x60
200005b0:	e7c3      	b.n	2000053a <dcd_rp2040_irq+0x112>
200005b2:	f44f 63a0 	mov.w	r3, #1280	@ 0x500
200005b6:	2101      	movs	r1, #1
200005b8:	a803      	add	r0, sp, #12
200005ba:	f8ad 300c 	strh.w	r3, [sp, #12]
200005be:	f000 fb33 	bl	20000c28 <dcd_event_handler>
200005c2:	f44f 6200 	mov.w	r2, #2048	@ 0x800
200005c6:	4b50      	ldr	r3, [pc, #320]	@ (20000708 <dcd_rp2040_irq+0x2e0>)
200005c8:	f445 4500 	orr.w	r5, r5, #32768	@ 0x8000
200005cc:	651a      	str	r2, [r3, #80]	@ 0x50
200005ce:	e7d2      	b.n	20000576 <dcd_rp2040_irq+0x14e>
200005d0:	f44f 6380 	mov.w	r3, #1024	@ 0x400
200005d4:	2101      	movs	r1, #1
200005d6:	a803      	add	r0, sp, #12
200005d8:	f8ad 300c 	strh.w	r3, [sp, #12]
200005dc:	f000 fb24 	bl	20000c28 <dcd_event_handler>
200005e0:	2210      	movs	r2, #16
200005e2:	4b49      	ldr	r3, [pc, #292]	@ (20000708 <dcd_rp2040_irq+0x2e0>)
200005e4:	f445 4580 	orr.w	r5, r5, #16384	@ 0x4000
200005e8:	651a      	str	r2, [r3, #80]	@ 0x50
200005ea:	e7c2      	b.n	20000572 <dcd_rp2040_irq+0x14a>
200005ec:	2600      	movs	r6, #0
200005ee:	4b41      	ldr	r3, [pc, #260]	@ (200006f4 <dcd_rp2040_irq+0x2cc>)
200005f0:	f445 5580 	orr.w	r5, r5, #4096	@ 0x1000
200005f4:	601e      	str	r6, [r3, #0]
200005f6:	f7ff fe9f 	bl	20000338 <reset_non_control_endpoints>
200005fa:	f44f 7380 	mov.w	r3, #256	@ 0x100
200005fe:	2101      	movs	r1, #1
20000600:	a803      	add	r0, sp, #12
20000602:	f8ad 300c 	strh.w	r3, [sp, #12]
20000606:	f88d 6010 	strb.w	r6, [sp, #16]
2000060a:	f000 fb0d 	bl	20000c28 <dcd_event_handler>
2000060e:	f44f 2200 	mov.w	r2, #524288	@ 0x80000
20000612:	4b3d      	ldr	r3, [pc, #244]	@ (20000708 <dcd_rp2040_irq+0x2e0>)
20000614:	651a      	str	r2, [r3, #80]	@ 0x50
20000616:	e7aa      	b.n	2000056e <dcd_rp2040_irq+0x146>
20000618:	f893 503a 	ldrb.w	r5, [r3, #58]	@ 0x3a
2000061c:	2d00      	cmp	r5, #0
2000061e:	f43f af16 	beq.w	2000044e <dcd_rp2040_irq+0x26>
20000622:	f893 203c 	ldrb.w	r2, [r3, #60]	@ 0x3c
20000626:	2a00      	cmp	r2, #0
20000628:	f43f af11 	beq.w	2000044e <dcd_rp2040_irq+0x26>
2000062c:	2200      	movs	r2, #0
2000062e:	f103 0020 	add.w	r0, r3, #32
20000632:	f883 203c 	strb.w	r2, [r3, #60]	@ 0x3c
20000636:	f000 faa7 	bl	20000b88 <hw_endpoint_start_next_buffer>
2000063a:	4b30      	ldr	r3, [pc, #192]	@ (200006fc <dcd_rp2040_irq+0x2d4>)
2000063c:	e707      	b.n	2000044e <dcd_rp2040_irq+0x26>
2000063e:	f893 637a 	ldrb.w	r6, [r3, #890]	@ 0x37a
20000642:	2e00      	cmp	r6, #0
20000644:	f43f af44 	beq.w	200004d0 <dcd_rp2040_irq+0xa8>
20000648:	f893 237c 	ldrb.w	r2, [r3, #892]	@ 0x37c
2000064c:	2a00      	cmp	r2, #0
2000064e:	f040 8140 	bne.w	200008d2 <dcd_rp2040_irq+0x4aa>
20000652:	f893 23bb 	ldrb.w	r2, [r3, #955]	@ 0x3bb
20000656:	2a02      	cmp	r2, #2
20000658:	f040 80c4 	bne.w	200007e4 <dcd_rp2040_irq+0x3bc>
2000065c:	f893 23ba 	ldrb.w	r2, [r3, #954]	@ 0x3ba
20000660:	2a00      	cmp	r2, #0
20000662:	f040 80bb 	bne.w	200007dc <dcd_rp2040_irq+0x3b4>
20000666:	f893 23fb 	ldrb.w	r2, [r3, #1019]	@ 0x3fb
2000066a:	2a02      	cmp	r2, #2
2000066c:	f47f af43 	bne.w	200004f6 <dcd_rp2040_irq+0xce>
20000670:	4635      	mov	r5, r6
20000672:	f893 23fa 	ldrb.w	r2, [r3, #1018]	@ 0x3fa
20000676:	2a00      	cmp	r2, #0
20000678:	f43f af34 	beq.w	200004e4 <dcd_rp2040_irq+0xbc>
2000067c:	f893 23fc 	ldrb.w	r2, [r3, #1020]	@ 0x3fc
20000680:	2a00      	cmp	r2, #0
20000682:	f43f af38 	beq.w	200004f6 <dcd_rp2040_irq+0xce>
20000686:	2200      	movs	r2, #0
20000688:	4823      	ldr	r0, [pc, #140]	@ (20000718 <dcd_rp2040_irq+0x2f0>)
2000068a:	f883 23fc 	strb.w	r2, [r3, #1020]	@ 0x3fc
2000068e:	f000 fa7b 	bl	20000b88 <hw_endpoint_start_next_buffer>
20000692:	e730      	b.n	200004f6 <dcd_rp2040_irq+0xce>
20000694:	f893 633a 	ldrb.w	r6, [r3, #826]	@ 0x33a
20000698:	2e00      	cmp	r6, #0
2000069a:	f43f af14 	beq.w	200004c6 <dcd_rp2040_irq+0x9e>
2000069e:	f893 233c 	ldrb.w	r2, [r3, #828]	@ 0x33c
200006a2:	2a00      	cmp	r2, #0
200006a4:	f040 80a9 	bne.w	200007fa <dcd_rp2040_irq+0x3d2>
200006a8:	4635      	mov	r5, r6
200006aa:	e70c      	b.n	200004c6 <dcd_rp2040_irq+0x9e>
200006ac:	f893 62fa 	ldrb.w	r6, [r3, #762]	@ 0x2fa
200006b0:	2e00      	cmp	r6, #0
200006b2:	f43f af03 	beq.w	200004bc <dcd_rp2040_irq+0x94>
200006b6:	f893 22fc 	ldrb.w	r2, [r3, #764]	@ 0x2fc
200006ba:	2a00      	cmp	r2, #0
200006bc:	f040 80af 	bne.w	2000081e <dcd_rp2040_irq+0x3f6>
200006c0:	4635      	mov	r5, r6
200006c2:	e6fb      	b.n	200004bc <dcd_rp2040_irq+0x94>
200006c4:	f893 62ba 	ldrb.w	r6, [r3, #698]	@ 0x2ba
200006c8:	2e00      	cmp	r6, #0
200006ca:	f43f aef2 	beq.w	200004b2 <dcd_rp2040_irq+0x8a>
200006ce:	f893 22bc 	ldrb.w	r2, [r3, #700]	@ 0x2bc
200006d2:	2a00      	cmp	r2, #0
200006d4:	f040 809a 	bne.w	2000080c <dcd_rp2040_irq+0x3e4>
200006d8:	4635      	mov	r5, r6
200006da:	e6ea      	b.n	200004b2 <dcd_rp2040_irq+0x8a>
200006dc:	f893 627a 	ldrb.w	r6, [r3, #634]	@ 0x27a
200006e0:	2e00      	cmp	r6, #0
200006e2:	f43f aee1 	beq.w	200004a8 <dcd_rp2040_irq+0x80>
200006e6:	f893 227c 	ldrb.w	r2, [r3, #636]	@ 0x27c
200006ea:	2a00      	cmp	r2, #0
200006ec:	f040 80cd 	bne.w	2000088a <dcd_rp2040_irq+0x462>
200006f0:	4635      	mov	r5, r6
200006f2:	e6d9      	b.n	200004a8 <dcd_rp2040_irq+0x80>
200006f4:	50110000 	.word	0x50110000
200006f8:	400b0000 	.word	0x400b0000
200006fc:	2002b3d8 	.word	0x2002b3d8
20000700:	2002b30c 	.word	0x2002b30c
20000704:	2002ee3d 	.word	0x2002ee3d
20000708:	50113000 	.word	0x50113000
2000070c:	00020010 	.word	0x00020010
20000710:	50100000 	.word	0x50100000
20000714:	50112000 	.word	0x50112000
20000718:	2002b7b8 	.word	0x2002b7b8
2000071c:	f893 623a 	ldrb.w	r6, [r3, #570]	@ 0x23a
20000720:	2e00      	cmp	r6, #0
20000722:	f43f aebc 	beq.w	2000049e <dcd_rp2040_irq+0x76>
20000726:	f893 223c 	ldrb.w	r2, [r3, #572]	@ 0x23c
2000072a:	2a00      	cmp	r2, #0
2000072c:	f040 80a4 	bne.w	20000878 <dcd_rp2040_irq+0x450>
20000730:	4635      	mov	r5, r6
20000732:	e6b4      	b.n	2000049e <dcd_rp2040_irq+0x76>
20000734:	f893 61fa 	ldrb.w	r6, [r3, #506]	@ 0x1fa
20000738:	2e00      	cmp	r6, #0
2000073a:	f43f aeab 	beq.w	20000494 <dcd_rp2040_irq+0x6c>
2000073e:	f893 21fc 	ldrb.w	r2, [r3, #508]	@ 0x1fc
20000742:	2a00      	cmp	r2, #0
20000744:	f040 808f 	bne.w	20000866 <dcd_rp2040_irq+0x43e>
20000748:	4635      	mov	r5, r6
2000074a:	e6a3      	b.n	20000494 <dcd_rp2040_irq+0x6c>
2000074c:	f893 61ba 	ldrb.w	r6, [r3, #442]	@ 0x1ba
20000750:	2e00      	cmp	r6, #0
20000752:	f43f ae9a 	beq.w	2000048a <dcd_rp2040_irq+0x62>
20000756:	f893 21bc 	ldrb.w	r2, [r3, #444]	@ 0x1bc
2000075a:	2a00      	cmp	r2, #0
2000075c:	d17a      	bne.n	20000854 <dcd_rp2040_irq+0x42c>
2000075e:	4635      	mov	r5, r6
20000760:	e693      	b.n	2000048a <dcd_rp2040_irq+0x62>
20000762:	f893 617a 	ldrb.w	r6, [r3, #378]	@ 0x17a
20000766:	2e00      	cmp	r6, #0
20000768:	f43f ae8a 	beq.w	20000480 <dcd_rp2040_irq+0x58>
2000076c:	f893 217c 	ldrb.w	r2, [r3, #380]	@ 0x17c
20000770:	2a00      	cmp	r2, #0
20000772:	d166      	bne.n	20000842 <dcd_rp2040_irq+0x41a>
20000774:	4635      	mov	r5, r6
20000776:	e683      	b.n	20000480 <dcd_rp2040_irq+0x58>
20000778:	f893 613a 	ldrb.w	r6, [r3, #314]	@ 0x13a
2000077c:	2e00      	cmp	r6, #0
2000077e:	f43f ae7a 	beq.w	20000476 <dcd_rp2040_irq+0x4e>
20000782:	f893 213c 	ldrb.w	r2, [r3, #316]	@ 0x13c
20000786:	2a00      	cmp	r2, #0
20000788:	f040 8091 	bne.w	200008ae <dcd_rp2040_irq+0x486>
2000078c:	4635      	mov	r5, r6
2000078e:	e672      	b.n	20000476 <dcd_rp2040_irq+0x4e>
20000790:	f893 60fa 	ldrb.w	r6, [r3, #250]	@ 0xfa
20000794:	2e00      	cmp	r6, #0
20000796:	f43f ae69 	beq.w	2000046c <dcd_rp2040_irq+0x44>
2000079a:	f893 20fc 	ldrb.w	r2, [r3, #252]	@ 0xfc
2000079e:	2a00      	cmp	r2, #0
200007a0:	d17c      	bne.n	2000089c <dcd_rp2040_irq+0x474>
200007a2:	4635      	mov	r5, r6
200007a4:	e662      	b.n	2000046c <dcd_rp2040_irq+0x44>
200007a6:	f893 60ba 	ldrb.w	r6, [r3, #186]	@ 0xba
200007aa:	2e00      	cmp	r6, #0
200007ac:	f43f ae59 	beq.w	20000462 <dcd_rp2040_irq+0x3a>
200007b0:	f893 20bc 	ldrb.w	r2, [r3, #188]	@ 0xbc
200007b4:	2a00      	cmp	r2, #0
200007b6:	d13b      	bne.n	20000830 <dcd_rp2040_irq+0x408>
200007b8:	4635      	mov	r5, r6
200007ba:	e652      	b.n	20000462 <dcd_rp2040_irq+0x3a>
200007bc:	f893 607a 	ldrb.w	r6, [r3, #122]	@ 0x7a
200007c0:	2e00      	cmp	r6, #0
200007c2:	f43f ae49 	beq.w	20000458 <dcd_rp2040_irq+0x30>
200007c6:	f893 207c 	ldrb.w	r2, [r3, #124]	@ 0x7c
200007ca:	2a00      	cmp	r2, #0
200007cc:	d178      	bne.n	200008c0 <dcd_rp2040_irq+0x498>
200007ce:	4635      	mov	r5, r6
200007d0:	e642      	b.n	20000458 <dcd_rp2040_irq+0x30>
200007d2:	f893 23ba 	ldrb.w	r2, [r3, #954]	@ 0x3ba
200007d6:	2a00      	cmp	r2, #0
200007d8:	f43f ae7f 	beq.w	200004da <dcd_rp2040_irq+0xb2>
200007dc:	f893 23bc 	ldrb.w	r2, [r3, #956]	@ 0x3bc
200007e0:	2a00      	cmp	r2, #0
200007e2:	d17e      	bne.n	200008e2 <dcd_rp2040_irq+0x4ba>
200007e4:	f893 23fb 	ldrb.w	r2, [r3, #1019]	@ 0x3fb
200007e8:	2a02      	cmp	r2, #2
200007ea:	f47f ae84 	bne.w	200004f6 <dcd_rp2040_irq+0xce>
200007ee:	f893 23fa 	ldrb.w	r2, [r3, #1018]	@ 0x3fa
200007f2:	2a00      	cmp	r2, #0
200007f4:	f43f ae7f 	beq.w	200004f6 <dcd_rp2040_irq+0xce>
200007f8:	e740      	b.n	2000067c <dcd_rp2040_irq+0x254>
200007fa:	2200      	movs	r2, #0
200007fc:	483f      	ldr	r0, [pc, #252]	@ (200008fc <dcd_rp2040_irq+0x4d4>)
200007fe:	f883 233c 	strb.w	r2, [r3, #828]	@ 0x33c
20000802:	4635      	mov	r5, r6
20000804:	f000 f9c0 	bl	20000b88 <hw_endpoint_start_next_buffer>
20000808:	4b3d      	ldr	r3, [pc, #244]	@ (20000900 <dcd_rp2040_irq+0x4d8>)
2000080a:	e65c      	b.n	200004c6 <dcd_rp2040_irq+0x9e>
2000080c:	2200      	movs	r2, #0
2000080e:	483d      	ldr	r0, [pc, #244]	@ (20000904 <dcd_rp2040_irq+0x4dc>)
20000810:	f883 22bc 	strb.w	r2, [r3, #700]	@ 0x2bc
20000814:	4635      	mov	r5, r6
20000816:	f000 f9b7 	bl	20000b88 <hw_endpoint_start_next_buffer>
2000081a:	4b39      	ldr	r3, [pc, #228]	@ (20000900 <dcd_rp2040_irq+0x4d8>)
2000081c:	e649      	b.n	200004b2 <dcd_rp2040_irq+0x8a>
2000081e:	2200      	movs	r2, #0
20000820:	4839      	ldr	r0, [pc, #228]	@ (20000908 <dcd_rp2040_irq+0x4e0>)
20000822:	f883 22fc 	strb.w	r2, [r3, #764]	@ 0x2fc
20000826:	4635      	mov	r5, r6
20000828:	f000 f9ae 	bl	20000b88 <hw_endpoint_start_next_buffer>
2000082c:	4b34      	ldr	r3, [pc, #208]	@ (20000900 <dcd_rp2040_irq+0x4d8>)
2000082e:	e645      	b.n	200004bc <dcd_rp2040_irq+0x94>
20000830:	2200      	movs	r2, #0
20000832:	4836      	ldr	r0, [pc, #216]	@ (2000090c <dcd_rp2040_irq+0x4e4>)
20000834:	f883 20bc 	strb.w	r2, [r3, #188]	@ 0xbc
20000838:	4635      	mov	r5, r6
2000083a:	f000 f9a5 	bl	20000b88 <hw_endpoint_start_next_buffer>
2000083e:	4b30      	ldr	r3, [pc, #192]	@ (20000900 <dcd_rp2040_irq+0x4d8>)
20000840:	e60f      	b.n	20000462 <dcd_rp2040_irq+0x3a>
20000842:	2200      	movs	r2, #0
20000844:	4832      	ldr	r0, [pc, #200]	@ (20000910 <dcd_rp2040_irq+0x4e8>)
20000846:	f883 217c 	strb.w	r2, [r3, #380]	@ 0x17c
2000084a:	4635      	mov	r5, r6
2000084c:	f000 f99c 	bl	20000b88 <hw_endpoint_start_next_buffer>
20000850:	4b2b      	ldr	r3, [pc, #172]	@ (20000900 <dcd_rp2040_irq+0x4d8>)
20000852:	e615      	b.n	20000480 <dcd_rp2040_irq+0x58>
20000854:	2200      	movs	r2, #0
20000856:	482f      	ldr	r0, [pc, #188]	@ (20000914 <dcd_rp2040_irq+0x4ec>)
20000858:	f883 21bc 	strb.w	r2, [r3, #444]	@ 0x1bc
2000085c:	4635      	mov	r5, r6
2000085e:	f000 f993 	bl	20000b88 <hw_endpoint_start_next_buffer>
20000862:	4b27      	ldr	r3, [pc, #156]	@ (20000900 <dcd_rp2040_irq+0x4d8>)
20000864:	e611      	b.n	2000048a <dcd_rp2040_irq+0x62>
20000866:	2200      	movs	r2, #0
20000868:	482b      	ldr	r0, [pc, #172]	@ (20000918 <dcd_rp2040_irq+0x4f0>)
2000086a:	f883 21fc 	strb.w	r2, [r3, #508]	@ 0x1fc
2000086e:	4635      	mov	r5, r6
20000870:	f000 f98a 	bl	20000b88 <hw_endpoint_start_next_buffer>
20000874:	4b22      	ldr	r3, [pc, #136]	@ (20000900 <dcd_rp2040_irq+0x4d8>)
20000876:	e60d      	b.n	20000494 <dcd_rp2040_irq+0x6c>
20000878:	2200      	movs	r2, #0
2000087a:	4828      	ldr	r0, [pc, #160]	@ (2000091c <dcd_rp2040_irq+0x4f4>)
2000087c:	f883 223c 	strb.w	r2, [r3, #572]	@ 0x23c
20000880:	4635      	mov	r5, r6
20000882:	f000 f981 	bl	20000b88 <hw_endpoint_start_next_buffer>
20000886:	4b1e      	ldr	r3, [pc, #120]	@ (20000900 <dcd_rp2040_irq+0x4d8>)
20000888:	e609      	b.n	2000049e <dcd_rp2040_irq+0x76>
2000088a:	2200      	movs	r2, #0
2000088c:	4824      	ldr	r0, [pc, #144]	@ (20000920 <dcd_rp2040_irq+0x4f8>)
2000088e:	f883 227c 	strb.w	r2, [r3, #636]	@ 0x27c
20000892:	4635      	mov	r5, r6
20000894:	f000 f978 	bl	20000b88 <hw_endpoint_start_next_buffer>
20000898:	4b19      	ldr	r3, [pc, #100]	@ (20000900 <dcd_rp2040_irq+0x4d8>)
2000089a:	e605      	b.n	200004a8 <dcd_rp2040_irq+0x80>
2000089c:	2200      	movs	r2, #0
2000089e:	4821      	ldr	r0, [pc, #132]	@ (20000924 <dcd_rp2040_irq+0x4fc>)
200008a0:	f883 20fc 	strb.w	r2, [r3, #252]	@ 0xfc
200008a4:	4635      	mov	r5, r6
200008a6:	f000 f96f 	bl	20000b88 <hw_endpoint_start_next_buffer>
200008aa:	4b15      	ldr	r3, [pc, #84]	@ (20000900 <dcd_rp2040_irq+0x4d8>)
200008ac:	e5de      	b.n	2000046c <dcd_rp2040_irq+0x44>
200008ae:	2200      	movs	r2, #0
200008b0:	481d      	ldr	r0, [pc, #116]	@ (20000928 <dcd_rp2040_irq+0x500>)
200008b2:	f883 213c 	strb.w	r2, [r3, #316]	@ 0x13c
200008b6:	4635      	mov	r5, r6
200008b8:	f000 f966 	bl	20000b88 <hw_endpoint_start_next_buffer>
200008bc:	4b10      	ldr	r3, [pc, #64]	@ (20000900 <dcd_rp2040_irq+0x4d8>)
200008be:	e5da      	b.n	20000476 <dcd_rp2040_irq+0x4e>
200008c0:	2200      	movs	r2, #0
200008c2:	481a      	ldr	r0, [pc, #104]	@ (2000092c <dcd_rp2040_irq+0x504>)
200008c4:	f883 207c 	strb.w	r2, [r3, #124]	@ 0x7c
200008c8:	4635      	mov	r5, r6
200008ca:	f000 f95d 	bl	20000b88 <hw_endpoint_start_next_buffer>
200008ce:	4b0c      	ldr	r3, [pc, #48]	@ (20000900 <dcd_rp2040_irq+0x4d8>)
200008d0:	e5c2      	b.n	20000458 <dcd_rp2040_irq+0x30>
200008d2:	2200      	movs	r2, #0
200008d4:	4816      	ldr	r0, [pc, #88]	@ (20000930 <dcd_rp2040_irq+0x508>)
200008d6:	f883 237c 	strb.w	r2, [r3, #892]	@ 0x37c
200008da:	f000 f955 	bl	20000b88 <hw_endpoint_start_next_buffer>
200008de:	4b08      	ldr	r3, [pc, #32]	@ (20000900 <dcd_rp2040_irq+0x4d8>)
200008e0:	e6b7      	b.n	20000652 <dcd_rp2040_irq+0x22a>
200008e2:	2200      	movs	r2, #0
200008e4:	4813      	ldr	r0, [pc, #76]	@ (20000934 <dcd_rp2040_irq+0x50c>)
200008e6:	f883 23bc 	strb.w	r2, [r3, #956]	@ 0x3bc
200008ea:	f000 f94d 	bl	20000b88 <hw_endpoint_start_next_buffer>
200008ee:	4b04      	ldr	r3, [pc, #16]	@ (20000900 <dcd_rp2040_irq+0x4d8>)
200008f0:	e778      	b.n	200007e4 <dcd_rp2040_irq+0x3bc>
200008f2:	4811      	ldr	r0, [pc, #68]	@ (20000938 <dcd_rp2040_irq+0x510>)
200008f4:	ea85 0104 	eor.w	r1, r5, r4
200008f8:	f001 fdfa 	bl	200024f0 <__panic_veneer>
200008fc:	2002b6f8 	.word	0x2002b6f8
20000900:	2002b3d8 	.word	0x2002b3d8
20000904:	2002b678 	.word	0x2002b678
20000908:	2002b6b8 	.word	0x2002b6b8
2000090c:	2002b478 	.word	0x2002b478
20000910:	2002b538 	.word	0x2002b538
20000914:	2002b578 	.word	0x2002b578
20000918:	2002b5b8 	.word	0x2002b5b8
2000091c:	2002b5f8 	.word	0x2002b5f8
20000920:	2002b638 	.word	0x2002b638
20000924:	2002b4b8 	.word	0x2002b4b8
20000928:	2002b4f8 	.word	0x2002b4f8
2000092c:	2002b438 	.word	0x2002b438
20000930:	2002b738 	.word	0x2002b738
20000934:	2002b778 	.word	0x2002b778
20000938:	100088e4 	.word	0x100088e4

2000093c <prepare_ep_buffer>:
2000093c:	e92d 43f0 	stmdb	sp!, {r4, r5, r6, r7, r8, r9, lr}
20000940:	8a82      	ldrh	r2, [r0, #20]
20000942:	f8b0 e018 	ldrh.w	lr, [r0, #24]
20000946:	4603      	mov	r3, r0
20000948:	4596      	cmp	lr, r2
2000094a:	78c0      	ldrb	r0, [r0, #3]
2000094c:	bf28      	it	cs
2000094e:	4696      	movcs	lr, r2
20000950:	1e04      	subs	r4, r0, #0
20000952:	bf18      	it	ne
20000954:	2401      	movne	r4, #1
20000956:	f080 0001 	eor.w	r0, r0, #1
2000095a:	460d      	mov	r5, r1
2000095c:	eba2 020e 	sub.w	r2, r2, lr
20000960:	7859      	ldrb	r1, [r3, #1]
20000962:	70d8      	strb	r0, [r3, #3]
20000964:	b292      	uxth	r2, r2
20000966:	f44e 6080 	orr.w	r0, lr, #1024	@ 0x400
2000096a:	829a      	strh	r2, [r3, #20]
2000096c:	ea40 3044 	orr.w	r0, r0, r4, lsl #13
20000970:	bba1      	cbnz	r1, 200009dc <prepare_ep_buffer+0xa0>
20000972:	6919      	ldr	r1, [r3, #16]
20000974:	f1be 0f00 	cmp.w	lr, #0
20000978:	d02c      	beq.n	200009d4 <prepare_ep_buffer+0x98>
2000097a:	f10e 34ff 	add.w	r4, lr, #4294967295
2000097e:	68da      	ldr	r2, [r3, #12]
20000980:	2c05      	cmp	r4, #5
20000982:	46a1      	mov	r9, r4
20000984:	eb02 1885 	add.w	r8, r2, r5, lsl #6
20000988:	d92f      	bls.n	200009ea <prepare_ep_buffer+0xae>
2000098a:	eba8 0401 	sub.w	r4, r8, r1
2000098e:	3c01      	subs	r4, #1
20000990:	2c02      	cmp	r4, #2
20000992:	46c4      	mov	ip, r8
20000994:	460a      	mov	r2, r1
20000996:	d928      	bls.n	200009ea <prepare_ep_buffer+0xae>
20000998:	ea4f 079e 	mov.w	r7, lr, lsr #2
2000099c:	eb01 0687 	add.w	r6, r1, r7, lsl #2
200009a0:	f852 4b04 	ldr.w	r4, [r2], #4
200009a4:	4296      	cmp	r6, r2
200009a6:	f84c 4b04 	str.w	r4, [ip], #4
200009aa:	d1f9      	bne.n	200009a0 <prepare_ep_buffer+0x64>
200009ac:	ebbe 0f87 	cmp.w	lr, r7, lsl #2
200009b0:	d00e      	beq.n	200009d0 <prepare_ep_buffer+0x94>
200009b2:	f811 2027 	ldrb.w	r2, [r1, r7, lsl #2]
200009b6:	ebb9 0187 	subs.w	r1, r9, r7, lsl #2
200009ba:	f808 2027 	strb.w	r2, [r8, r7, lsl #2]
200009be:	eb08 0287 	add.w	r2, r8, r7, lsl #2
200009c2:	d005      	beq.n	200009d0 <prepare_ep_buffer+0x94>
200009c4:	7874      	ldrb	r4, [r6, #1]
200009c6:	2901      	cmp	r1, #1
200009c8:	7054      	strb	r4, [r2, #1]
200009ca:	d001      	beq.n	200009d0 <prepare_ep_buffer+0x94>
200009cc:	78b1      	ldrb	r1, [r6, #2]
200009ce:	7091      	strb	r1, [r2, #2]
200009d0:	6919      	ldr	r1, [r3, #16]
200009d2:	8a9a      	ldrh	r2, [r3, #20]
200009d4:	4471      	add	r1, lr
200009d6:	6119      	str	r1, [r3, #16]
200009d8:	f440 4000 	orr.w	r0, r0, #32768	@ 0x8000
200009dc:	b90a      	cbnz	r2, 200009e2 <prepare_ep_buffer+0xa6>
200009de:	f440 4080 	orr.w	r0, r0, #16384	@ 0x4000
200009e2:	b105      	cbz	r5, 200009e6 <prepare_ep_buffer+0xaa>
200009e4:	0400      	lsls	r0, r0, #16
200009e6:	e8bd 83f0 	ldmia.w	sp!, {r4, r5, r6, r7, r8, r9, pc}
200009ea:	f108 32ff 	add.w	r2, r8, #4294967295
200009ee:	eb01 060e 	add.w	r6, r1, lr
200009f2:	f811 4b01 	ldrb.w	r4, [r1], #1
200009f6:	42b1      	cmp	r1, r6
200009f8:	f802 4f01 	strb.w	r4, [r2, #1]!
200009fc:	d1f9      	bne.n	200009f2 <prepare_ep_buffer+0xb6>
200009fe:	e7e7      	b.n	200009d0 <prepare_ep_buffer+0x94>

20000a00 <sync_ep_buffer>:
20000a00:	6883      	ldr	r3, [r0, #8]
20000a02:	e92d 41f0 	stmdb	sp!, {r4, r5, r6, r7, r8, lr}
20000a06:	4605      	mov	r5, r0
20000a08:	6818      	ldr	r0, [r3, #0]
20000a0a:	b101      	cbz	r1, 20000a0e <sync_ep_buffer+0xe>
20000a0c:	0c00      	lsrs	r0, r0, #16
20000a0e:	786a      	ldrb	r2, [r5, #1]
20000a10:	f3c0 0009 	ubfx	r0, r0, #0, #10
20000a14:	b94a      	cbnz	r2, 20000a2a <sync_ep_buffer+0x2a>
20000a16:	8aeb      	ldrh	r3, [r5, #22]
20000a18:	4403      	add	r3, r0
20000a1a:	82eb      	strh	r3, [r5, #22]
20000a1c:	8b2b      	ldrh	r3, [r5, #24]
20000a1e:	4283      	cmp	r3, r0
20000a20:	bf84      	itt	hi
20000a22:	2300      	movhi	r3, #0
20000a24:	82ab      	strhhi	r3, [r5, #20]
20000a26:	e8bd 81f0 	ldmia.w	sp!, {r4, r5, r6, r7, r8, pc}
20000a2a:	f8d5 c010 	ldr.w	ip, [r5, #16]
20000a2e:	b388      	cbz	r0, 20000a94 <sync_ep_buffer+0x94>
20000a30:	1e42      	subs	r2, r0, #1
20000a32:	68eb      	ldr	r3, [r5, #12]
20000a34:	2a05      	cmp	r2, #5
20000a36:	4616      	mov	r6, r2
20000a38:	eb03 1e81 	add.w	lr, r3, r1, lsl #6
20000a3c:	d931      	bls.n	20000aa2 <sync_ep_buffer+0xa2>
20000a3e:	0189      	lsls	r1, r1, #6
20000a40:	1c4c      	adds	r4, r1, #1
20000a42:	441c      	add	r4, r3
20000a44:	ebac 0404 	sub.w	r4, ip, r4
20000a48:	2c02      	cmp	r4, #2
20000a4a:	4662      	mov	r2, ip
20000a4c:	d929      	bls.n	20000aa2 <sync_ep_buffer+0xa2>
20000a4e:	f400 717f 	and.w	r1, r0, #1020	@ 0x3fc
20000a52:	4673      	mov	r3, lr
20000a54:	460f      	mov	r7, r1
20000a56:	ea4f 0890 	mov.w	r8, r0, lsr #2
20000a5a:	185c      	adds	r4, r3, r1
20000a5c:	f853 1b04 	ldr.w	r1, [r3], #4
20000a60:	42a3      	cmp	r3, r4
20000a62:	f842 1b04 	str.w	r1, [r2], #4
20000a66:	d1f9      	bne.n	20000a5c <sync_ep_buffer+0x5c>
20000a68:	42b8      	cmp	r0, r7
20000a6a:	d011      	beq.n	20000a90 <sync_ep_buffer+0x90>
20000a6c:	f81e 3028 	ldrb.w	r3, [lr, r8, lsl #2]
20000a70:	44be      	add	lr, r7
20000a72:	f80c 3028 	strb.w	r3, [ip, r8, lsl #2]
20000a76:	1bf3      	subs	r3, r6, r7
20000a78:	44bc      	add	ip, r7
20000a7a:	d009      	beq.n	20000a90 <sync_ep_buffer+0x90>
20000a7c:	f89e 2001 	ldrb.w	r2, [lr, #1]
20000a80:	2b01      	cmp	r3, #1
20000a82:	f88c 2001 	strb.w	r2, [ip, #1]
20000a86:	d003      	beq.n	20000a90 <sync_ep_buffer+0x90>
20000a88:	f89e 3002 	ldrb.w	r3, [lr, #2]
20000a8c:	f88c 3002 	strb.w	r3, [ip, #2]
20000a90:	f8d5 c010 	ldr.w	ip, [r5, #16]
20000a94:	8aea      	ldrh	r2, [r5, #22]
20000a96:	eb0c 0300 	add.w	r3, ip, r0
20000a9a:	4402      	add	r2, r0
20000a9c:	82ea      	strh	r2, [r5, #22]
20000a9e:	612b      	str	r3, [r5, #16]
20000aa0:	e7bc      	b.n	20000a1c <sync_ep_buffer+0x1c>
20000aa2:	f10c 3cff 	add.w	ip, ip, #4294967295
20000aa6:	eb0e 0200 	add.w	r2, lr, r0
20000aaa:	f81e 3b01 	ldrb.w	r3, [lr], #1
20000aae:	4572      	cmp	r2, lr
20000ab0:	f80c 3f01 	strb.w	r3, [ip, #1]!
20000ab4:	d1f9      	bne.n	20000aaa <sync_ep_buffer+0xaa>
20000ab6:	e7eb      	b.n	20000a90 <sync_ep_buffer+0x90>

20000ab8 <_hw_endpoint_xfer_sync>:
20000ab8:	b510      	push	{r4, lr}
20000aba:	4604      	mov	r4, r0
20000abc:	6883      	ldr	r3, [r0, #8]
20000abe:	2100      	movs	r1, #0
20000ac0:	681b      	ldr	r3, [r3, #0]
20000ac2:	f7ff ff9d 	bl	20000a00 <sync_ep_buffer>
20000ac6:	6863      	ldr	r3, [r4, #4]
20000ac8:	681b      	ldr	r3, [r3, #0]
20000aca:	005b      	lsls	r3, r3, #1
20000acc:	d502      	bpl.n	20000ad4 <_hw_endpoint_xfer_sync+0x1c>
20000ace:	8b23      	ldrh	r3, [r4, #24]
20000ad0:	4283      	cmp	r3, r0
20000ad2:	d000      	beq.n	20000ad6 <_hw_endpoint_xfer_sync+0x1e>
20000ad4:	bd10      	pop	{r4, pc}
20000ad6:	4620      	mov	r0, r4
20000ad8:	e8bd 4010 	ldmia.w	sp!, {r4, lr}
20000adc:	2101      	movs	r1, #1
20000ade:	f7ff bf8f 	b.w	20000a00 <sync_ep_buffer>
20000ae2:	bf00      	nop

20000ae4 <e15_is_bulkin_ep>:
20000ae4:	4b08      	ldr	r3, [pc, #32]	@ (20000b08 <e15_is_bulkin_ep+0x24>)
20000ae6:	6c1b      	ldr	r3, [r3, #64]	@ 0x40
20000ae8:	f013 0302 	ands.w	r3, r3, #2
20000aec:	d102      	bne.n	20000af4 <e15_is_bulkin_ep+0x10>
20000aee:	7882      	ldrb	r2, [r0, #2]
20000af0:	09d2      	lsrs	r2, r2, #7
20000af2:	d101      	bne.n	20000af8 <e15_is_bulkin_ep+0x14>
20000af4:	2000      	movs	r0, #0
20000af6:	4770      	bx	lr
20000af8:	7ec0      	ldrb	r0, [r0, #27]
20000afa:	f1a0 0002 	sub.w	r0, r0, #2
20000afe:	fab0 f080 	clz	r0, r0
20000b02:	0940      	lsrs	r0, r0, #5
20000b04:	4770      	bx	lr
20000b06:	bf00      	nop
20000b08:	50110000 	.word	0x50110000

20000b0c <e15_is_critical_frame_period>:
20000b0c:	b508      	push	{r3, lr}
20000b0e:	f7ff ffe9 	bl	20000ae4 <e15_is_bulkin_ep>
20000b12:	b150      	cbz	r0, 20000b2a <e15_is_critical_frame_period+0x1e>
20000b14:	4a05      	ldr	r2, [pc, #20]	@ (20000b2c <e15_is_critical_frame_period+0x20>)
20000b16:	4b06      	ldr	r3, [pc, #24]	@ (20000b30 <e15_is_critical_frame_period+0x24>)
20000b18:	6a90      	ldr	r0, [r2, #40]	@ 0x28
20000b1a:	681b      	ldr	r3, [r3, #0]
20000b1c:	f5a0 7048 	sub.w	r0, r0, #800	@ 0x320
20000b20:	1ac0      	subs	r0, r0, r3
20000b22:	28c6      	cmp	r0, #198	@ 0xc6
20000b24:	bf8c      	ite	hi
20000b26:	2000      	movhi	r0, #0
20000b28:	2001      	movls	r0, #1
20000b2a:	bd08      	pop	{r3, pc}
20000b2c:	400b0000 	.word	0x400b0000
20000b30:	2002b30c 	.word	0x2002b30c

20000b34 <hw_endpoint_reset_transfer>:
20000b34:	2300      	movs	r3, #0
20000b36:	e9c0 3304 	strd	r3, r3, [r0, #16]
20000b3a:	7683      	strb	r3, [r0, #26]
20000b3c:	4770      	bx	lr
20000b3e:	bf00      	nop

20000b40 <_hw_endpoint_buffer_control_update32>:
20000b40:	b508      	push	{r3, lr}
20000b42:	6883      	ldr	r3, [r0, #8]
20000b44:	b119      	cbz	r1, 20000b4e <_hw_endpoint_buffer_control_update32+0xe>
20000b46:	f8d3 c000 	ldr.w	ip, [r3]
20000b4a:	ea01 010c 	and.w	r1, r1, ip
20000b4e:	b18a      	cbz	r2, 20000b74 <_hw_endpoint_buffer_control_update32+0x34>
20000b50:	4311      	orrs	r1, r2
20000b52:	0552      	lsls	r2, r2, #21
20000b54:	d50e      	bpl.n	20000b74 <_hw_endpoint_buffer_control_update32+0x34>
20000b56:	681a      	ldr	r2, [r3, #0]
20000b58:	0552      	lsls	r2, r2, #21
20000b5a:	d40d      	bmi.n	20000b78 <_hw_endpoint_buffer_control_update32+0x38>
20000b5c:	4a08      	ldr	r2, [pc, #32]	@ (20000b80 <_hw_endpoint_buffer_control_update32+0x40>)
20000b5e:	f421 6c80 	bic.w	ip, r1, #1024	@ 0x400
20000b62:	f8c3 c000 	str.w	ip, [r3]
20000b66:	6c12      	ldr	r2, [r2, #64]	@ 0x40
20000b68:	0792      	lsls	r2, r2, #30
20000b6a:	d403      	bmi.n	20000b74 <_hw_endpoint_buffer_control_update32+0x34>
20000b6c:	230c      	movs	r3, #12
20000b6e:	3b03      	subs	r3, #3
20000b70:	d2fd      	bcs.n	20000b6e <_hw_endpoint_buffer_control_update32+0x2e>
20000b72:	6883      	ldr	r3, [r0, #8]
20000b74:	6019      	str	r1, [r3, #0]
20000b76:	bd08      	pop	{r3, pc}
20000b78:	7881      	ldrb	r1, [r0, #2]
20000b7a:	4802      	ldr	r0, [pc, #8]	@ (20000b84 <_hw_endpoint_buffer_control_update32+0x44>)
20000b7c:	f001 fcb8 	bl	200024f0 <__panic_veneer>
20000b80:	50110000 	.word	0x50110000
20000b84:	100088f8 	.word	0x100088f8

20000b88 <hw_endpoint_start_next_buffer>:
20000b88:	b530      	push	{r4, r5, lr}
20000b8a:	6843      	ldr	r3, [r0, #4]
20000b8c:	2100      	movs	r1, #0
20000b8e:	b083      	sub	sp, #12
20000b90:	4605      	mov	r5, r0
20000b92:	681c      	ldr	r4, [r3, #0]
20000b94:	f7ff fed2 	bl	2000093c <prepare_ep_buffer>
20000b98:	4b13      	ldr	r3, [pc, #76]	@ (20000be8 <hw_endpoint_start_next_buffer+0x60>)
20000b9a:	f440 5280 	orr.w	r2, r0, #4096	@ 0x1000
20000b9e:	6c19      	ldr	r1, [r3, #64]	@ 0x40
20000ba0:	78ab      	ldrb	r3, [r5, #2]
20000ba2:	0789      	lsls	r1, r1, #30
20000ba4:	d50e      	bpl.n	20000bc4 <hw_endpoint_start_next_buffer+0x3c>
20000ba6:	065b      	lsls	r3, r3, #25
20000ba8:	d00e      	beq.n	20000bc8 <hw_endpoint_start_next_buffer+0x40>
20000baa:	f024 44a0 	bic.w	r4, r4, #1342177280	@ 0x50000000
20000bae:	f044 5400 	orr.w	r4, r4, #536870912	@ 0x20000000
20000bb2:	2100      	movs	r1, #0
20000bb4:	4628      	mov	r0, r5
20000bb6:	686b      	ldr	r3, [r5, #4]
20000bb8:	601c      	str	r4, [r3, #0]
20000bba:	b003      	add	sp, #12
20000bbc:	e8bd 4030 	ldmia.w	sp!, {r4, r5, lr}
20000bc0:	f7ff bfbe 	b.w	20000b40 <_hw_endpoint_buffer_control_update32>
20000bc4:	09db      	lsrs	r3, r3, #7
20000bc6:	d0f0      	beq.n	20000baa <hw_endpoint_start_next_buffer+0x22>
20000bc8:	8aab      	ldrh	r3, [r5, #20]
20000bca:	2b00      	cmp	r3, #0
20000bcc:	d0ed      	beq.n	20000baa <hw_endpoint_start_next_buffer+0x22>
20000bce:	2101      	movs	r1, #1
20000bd0:	4628      	mov	r0, r5
20000bd2:	9201      	str	r2, [sp, #4]
20000bd4:	f7ff feb2 	bl	2000093c <prepare_ep_buffer>
20000bd8:	9a01      	ldr	r2, [sp, #4]
20000bda:	f024 5400 	bic.w	r4, r4, #536870912	@ 0x20000000
20000bde:	4302      	orrs	r2, r0
20000be0:	f044 44a0 	orr.w	r4, r4, #1342177280	@ 0x50000000
20000be4:	e7e5      	b.n	20000bb2 <hw_endpoint_start_next_buffer+0x2a>
20000be6:	bf00      	nop
20000be8:	50110000 	.word	0x50110000

20000bec <hw_endpoint_xfer_continue>:
20000bec:	b538      	push	{r3, r4, r5, lr}
20000bee:	7e85      	ldrb	r5, [r0, #26]
20000bf0:	4604      	mov	r4, r0
20000bf2:	b195      	cbz	r5, 20000c1a <hw_endpoint_xfer_continue+0x2e>
20000bf4:	f7ff ff60 	bl	20000ab8 <_hw_endpoint_xfer_sync>
20000bf8:	8aa3      	ldrh	r3, [r4, #20]
20000bfa:	b90b      	cbnz	r3, 20000c00 <hw_endpoint_xfer_continue+0x14>
20000bfc:	4628      	mov	r0, r5
20000bfe:	bd38      	pop	{r3, r4, r5, pc}
20000c00:	4620      	mov	r0, r4
20000c02:	f7ff ff83 	bl	20000b0c <e15_is_critical_frame_period>
20000c06:	b120      	cbz	r0, 20000c12 <hw_endpoint_xfer_continue+0x26>
20000c08:	2301      	movs	r3, #1
20000c0a:	7723      	strb	r3, [r4, #28]
20000c0c:	2500      	movs	r5, #0
20000c0e:	4628      	mov	r0, r5
20000c10:	bd38      	pop	{r3, r4, r5, pc}
20000c12:	4620      	mov	r0, r4
20000c14:	f7ff ffb8 	bl	20000b88 <hw_endpoint_start_next_buffer>
20000c18:	e7f8      	b.n	20000c0c <hw_endpoint_xfer_continue+0x20>
20000c1a:	7881      	ldrb	r1, [r0, #2]
20000c1c:	4801      	ldr	r0, [pc, #4]	@ (20000c24 <hw_endpoint_xfer_continue+0x38>)
20000c1e:	f001 fc67 	bl	200024f0 <__panic_veneer>
20000c22:	bf00      	nop
20000c24:	10008918 	.word	0x10008918

20000c28 <dcd_event_handler>:
20000c28:	b570      	push	{r4, r5, r6, lr}
20000c2a:	7843      	ldrb	r3, [r0, #1]
20000c2c:	4604      	mov	r4, r0
20000c2e:	3b02      	subs	r3, #2
20000c30:	460e      	mov	r6, r1
20000c32:	b086      	sub	sp, #24
20000c34:	2b04      	cmp	r3, #4
20000c36:	d813      	bhi.n	20000c60 <dcd_event_handler+0x38>
20000c38:	e8df f003 	tbb	[pc, r3]
20000c3c:	70674903 	.word	0x70674903
20000c40:	44          	.byte	0x44
20000c41:	00          	.byte	0x00
20000c42:	2100      	movs	r1, #0
20000c44:	4b77      	ldr	r3, [pc, #476]	@ (20000e24 <dcd_event_handler+0x1fc>)
20000c46:	781a      	ldrb	r2, [r3, #0]
20000c48:	f022 0201 	bic.w	r2, r2, #1
20000c4c:	701a      	strb	r2, [r3, #0]
20000c4e:	781a      	ldrb	r2, [r3, #0]
20000c50:	f022 0202 	bic.w	r2, r2, #2
20000c54:	701a      	strb	r2, [r3, #0]
20000c56:	7059      	strb	r1, [r3, #1]
20000c58:	781a      	ldrb	r2, [r3, #0]
20000c5a:	f361 0282 	bfi	r2, r1, #2, #1
20000c5e:	701a      	strb	r2, [r3, #0]
20000c60:	4b71      	ldr	r3, [pc, #452]	@ (20000e28 <dcd_event_handler+0x200>)
20000c62:	681b      	ldr	r3, [r3, #0]
20000c64:	695a      	ldr	r2, [r3, #20]
20000c66:	f3ef 8010 	mrs	r0, PRIMASK
20000c6a:	b672      	cpsid	i
20000c6c:	e8d2 cfcf 	ldaexb	ip, [r2]
20000c70:	2101      	movs	r1, #1
20000c72:	f1bc 0f00 	cmp.w	ip, #0
20000c76:	d1f9      	bne.n	20000c6c <dcd_event_handler+0x44>
20000c78:	e8c2 1f4c 	strexb	ip, r1, [r2]
20000c7c:	f1bc 0f00 	cmp.w	ip, #0
20000c80:	d1f4      	bne.n	20000c6c <dcd_event_handler+0x44>
20000c82:	f3bf 8f5f 	dmb	sy
20000c86:	4621      	mov	r1, r4
20000c88:	6198      	str	r0, [r3, #24]
20000c8a:	4618      	mov	r0, r3
20000c8c:	9301      	str	r3, [sp, #4]
20000c8e:	f001 fc27 	bl	200024e0 <__tu_fifo_write_veneer>
20000c92:	9b01      	ldr	r3, [sp, #4]
20000c94:	2200      	movs	r2, #0
20000c96:	6959      	ldr	r1, [r3, #20]
20000c98:	e8c1 2f8f 	stlb	r2, [r1]
20000c9c:	699b      	ldr	r3, [r3, #24]
20000c9e:	f383 8810 	msr	PRIMASK, r3
20000ca2:	b940      	cbnz	r0, 20000cb6 <dcd_event_handler+0x8e>
20000ca4:	f04f 23e0 	mov.w	r3, #3758153728	@ 0xe000e000
20000ca8:	f8d3 3df0 	ldr.w	r3, [r3, #3568]	@ 0xdf0
20000cac:	07db      	lsls	r3, r3, #31
20000cae:	d507      	bpl.n	20000cc0 <dcd_event_handler+0x98>
20000cb0:	be00      	bkpt	0x0000
20000cb2:	b006      	add	sp, #24
20000cb4:	bd70      	pop	{r4, r5, r6, pc}
20000cb6:	4632      	mov	r2, r6
20000cb8:	7861      	ldrb	r1, [r4, #1]
20000cba:	7820      	ldrb	r0, [r4, #0]
20000cbc:	f001 fc0c 	bl	200024d8 <__tud_event_hook_cb_veneer>
20000cc0:	b006      	add	sp, #24
20000cc2:	bd70      	pop	{r4, r5, r6, pc}
20000cc4:	4a59      	ldr	r2, [pc, #356]	@ (20000e2c <dcd_event_handler+0x204>)
20000cc6:	7813      	ldrb	r3, [r2, #0]
20000cc8:	3301      	adds	r3, #1
20000cca:	7013      	strb	r3, [r2, #0]
20000ccc:	e7c8      	b.n	20000c60 <dcd_event_handler+0x38>
20000cce:	2200      	movs	r2, #0
20000cd0:	4b57      	ldr	r3, [pc, #348]	@ (20000e30 <dcd_event_handler+0x208>)
20000cd2:	7818      	ldrb	r0, [r3, #0]
20000cd4:	4613      	mov	r3, r2
20000cd6:	e011      	b.n	20000cfc <dcd_event_handler+0xd4>
20000cd8:	4956      	ldr	r1, [pc, #344]	@ (20000e34 <dcd_event_handler+0x20c>)
20000cda:	6809      	ldr	r1, [r1, #0]
20000cdc:	eb11 1343 	adds.w	r3, r1, r3, lsl #5
20000ce0:	d008      	beq.n	20000cf4 <dcd_event_handler+0xcc>
20000ce2:	69db      	ldr	r3, [r3, #28]
20000ce4:	b133      	cbz	r3, 20000cf4 <dcd_event_handler+0xcc>
20000ce6:	7820      	ldrb	r0, [r4, #0]
20000ce8:	6861      	ldr	r1, [r4, #4]
20000cea:	9201      	str	r2, [sp, #4]
20000cec:	4798      	blx	r3
20000cee:	4b50      	ldr	r3, [pc, #320]	@ (20000e30 <dcd_event_handler+0x208>)
20000cf0:	9a01      	ldr	r2, [sp, #4]
20000cf2:	7818      	ldrb	r0, [r3, #0]
20000cf4:	3201      	adds	r2, #1
20000cf6:	b2d3      	uxtb	r3, r2
20000cf8:	4283      	cmp	r3, r0
20000cfa:	d818      	bhi.n	20000d2e <dcd_event_handler+0x106>
20000cfc:	4298      	cmp	r0, r3
20000cfe:	d8eb      	bhi.n	20000cd8 <dcd_event_handler+0xb0>
20000d00:	494d      	ldr	r1, [pc, #308]	@ (20000e38 <dcd_event_handler+0x210>)
20000d02:	1a1b      	subs	r3, r3, r0
20000d04:	eb01 1343 	add.w	r3, r1, r3, lsl #5
20000d08:	e7eb      	b.n	20000ce2 <dcd_event_handler+0xba>
20000d0a:	4b46      	ldr	r3, [pc, #280]	@ (20000e24 <dcd_event_handler+0x1fc>)
20000d0c:	781a      	ldrb	r2, [r3, #0]
20000d0e:	07d2      	lsls	r2, r2, #31
20000d10:	d5d6      	bpl.n	20000cc0 <dcd_event_handler+0x98>
20000d12:	781a      	ldrb	r2, [r3, #0]
20000d14:	f042 0204 	orr.w	r2, r2, #4
20000d18:	701a      	strb	r2, [r3, #0]
20000d1a:	e7a1      	b.n	20000c60 <dcd_event_handler+0x38>
20000d1c:	4b41      	ldr	r3, [pc, #260]	@ (20000e24 <dcd_event_handler+0x1fc>)
20000d1e:	781a      	ldrb	r2, [r3, #0]
20000d20:	07d5      	lsls	r5, r2, #31
20000d22:	d5cd      	bpl.n	20000cc0 <dcd_event_handler+0x98>
20000d24:	781a      	ldrb	r2, [r3, #0]
20000d26:	f022 0204 	bic.w	r2, r2, #4
20000d2a:	701a      	strb	r2, [r3, #0]
20000d2c:	e798      	b.n	20000c60 <dcd_event_handler+0x38>
20000d2e:	4b3d      	ldr	r3, [pc, #244]	@ (20000e24 <dcd_event_handler+0x1fc>)
20000d30:	781a      	ldrb	r2, [r3, #0]
20000d32:	0750      	lsls	r0, r2, #29
20000d34:	d433      	bmi.n	20000d9e <dcd_event_handler+0x176>
20000d36:	78db      	ldrb	r3, [r3, #3]
20000d38:	07da      	lsls	r2, r3, #31
20000d3a:	d5c1      	bpl.n	20000cc0 <dcd_event_handler+0x98>
20000d3c:	2203      	movs	r2, #3
20000d3e:	4b3a      	ldr	r3, [pc, #232]	@ (20000e28 <dcd_event_handler+0x200>)
20000d40:	7820      	ldrb	r0, [r4, #0]
20000d42:	6861      	ldr	r1, [r4, #4]
20000d44:	681b      	ldr	r3, [r3, #0]
20000d46:	f88d 000c 	strb.w	r0, [sp, #12]
20000d4a:	f88d 200d 	strb.w	r2, [sp, #13]
20000d4e:	695a      	ldr	r2, [r3, #20]
20000d50:	9104      	str	r1, [sp, #16]
20000d52:	f3ef 8110 	mrs	r1, PRIMASK
20000d56:	b672      	cpsid	i
20000d58:	e8d2 4fcf 	ldaexb	r4, [r2]
20000d5c:	2001      	movs	r0, #1
20000d5e:	2c00      	cmp	r4, #0
20000d60:	d1fa      	bne.n	20000d58 <dcd_event_handler+0x130>
20000d62:	e8c2 0f44 	strexb	r4, r0, [r2]
20000d66:	2c00      	cmp	r4, #0
20000d68:	d1f6      	bne.n	20000d58 <dcd_event_handler+0x130>
20000d6a:	f3bf 8f5f 	dmb	sy
20000d6e:	6199      	str	r1, [r3, #24]
20000d70:	4618      	mov	r0, r3
20000d72:	a903      	add	r1, sp, #12
20000d74:	9301      	str	r3, [sp, #4]
20000d76:	f001 fbb3 	bl	200024e0 <__tu_fifo_write_veneer>
20000d7a:	9b01      	ldr	r3, [sp, #4]
20000d7c:	2200      	movs	r2, #0
20000d7e:	6959      	ldr	r1, [r3, #20]
20000d80:	e8c1 2f8f 	stlb	r2, [r1]
20000d84:	699b      	ldr	r3, [r3, #24]
20000d86:	f383 8810 	msr	PRIMASK, r3
20000d8a:	2800      	cmp	r0, #0
20000d8c:	d08a      	beq.n	20000ca4 <dcd_event_handler+0x7c>
20000d8e:	4632      	mov	r2, r6
20000d90:	f89d 100d 	ldrb.w	r1, [sp, #13]
20000d94:	f89d 000c 	ldrb.w	r0, [sp, #12]
20000d98:	f001 fb9e 	bl	200024d8 <__tud_event_hook_cb_veneer>
20000d9c:	e790      	b.n	20000cc0 <dcd_event_handler+0x98>
20000d9e:	2500      	movs	r5, #0
20000da0:	2005      	movs	r0, #5
20000da2:	7819      	ldrb	r1, [r3, #0]
20000da4:	e9cd 5504 	strd	r5, r5, [sp, #16]
20000da8:	f021 0104 	bic.w	r1, r1, #4
20000dac:	9503      	str	r5, [sp, #12]
20000dae:	7019      	strb	r1, [r3, #0]
20000db0:	f88d 000d 	strb.w	r0, [sp, #13]
20000db4:	4a1c      	ldr	r2, [pc, #112]	@ (20000e28 <dcd_event_handler+0x200>)
20000db6:	7821      	ldrb	r1, [r4, #0]
20000db8:	6812      	ldr	r2, [r2, #0]
20000dba:	f88d 100c 	strb.w	r1, [sp, #12]
20000dbe:	6951      	ldr	r1, [r2, #20]
20000dc0:	f3ef 8010 	mrs	r0, PRIMASK
20000dc4:	b672      	cpsid	i
20000dc6:	e8d1 efcf 	ldaexb	lr, [r1]
20000dca:	f05f 0c01 	movs.w	ip, #1
20000dce:	f1be 0f00 	cmp.w	lr, #0
20000dd2:	d1f8      	bne.n	20000dc6 <dcd_event_handler+0x19e>
20000dd4:	e8c1 cf4e 	strexb	lr, ip, [r1]
20000dd8:	f1be 0f00 	cmp.w	lr, #0
20000ddc:	d1f3      	bne.n	20000dc6 <dcd_event_handler+0x19e>
20000dde:	f3bf 8f5f 	dmb	sy
20000de2:	6190      	str	r0, [r2, #24]
20000de4:	a903      	add	r1, sp, #12
20000de6:	4610      	mov	r0, r2
20000de8:	9201      	str	r2, [sp, #4]
20000dea:	f001 fb79 	bl	200024e0 <__tu_fifo_write_veneer>
20000dee:	9a01      	ldr	r2, [sp, #4]
20000df0:	6951      	ldr	r1, [r2, #20]
20000df2:	e8c1 5f8f 	stlb	r5, [r1]
20000df6:	6992      	ldr	r2, [r2, #24]
20000df8:	f382 8810 	msr	PRIMASK, r2
20000dfc:	4b09      	ldr	r3, [pc, #36]	@ (20000e24 <dcd_event_handler+0x1fc>)
20000dfe:	b938      	cbnz	r0, 20000e10 <dcd_event_handler+0x1e8>
20000e00:	f04f 22e0 	mov.w	r2, #3758153728	@ 0xe000e000
20000e04:	f8d2 2df0 	ldr.w	r2, [r2, #3568]	@ 0xdf0
20000e08:	07d1      	lsls	r1, r2, #31
20000e0a:	d594      	bpl.n	20000d36 <dcd_event_handler+0x10e>
20000e0c:	be00      	bkpt	0x0000
20000e0e:	e792      	b.n	20000d36 <dcd_event_handler+0x10e>
20000e10:	4632      	mov	r2, r6
20000e12:	f89d 100d 	ldrb.w	r1, [sp, #13]
20000e16:	f89d 000c 	ldrb.w	r0, [sp, #12]
20000e1a:	f001 fb5d 	bl	200024d8 <__tud_event_hook_cb_veneer>
20000e1e:	4b01      	ldr	r3, [pc, #4]	@ (20000e24 <dcd_event_handler+0x1fc>)
20000e20:	e789      	b.n	20000d36 <dcd_event_handler+0x10e>
20000e22:	bf00      	nop
20000e24:	20029168 	.word	0x20029168
20000e28:	200291c0 	.word	0x200291c0
20000e2c:	2002ee3e 	.word	0x2002ee3e
20000e30:	2002ee3c 	.word	0x2002ee3c
20000e34:	20029060 	.word	0x20029060
20000e38:	10008cd8 	.word	0x10008cd8

20000e3c <encode_one_scanline_16bpp.constprop.0>:
20000e3c:	2300      	movs	r3, #0
20000e3e:	b5f0      	push	{r4, r5, r6, r7, lr}
20000e40:	4c32      	ldr	r4, [pc, #200]	@ (20000f0c <encode_one_scanline_16bpp.constprop.0+0xd0>)
20000e42:	b085      	sub	sp, #20
20000e44:	a902      	add	r1, sp, #8
20000e46:	4832      	ldr	r0, [pc, #200]	@ (20000f10 <encode_one_scanline_16bpp.constprop.0+0xd4>)
20000e48:	6aa5      	ldr	r5, [r4, #40]	@ 0x28
20000e4a:	6aa6      	ldr	r6, [r4, #40]	@ 0x28
20000e4c:	9302      	str	r3, [sp, #8]
20000e4e:	f001 fb2f 	bl	200024b0 <__queue_remove_blocking_veneer>
20000e52:	6aa3      	ldr	r3, [r4, #40]	@ 0x28
20000e54:	492f      	ldr	r1, [pc, #188]	@ (20000f14 <encode_one_scanline_16bpp.constprop.0+0xd8>)
20000e56:	1b9b      	subs	r3, r3, r6
20000e58:	4a2f      	ldr	r2, [pc, #188]	@ (20000f18 <encode_one_scanline_16bpp.constprop.0+0xdc>)
20000e5a:	600b      	str	r3, [r1, #0]
20000e5c:	6811      	ldr	r1, [r2, #0]
20000e5e:	4c2b      	ldr	r4, [pc, #172]	@ (20000f0c <encode_one_scanline_16bpp.constprop.0+0xd0>)
20000e60:	428b      	cmp	r3, r1
20000e62:	bf88      	it	hi
20000e64:	6013      	strhi	r3, [r2, #0]
20000e66:	2300      	movs	r3, #0
20000e68:	a903      	add	r1, sp, #12
20000e6a:	482c      	ldr	r0, [pc, #176]	@ (20000f1c <encode_one_scanline_16bpp.constprop.0+0xe0>)
20000e6c:	6aa6      	ldr	r6, [r4, #40]	@ 0x28
20000e6e:	9303      	str	r3, [sp, #12]
20000e70:	f001 fb1e 	bl	200024b0 <__queue_remove_blocking_veneer>
20000e74:	6aa3      	ldr	r3, [r4, #40]	@ 0x28
20000e76:	492a      	ldr	r1, [pc, #168]	@ (20000f20 <encode_one_scanline_16bpp.constprop.0+0xe4>)
20000e78:	1b9b      	subs	r3, r3, r6
20000e7a:	4a2a      	ldr	r2, [pc, #168]	@ (20000f24 <encode_one_scanline_16bpp.constprop.0+0xe8>)
20000e7c:	600b      	str	r3, [r1, #0]
20000e7e:	6811      	ldr	r1, [r2, #0]
20000e80:	4e22      	ldr	r6, [pc, #136]	@ (20000f0c <encode_one_scanline_16bpp.constprop.0+0xd0>)
20000e82:	428b      	cmp	r3, r1
20000e84:	bf88      	it	hi
20000e86:	6013      	strhi	r3, [r2, #0]
20000e88:	4b27      	ldr	r3, [pc, #156]	@ (20000f28 <encode_one_scanline_16bpp.constprop.0+0xec>)
20000e8a:	6ab7      	ldr	r7, [r6, #40]	@ 0x28
20000e8c:	681b      	ldr	r3, [r3, #0]
20000e8e:	e9dd 0102 	ldrd	r0, r1, [sp, #8]
20000e92:	691c      	ldr	r4, [r3, #16]
20000e94:	2300      	movs	r3, #0
20000e96:	0864      	lsrs	r4, r4, #1
20000e98:	4622      	mov	r2, r4
20000e9a:	9300      	str	r3, [sp, #0]
20000e9c:	2304      	movs	r3, #4
20000e9e:	f001 f82d 	bl	20001efc <tmds_encode_data_channel_16bpp>
20000ea2:	2305      	movs	r3, #5
20000ea4:	9903      	ldr	r1, [sp, #12]
20000ea6:	4622      	mov	r2, r4
20000ea8:	9802      	ldr	r0, [sp, #8]
20000eaa:	9300      	str	r3, [sp, #0]
20000eac:	eb01 0184 	add.w	r1, r1, r4, lsl #2
20000eb0:	230a      	movs	r3, #10
20000eb2:	f001 f823 	bl	20001efc <tmds_encode_data_channel_16bpp>
20000eb6:	230b      	movs	r3, #11
20000eb8:	9903      	ldr	r1, [sp, #12]
20000eba:	4622      	mov	r2, r4
20000ebc:	9802      	ldr	r0, [sp, #8]
20000ebe:	9300      	str	r3, [sp, #0]
20000ec0:	eb01 01c4 	add.w	r1, r1, r4, lsl #3
20000ec4:	230f      	movs	r3, #15
20000ec6:	f001 f819 	bl	20001efc <tmds_encode_data_channel_16bpp>
20000eca:	6ab3      	ldr	r3, [r6, #40]	@ 0x28
20000ecc:	4917      	ldr	r1, [pc, #92]	@ (20000f2c <encode_one_scanline_16bpp.constprop.0+0xf0>)
20000ece:	1bdb      	subs	r3, r3, r7
20000ed0:	4a17      	ldr	r2, [pc, #92]	@ (20000f30 <encode_one_scanline_16bpp.constprop.0+0xf4>)
20000ed2:	600b      	str	r3, [r1, #0]
20000ed4:	6811      	ldr	r1, [r2, #0]
20000ed6:	4817      	ldr	r0, [pc, #92]	@ (20000f34 <encode_one_scanline_16bpp.constprop.0+0xf8>)
20000ed8:	428b      	cmp	r3, r1
20000eda:	a903      	add	r1, sp, #12
20000edc:	bf88      	it	hi
20000ede:	6013      	strhi	r3, [r2, #0]
20000ee0:	f001 faf6 	bl	200024d0 <__queue_add_blocking_veneer>
20000ee4:	a902      	add	r1, sp, #8
20000ee6:	4814      	ldr	r0, [pc, #80]	@ (20000f38 <encode_one_scanline_16bpp.constprop.0+0xfc>)
20000ee8:	f001 faf2 	bl	200024d0 <__queue_add_blocking_veneer>
20000eec:	4b07      	ldr	r3, [pc, #28]	@ (20000f0c <encode_one_scanline_16bpp.constprop.0+0xd0>)
20000eee:	4a13      	ldr	r2, [pc, #76]	@ (20000f3c <encode_one_scanline_16bpp.constprop.0+0x100>)
20000ef0:	6a9b      	ldr	r3, [r3, #40]	@ 0x28
20000ef2:	4913      	ldr	r1, [pc, #76]	@ (20000f40 <encode_one_scanline_16bpp.constprop.0+0x104>)
20000ef4:	1b5b      	subs	r3, r3, r5
20000ef6:	6013      	str	r3, [r2, #0]
20000ef8:	680a      	ldr	r2, [r1, #0]
20000efa:	4812      	ldr	r0, [pc, #72]	@ (20000f44 <encode_one_scanline_16bpp.constprop.0+0x108>)
20000efc:	3201      	adds	r2, #1
20000efe:	600a      	str	r2, [r1, #0]
20000f00:	6802      	ldr	r2, [r0, #0]
20000f02:	4293      	cmp	r3, r2
20000f04:	bf88      	it	hi
20000f06:	6003      	strhi	r3, [r0, #0]
20000f08:	b005      	add	sp, #20
20000f0a:	bdf0      	pop	{r4, r5, r6, r7, pc}
20000f0c:	400b0000 	.word	0x400b0000
20000f10:	20003544 	.word	0x20003544
20000f14:	2002b3cc 	.word	0x2002b3cc
20000f18:	2002b3d0 	.word	0x2002b3d0
20000f1c:	20003534 	.word	0x20003534
20000f20:	2002b3c4 	.word	0x2002b3c4
20000f24:	2002b3c8 	.word	0x2002b3c8
20000f28:	20002e60 	.word	0x20002e60
20000f2c:	2002b3a4 	.word	0x2002b3a4
20000f30:	2002b3a8 	.word	0x2002b3a8
20000f34:	20003524 	.word	0x20003524
20000f38:	20003554 	.word	0x20003554
20000f3c:	2002b3ac 	.word	0x2002b3ac
20000f40:	2002b3a0 	.word	0x2002b3a0
20000f44:	2002b3b0 	.word	0x2002b3b0

20000f48 <frank_hdmi_run_core1>:
20000f48:	2400      	movs	r4, #0
20000f4a:	e92d 4880 	stmdb	sp!, {r7, fp, lr}
20000f4e:	210b      	movs	r1, #11
20000f50:	4850      	ldr	r0, [pc, #320]	@ (20001094 <frank_hdmi_run_core1+0x14c>)
20000f52:	b08f      	sub	sp, #60	@ 0x3c
20000f54:	f001 fab4 	bl	200024c0 <__dvi_register_irqs_this_core_veneer>
20000f58:	4625      	mov	r5, r4
20000f5a:	484f      	ldr	r0, [pc, #316]	@ (20001098 <frank_hdmi_run_core1+0x150>)
20000f5c:	a90d      	add	r1, sp, #52	@ 0x34
20000f5e:	950d      	str	r5, [sp, #52]	@ 0x34
20000f60:	f001 faa6 	bl	200024b0 <__queue_remove_blocking_veneer>
20000f64:	4621      	mov	r1, r4
20000f66:	980d      	ldr	r0, [sp, #52]	@ 0x34
20000f68:	f080 f84a 	bl	20081000 <fill_scanline>
20000f6c:	484b      	ldr	r0, [pc, #300]	@ (2000109c <frank_hdmi_run_core1+0x154>)
20000f6e:	a90d      	add	r1, sp, #52	@ 0x34
20000f70:	f001 faae 	bl	200024d0 <__queue_add_blocking_veneer>
20000f74:	f7ff ff62 	bl	20000e3c <encode_one_scanline_16bpp.constprop.0>
20000f78:	1c63      	adds	r3, r4, #1
20000f7a:	2b02      	cmp	r3, #2
20000f7c:	f04f 0401 	mov.w	r4, #1
20000f80:	d1eb      	bne.n	20000f5a <frank_hdmi_run_core1+0x12>
20000f82:	2500      	movs	r5, #0
20000f84:	4e43      	ldr	r6, [pc, #268]	@ (20001094 <frank_hdmi_run_core1+0x14c>)
20000f86:	4c46      	ldr	r4, [pc, #280]	@ (200010a0 <frank_hdmi_run_core1+0x158>)
20000f88:	4630      	mov	r0, r6
20000f8a:	f001 fa9d 	bl	200024c8 <__dvi_start_veneer>
20000f8e:	f8df a14c 	ldr.w	sl, [pc, #332]	@ 200010dc <frank_hdmi_run_core1+0x194>
20000f92:	f8d4 b028 	ldr.w	fp, [r4, #40]	@ 0x28
20000f96:	f8df 8148 	ldr.w	r8, [pc, #328]	@ 200010e0 <frank_hdmi_run_core1+0x198>
20000f9a:	2300      	movs	r3, #0
20000f9c:	483e      	ldr	r0, [pc, #248]	@ (20001098 <frank_hdmi_run_core1+0x150>)
20000f9e:	a90d      	add	r1, sp, #52	@ 0x34
20000fa0:	6aa7      	ldr	r7, [r4, #40]	@ 0x28
20000fa2:	f8d4 9028 	ldr.w	r9, [r4, #40]	@ 0x28
20000fa6:	930d      	str	r3, [sp, #52]	@ 0x34
20000fa8:	f001 fa82 	bl	200024b0 <__queue_remove_blocking_veneer>
20000fac:	6aa3      	ldr	r3, [r4, #40]	@ 0x28
20000fae:	4a3d      	ldr	r2, [pc, #244]	@ (200010a4 <frank_hdmi_run_core1+0x15c>)
20000fb0:	eba3 0309 	sub.w	r3, r3, r9
20000fb4:	6013      	str	r3, [r2, #0]
20000fb6:	f8da 2000 	ldr.w	r2, [sl]
20000fba:	4629      	mov	r1, r5
20000fbc:	4293      	cmp	r3, r2
20000fbe:	980d      	ldr	r0, [sp, #52]	@ 0x34
20000fc0:	bf88      	it	hi
20000fc2:	f8ca 3000 	strhi.w	r3, [sl]
20000fc6:	f080 f81b 	bl	20081000 <fill_scanline>
20000fca:	4834      	ldr	r0, [pc, #208]	@ (2000109c <frank_hdmi_run_core1+0x154>)
20000fcc:	a90d      	add	r1, sp, #52	@ 0x34
20000fce:	f001 fa7f 	bl	200024d0 <__queue_add_blocking_veneer>
20000fd2:	f7ff ff33 	bl	20000e3c <encode_one_scanline_16bpp.constprop.0>
20000fd6:	f8d8 3000 	ldr.w	r3, [r8]
20000fda:	3501      	adds	r5, #1
20000fdc:	3301      	adds	r3, #1
20000fde:	f5b5 7ff0 	cmp.w	r5, #480	@ 0x1e0
20000fe2:	4a31      	ldr	r2, [pc, #196]	@ (200010a8 <frank_hdmi_run_core1+0x160>)
20000fe4:	4831      	ldr	r0, [pc, #196]	@ (200010ac <frank_hdmi_run_core1+0x164>)
20000fe6:	f8c8 3000 	str.w	r3, [r8]
20000fea:	d104      	bne.n	20000ff6 <frank_hdmi_run_core1+0xae>
20000fec:	2500      	movs	r5, #0
20000fee:	4930      	ldr	r1, [pc, #192]	@ (200010b0 <frank_hdmi_run_core1+0x168>)
20000ff0:	680b      	ldr	r3, [r1, #0]
20000ff2:	3301      	adds	r3, #1
20000ff4:	600b      	str	r3, [r1, #0]
20000ff6:	6aa3      	ldr	r3, [r4, #40]	@ 0x28
20000ff8:	492e      	ldr	r1, [pc, #184]	@ (200010b4 <frank_hdmi_run_core1+0x16c>)
20000ffa:	1bdb      	subs	r3, r3, r7
20000ffc:	4f2e      	ldr	r7, [pc, #184]	@ (200010b8 <frank_hdmi_run_core1+0x170>)
20000ffe:	600b      	str	r3, [r1, #0]
20001000:	6839      	ldr	r1, [r7, #0]
20001002:	428b      	cmp	r3, r1
20001004:	bf88      	it	hi
20001006:	603b      	strhi	r3, [r7, #0]
20001008:	6aa7      	ldr	r7, [r4, #40]	@ 0x28
2000100a:	eba7 030b 	sub.w	r3, r7, fp
2000100e:	4293      	cmp	r3, r2
20001010:	d9c3      	bls.n	20000f9a <frank_hdmi_run_core1+0x52>
20001012:	4b2a      	ldr	r3, [pc, #168]	@ (200010bc <frank_hdmi_run_core1+0x174>)
20001014:	4a2a      	ldr	r2, [pc, #168]	@ (200010c0 <frank_hdmi_run_core1+0x178>)
20001016:	f8d3 b000 	ldr.w	fp, [r3]
2000101a:	4b25      	ldr	r3, [pc, #148]	@ (200010b0 <frank_hdmi_run_core1+0x168>)
2000101c:	fba2 2107 	umull	r2, r1, r2, r7
20001020:	f8d8 2000 	ldr.w	r2, [r8]
20001024:	f8d3 c000 	ldr.w	ip, [r3]
20001028:	4b26      	ldr	r3, [pc, #152]	@ (200010c4 <frank_hdmi_run_core1+0x17c>)
2000102a:	0989      	lsrs	r1, r1, #6
2000102c:	f8d3 e000 	ldr.w	lr, [r3]
20001030:	4b25      	ldr	r3, [pc, #148]	@ (200010c8 <frank_hdmi_run_core1+0x180>)
20001032:	f8d3 9000 	ldr.w	r9, [r3]
20001036:	4b25      	ldr	r3, [pc, #148]	@ (200010cc <frank_hdmi_run_core1+0x184>)
20001038:	f8cd 9020 	str.w	r9, [sp, #32]
2000103c:	f8d3 9000 	ldr.w	r9, [r3]
20001040:	4b23      	ldr	r3, [pc, #140]	@ (200010d0 <frank_hdmi_run_core1+0x188>)
20001042:	f8cd 9024 	str.w	r9, [sp, #36]	@ 0x24
20001046:	f8d3 9000 	ldr.w	r9, [r3]
2000104a:	4b22      	ldr	r3, [pc, #136]	@ (200010d4 <frank_hdmi_run_core1+0x18c>)
2000104c:	f8cd 9028 	str.w	r9, [sp, #40]	@ 0x28
20001050:	f8d3 9000 	ldr.w	r9, [r3]
20001054:	f8b6 36de 	ldrh.w	r3, [r6, #1758]	@ 0x6de
20001058:	e9cd 2c01 	strd	r2, ip, [sp, #4]
2000105c:	9306      	str	r3, [sp, #24]
2000105e:	f8b6 36dc 	ldrh.w	r3, [r6, #1756]	@ 0x6dc
20001062:	f8d6 2708 	ldr.w	r2, [r6, #1800]	@ 0x708
20001066:	9305      	str	r3, [sp, #20]
20001068:	f8b6 36ce 	ldrh.w	r3, [r6, #1742]	@ 0x6ce
2000106c:	f8cd b000 	str.w	fp, [sp]
20001070:	9304      	str	r3, [sp, #16]
20001072:	f8b6 36cc 	ldrh.w	r3, [r6, #1740]	@ 0x6cc
20001076:	f8cd e01c 	str.w	lr, [sp, #28]
2000107a:	9303      	str	r3, [sp, #12]
2000107c:	6b73      	ldr	r3, [r6, #52]	@ 0x34
2000107e:	f8cd 902c 	str.w	r9, [sp, #44]	@ 0x2c
20001082:	f001 fa11 	bl	200024a8 <____wrap_printf_veneer>
20001086:	4b14      	ldr	r3, [pc, #80]	@ (200010d8 <frank_hdmi_run_core1+0x190>)
20001088:	46bb      	mov	fp, r7
2000108a:	681b      	ldr	r3, [r3, #0]
2000108c:	6898      	ldr	r0, [r3, #8]
2000108e:	f001 fa13 	bl	200024b8 <__fflush_veneer>
20001092:	e782      	b.n	20000f9a <frank_hdmi_run_core1+0x52>
20001094:	20002e60 	.word	0x20002e60
20001098:	20003554 	.word	0x20003554
2000109c:	20003544 	.word	0x20003544
200010a0:	400b0000 	.word	0x400b0000
200010a4:	2002b3bc 	.word	0x2002b3bc
200010a8:	000f423f 	.word	0x000f423f
200010ac:	100089c4 	.word	0x100089c4
200010b0:	2002b32c 	.word	0x2002b32c
200010b4:	2002b3b4 	.word	0x2002b3b4
200010b8:	2002b3b8 	.word	0x2002b3b8
200010bc:	2002b348 	.word	0x2002b348
200010c0:	10624dd3 	.word	0x10624dd3
200010c4:	2002b3ac 	.word	0x2002b3ac
200010c8:	2002b3b0 	.word	0x2002b3b0
200010cc:	2002b3c4 	.word	0x2002b3c4
200010d0:	2002b3a4 	.word	0x2002b3a4
200010d4:	2002b3a0 	.word	0x2002b3a0
200010d8:	20002a04 	.word	0x20002a04
200010dc:	2002b3c0 	.word	0x2002b3c0
200010e0:	2002b330 	.word	0x2002b330

200010e4 <dvi_update_data_packet_>:
200010e4:	b538      	push	{r3, r4, r5, lr}
200010e6:	f8d0 377c 	ldr.w	r3, [r0, #1916]	@ 0x77c
200010ea:	b17b      	cbz	r3, 2000110c <dvi_update_data_packet_+0x28>
200010ec:	f8d0 2870 	ldr.w	r2, [r0, #2160]	@ 0x870
200010f0:	f8d0 4780 	ldr.w	r4, [r0, #1920]	@ 0x780
200010f4:	f890 3038 	ldrb.w	r3, [r0, #56]	@ 0x38
200010f8:	4422      	add	r2, r4
200010fa:	f8c0 2870 	str.w	r2, [r0, #2160]	@ 0x870
200010fe:	b91b      	cbnz	r3, 20001108 <dvi_update_data_packet_+0x24>
20001100:	6b43      	ldr	r3, [r0, #52]	@ 0x34
20001102:	b1d3      	cbz	r3, 2000113a <dvi_update_data_packet_+0x56>
20001104:	2b01      	cmp	r3, #1
20001106:	d04c      	beq.n	200011a2 <dvi_update_data_packet_+0xbe>
20001108:	1613      	asrs	r3, r2, #24
2000110a:	d101      	bne.n	20001110 <dvi_update_data_packet_+0x2c>
2000110c:	2000      	movs	r0, #0
2000110e:	bd38      	pop	{r3, r4, r5, pc}
20001110:	2b04      	cmp	r3, #4
20001112:	bfa8      	it	ge
20001114:	2304      	movge	r3, #4
20001116:	469e      	mov	lr, r3
20001118:	4604      	mov	r4, r0
2000111a:	eba2 6c0e 	sub.w	ip, r2, lr, lsl #24
2000111e:	4608      	mov	r0, r1
20001120:	4672      	mov	r2, lr
20001122:	f8d4 3874 	ldr.w	r3, [r4, #2164]	@ 0x874
20001126:	f504 6106 	add.w	r1, r4, #2144	@ 0x860
2000112a:	f8c4 c870 	str.w	ip, [r4, #2160]	@ 0x870
2000112e:	f000 fd57 	bl	20001be0 <set_audio_sample>
20001132:	f8c4 0874 	str.w	r0, [r4, #2164]	@ 0x874
20001136:	2001      	movs	r0, #1
20001138:	bd38      	pop	{r3, r4, r5, pc}
2000113a:	f8d0 3708 	ldr.w	r3, [r0, #1800]	@ 0x708
2000113e:	468c      	mov	ip, r1
20001140:	07db      	lsls	r3, r3, #31
20001142:	d518      	bpl.n	20001176 <dvi_update_data_packet_+0x92>
20001144:	f200 740c 	addw	r4, r0, #1804	@ 0x70c
20001148:	f200 752c 	addw	r5, r0, #1836	@ 0x72c
2000114c:	46a6      	mov	lr, r4
2000114e:	f10c 0c10 	add.w	ip, ip, #16
20001152:	e8be 000f 	ldmia.w	lr!, {r0, r1, r2, r3}
20001156:	45ae      	cmp	lr, r5
20001158:	f104 0410 	add.w	r4, r4, #16
2000115c:	f84c 0c10 	str.w	r0, [ip, #-16]
20001160:	f84c 1c0c 	str.w	r1, [ip, #-12]
20001164:	f84c 2c08 	str.w	r2, [ip, #-8]
20001168:	f84c 3c04 	str.w	r3, [ip, #-4]
2000116c:	d1ee      	bne.n	2000114c <dvi_update_data_packet_+0x68>
2000116e:	6820      	ldr	r0, [r4, #0]
20001170:	f8cc 0000 	str.w	r0, [ip]
20001174:	e7df      	b.n	20001136 <dvi_update_data_packet_+0x52>
20001176:	f200 7454 	addw	r4, r0, #1876	@ 0x754
2000117a:	f200 7574 	addw	r5, r0, #1908	@ 0x774
2000117e:	46a6      	mov	lr, r4
20001180:	f10c 0c10 	add.w	ip, ip, #16
20001184:	e8be 000f 	ldmia.w	lr!, {r0, r1, r2, r3}
20001188:	45ae      	cmp	lr, r5
2000118a:	f104 0410 	add.w	r4, r4, #16
2000118e:	f84c 0c10 	str.w	r0, [ip, #-16]
20001192:	f84c 1c0c 	str.w	r1, [ip, #-12]
20001196:	f84c 2c08 	str.w	r2, [ip, #-8]
2000119a:	f84c 3c04 	str.w	r3, [ip, #-4]
2000119e:	d1ee      	bne.n	2000117e <dvi_update_data_packet_+0x9a>
200011a0:	e7e5      	b.n	2000116e <dvi_update_data_packet_+0x8a>
200011a2:	468c      	mov	ip, r1
200011a4:	f500 64e6 	add.w	r4, r0, #1840	@ 0x730
200011a8:	f500 65ea 	add.w	r5, r0, #1872	@ 0x750
200011ac:	46a6      	mov	lr, r4
200011ae:	f10c 0c10 	add.w	ip, ip, #16
200011b2:	e8be 000f 	ldmia.w	lr!, {r0, r1, r2, r3}
200011b6:	45ae      	cmp	lr, r5
200011b8:	f104 0410 	add.w	r4, r4, #16
200011bc:	f84c 0c10 	str.w	r0, [ip, #-16]
200011c0:	f84c 1c0c 	str.w	r1, [ip, #-12]
200011c4:	f84c 2c08 	str.w	r2, [ip, #-8]
200011c8:	f84c 3c04 	str.w	r3, [ip, #-4]
200011cc:	d1ee      	bne.n	200011ac <dvi_update_data_packet_+0xc8>
200011ce:	e7ce      	b.n	2000116e <dvi_update_data_packet_+0x8a>

200011d0 <dvi_dma_irq_handler>:
200011d0:	4601      	mov	r1, r0
200011d2:	e92d 4ff0 	stmdb	sp!, {r4, r5, r6, r7, r8, r9, sl, fp, lr}
200011d6:	4604      	mov	r4, r0
200011d8:	4a0c      	ldr	r2, [pc, #48]	@ (2000120c <dvi_dma_irq_handler+0x3c>)
200011da:	4d0d      	ldr	r5, [pc, #52]	@ (20001210 <dvi_dma_irq_handler+0x40>)
200011dc:	6813      	ldr	r3, [r2, #0]
200011de:	f851 0b34 	ldr.w	r0, [r1], #52
200011e2:	3301      	adds	r3, #1
200011e4:	b093      	sub	sp, #76	@ 0x4c
200011e6:	6013      	str	r3, [r2, #0]
200011e8:	6aae      	ldr	r6, [r5, #40]	@ 0x28
200011ea:	2700      	movs	r7, #0
200011ec:	f000 fb0e 	bl	2000180c <dvi_timing_state_advance>
200011f0:	f8d5 c028 	ldr.w	ip, [r5, #40]	@ 0x28
200011f4:	4625      	mov	r5, r4
200011f6:	6823      	ldr	r3, [r4, #0]
200011f8:	f8df e018 	ldr.w	lr, [pc, #24]	@ 20001214 <dvi_dma_irq_handler+0x44>
200011fc:	6918      	ldr	r0, [r3, #16]
200011fe:	0840      	lsrs	r0, r0, #1
20001200:	68a9      	ldr	r1, [r5, #8]
20001202:	2364      	movs	r3, #100	@ 0x64
20001204:	eb0e 1181 	add.w	r1, lr, r1, lsl #6
20001208:	e009      	b.n	2000121e <dvi_dma_irq_handler+0x4e>
2000120a:	bf00      	nop
2000120c:	2002b348 	.word	0x2002b348
20001210:	400b0000 	.word	0x400b0000
20001214:	50000800 	.word	0x50000800
20001218:	3b01      	subs	r3, #1
2000121a:	f000 81b8 	beq.w	2000158e <dvi_dma_irq_handler+0x3be>
2000121e:	684a      	ldr	r2, [r1, #4]
20001220:	4282      	cmp	r2, r0
20001222:	d1f9      	bne.n	20001218 <dvi_dma_irq_handler+0x48>
20001224:	3701      	adds	r7, #1
20001226:	2f03      	cmp	r7, #3
20001228:	f105 0510 	add.w	r5, r5, #16
2000122c:	d1e8      	bne.n	20001200 <dvi_dma_irq_handler+0x30>
2000122e:	4bac      	ldr	r3, [pc, #688]	@ (200014e0 <dvi_dma_irq_handler+0x310>)
20001230:	4aac      	ldr	r2, [pc, #688]	@ (200014e4 <dvi_dma_irq_handler+0x314>)
20001232:	6a9b      	ldr	r3, [r3, #40]	@ 0x28
20001234:	eba3 030c 	sub.w	r3, r3, ip
20001238:	6013      	str	r3, [r2, #0]
2000123a:	4aab      	ldr	r2, [pc, #684]	@ (200014e8 <dvi_dma_irq_handler+0x318>)
2000123c:	6811      	ldr	r1, [r2, #0]
2000123e:	4299      	cmp	r1, r3
20001240:	bf38      	it	cc
20001242:	6013      	strcc	r3, [r2, #0]
20001244:	f8d4 36bc 	ldr.w	r3, [r4, #1724]	@ 0x6bc
20001248:	2b00      	cmp	r3, #0
2000124a:	d034      	beq.n	200012b6 <dvi_dma_irq_handler+0xe6>
2000124c:	f8d4 36d4 	ldr.w	r3, [r4, #1748]	@ 0x6d4
20001250:	f3ef 8510 	mrs	r5, PRIMASK
20001254:	b672      	cpsid	i
20001256:	e8d3 1fcf 	ldaexb	r1, [r3]
2000125a:	2201      	movs	r2, #1
2000125c:	2900      	cmp	r1, #0
2000125e:	d1fa      	bne.n	20001256 <dvi_dma_irq_handler+0x86>
20001260:	e8c3 2f41 	strexb	r1, r2, [r3]
20001264:	2900      	cmp	r1, #0
20001266:	d1f6      	bne.n	20001256 <dvi_dma_irq_handler+0x86>
20001268:	f3bf 8f5f 	dmb	sy
2000126c:	f8b4 16e2 	ldrh.w	r1, [r4, #1762]	@ 0x6e2
20001270:	f8b4 06dc 	ldrh.w	r0, [r4, #1756]	@ 0x6dc
20001274:	f8b4 36de 	ldrh.w	r3, [r4, #1758]	@ 0x6de
20001278:	1c4a      	adds	r2, r1, #1
2000127a:	1ac3      	subs	r3, r0, r3
2000127c:	441a      	add	r2, r3
2000127e:	ea33 0323 	bics.w	r3, r3, r3, asr #32
20001282:	bf28      	it	cs
20001284:	4613      	movcs	r3, r2
20001286:	428b      	cmp	r3, r1
20001288:	f8d4 76d4 	ldr.w	r7, [r4, #1748]	@ 0x6d4
2000128c:	f000 81dc 	beq.w	20001648 <dvi_dma_irq_handler+0x478>
20001290:	1c43      	adds	r3, r0, #1
20001292:	b29b      	uxth	r3, r3
20001294:	428b      	cmp	r3, r1
20001296:	bf88      	it	hi
20001298:	2300      	movhi	r3, #0
2000129a:	f8d4 26d8 	ldr.w	r2, [r4, #1752]	@ 0x6d8
2000129e:	f8d4 16bc 	ldr.w	r1, [r4, #1724]	@ 0x6bc
200012a2:	f842 1020 	str.w	r1, [r2, r0, lsl #2]
200012a6:	f8a4 36dc 	strh.w	r3, [r4, #1756]	@ 0x6dc
200012aa:	2300      	movs	r3, #0
200012ac:	e8c7 3f8f 	stlb	r3, [r7]
200012b0:	f385 8810 	msr	PRIMASK, r5
200012b4:	bf40      	sev
200012b6:	2700      	movs	r7, #0
200012b8:	f8d4 26b8 	ldr.w	r2, [r4, #1720]	@ 0x6b8
200012bc:	f8d4 36c0 	ldr.w	r3, [r4, #1728]	@ 0x6c0
200012c0:	46b4      	mov	ip, r6
200012c2:	f8c4 26bc 	str.w	r2, [r4, #1724]	@ 0x6bc
200012c6:	f8c4 76b8 	str.w	r7, [r4, #1720]	@ 0x6b8
200012ca:	2b00      	cmp	r3, #0
200012cc:	d063      	beq.n	20001396 <dvi_dma_irq_handler+0x1c6>
200012ce:	f8d4 36c4 	ldr.w	r3, [r4, #1732]	@ 0x6c4
200012d2:	f3ef 8110 	mrs	r1, PRIMASK
200012d6:	b672      	cpsid	i
200012d8:	e8d3 0fcf 	ldaexb	r0, [r3]
200012dc:	2201      	movs	r2, #1
200012de:	2800      	cmp	r0, #0
200012e0:	d1fa      	bne.n	200012d8 <dvi_dma_irq_handler+0x108>
200012e2:	e8c3 2f40 	strexb	r0, r2, [r3]
200012e6:	2800      	cmp	r0, #0
200012e8:	d1f6      	bne.n	200012d8 <dvi_dma_irq_handler+0x108>
200012ea:	f3bf 8f5f 	dmb	sy
200012ee:	f8b4 26ce 	ldrh.w	r2, [r4, #1742]	@ 0x6ce
200012f2:	f8b4 36cc 	ldrh.w	r3, [r4, #1740]	@ 0x6cc
200012f6:	1a9b      	subs	r3, r3, r2
200012f8:	f100 810e 	bmi.w	20001518 <dvi_dma_irq_handler+0x348>
200012fc:	2b00      	cmp	r3, #0
200012fe:	f000 8112 	beq.w	20001526 <dvi_dma_irq_handler+0x356>
20001302:	f8b4 06d2 	ldrh.w	r0, [r4, #1746]	@ 0x6d2
20001306:	1c53      	adds	r3, r2, #1
20001308:	b29b      	uxth	r3, r3
2000130a:	4298      	cmp	r0, r3
2000130c:	bf38      	it	cc
2000130e:	2300      	movcc	r3, #0
20001310:	f8d4 56c8 	ldr.w	r5, [r4, #1736]	@ 0x6c8
20001314:	f8d4 06c4 	ldr.w	r0, [r4, #1732]	@ 0x6c4
20001318:	f855 6022 	ldr.w	r6, [r5, r2, lsl #2]
2000131c:	f8a4 36ce 	strh.w	r3, [r4, #1742]	@ 0x6ce
20001320:	e8c0 7f8f 	stlb	r7, [r0]
20001324:	f381 8810 	msr	PRIMASK, r1
20001328:	bf40      	sev
2000132a:	f8d4 36d4 	ldr.w	r3, [r4, #1748]	@ 0x6d4
2000132e:	f3ef 8010 	mrs	r0, PRIMASK
20001332:	b672      	cpsid	i
20001334:	e8d3 1fcf 	ldaexb	r1, [r3]
20001338:	2201      	movs	r2, #1
2000133a:	2900      	cmp	r1, #0
2000133c:	d1fa      	bne.n	20001334 <dvi_dma_irq_handler+0x164>
2000133e:	e8c3 2f41 	strexb	r1, r2, [r3]
20001342:	2900      	cmp	r1, #0
20001344:	d1f6      	bne.n	20001334 <dvi_dma_irq_handler+0x164>
20001346:	f3bf 8f5f 	dmb	sy
2000134a:	f8b4 26dc 	ldrh.w	r2, [r4, #1756]	@ 0x6dc
2000134e:	f8b4 36de 	ldrh.w	r3, [r4, #1758]	@ 0x6de
20001352:	f8b4 16e2 	ldrh.w	r1, [r4, #1762]	@ 0x6e2
20001356:	1ad3      	subs	r3, r2, r3
20001358:	f100 80fd 	bmi.w	20001556 <dvi_dma_irq_handler+0x386>
2000135c:	428b      	cmp	r3, r1
2000135e:	f8d4 56d4 	ldr.w	r5, [r4, #1748]	@ 0x6d4
20001362:	f000 80ff 	beq.w	20001564 <dvi_dma_irq_handler+0x394>
20001366:	1c53      	adds	r3, r2, #1
20001368:	b29b      	uxth	r3, r3
2000136a:	428b      	cmp	r3, r1
2000136c:	bf88      	it	hi
2000136e:	2300      	movhi	r3, #0
20001370:	f8d4 16d8 	ldr.w	r1, [r4, #1752]	@ 0x6d8
20001374:	f841 6022 	str.w	r6, [r1, r2, lsl #2]
20001378:	f8a4 36dc 	strh.w	r3, [r4, #1756]	@ 0x6dc
2000137c:	e8c5 7f8f 	stlb	r7, [r5]
20001380:	f380 8810 	msr	PRIMASK, r0
20001384:	bf40      	sev
20001386:	f8d4 36c0 	ldr.w	r3, [r4, #1728]	@ 0x6c0
2000138a:	3b01      	subs	r3, #1
2000138c:	f8c4 36c0 	str.w	r3, [r4, #1728]	@ 0x6c0
20001390:	2b00      	cmp	r3, #0
20001392:	d19c      	bne.n	200012ce <dvi_dma_irq_handler+0xfe>
20001394:	4666      	mov	r6, ip
20001396:	f894 3038 	ldrb.w	r3, [r4, #56]	@ 0x38
2000139a:	2b01      	cmp	r3, #1
2000139c:	f000 80cf 	beq.w	2000153e <dvi_dma_irq_handler+0x36e>
200013a0:	2b03      	cmp	r3, #3
200013a2:	f000 80e5 	beq.w	20001570 <dvi_dma_irq_handler+0x3a0>
200013a6:	f504 72dc 	add.w	r2, r4, #440	@ 0x1b8
200013aa:	f04f 4aa0 	mov.w	sl, #1342177280	@ 0x50000000
200013ae:	f04f 0b01 	mov.w	fp, #1
200013b2:	f04f 0804 	mov.w	r8, #4
200013b6:	4b4a      	ldr	r3, [pc, #296]	@ (200014e0 <dvi_dma_irq_handler+0x310>)
200013b8:	494c      	ldr	r1, [pc, #304]	@ (200014ec <dvi_dma_irq_handler+0x31c>)
200013ba:	6a9b      	ldr	r3, [r3, #40]	@ 0x28
200013bc:	6dd5      	ldr	r5, [r2, #92]	@ 0x5c
200013be:	1b9b      	subs	r3, r3, r6
200013c0:	600b      	str	r3, [r1, #0]
200013c2:	494b      	ldr	r1, [pc, #300]	@ (200014f0 <dvi_dma_irq_handler+0x320>)
200013c4:	f8d4 e008 	ldr.w	lr, [r4, #8]
200013c8:	6808      	ldr	r0, [r1, #0]
200013ca:	f425 35f0 	bic.w	r5, r5, #122880	@ 0x1e000
200013ce:	4298      	cmp	r0, r3
200013d0:	bf38      	it	cc
200013d2:	600b      	strcc	r3, [r1, #0]
200013d4:	4b42      	ldr	r3, [pc, #264]	@ (200014e0 <dvi_dma_irq_handler+0x310>)
200013d6:	ea45 354e 	orr.w	r5, r5, lr, lsl #13
200013da:	6a9b      	ldr	r3, [r3, #40]	@ 0x28
200013dc:	9505      	str	r5, [sp, #20]
200013de:	f8d2 50cc 	ldr.w	r5, [r2, #204]	@ 0xcc
200013e2:	f8d4 9018 	ldr.w	r9, [r4, #24]
200013e6:	f425 35f0 	bic.w	r5, r5, #122880	@ 0x1e000
200013ea:	ea45 3549 	orr.w	r5, r5, r9, lsl #13
200013ee:	9506      	str	r5, [sp, #24]
200013f0:	eb0a 1589 	add.w	r5, sl, r9, lsl #6
200013f4:	9502      	str	r5, [sp, #8]
200013f6:	f8d2 513c 	ldr.w	r5, [r2, #316]	@ 0x13c
200013fa:	f8d4 c028 	ldr.w	ip, [r4, #40]	@ 0x28
200013fe:	6860      	ldr	r0, [r4, #4]
20001400:	f425 35f0 	bic.w	r5, r5, #122880	@ 0x1e000
20001404:	ea45 354c 	orr.w	r5, r5, ip, lsl #13
20001408:	6961      	ldr	r1, [r4, #20]
2000140a:	9507      	str	r5, [sp, #28]
2000140c:	ea4f 3940 	mov.w	r9, r0, lsl #13
20001410:	4d38      	ldr	r5, [pc, #224]	@ (200014f4 <dvi_dma_irq_handler+0x324>)
20001412:	f029 7960 	bic.w	r9, r9, #58720256	@ 0x3800000
20001416:	ea49 0705 	orr.w	r7, r9, r5
2000141a:	9301      	str	r3, [sp, #4]
2000141c:	ea4f 3941 	mov.w	r9, r1, lsl #13
20001420:	6a63      	ldr	r3, [r4, #36]	@ 0x24
20001422:	f029 7960 	bic.w	r9, r9, #58720256	@ 0x3800000
20001426:	9704      	str	r7, [sp, #16]
20001428:	ea49 0705 	orr.w	r7, r9, r5
2000142c:	ea4f 3943 	mov.w	r9, r3, lsl #13
20001430:	9703      	str	r7, [sp, #12]
20001432:	f029 7960 	bic.w	r9, r9, #58720256	@ 0x3800000
20001436:	9f04      	ldr	r7, [sp, #16]
20001438:	ea49 0505 	orr.w	r5, r9, r5
2000143c:	eb0a 1e8e 	add.w	lr, sl, lr, lsl #6
20001440:	fa0b f900 	lsl.w	r9, fp, r0
20001444:	eb0a 1080 	add.w	r0, sl, r0, lsl #6
20001448:	6002      	str	r2, [r0, #0]
2000144a:	f8c0 e004 	str.w	lr, [r0, #4]
2000144e:	f8c0 8008 	str.w	r8, [r0, #8]
20001452:	6107      	str	r7, [r0, #16]
20001454:	fa0b f003 	lsl.w	r0, fp, r3
20001458:	fa0b f701 	lsl.w	r7, fp, r1
2000145c:	ea49 0000 	orr.w	r0, r9, r0
20001460:	ea40 0907 	orr.w	r9, r0, r7
20001464:	9802      	ldr	r0, [sp, #8]
20001466:	eb0a 1181 	add.w	r1, sl, r1, lsl #6
2000146a:	f102 0e60 	add.w	lr, r2, #96	@ 0x60
2000146e:	f894 7784 	ldrb.w	r7, [r4, #1924]	@ 0x784
20001472:	f8c1 e000 	str.w	lr, [r1]
20001476:	6048      	str	r0, [r1, #4]
20001478:	9803      	ldr	r0, [sp, #12]
2000147a:	eb0a 1383 	add.w	r3, sl, r3, lsl #6
2000147e:	f8c1 8008 	str.w	r8, [r1, #8]
20001482:	eb0a 1c8c 	add.w	ip, sl, ip, lsl #6
20001486:	6108      	str	r0, [r1, #16]
20001488:	f102 01d0 	add.w	r1, r2, #208	@ 0xd0
2000148c:	6019      	str	r1, [r3, #0]
2000148e:	f8c3 c004 	str.w	ip, [r3, #4]
20001492:	f8c3 8008 	str.w	r8, [r3, #8]
20001496:	611d      	str	r5, [r3, #16]
20001498:	9d05      	ldr	r5, [sp, #20]
2000149a:	65d5      	str	r5, [r2, #92]	@ 0x5c
2000149c:	9d06      	ldr	r5, [sp, #24]
2000149e:	f8c2 50cc 	str.w	r5, [r2, #204]	@ 0xcc
200014a2:	9d07      	ldr	r5, [sp, #28]
200014a4:	f8c2 513c 	str.w	r5, [r2, #316]	@ 0x13c
200014a8:	f8ca 9450 	str.w	r9, [sl, #1104]	@ 0x450
200014ac:	2f00      	cmp	r7, #0
200014ae:	f040 80b0 	bne.w	20001612 <dvi_dma_irq_handler+0x442>
200014b2:	4b0b      	ldr	r3, [pc, #44]	@ (200014e0 <dvi_dma_irq_handler+0x310>)
200014b4:	9801      	ldr	r0, [sp, #4]
200014b6:	6a9b      	ldr	r3, [r3, #40]	@ 0x28
200014b8:	490f      	ldr	r1, [pc, #60]	@ (200014f8 <dvi_dma_irq_handler+0x328>)
200014ba:	1a1b      	subs	r3, r3, r0
200014bc:	4a0f      	ldr	r2, [pc, #60]	@ (200014fc <dvi_dma_irq_handler+0x32c>)
200014be:	600b      	str	r3, [r1, #0]
200014c0:	6811      	ldr	r1, [r2, #0]
200014c2:	4299      	cmp	r1, r3
200014c4:	bf38      	it	cc
200014c6:	6013      	strcc	r3, [r2, #0]
200014c8:	4b05      	ldr	r3, [pc, #20]	@ (200014e0 <dvi_dma_irq_handler+0x310>)
200014ca:	490d      	ldr	r1, [pc, #52]	@ (20001500 <dvi_dma_irq_handler+0x330>)
200014cc:	6a9b      	ldr	r3, [r3, #40]	@ 0x28
200014ce:	4a0d      	ldr	r2, [pc, #52]	@ (20001504 <dvi_dma_irq_handler+0x334>)
200014d0:	1b9b      	subs	r3, r3, r6
200014d2:	600b      	str	r3, [r1, #0]
200014d4:	6811      	ldr	r1, [r2, #0]
200014d6:	4299      	cmp	r1, r3
200014d8:	490b      	ldr	r1, [pc, #44]	@ (20001508 <dvi_dma_irq_handler+0x338>)
200014da:	bf38      	it	cc
200014dc:	6013      	strcc	r3, [r2, #0]
200014de:	e015      	b.n	2000150c <dvi_dma_irq_handler+0x33c>
200014e0:	400b0000 	.word	0x400b0000
200014e4:	2002b358 	.word	0x2002b358
200014e8:	2002b35c 	.word	0x2002b35c
200014ec:	2002b340 	.word	0x2002b340
200014f0:	2002b344 	.word	0x2002b344
200014f4:	007e1459 	.word	0x007e1459
200014f8:	2002b34c 	.word	0x2002b34c
200014fc:	2002b350 	.word	0x2002b350
20001500:	2002b334 	.word	0x2002b334
20001504:	2002b338 	.word	0x2002b338
20001508:	2002b33c 	.word	0x2002b33c
2000150c:	680a      	ldr	r2, [r1, #0]
2000150e:	4413      	add	r3, r2
20001510:	600b      	str	r3, [r1, #0]
20001512:	b013      	add	sp, #76	@ 0x4c
20001514:	e8bd 8ff0 	ldmia.w	sp!, {r4, r5, r6, r7, r8, r9, sl, fp, pc}
20001518:	f8b4 06d2 	ldrh.w	r0, [r4, #1746]	@ 0x6d2
2000151c:	3001      	adds	r0, #1
2000151e:	4403      	add	r3, r0
20001520:	2b00      	cmp	r3, #0
20001522:	f47f aeee 	bne.w	20001302 <dvi_dma_irq_handler+0x132>
20001526:	4666      	mov	r6, ip
20001528:	f8d4 26c4 	ldr.w	r2, [r4, #1732]	@ 0x6c4
2000152c:	e8c2 3f8f 	stlb	r3, [r2]
20001530:	f381 8810 	msr	PRIMASK, r1
20001534:	f894 3038 	ldrb.w	r3, [r4, #56]	@ 0x38
20001538:	2b01      	cmp	r3, #1
2000153a:	f47f af31 	bne.w	200013a0 <dvi_dma_irq_handler+0x1d0>
2000153e:	6b63      	ldr	r3, [r4, #52]	@ 0x34
20001540:	f104 0278 	add.w	r2, r4, #120	@ 0x78
20001544:	2b00      	cmp	r3, #0
20001546:	f47f af30 	bne.w	200013aa <dvi_dma_irq_handler+0x1da>
2000154a:	f8d4 3708 	ldr.w	r3, [r4, #1800]	@ 0x708
2000154e:	3301      	adds	r3, #1
20001550:	f8c4 3708 	str.w	r3, [r4, #1800]	@ 0x708
20001554:	e729      	b.n	200013aa <dvi_dma_irq_handler+0x1da>
20001556:	1c4d      	adds	r5, r1, #1
20001558:	442b      	add	r3, r5
2000155a:	428b      	cmp	r3, r1
2000155c:	f8d4 56d4 	ldr.w	r5, [r4, #1748]	@ 0x6d4
20001560:	f47f af01 	bne.w	20001366 <dvi_dma_irq_handler+0x196>
20001564:	e8c5 7f8f 	stlb	r7, [r5]
20001568:	f380 8810 	msr	PRIMASK, r0
2000156c:	bf20      	wfe
2000156e:	e6dc      	b.n	2000132a <dvi_dma_irq_handler+0x15a>
20001570:	6b63      	ldr	r3, [r4, #52]	@ 0x34
20001572:	6ee2      	ldr	r2, [r4, #108]	@ 0x6c
20001574:	4293      	cmp	r3, r2
20001576:	d26f      	bcs.n	20001658 <dvi_dma_irq_handler+0x488>
20001578:	f504 62af 	add.w	r2, r4, #1400	@ 0x578
2000157c:	6f63      	ldr	r3, [r4, #116]	@ 0x74
2000157e:	2b00      	cmp	r3, #0
20001580:	f43f af13 	beq.w	200013aa <dvi_dma_irq_handler+0x1da>
20001584:	6b60      	ldr	r0, [r4, #52]	@ 0x34
20001586:	9201      	str	r2, [sp, #4]
20001588:	4798      	blx	r3
2000158a:	9a01      	ldr	r2, [sp, #4]
2000158c:	e70d      	b.n	200013aa <dvi_dma_irq_handler+0x1da>
2000158e:	4a85      	ldr	r2, [pc, #532]	@ (200017a4 <dvi_dma_irq_handler+0x5d4>)
20001590:	4985      	ldr	r1, [pc, #532]	@ (200017a8 <dvi_dma_irq_handler+0x5d8>)
20001592:	6813      	ldr	r3, [r2, #0]
20001594:	3301      	adds	r3, #1
20001596:	6013      	str	r3, [r2, #0]
20001598:	680b      	ldr	r3, [r1, #0]
2000159a:	3301      	adds	r3, #1
2000159c:	f47f ae42 	bne.w	20001224 <dvi_dma_irq_handler+0x54>
200015a0:	600f      	str	r7, [r1, #0]
200015a2:	68a3      	ldr	r3, [r4, #8]
200015a4:	4a81      	ldr	r2, [pc, #516]	@ (200017ac <dvi_dma_irq_handler+0x5dc>)
200015a6:	4982      	ldr	r1, [pc, #520]	@ (200017b0 <dvi_dma_irq_handler+0x5e0>)
200015a8:	f8df 9220 	ldr.w	r9, [pc, #544]	@ 200017cc <dvi_dma_irq_handler+0x5fc>
200015ac:	6008      	str	r0, [r1, #0]
200015ae:	6013      	str	r3, [r2, #0]
200015b0:	eb0e 1183 	add.w	r1, lr, r3, lsl #6
200015b4:	6849      	ldr	r1, [r1, #4]
200015b6:	019b      	lsls	r3, r3, #6
200015b8:	f8c9 1000 	str.w	r1, [r9]
200015bc:	f103 43a0 	add.w	r3, r3, #1342177280	@ 0x50000000
200015c0:	68d9      	ldr	r1, [r3, #12]
200015c2:	f8df 820c 	ldr.w	r8, [pc, #524]	@ 200017d0 <dvi_dma_irq_handler+0x600>
200015c6:	f8c8 1000 	str.w	r1, [r8]
200015ca:	689b      	ldr	r3, [r3, #8]
200015cc:	4979      	ldr	r1, [pc, #484]	@ (200017b4 <dvi_dma_irq_handler+0x5e4>)
200015ce:	600b      	str	r3, [r1, #0]
200015d0:	69a3      	ldr	r3, [r4, #24]
200015d2:	6053      	str	r3, [r2, #4]
200015d4:	eb0e 1a83 	add.w	sl, lr, r3, lsl #6
200015d8:	f8da a004 	ldr.w	sl, [sl, #4]
200015dc:	019b      	lsls	r3, r3, #6
200015de:	f8c9 a004 	str.w	sl, [r9, #4]
200015e2:	f103 43a0 	add.w	r3, r3, #1342177280	@ 0x50000000
200015e6:	f8d3 a00c 	ldr.w	sl, [r3, #12]
200015ea:	f8c8 a004 	str.w	sl, [r8, #4]
200015ee:	689b      	ldr	r3, [r3, #8]
200015f0:	604b      	str	r3, [r1, #4]
200015f2:	6aa3      	ldr	r3, [r4, #40]	@ 0x28
200015f4:	6093      	str	r3, [r2, #8]
200015f6:	eb0e 1283 	add.w	r2, lr, r3, lsl #6
200015fa:	6852      	ldr	r2, [r2, #4]
200015fc:	019b      	lsls	r3, r3, #6
200015fe:	f8c9 2008 	str.w	r2, [r9, #8]
20001602:	f103 43a0 	add.w	r3, r3, #1342177280	@ 0x50000000
20001606:	68da      	ldr	r2, [r3, #12]
20001608:	f8c8 2008 	str.w	r2, [r8, #8]
2000160c:	689b      	ldr	r3, [r3, #8]
2000160e:	608b      	str	r3, [r1, #8]
20001610:	e608      	b.n	20001224 <dvi_dma_irq_handler+0x54>
20001612:	4620      	mov	r0, r4
20001614:	a909      	add	r1, sp, #36	@ 0x24
20001616:	f7ff fd65 	bl	200010e4 <dvi_update_data_packet_>
2000161a:	2800      	cmp	r0, #0
2000161c:	f000 8095 	beq.w	2000174a <dvi_dma_irq_handler+0x57a>
20001620:	f894 2038 	ldrb.w	r2, [r4, #56]	@ 0x38
20001624:	6823      	ldr	r3, [r4, #0]
20001626:	f1a2 0201 	sub.w	r2, r2, #1
2000162a:	fab2 f282 	clz	r2, r2
2000162e:	f504 60f1 	add.w	r0, r4, #1928	@ 0x788
20001632:	7d1c      	ldrb	r4, [r3, #20]
20001634:	0952      	lsrs	r2, r2, #5
20001636:	1b12      	subs	r2, r2, r4
20001638:	fab2 f282 	clz	r2, r2
2000163c:	781b      	ldrb	r3, [r3, #0]
2000163e:	a909      	add	r1, sp, #36	@ 0x24
20001640:	0952      	lsrs	r2, r2, #5
20001642:	f000 fba1 	bl	20001d88 <encode>
20001646:	e734      	b.n	200014b2 <dvi_dma_irq_handler+0x2e2>
20001648:	2300      	movs	r3, #0
2000164a:	e8c7 3f8f 	stlb	r3, [r7]
2000164e:	f385 8810 	msr	PRIMASK, r5
20001652:	4859      	ldr	r0, [pc, #356]	@ (200017b8 <dvi_dma_irq_handler+0x5e8>)
20001654:	f000 ff4c 	bl	200024f0 <__panic_veneer>
20001658:	6822      	ldr	r2, [r4, #0]
2000165a:	6f21      	ldr	r1, [r4, #112]	@ 0x70
2000165c:	6a52      	ldr	r2, [r2, #36]	@ 0x24
2000165e:	1a52      	subs	r2, r2, r1
20001660:	4293      	cmp	r3, r2
20001662:	d289      	bcs.n	20001578 <dvi_dma_irq_handler+0x3a8>
20001664:	f8d4 36c4 	ldr.w	r3, [r4, #1732]	@ 0x6c4
20001668:	f3ef 8110 	mrs	r1, PRIMASK
2000166c:	b672      	cpsid	i
2000166e:	e8d3 0fcf 	ldaexb	r0, [r3]
20001672:	2201      	movs	r2, #1
20001674:	2800      	cmp	r0, #0
20001676:	d1fa      	bne.n	2000166e <dvi_dma_irq_handler+0x49e>
20001678:	e8c3 2f40 	strexb	r0, r2, [r3]
2000167c:	2800      	cmp	r0, #0
2000167e:	d1f6      	bne.n	2000166e <dvi_dma_irq_handler+0x49e>
20001680:	f3bf 8f5f 	dmb	sy
20001684:	f8b4 36cc 	ldrh.w	r3, [r4, #1740]	@ 0x6cc
20001688:	f8b4 26ce 	ldrh.w	r2, [r4, #1742]	@ 0x6ce
2000168c:	1a9b      	subs	r3, r3, r2
2000168e:	d475      	bmi.n	2000177c <dvi_dma_irq_handler+0x5ac>
20001690:	f8d4 26c4 	ldr.w	r2, [r4, #1732]	@ 0x6c4
20001694:	2b00      	cmp	r3, #0
20001696:	d05e      	beq.n	20001756 <dvi_dma_irq_handler+0x586>
20001698:	2700      	movs	r7, #0
2000169a:	e8c2 7f8f 	stlb	r7, [r2]
2000169e:	f381 8810 	msr	PRIMASK, r1
200016a2:	f8d4 36c4 	ldr.w	r3, [r4, #1732]	@ 0x6c4
200016a6:	f3ef 8010 	mrs	r0, PRIMASK
200016aa:	b672      	cpsid	i
200016ac:	e8d3 1fcf 	ldaexb	r1, [r3]
200016b0:	2201      	movs	r2, #1
200016b2:	2900      	cmp	r1, #0
200016b4:	d1fa      	bne.n	200016ac <dvi_dma_irq_handler+0x4dc>
200016b6:	e8c3 2f41 	strexb	r1, r2, [r3]
200016ba:	2900      	cmp	r1, #0
200016bc:	d1f6      	bne.n	200016ac <dvi_dma_irq_handler+0x4dc>
200016be:	f3bf 8f5f 	dmb	sy
200016c2:	f8b4 26ce 	ldrh.w	r2, [r4, #1742]	@ 0x6ce
200016c6:	f8b4 36cc 	ldrh.w	r3, [r4, #1740]	@ 0x6cc
200016ca:	1a9b      	subs	r3, r3, r2
200016cc:	2b00      	cmp	r3, #0
200016ce:	db5a      	blt.n	20001786 <dvi_dma_irq_handler+0x5b6>
200016d0:	f8d4 56c4 	ldr.w	r5, [r4, #1732]	@ 0x6c4
200016d4:	d060      	beq.n	20001798 <dvi_dma_irq_handler+0x5c8>
200016d6:	f8b4 16d2 	ldrh.w	r1, [r4, #1746]	@ 0x6d2
200016da:	1c53      	adds	r3, r2, #1
200016dc:	b29b      	uxth	r3, r3
200016de:	4299      	cmp	r1, r3
200016e0:	bf38      	it	cc
200016e2:	2300      	movcc	r3, #0
200016e4:	f8d4 16c8 	ldr.w	r1, [r4, #1736]	@ 0x6c8
200016e8:	f851 1022 	ldr.w	r1, [r1, r2, lsl #2]
200016ec:	f8a4 36ce 	strh.w	r3, [r4, #1742]	@ 0x6ce
200016f0:	2300      	movs	r3, #0
200016f2:	e8c5 3f8f 	stlb	r3, [r5]
200016f6:	f380 8810 	msr	PRIMASK, r0
200016fa:	bf40      	sev
200016fc:	f894 3785 	ldrb.w	r3, [r4, #1925]	@ 0x785
20001700:	f8c4 16b8 	str.w	r1, [r4, #1720]	@ 0x6b8
20001704:	b11b      	cbz	r3, 2000170e <dvi_dma_irq_handler+0x53e>
20001706:	6b63      	ldr	r3, [r4, #52]	@ 0x34
20001708:	07db      	lsls	r3, r3, #31
2000170a:	f53f af35 	bmi.w	20001578 <dvi_dma_irq_handler+0x3a8>
2000170e:	2900      	cmp	r1, #0
20001710:	d031      	beq.n	20001776 <dvi_dma_irq_handler+0x5a6>
20001712:	4f2a      	ldr	r7, [pc, #168]	@ (200017bc <dvi_dma_irq_handler+0x5ec>)
20001714:	f504 723e 	add.w	r2, r4, #760	@ 0x2f8
20001718:	f894 3784 	ldrb.w	r3, [r4, #1924]	@ 0x784
2000171c:	6820      	ldr	r0, [r4, #0]
2000171e:	f8d7 8028 	ldr.w	r8, [r7, #40]	@ 0x28
20001722:	9201      	str	r2, [sp, #4]
20001724:	f000 f894 	bl	20001850 <dvi_update_scanline_data_dma>
20001728:	6abb      	ldr	r3, [r7, #40]	@ 0x28
2000172a:	4925      	ldr	r1, [pc, #148]	@ (200017c0 <dvi_dma_irq_handler+0x5f0>)
2000172c:	4d25      	ldr	r5, [pc, #148]	@ (200017c4 <dvi_dma_irq_handler+0x5f4>)
2000172e:	eba3 0308 	sub.w	r3, r3, r8
20001732:	600b      	str	r3, [r1, #0]
20001734:	6829      	ldr	r1, [r5, #0]
20001736:	4824      	ldr	r0, [pc, #144]	@ (200017c8 <dvi_dma_irq_handler+0x5f8>)
20001738:	3101      	adds	r1, #1
2000173a:	6029      	str	r1, [r5, #0]
2000173c:	6801      	ldr	r1, [r0, #0]
2000173e:	9a01      	ldr	r2, [sp, #4]
20001740:	4299      	cmp	r1, r3
20001742:	f4bf af1b 	bcs.w	2000157c <dvi_dma_irq_handler+0x3ac>
20001746:	6003      	str	r3, [r0, #0]
20001748:	e718      	b.n	2000157c <dvi_dma_irq_handler+0x3ac>
2000174a:	2124      	movs	r1, #36	@ 0x24
2000174c:	eb0d 0001 	add.w	r0, sp, r1
20001750:	f000 fa40 	bl	20001bd4 <set_null>
20001754:	e764      	b.n	20001620 <dvi_dma_irq_handler+0x450>
20001756:	e8c2 3f8f 	stlb	r3, [r2]
2000175a:	f381 8810 	msr	PRIMASK, r1
2000175e:	f8d4 36c0 	ldr.w	r3, [r4, #1728]	@ 0x6c0
20001762:	f894 2785 	ldrb.w	r2, [r4, #1925]	@ 0x785
20001766:	3301      	adds	r3, #1
20001768:	f8c4 36c0 	str.w	r3, [r4, #1728]	@ 0x6c0
2000176c:	b11a      	cbz	r2, 20001776 <dvi_dma_irq_handler+0x5a6>
2000176e:	6b63      	ldr	r3, [r4, #52]	@ 0x34
20001770:	07da      	lsls	r2, r3, #31
20001772:	f53f af01 	bmi.w	20001578 <dvi_dma_irq_handler+0x3a8>
20001776:	f504 6287 	add.w	r2, r4, #1080	@ 0x438
2000177a:	e6ff      	b.n	2000157c <dvi_dma_irq_handler+0x3ac>
2000177c:	f8b4 26d2 	ldrh.w	r2, [r4, #1746]	@ 0x6d2
20001780:	3201      	adds	r2, #1
20001782:	4413      	add	r3, r2
20001784:	e784      	b.n	20001690 <dvi_dma_irq_handler+0x4c0>
20001786:	f8b4 16d2 	ldrh.w	r1, [r4, #1746]	@ 0x6d2
2000178a:	f8d4 56c4 	ldr.w	r5, [r4, #1732]	@ 0x6c4
2000178e:	f101 0c01 	add.w	ip, r1, #1
20001792:	eb1c 0f03 	cmn.w	ip, r3
20001796:	d1a0      	bne.n	200016da <dvi_dma_irq_handler+0x50a>
20001798:	e8c5 7f8f 	stlb	r7, [r5]
2000179c:	f380 8810 	msr	PRIMASK, r0
200017a0:	bf20      	wfe
200017a2:	e77e      	b.n	200016a2 <dvi_dma_irq_handler+0x4d2>
200017a4:	2002b354 	.word	0x2002b354
200017a8:	200025e0 	.word	0x200025e0
200017ac:	2002b360 	.word	0x2002b360
200017b0:	2002b390 	.word	0x2002b390
200017b4:	2002b36c 	.word	0x2002b36c
200017b8:	10008a64 	.word	0x10008a64
200017bc:	400b0000 	.word	0x400b0000
200017c0:	2002b398 	.word	0x2002b398
200017c4:	2002b394 	.word	0x2002b394
200017c8:	2002b39c 	.word	0x2002b39c
200017cc:	2002b384 	.word	0x2002b384
200017d0:	2002b378 	.word	0x2002b378

200017d4 <dvi_dma1_irq>:
200017d4:	2301      	movs	r3, #1
200017d6:	f04f 42a0 	mov.w	r2, #1342177280	@ 0x50000000
200017da:	4904      	ldr	r1, [pc, #16]	@ (200017ec <dvi_dma1_irq+0x18>)
200017dc:	6848      	ldr	r0, [r1, #4]
200017de:	6881      	ldr	r1, [r0, #8]
200017e0:	408b      	lsls	r3, r1
200017e2:	f8c2 341c 	str.w	r3, [r2, #1052]	@ 0x41c
200017e6:	f7ff bcf3 	b.w	200011d0 <dvi_dma_irq_handler>
200017ea:	bf00      	nop
200017ec:	2002b300 	.word	0x2002b300

200017f0 <dvi_dma0_irq>:
200017f0:	2301      	movs	r3, #1
200017f2:	f04f 42a0 	mov.w	r2, #1342177280	@ 0x50000000
200017f6:	4904      	ldr	r1, [pc, #16]	@ (20001808 <dvi_dma0_irq+0x18>)
200017f8:	6808      	ldr	r0, [r1, #0]
200017fa:	6881      	ldr	r1, [r0, #8]
200017fc:	408b      	lsls	r3, r1
200017fe:	f8c2 340c 	str.w	r3, [r2, #1036]	@ 0x40c
20001802:	f7ff bce5 	b.w	200011d0 <dvi_dma_irq_handler>
20001806:	bf00      	nop
20001808:	2002b300 	.word	0x2002b300

2000180c <dvi_timing_state_advance>:
2000180c:	680b      	ldr	r3, [r1, #0]
2000180e:	790a      	ldrb	r2, [r1, #4]
20001810:	3301      	adds	r3, #1
20001812:	600b      	str	r3, [r1, #0]
20001814:	b91a      	cbnz	r2, 2000181e <dvi_timing_state_advance+0x12>
20001816:	6980      	ldr	r0, [r0, #24]
20001818:	4283      	cmp	r3, r0
2000181a:	d005      	beq.n	20001828 <dvi_timing_state_advance+0x1c>
2000181c:	4770      	bx	lr
2000181e:	2a01      	cmp	r2, #1
20001820:	d109      	bne.n	20001836 <dvi_timing_state_advance+0x2a>
20001822:	69c0      	ldr	r0, [r0, #28]
20001824:	4283      	cmp	r3, r0
20001826:	d1f9      	bne.n	2000181c <dvi_timing_state_advance+0x10>
20001828:	2300      	movs	r3, #0
2000182a:	3201      	adds	r2, #1
2000182c:	f002 0203 	and.w	r2, r2, #3
20001830:	710a      	strb	r2, [r1, #4]
20001832:	600b      	str	r3, [r1, #0]
20001834:	4770      	bx	lr
20001836:	2a02      	cmp	r2, #2
20001838:	d103      	bne.n	20001842 <dvi_timing_state_advance+0x36>
2000183a:	6a00      	ldr	r0, [r0, #32]
2000183c:	4283      	cmp	r3, r0
2000183e:	d0f3      	beq.n	20001828 <dvi_timing_state_advance+0x1c>
20001840:	4770      	bx	lr
20001842:	2a03      	cmp	r2, #3
20001844:	d1ea      	bne.n	2000181c <dvi_timing_state_advance+0x10>
20001846:	6a40      	ldr	r0, [r0, #36]	@ 0x24
20001848:	4283      	cmp	r3, r0
2000184a:	d0ed      	beq.n	20001828 <dvi_timing_state_advance+0x1c>
2000184c:	4770      	bx	lr
2000184e:	bf00      	nop

20001850 <dvi_update_scanline_data_dma>:
20001850:	b500      	push	{lr}
20001852:	f8df e02c 	ldr.w	lr, [pc, #44]	@ 20001880 <dvi_update_scanline_data_dma+0x30>
20001856:	f8d0 c010 	ldr.w	ip, [r0, #16]
2000185a:	eb0e 00c3 	add.w	r0, lr, r3, lsl #3
2000185e:	6840      	ldr	r0, [r0, #4]
20001860:	f85e 3033 	ldr.w	r3, [lr, r3, lsl #3]
20001864:	0100      	lsls	r0, r0, #4
20001866:	5011      	str	r1, [r2, r0]
20001868:	eb02 1303 	add.w	r3, r2, r3, lsl #4
2000186c:	ea4f 025c 	mov.w	r2, ip, lsr #1
20001870:	eb01 0282 	add.w	r2, r1, r2, lsl #2
20001874:	eb01 018c 	add.w	r1, r1, ip, lsl #2
20001878:	661a      	str	r2, [r3, #96]	@ 0x60
2000187a:	f8c3 10d0 	str.w	r1, [r3, #208]	@ 0xd0
2000187e:	bd00      	pop	{pc}
20001880:	10008cf8 	.word	0x10008cf8

20001884 <black_scanline_tmds>:
20001884:	0007fd00 0007fd00 0007fd00              ............

20001890 <empty_scanline_tmds>:
20001890:	0007fd00 0007fd00 000bfa01              ............

2000189c <dvi_ctrl_syms>:
2000189c:	000d5354 0002acab 00055154 000aaeab     TS......TQ......

200018ac <dvi_timing_640x480p_60hz>:
200018ac:	00000000 00000010 00000060 00000030     ........`...0...
200018bc:	00000280 00000000 0000000a 00000002     ................
200018cc:	00000021 000001e0 0003d860              !.......`...

200018d8 <get_read_size>:
200018d8:	6882      	ldr	r2, [r0, #8]
200018da:	68c3      	ldr	r3, [r0, #12]
200018dc:	429a      	cmp	r2, r3
200018de:	bf83      	ittte	hi
200018e0:	6840      	ldrhi	r0, [r0, #4]
200018e2:	1a82      	subhi	r2, r0, r2
200018e4:	fb03 2001 	mlahi	r0, r3, r1, r2
200018e8:	1a98      	subls	r0, r3, r2
200018ea:	4770      	bx	lr

200018ec <encode_header>:
200018ec:	b570      	push	{r4, r5, r6, lr}
200018ee:	f042 0e08 	orr.w	lr, r2, #8
200018f2:	2b00      	cmp	r3, #0
200018f4:	bf08      	it	eq
200018f6:	4672      	moveq	r2, lr
200018f8:	7803      	ldrb	r3, [r0, #0]
200018fa:	f8df c220 	ldr.w	ip, [pc, #544]	@ 20001b1c <encode_header+0x230>
200018fe:	005c      	lsls	r4, r3, #1
20001900:	f004 0404 	and.w	r4, r4, #4
20001904:	ea44 040e 	orr.w	r4, r4, lr
20001908:	f83c 5014 	ldrh.w	r5, [ip, r4, lsl #1]
2000190c:	009c      	lsls	r4, r3, #2
2000190e:	f004 0404 	and.w	r4, r4, #4
20001912:	4322      	orrs	r2, r4
20001914:	f83c 2012 	ldrh.w	r2, [ip, r2, lsl #1]
20001918:	ea42 2285 	orr.w	r2, r2, r5, lsl #10
2000191c:	600a      	str	r2, [r1, #0]
2000191e:	085a      	lsrs	r2, r3, #1
20001920:	f002 0204 	and.w	r2, r2, #4
20001924:	ea42 020e 	orr.w	r2, r2, lr
20001928:	f83c 5012 	ldrh.w	r5, [ip, r2, lsl #1]
2000192c:	08da      	lsrs	r2, r3, #3
2000192e:	f002 0204 	and.w	r2, r2, #4
20001932:	ea42 020e 	orr.w	r2, r2, lr
20001936:	f83c 6012 	ldrh.w	r6, [ip, r2, lsl #1]
2000193a:	089a      	lsrs	r2, r3, #2
2000193c:	f002 0204 	and.w	r2, r2, #4
20001940:	ea42 020e 	orr.w	r2, r2, lr
20001944:	f83c 4012 	ldrh.w	r4, [ip, r2, lsl #1]
20001948:	095a      	lsrs	r2, r3, #5
2000194a:	f002 0204 	and.w	r2, r2, #4
2000194e:	ea42 020e 	orr.w	r2, r2, lr
20001952:	ea44 2486 	orr.w	r4, r4, r6, lsl #10
20001956:	f83c 6012 	ldrh.w	r6, [ip, r2, lsl #1]
2000195a:	091a      	lsrs	r2, r3, #4
2000195c:	f003 0304 	and.w	r3, r3, #4
20001960:	ea43 030e 	orr.w	r3, r3, lr
20001964:	f83c 3013 	ldrh.w	r3, [ip, r3, lsl #1]
20001968:	f002 0204 	and.w	r2, r2, #4
2000196c:	ea43 2385 	orr.w	r3, r3, r5, lsl #10
20001970:	ea42 020e 	orr.w	r2, r2, lr
20001974:	604b      	str	r3, [r1, #4]
20001976:	f83c 3012 	ldrh.w	r3, [ip, r2, lsl #1]
2000197a:	608c      	str	r4, [r1, #8]
2000197c:	ea43 2386 	orr.w	r3, r3, r6, lsl #10
20001980:	60cb      	str	r3, [r1, #12]
20001982:	7843      	ldrb	r3, [r0, #1]
20001984:	005a      	lsls	r2, r3, #1
20001986:	f002 0204 	and.w	r2, r2, #4
2000198a:	ea42 020e 	orr.w	r2, r2, lr
2000198e:	f83c 4012 	ldrh.w	r4, [ip, r2, lsl #1]
20001992:	009a      	lsls	r2, r3, #2
20001994:	f002 0204 	and.w	r2, r2, #4
20001998:	ea42 020e 	orr.w	r2, r2, lr
2000199c:	f83c 2012 	ldrh.w	r2, [ip, r2, lsl #1]
200019a0:	ea42 2284 	orr.w	r2, r2, r4, lsl #10
200019a4:	610a      	str	r2, [r1, #16]
200019a6:	085a      	lsrs	r2, r3, #1
200019a8:	f002 0204 	and.w	r2, r2, #4
200019ac:	ea42 020e 	orr.w	r2, r2, lr
200019b0:	f83c 5012 	ldrh.w	r5, [ip, r2, lsl #1]
200019b4:	08da      	lsrs	r2, r3, #3
200019b6:	f002 0204 	and.w	r2, r2, #4
200019ba:	ea42 020e 	orr.w	r2, r2, lr
200019be:	f83c 6012 	ldrh.w	r6, [ip, r2, lsl #1]
200019c2:	089a      	lsrs	r2, r3, #2
200019c4:	f002 0204 	and.w	r2, r2, #4
200019c8:	ea42 020e 	orr.w	r2, r2, lr
200019cc:	f83c 4012 	ldrh.w	r4, [ip, r2, lsl #1]
200019d0:	095a      	lsrs	r2, r3, #5
200019d2:	f002 0204 	and.w	r2, r2, #4
200019d6:	ea42 020e 	orr.w	r2, r2, lr
200019da:	ea44 2486 	orr.w	r4, r4, r6, lsl #10
200019de:	f83c 6012 	ldrh.w	r6, [ip, r2, lsl #1]
200019e2:	091a      	lsrs	r2, r3, #4
200019e4:	f003 0304 	and.w	r3, r3, #4
200019e8:	ea43 030e 	orr.w	r3, r3, lr
200019ec:	f83c 3013 	ldrh.w	r3, [ip, r3, lsl #1]
200019f0:	f002 0204 	and.w	r2, r2, #4
200019f4:	ea43 2385 	orr.w	r3, r3, r5, lsl #10
200019f8:	ea42 020e 	orr.w	r2, r2, lr
200019fc:	614b      	str	r3, [r1, #20]
200019fe:	f83c 3012 	ldrh.w	r3, [ip, r2, lsl #1]
20001a02:	618c      	str	r4, [r1, #24]
20001a04:	ea43 2386 	orr.w	r3, r3, r6, lsl #10
20001a08:	61cb      	str	r3, [r1, #28]
20001a0a:	7883      	ldrb	r3, [r0, #2]
20001a0c:	005a      	lsls	r2, r3, #1
20001a0e:	f002 0204 	and.w	r2, r2, #4
20001a12:	ea42 020e 	orr.w	r2, r2, lr
20001a16:	f83c 4012 	ldrh.w	r4, [ip, r2, lsl #1]
20001a1a:	009a      	lsls	r2, r3, #2
20001a1c:	f002 0204 	and.w	r2, r2, #4
20001a20:	ea42 020e 	orr.w	r2, r2, lr
20001a24:	f83c 2012 	ldrh.w	r2, [ip, r2, lsl #1]
20001a28:	ea42 2284 	orr.w	r2, r2, r4, lsl #10
20001a2c:	620a      	str	r2, [r1, #32]
20001a2e:	085a      	lsrs	r2, r3, #1
20001a30:	f002 0204 	and.w	r2, r2, #4
20001a34:	ea42 020e 	orr.w	r2, r2, lr
20001a38:	f83c 4012 	ldrh.w	r4, [ip, r2, lsl #1]
20001a3c:	f003 0204 	and.w	r2, r3, #4
20001a40:	ea42 020e 	orr.w	r2, r2, lr
20001a44:	f83c 2012 	ldrh.w	r2, [ip, r2, lsl #1]
20001a48:	ea42 2284 	orr.w	r2, r2, r4, lsl #10
20001a4c:	624a      	str	r2, [r1, #36]	@ 0x24
20001a4e:	08da      	lsrs	r2, r3, #3
20001a50:	f002 0204 	and.w	r2, r2, #4
20001a54:	ea42 020e 	orr.w	r2, r2, lr
20001a58:	f83c 4012 	ldrh.w	r4, [ip, r2, lsl #1]
20001a5c:	089a      	lsrs	r2, r3, #2
20001a5e:	f002 0204 	and.w	r2, r2, #4
20001a62:	ea42 020e 	orr.w	r2, r2, lr
20001a66:	f83c 2012 	ldrh.w	r2, [ip, r2, lsl #1]
20001a6a:	ea42 2284 	orr.w	r2, r2, r4, lsl #10
20001a6e:	628a      	str	r2, [r1, #40]	@ 0x28
20001a70:	095a      	lsrs	r2, r3, #5
20001a72:	091b      	lsrs	r3, r3, #4
20001a74:	f002 0204 	and.w	r2, r2, #4
20001a78:	f003 0304 	and.w	r3, r3, #4
20001a7c:	ea42 020e 	orr.w	r2, r2, lr
20001a80:	ea43 030e 	orr.w	r3, r3, lr
20001a84:	f83c 2012 	ldrh.w	r2, [ip, r2, lsl #1]
20001a88:	f83c 3013 	ldrh.w	r3, [ip, r3, lsl #1]
20001a8c:	ea43 2382 	orr.w	r3, r3, r2, lsl #10
20001a90:	62cb      	str	r3, [r1, #44]	@ 0x2c
20001a92:	78c3      	ldrb	r3, [r0, #3]
20001a94:	005a      	lsls	r2, r3, #1
20001a96:	f002 0204 	and.w	r2, r2, #4
20001a9a:	ea42 020e 	orr.w	r2, r2, lr
20001a9e:	f83c 0012 	ldrh.w	r0, [ip, r2, lsl #1]
20001aa2:	009a      	lsls	r2, r3, #2
20001aa4:	f002 0204 	and.w	r2, r2, #4
20001aa8:	ea42 020e 	orr.w	r2, r2, lr
20001aac:	f83c 2012 	ldrh.w	r2, [ip, r2, lsl #1]
20001ab0:	ea42 2280 	orr.w	r2, r2, r0, lsl #10
20001ab4:	630a      	str	r2, [r1, #48]	@ 0x30
20001ab6:	085a      	lsrs	r2, r3, #1
20001ab8:	f002 0204 	and.w	r2, r2, #4
20001abc:	ea42 020e 	orr.w	r2, r2, lr
20001ac0:	f83c 0012 	ldrh.w	r0, [ip, r2, lsl #1]
20001ac4:	08da      	lsrs	r2, r3, #3
20001ac6:	f002 0204 	and.w	r2, r2, #4
20001aca:	ea42 020e 	orr.w	r2, r2, lr
20001ace:	f83c 4012 	ldrh.w	r4, [ip, r2, lsl #1]
20001ad2:	089a      	lsrs	r2, r3, #2
20001ad4:	f002 0204 	and.w	r2, r2, #4
20001ad8:	ea42 020e 	orr.w	r2, r2, lr
20001adc:	f83c 2012 	ldrh.w	r2, [ip, r2, lsl #1]
20001ae0:	ea42 2284 	orr.w	r2, r2, r4, lsl #10
20001ae4:	638a      	str	r2, [r1, #56]	@ 0x38
20001ae6:	095a      	lsrs	r2, r3, #5
20001ae8:	f002 0204 	and.w	r2, r2, #4
20001aec:	ea42 020e 	orr.w	r2, r2, lr
20001af0:	f83c 5012 	ldrh.w	r5, [ip, r2, lsl #1]
20001af4:	091a      	lsrs	r2, r3, #4
20001af6:	f002 0204 	and.w	r2, r2, #4
20001afa:	f003 0304 	and.w	r3, r3, #4
20001afe:	ea43 030e 	orr.w	r3, r3, lr
20001b02:	ea42 020e 	orr.w	r2, r2, lr
20001b06:	f83c 4013 	ldrh.w	r4, [ip, r3, lsl #1]
20001b0a:	f83c 3012 	ldrh.w	r3, [ip, r2, lsl #1]
20001b0e:	ea44 2080 	orr.w	r0, r4, r0, lsl #10
20001b12:	ea43 2385 	orr.w	r3, r3, r5, lsl #10
20001b16:	6348      	str	r0, [r1, #52]	@ 0x34
20001b18:	63cb      	str	r3, [r1, #60]	@ 0x3c
20001b1a:	bd70      	pop	{r4, r5, r6, pc}
20001b1c:	20001ddc 	.word	0x20001ddc

20001b20 <encode_subpacket>:
20001b20:	e92d 47f0 	stmdb	sp!, {r4, r5, r6, r7, r8, r9, sl, lr}
20001b24:	f64c 44cc 	movw	r4, #52428	@ 0xcccc
20001b28:	f8df c0a4 	ldr.w	ip, [pc, #164]	@ 20001bd0 <encode_subpacket+0xb0>
20001b2c:	f101 0e08 	add.w	lr, r1, #8
20001b30:	3003      	adds	r0, #3
20001b32:	3208      	adds	r2, #8
20001b34:	3148      	adds	r1, #72	@ 0x48
20001b36:	7c43      	ldrb	r3, [r0, #17]
20001b38:	7a47      	ldrb	r7, [r0, #9]
20001b3a:	7846      	ldrb	r6, [r0, #1]
20001b3c:	041b      	lsls	r3, r3, #16
20001b3e:	7e45      	ldrb	r5, [r0, #25]
20001b40:	ea43 2307 	orr.w	r3, r3, r7, lsl #8
20001b44:	4333      	orrs	r3, r6
20001b46:	ea43 6305 	orr.w	r3, r3, r5, lsl #24
20001b4a:	ea83 15d3 	eor.w	r5, r3, r3, lsr #7
20001b4e:	f005 15aa 	and.w	r5, r5, #11141290	@ 0xaa00aa
20001b52:	406b      	eors	r3, r5
20001b54:	ea83 13c5 	eor.w	r3, r3, r5, lsl #7
20001b58:	ea83 3593 	eor.w	r5, r3, r3, lsr #14
20001b5c:	4025      	ands	r5, r4
20001b5e:	406b      	eors	r3, r5
20001b60:	ea83 3385 	eor.w	r3, r3, r5, lsl #14
20001b64:	f3c3 4803 	ubfx	r8, r3, #16, #4
20001b68:	f003 070f 	and.w	r7, r3, #15
20001b6c:	f3c3 1603 	ubfx	r6, r3, #4, #4
20001b70:	f3c3 5503 	ubfx	r5, r3, #20, #4
20001b74:	f83c a018 	ldrh.w	sl, [ip, r8, lsl #1]
20001b78:	f83c 5015 	ldrh.w	r5, [ip, r5, lsl #1]
20001b7c:	f83c 8017 	ldrh.w	r8, [ip, r7, lsl #1]
20001b80:	f83c 7016 	ldrh.w	r7, [ip, r6, lsl #1]
20001b84:	f3c3 6903 	ubfx	r9, r3, #24, #4
20001b88:	f3c3 2603 	ubfx	r6, r3, #8, #4
20001b8c:	ea47 2785 	orr.w	r7, r7, r5, lsl #10
20001b90:	f3c3 3503 	ubfx	r5, r3, #12, #4
20001b94:	0f1b      	lsrs	r3, r3, #28
20001b96:	f83c 9019 	ldrh.w	r9, [ip, r9, lsl #1]
20001b9a:	f83c 6016 	ldrh.w	r6, [ip, r6, lsl #1]
20001b9e:	f83c 5015 	ldrh.w	r5, [ip, r5, lsl #1]
20001ba2:	f83c 3013 	ldrh.w	r3, [ip, r3, lsl #1]
20001ba6:	ea48 288a 	orr.w	r8, r8, sl, lsl #10
20001baa:	e94e 8702 	strd	r8, r7, [lr, #-8]
20001bae:	f10e 0e08 	add.w	lr, lr, #8
20001bb2:	ea46 2689 	orr.w	r6, r6, r9, lsl #10
20001bb6:	ea45 2383 	orr.w	r3, r5, r3, lsl #10
20001bba:	4571      	cmp	r1, lr
20001bbc:	e942 6302 	strd	r6, r3, [r2, #-8]
20001bc0:	f100 0001 	add.w	r0, r0, #1
20001bc4:	f102 0208 	add.w	r2, r2, #8
20001bc8:	d1b5      	bne.n	20001b36 <encode_subpacket+0x16>
20001bca:	e8bd 87f0 	ldmia.w	sp!, {r4, r5, r6, r7, r8, r9, sl, pc}
20001bce:	bf00      	nop
20001bd0:	20001ddc 	.word	0x20001ddc

20001bd4 <set_null>:
20001bd4:	1e0a      	subs	r2, r1, #0
20001bd6:	dd02      	ble.n	20001bde <set_null+0xa>
20001bd8:	2100      	movs	r1, #0
20001bda:	f000 bba5 	b.w	20002328 <memset>
20001bde:	4770      	bx	lr

20001be0 <set_audio_sample>:
20001be0:	e92d 4ff0 	stmdb	sp!, {r4, r5, r6, r7, r8, r9, sl, fp, lr}
20001be4:	4690      	mov	r8, r2
20001be6:	2201      	movs	r2, #1
20001be8:	461c      	mov	r4, r3
20001bea:	fa02 f308 	lsl.w	r3, r2, r8
20001bee:	3b01      	subs	r3, #1
20001bf0:	b085      	sub	sp, #20
20001bf2:	7043      	strb	r3, [r0, #1]
20001bf4:	f083 034a 	eor.w	r3, r3, #74	@ 0x4a
20001bf8:	43db      	mvns	r3, r3
20001bfa:	45a0      	cmp	r8, r4
20001bfc:	bfd8      	it	le
20001bfe:	2200      	movle	r2, #0
20001c00:	460e      	mov	r6, r1
20001c02:	f04f 0102 	mov.w	r1, #2
20001c06:	4d5d      	ldr	r5, [pc, #372]	@ (20001d7c <set_audio_sample+0x19c>)
20001c08:	b2db      	uxtb	r3, r3
20001c0a:	bfc8      	it	gt
20001c0c:	40a2      	lslgt	r2, r4
20001c0e:	5ceb      	ldrb	r3, [r5, r3]
20001c10:	bfc8      	it	gt
20001c12:	0112      	lslgt	r2, r2, #4
20001c14:	7082      	strb	r2, [r0, #2]
20001c16:	405a      	eors	r2, r3
20001c18:	b2d2      	uxtb	r2, r2
20001c1a:	5cab      	ldrb	r3, [r5, r2]
20001c1c:	7001      	strb	r1, [r0, #0]
20001c1e:	70c3      	strb	r3, [r0, #3]
20001c20:	4682      	mov	sl, r0
20001c22:	2101      	movs	r1, #1
20001c24:	4630      	mov	r0, r6
20001c26:	f7ff fe57 	bl	200018d8 <get_read_size>
20001c2a:	f1b8 0f00 	cmp.w	r8, #0
20001c2e:	f340 8093 	ble.w	20001d58 <set_audio_sample+0x178>
20001c32:	2800      	cmp	r0, #0
20001c34:	f340 809f 	ble.w	20001d76 <set_audio_sample+0x196>
20001c38:	4580      	cmp	r8, r0
20001c3a:	4641      	mov	r1, r8
20001c3c:	bfa8      	it	ge
20001c3e:	4601      	movge	r1, r0
20001c40:	4653      	mov	r3, sl
20001c42:	f04f 0900 	mov.w	r9, #0
20001c46:	e9cd 1a00 	strd	r1, sl, [sp]
20001c4a:	e9cd 8002 	strd	r8, r0, [sp, #8]
20001c4e:	f8df e134 	ldr.w	lr, [pc, #308]	@ 20001d84 <set_audio_sample+0x1a4>
20001c52:	68b0      	ldr	r0, [r6, #8]
20001c54:	6872      	ldr	r2, [r6, #4]
20001c56:	68b1      	ldr	r1, [r6, #8]
20001c58:	3a01      	subs	r2, #1
20001c5a:	3101      	adds	r1, #1
20001c5c:	400a      	ands	r2, r1
20001c5e:	6831      	ldr	r1, [r6, #0]
20001c60:	eb01 0780 	add.w	r7, r1, r0, lsl #2
20001c64:	f931 1020 	ldrsh.w	r1, [r1, r0, lsl #2]
20001c68:	f9b7 0002 	ldrsh.w	r0, [r7, #2]
20001c6c:	60b2      	str	r2, [r6, #8]
20001c6e:	f3bf 8f5f 	dmb	sy
20001c72:	f04f 0200 	mov.w	r2, #0
20001c76:	711a      	strb	r2, [r3, #4]
20001c78:	71da      	strb	r2, [r3, #7]
20001c7a:	b2ca      	uxtb	r2, r1
20001c7c:	5caa      	ldrb	r2, [r5, r2]
20001c7e:	f3c1 2707 	ubfx	r7, r1, #8, #8
20001c82:	407a      	eors	r2, r7
20001c84:	5caa      	ldrb	r2, [r5, r2]
20001c86:	719f      	strb	r7, [r3, #6]
20001c88:	f815 c002 	ldrb.w	ip, [r5, r2]
20001c8c:	f3c0 02c4 	ubfx	r2, r0, #3, #5
20001c90:	f81e b002 	ldrb.w	fp, [lr, r2]
20001c94:	f3c0 22c4 	ubfx	r2, r0, #11, #5
20001c98:	f81e 8002 	ldrb.w	r8, [lr, r2]
20001c9c:	f3c1 02c4 	ubfx	r2, r1, #3, #5
20001ca0:	f81e a002 	ldrb.w	sl, [lr, r2]
20001ca4:	f3c1 22c4 	ubfx	r2, r1, #11, #5
20001ca8:	f81e 7002 	ldrb.w	r7, [lr, r2]
20001cac:	f000 0207 	and.w	r2, r0, #7
20001cb0:	fa4b f202 	asr.w	r2, fp, r2
20001cb4:	f3c0 2b02 	ubfx	fp, r0, #8, #3
20001cb8:	fa48 f80b 	asr.w	r8, r8, fp
20001cbc:	ea82 0208 	eor.w	r2, r2, r8
20001cc0:	fa5f f880 	uxtb.w	r8, r0
20001cc4:	ea88 0c0c 	eor.w	ip, r8, ip
20001cc8:	f815 c00c 	ldrb.w	ip, [r5, ip]
20001ccc:	f3c0 2007 	ubfx	r0, r0, #8, #8
20001cd0:	7159      	strb	r1, [r3, #5]
20001cd2:	ea80 0c0c 	eor.w	ip, r0, ip
20001cd6:	7258      	strb	r0, [r3, #9]
20001cd8:	f001 0007 	and.w	r0, r1, #7
20001cdc:	f3c1 2102 	ubfx	r1, r1, #8, #3
20001ce0:	fa4a f000 	asr.w	r0, sl, r0
20001ce4:	410f      	asrs	r7, r1
20001ce6:	f082 024b 	eor.w	r2, r2, #75	@ 0x4b
20001cea:	4078      	eors	r0, r7
20001cec:	f002 0201 	and.w	r2, r2, #1
20001cf0:	f080 004b 	eor.w	r0, r0, #75	@ 0x4b
20001cf4:	01d2      	lsls	r2, r2, #7
20001cf6:	f000 0001 	and.w	r0, r0, #1
20001cfa:	f815 c00c 	ldrb.w	ip, [r5, ip]
20001cfe:	ea42 02c0 	orr.w	r2, r2, r0, lsl #3
20001d02:	f042 0211 	orr.w	r2, r2, #17
20001d06:	ea82 0c0c 	eor.w	ip, r2, ip
20001d0a:	729a      	strb	r2, [r3, #10]
20001d0c:	f815 200c 	ldrb.w	r2, [r5, ip]
20001d10:	3c01      	subs	r4, #1
20001d12:	72da      	strb	r2, [r3, #11]
20001d14:	9a00      	ldr	r2, [sp, #0]
20001d16:	f109 0901 	add.w	r9, r9, #1
20001d1a:	bf48      	it	mi
20001d1c:	24bf      	movmi	r4, #191	@ 0xbf
20001d1e:	4591      	cmp	r9, r2
20001d20:	f883 8008 	strb.w	r8, [r3, #8]
20001d24:	f103 0308 	add.w	r3, r3, #8
20001d28:	db93      	blt.n	20001c52 <set_audio_sample+0x72>
20001d2a:	e9dd a801 	ldrd	sl, r8, [sp, #4]
20001d2e:	9803      	ldr	r0, [sp, #12]
20001d30:	4611      	mov	r1, r2
20001d32:	4580      	cmp	r8, r0
20001d34:	dd10      	ble.n	20001d58 <set_audio_sample+0x178>
20001d36:	2000      	movs	r0, #0
20001d38:	f10a 0304 	add.w	r3, sl, #4
20001d3c:	4a10      	ldr	r2, [pc, #64]	@ (20001d80 <set_audio_sample+0x1a0>)
20001d3e:	eb03 03c1 	add.w	r3, r3, r1, lsl #3
20001d42:	3c01      	subs	r4, #1
20001d44:	f101 0101 	add.w	r1, r1, #1
20001d48:	bf48      	it	mi
20001d4a:	24bf      	movmi	r4, #191	@ 0xbf
20001d4c:	4588      	cmp	r8, r1
20001d4e:	6018      	str	r0, [r3, #0]
20001d50:	605a      	str	r2, [r3, #4]
20001d52:	f103 0308 	add.w	r3, r3, #8
20001d56:	dcf4      	bgt.n	20001d42 <set_audio_sample+0x162>
20001d58:	f1c8 0204 	rsb	r2, r8, #4
20001d5c:	00d2      	lsls	r2, r2, #3
20001d5e:	2a00      	cmp	r2, #0
20001d60:	dd05      	ble.n	20001d6e <set_audio_sample+0x18e>
20001d62:	eb0a 00c8 	add.w	r0, sl, r8, lsl #3
20001d66:	2100      	movs	r1, #0
20001d68:	3004      	adds	r0, #4
20001d6a:	f000 fadd 	bl	20002328 <memset>
20001d6e:	4620      	mov	r0, r4
20001d70:	b005      	add	sp, #20
20001d72:	e8bd 8ff0 	ldmia.w	sp!, {r4, r5, r6, r7, r8, r9, sl, fp, pc}
20001d76:	2100      	movs	r1, #0
20001d78:	e7dd      	b.n	20001d36 <set_audio_sample+0x156>
20001d7a:	bf00      	nop
20001d7c:	20001dfc 	.word	0x20001dfc
20001d80:	33990000 	.word	0x33990000
20001d84:	10008d14 	.word	0x10008d14

20001d88 <encode>:
20001d88:	b570      	push	{r4, r5, r6, lr}
20001d8a:	4604      	mov	r4, r0
20001d8c:	4608      	mov	r0, r1
20001d8e:	ea43 0242 	orr.w	r2, r3, r2, lsl #1
20001d92:	4910      	ldr	r1, [pc, #64]	@ (20001dd4 <encode+0x4c>)
20001d94:	f042 050c 	orr.w	r5, r2, #12
20001d98:	f831 5015 	ldrh.w	r5, [r1, r5, lsl #1]
20001d9c:	4e0e      	ldr	r6, [pc, #56]	@ (20001dd8 <encode+0x50>)
20001d9e:	ea45 2585 	orr.w	r5, r5, r5, lsl #10
20001da2:	b082      	sub	sp, #8
20001da4:	2301      	movs	r3, #1
20001da6:	1d21      	adds	r1, r4, #4
20001da8:	64a6      	str	r6, [r4, #72]	@ 0x48
20001daa:	f8c4 6090 	str.w	r6, [r4, #144]	@ 0x90
20001dae:	6025      	str	r5, [r4, #0]
20001db0:	9001      	str	r0, [sp, #4]
20001db2:	f7ff fd9b 	bl	200018ec <encode_header>
20001db6:	9801      	ldr	r0, [sp, #4]
20001db8:	f104 0294 	add.w	r2, r4, #148	@ 0x94
20001dbc:	f104 014c 	add.w	r1, r4, #76	@ 0x4c
20001dc0:	f7ff feae 	bl	20001b20 <encode_subpacket>
20001dc4:	6465      	str	r5, [r4, #68]	@ 0x44
20001dc6:	f8c4 608c 	str.w	r6, [r4, #140]	@ 0x8c
20001dca:	f8c4 60d4 	str.w	r6, [r4, #212]	@ 0xd4
20001dce:	b002      	add	sp, #8
20001dd0:	bd70      	pop	{r4, r5, r6, pc}
20001dd2:	bf00      	nop
20001dd4:	20001ddc 	.word	0x20001ddc
20001dd8:	0004cd33 	.word	0x0004cd33

20001ddc <TERC4Syms_>:
20001ddc:	0263029c 02e202e4 011e0171 013c018e     ..c.....q.....<.
20001dec:	013902cc 02c6019c 0271028e 02c30163     ..9.......q.c...

20001dfc <bchTable_>:
20001dfc:	6cb5d900 01d8b46d b66f03da db026eb7     ...lm.....o..n..
20001e0c:	df066ab3 b26b07de 05dcb069 68b1dd04     .j....k.i......h
20001e1c:	0dd4b861 60b9d50c d70e62bb ba630fd6     a......`.b....c.
20001e2c:	be670bd2 d30a66bf 64bdd108 09d0bc65     ..g..f.....de...
20001e3c:	ae771bc2 c31a76af 74adc118 19c0ac75     ..w..v.....tu...
20001e4c:	1dc4a871 70a9c51c c71e72ab aa731fc6     q......p.r....s.
20001e5c:	cf167aa3 a27b17ce 15cca079 78a1cd14     .z....{.y......x
20001e6c:	7ca5c910 11c8a47d a67f13ca cb127ea7     ...|}........~..
20001e7c:	ef365a83 825b37ee 35ec8059 5881ed34     .Z6..7[.Y..54..X
20001e8c:	5c85e930 31e8845d 865f33ea eb325e87     0..\]..1.3_..^2.
20001e9c:	8e573be2 e33a568f 548de138 39e08c55     .;W..V:.8..TU..9
20001eac:	3de48851 5089e53c e73e528b 8a533fe6     Q..=<..P.R>..?S.
20001ebc:	2df49841 4099f52c f72e429b 9a432ff6     A..-,..@.B.../C.
20001ecc:	9e472bf2 f32a469f 449df128 29f09c45     .+G..F*.(..DE..)
20001edc:	4c95f920 21f8944d 964f23fa fb224e97      ..LM..!.#O..N".
20001eec:	ff264a93 924b27fe 25fc9049 4891fd24     .J&..'K.I..%$..H

20001efc <tmds_encode_data_channel_16bpp>:
20001efc:	b530      	push	{r4, r5, lr}
20001efe:	b08b      	sub	sp, #44	@ 0x2c
20001f00:	4604      	mov	r4, r0
20001f02:	460d      	mov	r5, r1
20001f04:	4829      	ldr	r0, [pc, #164]	@ (20001fac <tmds_encode_data_channel_16bpp+0xb0>)
20001f06:	a903      	add	r1, sp, #12
20001f08:	e9cd 3200 	strd	r3, r2, [sp]
20001f0c:	f000 faf8 	bl	20002500 <__interp_save_veneer>
20001f10:	9b00      	ldr	r3, [sp, #0]
20001f12:	9a01      	ldr	r2, [sp, #4]
20001f14:	f1b3 0e07 	subs.w	lr, r3, #7
20001f18:	d426      	bmi.n	20001f68 <tmds_encode_data_channel_16bpp+0x6c>
20001f1a:	f04f 4c50 	mov.w	ip, #3489660928	@ 0xd0000000
20001f1e:	980e      	ldr	r0, [sp, #56]	@ 0x38
20001f20:	f00e 0e1f 	and.w	lr, lr, #31
20001f24:	1dc1      	adds	r1, r0, #7
20001f26:	1ac9      	subs	r1, r1, r3
20001f28:	0149      	lsls	r1, r1, #5
20001f2a:	3309      	adds	r3, #9
20001f2c:	f401 7178 	and.w	r1, r1, #992	@ 0x3e0
20001f30:	f003 031f 	and.w	r3, r3, #31
20001f34:	ea4e 0e01 	orr.w	lr, lr, r1
20001f38:	430b      	orrs	r3, r1
20001f3a:	f443 338e 	orr.w	r3, r3, #72704	@ 0x11c00
20001f3e:	f44e 5ee0 	orr.w	lr, lr, #7168	@ 0x1c00
20001f42:	f8cc e0ac 	str.w	lr, [ip, #172]	@ 0xac
20001f46:	f8cc 30b0 	str.w	r3, [ip, #176]	@ 0xb0
20001f4a:	4b19      	ldr	r3, [pc, #100]	@ (20001fb0 <tmds_encode_data_channel_16bpp+0xb4>)
20001f4c:	4629      	mov	r1, r5
20001f4e:	f8cc 3088 	str.w	r3, [ip, #136]	@ 0x88
20001f52:	4620      	mov	r0, r4
20001f54:	f8cc 308c 	str.w	r3, [ip, #140]	@ 0x8c
20001f58:	f07e f8d2 	bl	20080100 <tmds_encode_loop_16bpp>
20001f5c:	4813      	ldr	r0, [pc, #76]	@ (20001fac <tmds_encode_data_channel_16bpp+0xb0>)
20001f5e:	a903      	add	r1, sp, #12
20001f60:	f000 fa9e 	bl	200024a0 <__interp_restore_veneer>
20001f64:	b00b      	add	sp, #44	@ 0x2c
20001f66:	bd30      	pop	{r4, r5, pc}
20001f68:	990e      	ldr	r1, [sp, #56]	@ 0x38
20001f6a:	4620      	mov	r0, r4
20001f6c:	f101 0c07 	add.w	ip, r1, #7
20001f70:	ebac 0c03 	sub.w	ip, ip, r3
20001f74:	f1ce 0300 	rsb	r3, lr, #0
20001f78:	f04f 4e50 	mov.w	lr, #3489660928	@ 0xd0000000
20001f7c:	ea4f 1c4c 	mov.w	ip, ip, lsl #5
20001f80:	f40c 7c78 	and.w	ip, ip, #992	@ 0x3e0
20001f84:	f44c 348e 	orr.w	r4, ip, #72704	@ 0x11c00
20001f88:	f044 0410 	orr.w	r4, r4, #16
20001f8c:	f44c 5ce0 	orr.w	ip, ip, #7168	@ 0x1c00
20001f90:	f8ce c0ac 	str.w	ip, [lr, #172]	@ 0xac
20001f94:	f8ce 40b0 	str.w	r4, [lr, #176]	@ 0xb0
20001f98:	4c05      	ldr	r4, [pc, #20]	@ (20001fb0 <tmds_encode_data_channel_16bpp+0xb4>)
20001f9a:	4629      	mov	r1, r5
20001f9c:	f8ce 4088 	str.w	r4, [lr, #136]	@ 0x88
20001fa0:	f8ce 408c 	str.w	r4, [lr, #140]	@ 0x8c
20001fa4:	f07e f8c4 	bl	20080130 <tmds_encode_loop_16bpp_leftshift>
20001fa8:	e7d8      	b.n	20001f5c <tmds_encode_data_channel_16bpp+0x60>
20001faa:	bf00      	nop
20001fac:	d0000080 	.word	0xd0000080
20001fb0:	20080000 	.word	0x20080000

20001fb4 <__aeabi_uldivmod>:
20001fb4:	b953      	cbnz	r3, 20001fcc <__aeabi_uldivmod+0x18>
20001fb6:	b94a      	cbnz	r2, 20001fcc <__aeabi_uldivmod+0x18>
20001fb8:	2900      	cmp	r1, #0
20001fba:	bf08      	it	eq
20001fbc:	2800      	cmpeq	r0, #0
20001fbe:	bf1c      	itt	ne
20001fc0:	f04f 31ff 	movne.w	r1, #4294967295
20001fc4:	f04f 30ff 	movne.w	r0, #4294967295
20001fc8:	f000 b9ac 	b.w	20002324 <__aeabi_idiv0>
20001fcc:	f1ad 0c08 	sub.w	ip, sp, #8
20001fd0:	e96d ce04 	strd	ip, lr, [sp, #-16]!
20001fd4:	f000 f806 	bl	20001fe4 <__udivmoddi4>
20001fd8:	f8dd e004 	ldr.w	lr, [sp, #4]
20001fdc:	e9dd 2302 	ldrd	r2, r3, [sp, #8]
20001fe0:	b004      	add	sp, #16
20001fe2:	4770      	bx	lr

20001fe4 <__udivmoddi4>:
20001fe4:	e92d 47f0 	stmdb	sp!, {r4, r5, r6, r7, r8, r9, sl, lr}
20001fe8:	4606      	mov	r6, r0
20001fea:	b082      	sub	sp, #8
20001fec:	4617      	mov	r7, r2
20001fee:	4608      	mov	r0, r1
20001ff0:	9a0a      	ldr	r2, [sp, #40]	@ 0x28
20001ff2:	46b4      	mov	ip, r6
20001ff4:	460d      	mov	r5, r1
20001ff6:	2b00      	cmp	r3, #0
20001ff8:	d14d      	bne.n	20002096 <__udivmoddi4+0xb2>
20001ffa:	428f      	cmp	r7, r1
20001ffc:	46be      	mov	lr, r7
20001ffe:	d965      	bls.n	200020cc <__udivmoddi4+0xe8>
20002000:	fab7 f187 	clz	r1, r7
20002004:	b149      	cbz	r1, 2000201a <__udivmoddi4+0x36>
20002006:	f1c1 0320 	rsb	r3, r1, #32
2000200a:	408d      	lsls	r5, r1
2000200c:	fa07 fe01 	lsl.w	lr, r7, r1
20002010:	fa06 fc01 	lsl.w	ip, r6, r1
20002014:	fa26 f303 	lsr.w	r3, r6, r3
20002018:	431d      	orrs	r5, r3
2000201a:	ea4f 461e 	mov.w	r6, lr, lsr #16
2000201e:	fa1f f08e 	uxth.w	r0, lr
20002022:	ea4f 431c 	mov.w	r3, ip, lsr #16
20002026:	fbb5 f4f6 	udiv	r4, r5, r6
2000202a:	fb06 5514 	mls	r5, r6, r4, r5
2000202e:	ea43 4305 	orr.w	r3, r3, r5, lsl #16
20002032:	fb04 f500 	mul.w	r5, r4, r0
20002036:	429d      	cmp	r5, r3
20002038:	d906      	bls.n	20002048 <__udivmoddi4+0x64>
2000203a:	eb1e 0303 	adds.w	r3, lr, r3
2000203e:	d202      	bcs.n	20002046 <__udivmoddi4+0x62>
20002040:	429d      	cmp	r5, r3
20002042:	f200 814c 	bhi.w	200022de <__udivmoddi4+0x2fa>
20002046:	3c01      	subs	r4, #1
20002048:	1b5b      	subs	r3, r3, r5
2000204a:	fa1f fc8c 	uxth.w	ip, ip
2000204e:	fbb3 f5f6 	udiv	r5, r3, r6
20002052:	fb06 3315 	mls	r3, r6, r5, r3
20002056:	fb05 f000 	mul.w	r0, r5, r0
2000205a:	ea4c 4c03 	orr.w	ip, ip, r3, lsl #16
2000205e:	4560      	cmp	r0, ip
20002060:	d90a      	bls.n	20002078 <__udivmoddi4+0x94>
20002062:	eb1e 0c0c 	adds.w	ip, lr, ip
20002066:	bf2c      	ite	cs
20002068:	2301      	movcs	r3, #1
2000206a:	2300      	movcc	r3, #0
2000206c:	4560      	cmp	r0, ip
2000206e:	d902      	bls.n	20002076 <__udivmoddi4+0x92>
20002070:	2b00      	cmp	r3, #0
20002072:	f000 8137 	beq.w	200022e4 <__udivmoddi4+0x300>
20002076:	3d01      	subs	r5, #1
20002078:	ebac 0c00 	sub.w	ip, ip, r0
2000207c:	ea45 4004 	orr.w	r0, r5, r4, lsl #16
20002080:	2400      	movs	r4, #0
20002082:	b122      	cbz	r2, 2000208e <__udivmoddi4+0xaa>
20002084:	fa2c f301 	lsr.w	r3, ip, r1
20002088:	2100      	movs	r1, #0
2000208a:	e9c2 3100 	strd	r3, r1, [r2]
2000208e:	4621      	mov	r1, r4
20002090:	b002      	add	sp, #8
20002092:	e8bd 87f0 	ldmia.w	sp!, {r4, r5, r6, r7, r8, r9, sl, pc}
20002096:	428b      	cmp	r3, r1
20002098:	d908      	bls.n	200020ac <__udivmoddi4+0xc8>
2000209a:	b10a      	cbz	r2, 200020a0 <__udivmoddi4+0xbc>
2000209c:	e9c2 6100 	strd	r6, r1, [r2]
200020a0:	2400      	movs	r4, #0
200020a2:	4620      	mov	r0, r4
200020a4:	4621      	mov	r1, r4
200020a6:	b002      	add	sp, #8
200020a8:	e8bd 87f0 	ldmia.w	sp!, {r4, r5, r6, r7, r8, r9, sl, pc}
200020ac:	fab3 f483 	clz	r4, r3
200020b0:	2c00      	cmp	r4, #0
200020b2:	d14d      	bne.n	20002150 <__udivmoddi4+0x16c>
200020b4:	428b      	cmp	r3, r1
200020b6:	f0c0 8105 	bcc.w	200022c4 <__udivmoddi4+0x2e0>
200020ba:	42b7      	cmp	r7, r6
200020bc:	f240 8102 	bls.w	200022c4 <__udivmoddi4+0x2e0>
200020c0:	4620      	mov	r0, r4
200020c2:	2a00      	cmp	r2, #0
200020c4:	d0e3      	beq.n	2000208e <__udivmoddi4+0xaa>
200020c6:	e9c2 c500 	strd	ip, r5, [r2]
200020ca:	e7e0      	b.n	2000208e <__udivmoddi4+0xaa>
200020cc:	2f00      	cmp	r7, #0
200020ce:	f000 80a2 	beq.w	20002216 <__udivmoddi4+0x232>
200020d2:	4619      	mov	r1, r3
200020d4:	fab7 f387 	clz	r3, r7
200020d8:	2b00      	cmp	r3, #0
200020da:	f040 80b4 	bne.w	20002246 <__udivmoddi4+0x262>
200020de:	1bc3      	subs	r3, r0, r7
200020e0:	fa1f f88e 	uxth.w	r8, lr
200020e4:	0c3f      	lsrs	r7, r7, #16
200020e6:	2401      	movs	r4, #1
200020e8:	ea4f 401c 	mov.w	r0, ip, lsr #16
200020ec:	fbb3 f5f7 	udiv	r5, r3, r7
200020f0:	fb07 3315 	mls	r3, r7, r5, r3
200020f4:	ea40 4303 	orr.w	r3, r0, r3, lsl #16
200020f8:	fb08 f005 	mul.w	r0, r8, r5
200020fc:	4298      	cmp	r0, r3
200020fe:	d90a      	bls.n	20002116 <__udivmoddi4+0x132>
20002100:	eb1e 0303 	adds.w	r3, lr, r3
20002104:	bf2c      	ite	cs
20002106:	2601      	movcs	r6, #1
20002108:	2600      	movcc	r6, #0
2000210a:	4298      	cmp	r0, r3
2000210c:	d902      	bls.n	20002114 <__udivmoddi4+0x130>
2000210e:	2e00      	cmp	r6, #0
20002110:	f000 80e2 	beq.w	200022d8 <__udivmoddi4+0x2f4>
20002114:	3d01      	subs	r5, #1
20002116:	1a1b      	subs	r3, r3, r0
20002118:	fa1f fc8c 	uxth.w	ip, ip
2000211c:	fbb3 f0f7 	udiv	r0, r3, r7
20002120:	fb07 3310 	mls	r3, r7, r0, r3
20002124:	ea4c 4c03 	orr.w	ip, ip, r3, lsl #16
20002128:	fb08 f300 	mul.w	r3, r8, r0
2000212c:	4563      	cmp	r3, ip
2000212e:	d90a      	bls.n	20002146 <__udivmoddi4+0x162>
20002130:	eb1e 0c0c 	adds.w	ip, lr, ip
20002134:	bf2c      	ite	cs
20002136:	2601      	movcs	r6, #1
20002138:	2600      	movcc	r6, #0
2000213a:	4563      	cmp	r3, ip
2000213c:	d902      	bls.n	20002144 <__udivmoddi4+0x160>
2000213e:	2e00      	cmp	r6, #0
20002140:	f000 80c7 	beq.w	200022d2 <__udivmoddi4+0x2ee>
20002144:	3801      	subs	r0, #1
20002146:	ebac 0c03 	sub.w	ip, ip, r3
2000214a:	ea40 4005 	orr.w	r0, r0, r5, lsl #16
2000214e:	e798      	b.n	20002082 <__udivmoddi4+0x9e>
20002150:	f1c4 0820 	rsb	r8, r4, #32
20002154:	40a3      	lsls	r3, r4
20002156:	fa06 fa04 	lsl.w	sl, r6, r4
2000215a:	40a1      	lsls	r1, r4
2000215c:	fa27 fc08 	lsr.w	ip, r7, r8
20002160:	fa20 f008 	lsr.w	r0, r0, r8
20002164:	fa07 f904 	lsl.w	r9, r7, r4
20002168:	ea4c 0c03 	orr.w	ip, ip, r3
2000216c:	fa26 f308 	lsr.w	r3, r6, r8
20002170:	ea4f 461c 	mov.w	r6, ip, lsr #16
20002174:	430b      	orrs	r3, r1
20002176:	fa1f fe8c 	uxth.w	lr, ip
2000217a:	0c19      	lsrs	r1, r3, #16
2000217c:	fbb0 f7f6 	udiv	r7, r0, r6
20002180:	fb06 0017 	mls	r0, r6, r7, r0
20002184:	ea41 4100 	orr.w	r1, r1, r0, lsl #16
20002188:	fb07 f00e 	mul.w	r0, r7, lr
2000218c:	4288      	cmp	r0, r1
2000218e:	d90a      	bls.n	200021a6 <__udivmoddi4+0x1c2>
20002190:	eb1c 0101 	adds.w	r1, ip, r1
20002194:	bf2c      	ite	cs
20002196:	2501      	movcs	r5, #1
20002198:	2500      	movcc	r5, #0
2000219a:	4288      	cmp	r0, r1
2000219c:	d902      	bls.n	200021a4 <__udivmoddi4+0x1c0>
2000219e:	2d00      	cmp	r5, #0
200021a0:	f000 80b2 	beq.w	20002308 <__udivmoddi4+0x324>
200021a4:	3f01      	subs	r7, #1
200021a6:	1a09      	subs	r1, r1, r0
200021a8:	b29b      	uxth	r3, r3
200021aa:	fbb1 f0f6 	udiv	r0, r1, r6
200021ae:	fb06 1110 	mls	r1, r6, r0, r1
200021b2:	fb00 fe0e 	mul.w	lr, r0, lr
200021b6:	ea43 4301 	orr.w	r3, r3, r1, lsl #16
200021ba:	459e      	cmp	lr, r3
200021bc:	d90a      	bls.n	200021d4 <__udivmoddi4+0x1f0>
200021be:	eb1c 0303 	adds.w	r3, ip, r3
200021c2:	bf2c      	ite	cs
200021c4:	2101      	movcs	r1, #1
200021c6:	2100      	movcc	r1, #0
200021c8:	459e      	cmp	lr, r3
200021ca:	d902      	bls.n	200021d2 <__udivmoddi4+0x1ee>
200021cc:	2900      	cmp	r1, #0
200021ce:	f000 809e 	beq.w	2000230e <__udivmoddi4+0x32a>
200021d2:	3801      	subs	r0, #1
200021d4:	ea40 4007 	orr.w	r0, r0, r7, lsl #16
200021d8:	eba3 030e 	sub.w	r3, r3, lr
200021dc:	fba0 e109 	umull	lr, r1, r0, r9
200021e0:	428b      	cmp	r3, r1
200021e2:	4676      	mov	r6, lr
200021e4:	460f      	mov	r7, r1
200021e6:	d302      	bcc.n	200021ee <__udivmoddi4+0x20a>
200021e8:	d107      	bne.n	200021fa <__udivmoddi4+0x216>
200021ea:	45f2      	cmp	sl, lr
200021ec:	d205      	bcs.n	200021fa <__udivmoddi4+0x216>
200021ee:	ebbe 0609 	subs.w	r6, lr, r9
200021f2:	eb61 010c 	sbc.w	r1, r1, ip
200021f6:	3801      	subs	r0, #1
200021f8:	460f      	mov	r7, r1
200021fa:	b152      	cbz	r2, 20002212 <__udivmoddi4+0x22e>
200021fc:	ebba 0106 	subs.w	r1, sl, r6
20002200:	eb63 0307 	sbc.w	r3, r3, r7
20002204:	fa03 f508 	lsl.w	r5, r3, r8
20002208:	40e1      	lsrs	r1, r4
2000220a:	40e3      	lsrs	r3, r4
2000220c:	430d      	orrs	r5, r1
2000220e:	e9c2 5300 	strd	r5, r3, [r2]
20002212:	2400      	movs	r4, #0
20002214:	e73b      	b.n	2000208e <__udivmoddi4+0xaa>
20002216:	0873      	lsrs	r3, r6, #1
20002218:	46b8      	mov	r8, r7
2000221a:	0849      	lsrs	r1, r1, #1
2000221c:	9701      	str	r7, [sp, #4]
2000221e:	ea43 73c0 	orr.w	r3, r3, r0, lsl #31
20002222:	ea4f 7cc6 	mov.w	ip, r6, lsl #31
20002226:	0c1c      	lsrs	r4, r3, #16
20002228:	b29b      	uxth	r3, r3
2000222a:	ea44 4401 	orr.w	r4, r4, r1, lsl #16
2000222e:	ea43 4304 	orr.w	r3, r3, r4, lsl #16
20002232:	fbb4 f4f7 	udiv	r4, r4, r7
20002236:	fbb1 f5f7 	udiv	r5, r1, r7
2000223a:	211f      	movs	r1, #31
2000223c:	9801      	ldr	r0, [sp, #4]
2000223e:	ea44 4405 	orr.w	r4, r4, r5, lsl #16
20002242:	1a1b      	subs	r3, r3, r0
20002244:	e750      	b.n	200020e8 <__udivmoddi4+0x104>
20002246:	4619      	mov	r1, r3
20002248:	fa07 fe03 	lsl.w	lr, r7, r3
2000224c:	f1c3 0320 	rsb	r3, r3, #32
20002250:	fa00 f401 	lsl.w	r4, r0, r1
20002254:	ea4f 471e 	mov.w	r7, lr, lsr #16
20002258:	40d8      	lsrs	r0, r3
2000225a:	fa26 f303 	lsr.w	r3, r6, r3
2000225e:	fa1f f88e 	uxth.w	r8, lr
20002262:	fa06 fc01 	lsl.w	ip, r6, r1
20002266:	4323      	orrs	r3, r4
20002268:	fbb0 f5f7 	udiv	r5, r0, r7
2000226c:	0c1c      	lsrs	r4, r3, #16
2000226e:	fb07 0015 	mls	r0, r7, r5, r0
20002272:	ea44 4000 	orr.w	r0, r4, r0, lsl #16
20002276:	fb05 f408 	mul.w	r4, r5, r8
2000227a:	4284      	cmp	r4, r0
2000227c:	d94a      	bls.n	20002314 <__udivmoddi4+0x330>
2000227e:	eb1e 0000 	adds.w	r0, lr, r0
20002282:	bf2c      	ite	cs
20002284:	2601      	movcs	r6, #1
20002286:	2600      	movcc	r6, #0
20002288:	4284      	cmp	r4, r0
2000228a:	d900      	bls.n	2000228e <__udivmoddi4+0x2aa>
2000228c:	b38e      	cbz	r6, 200022f2 <__udivmoddi4+0x30e>
2000228e:	1b00      	subs	r0, r0, r4
20002290:	3d01      	subs	r5, #1
20002292:	fbb0 f4f7 	udiv	r4, r0, r7
20002296:	fb04 f608 	mul.w	r6, r4, r8
2000229a:	46a1      	mov	r9, r4
2000229c:	9601      	str	r6, [sp, #4]
2000229e:	fb07 0019 	mls	r0, r7, r9, r0
200022a2:	b29b      	uxth	r3, r3
200022a4:	9e01      	ldr	r6, [sp, #4]
200022a6:	ea43 4300 	orr.w	r3, r3, r0, lsl #16
200022aa:	42b3      	cmp	r3, r6
200022ac:	d2c6      	bcs.n	2000223c <__udivmoddi4+0x258>
200022ae:	eb1e 0303 	adds.w	r3, lr, r3
200022b2:	bf2c      	ite	cs
200022b4:	2001      	movcs	r0, #1
200022b6:	2000      	movcc	r0, #0
200022b8:	42b3      	cmp	r3, r6
200022ba:	d200      	bcs.n	200022be <__udivmoddi4+0x2da>
200022bc:	b1a8      	cbz	r0, 200022ea <__udivmoddi4+0x306>
200022be:	f109 34ff 	add.w	r4, r9, #4294967295
200022c2:	e7bb      	b.n	2000223c <__udivmoddi4+0x258>
200022c4:	ebb6 0c07 	subs.w	ip, r6, r7
200022c8:	eb60 0303 	sbc.w	r3, r0, r3
200022cc:	2001      	movs	r0, #1
200022ce:	461d      	mov	r5, r3
200022d0:	e6f7      	b.n	200020c2 <__udivmoddi4+0xde>
200022d2:	44f4      	add	ip, lr
200022d4:	3802      	subs	r0, #2
200022d6:	e736      	b.n	20002146 <__udivmoddi4+0x162>
200022d8:	3d02      	subs	r5, #2
200022da:	4473      	add	r3, lr
200022dc:	e71b      	b.n	20002116 <__udivmoddi4+0x132>
200022de:	3c02      	subs	r4, #2
200022e0:	4473      	add	r3, lr
200022e2:	e6b1      	b.n	20002048 <__udivmoddi4+0x64>
200022e4:	44f4      	add	ip, lr
200022e6:	3d02      	subs	r5, #2
200022e8:	e6c6      	b.n	20002078 <__udivmoddi4+0x94>
200022ea:	f1a9 0402 	sub.w	r4, r9, #2
200022ee:	4473      	add	r3, lr
200022f0:	e7a4      	b.n	2000223c <__udivmoddi4+0x258>
200022f2:	ebae 0404 	sub.w	r4, lr, r4
200022f6:	3d02      	subs	r5, #2
200022f8:	4420      	add	r0, r4
200022fa:	fbb0 f4f7 	udiv	r4, r0, r7
200022fe:	fb04 f608 	mul.w	r6, r4, r8
20002302:	46a1      	mov	r9, r4
20002304:	9601      	str	r6, [sp, #4]
20002306:	e7ca      	b.n	2000229e <__udivmoddi4+0x2ba>
20002308:	3f02      	subs	r7, #2
2000230a:	4461      	add	r1, ip
2000230c:	e74b      	b.n	200021a6 <__udivmoddi4+0x1c2>
2000230e:	3802      	subs	r0, #2
20002310:	4463      	add	r3, ip
20002312:	e75f      	b.n	200021d4 <__udivmoddi4+0x1f0>
20002314:	1b00      	subs	r0, r0, r4
20002316:	fbb0 f4f7 	udiv	r4, r0, r7
2000231a:	fb04 f608 	mul.w	r6, r4, r8
2000231e:	46a1      	mov	r9, r4
20002320:	9601      	str	r6, [sp, #4]
20002322:	e7bc      	b.n	2000229e <__udivmoddi4+0x2ba>

20002324 <__aeabi_idiv0>:
20002324:	4770      	bx	lr
20002326:	bf00      	nop

20002328 <memset>:
20002328:	b530      	push	{r4, r5, lr}
2000232a:	0784      	lsls	r4, r0, #30
2000232c:	4686      	mov	lr, r0
2000232e:	4603      	mov	r3, r0
20002330:	d006      	beq.n	20002340 <memset+0x18>
20002332:	b3a2      	cbz	r2, 2000239e <memset+0x76>
20002334:	f803 1b01 	strb.w	r1, [r3], #1
20002338:	0798      	lsls	r0, r3, #30
2000233a:	f102 32ff 	add.w	r2, r2, #4294967295
2000233e:	d1f8      	bne.n	20002332 <memset+0xa>
20002340:	2a03      	cmp	r2, #3
20002342:	d926      	bls.n	20002392 <memset+0x6a>
20002344:	fa5f fc81 	uxtb.w	ip, r1
20002348:	2a0f      	cmp	r2, #15
2000234a:	eb0c 2c0c 	add.w	ip, ip, ip, lsl #8
2000234e:	eb0c 400c 	add.w	r0, ip, ip, lsl #16
20002352:	d92a      	bls.n	200023aa <memset+0x82>
20002354:	f022 0c0f 	bic.w	ip, r2, #15
20002358:	449c      	add	ip, r3
2000235a:	e9c3 0000 	strd	r0, r0, [r3]
2000235e:	e9c3 0002 	strd	r0, r0, [r3, #8]
20002362:	3310      	adds	r3, #16
20002364:	4563      	cmp	r3, ip
20002366:	d1f8      	bne.n	2000235a <memset+0x32>
20002368:	f012 0f0c 	tst.w	r2, #12
2000236c:	f002 050f 	and.w	r5, r2, #15
20002370:	d017      	beq.n	200023a2 <memset+0x7a>
20002372:	ea4f 0c95 	mov.w	ip, r5, lsr #2
20002376:	461a      	mov	r2, r3
20002378:	f10c 34ff 	add.w	r4, ip, #4294967295
2000237c:	eb03 0c8c 	add.w	ip, r3, ip, lsl #2
20002380:	f842 0b04 	str.w	r0, [r2], #4
20002384:	4562      	cmp	r2, ip
20002386:	d1fb      	bne.n	20002380 <memset+0x58>
20002388:	3304      	adds	r3, #4
2000238a:	f005 0203 	and.w	r2, r5, #3
2000238e:	eb03 0384 	add.w	r3, r3, r4, lsl #2
20002392:	b122      	cbz	r2, 2000239e <memset+0x76>
20002394:	441a      	add	r2, r3
20002396:	f803 1b01 	strb.w	r1, [r3], #1
2000239a:	429a      	cmp	r2, r3
2000239c:	d1fb      	bne.n	20002396 <memset+0x6e>
2000239e:	4670      	mov	r0, lr
200023a0:	bd30      	pop	{r4, r5, pc}
200023a2:	462a      	mov	r2, r5
200023a4:	2a00      	cmp	r2, #0
200023a6:	d1f5      	bne.n	20002394 <memset+0x6c>
200023a8:	e7f9      	b.n	2000239e <memset+0x76>
200023aa:	4615      	mov	r5, r2
200023ac:	e7e1      	b.n	20002372 <memset+0x4a>
200023ae:	bf00      	nop

200023b0 <memcpy>:
200023b0:	4684      	mov	ip, r0
200023b2:	ea41 0300 	orr.w	r3, r1, r0
200023b6:	f013 0303 	ands.w	r3, r3, #3
200023ba:	d149      	bne.n	20002450 <memcpy+0xa0>
200023bc:	3a40      	subs	r2, #64	@ 0x40
200023be:	d323      	bcc.n	20002408 <memcpy+0x58>
200023c0:	680b      	ldr	r3, [r1, #0]
200023c2:	6003      	str	r3, [r0, #0]
200023c4:	684b      	ldr	r3, [r1, #4]
200023c6:	6043      	str	r3, [r0, #4]
200023c8:	688b      	ldr	r3, [r1, #8]
200023ca:	6083      	str	r3, [r0, #8]
200023cc:	68cb      	ldr	r3, [r1, #12]
200023ce:	60c3      	str	r3, [r0, #12]
200023d0:	690b      	ldr	r3, [r1, #16]
200023d2:	6103      	str	r3, [r0, #16]
200023d4:	694b      	ldr	r3, [r1, #20]
200023d6:	6143      	str	r3, [r0, #20]
200023d8:	698b      	ldr	r3, [r1, #24]
200023da:	6183      	str	r3, [r0, #24]
200023dc:	69cb      	ldr	r3, [r1, #28]
200023de:	61c3      	str	r3, [r0, #28]
200023e0:	6a0b      	ldr	r3, [r1, #32]
200023e2:	6203      	str	r3, [r0, #32]
200023e4:	6a4b      	ldr	r3, [r1, #36]	@ 0x24
200023e6:	6243      	str	r3, [r0, #36]	@ 0x24
200023e8:	6a8b      	ldr	r3, [r1, #40]	@ 0x28
200023ea:	6283      	str	r3, [r0, #40]	@ 0x28
200023ec:	6acb      	ldr	r3, [r1, #44]	@ 0x2c
200023ee:	62c3      	str	r3, [r0, #44]	@ 0x2c
200023f0:	6b0b      	ldr	r3, [r1, #48]	@ 0x30
200023f2:	6303      	str	r3, [r0, #48]	@ 0x30
200023f4:	6b4b      	ldr	r3, [r1, #52]	@ 0x34
200023f6:	6343      	str	r3, [r0, #52]	@ 0x34
200023f8:	6b8b      	ldr	r3, [r1, #56]	@ 0x38
200023fa:	6383      	str	r3, [r0, #56]	@ 0x38
200023fc:	6bcb      	ldr	r3, [r1, #60]	@ 0x3c
200023fe:	63c3      	str	r3, [r0, #60]	@ 0x3c
20002400:	3040      	adds	r0, #64	@ 0x40
20002402:	3140      	adds	r1, #64	@ 0x40
20002404:	3a40      	subs	r2, #64	@ 0x40
20002406:	d2db      	bcs.n	200023c0 <memcpy+0x10>
20002408:	3230      	adds	r2, #48	@ 0x30
2000240a:	d30b      	bcc.n	20002424 <memcpy+0x74>
2000240c:	680b      	ldr	r3, [r1, #0]
2000240e:	6003      	str	r3, [r0, #0]
20002410:	684b      	ldr	r3, [r1, #4]
20002412:	6043      	str	r3, [r0, #4]
20002414:	688b      	ldr	r3, [r1, #8]
20002416:	6083      	str	r3, [r0, #8]
20002418:	68cb      	ldr	r3, [r1, #12]
2000241a:	60c3      	str	r3, [r0, #12]
2000241c:	3010      	adds	r0, #16
2000241e:	3110      	adds	r1, #16
20002420:	3a10      	subs	r2, #16
20002422:	d2f3      	bcs.n	2000240c <memcpy+0x5c>
20002424:	320c      	adds	r2, #12
20002426:	d305      	bcc.n	20002434 <memcpy+0x84>
20002428:	f851 3b04 	ldr.w	r3, [r1], #4
2000242c:	f840 3b04 	str.w	r3, [r0], #4
20002430:	3a04      	subs	r2, #4
20002432:	d2f9      	bcs.n	20002428 <memcpy+0x78>
20002434:	3204      	adds	r2, #4
20002436:	d008      	beq.n	2000244a <memcpy+0x9a>
20002438:	07d2      	lsls	r2, r2, #31
2000243a:	bf1c      	itt	ne
2000243c:	f811 3b01 	ldrbne.w	r3, [r1], #1
20002440:	f800 3b01 	strbne.w	r3, [r0], #1
20002444:	d301      	bcc.n	2000244a <memcpy+0x9a>
20002446:	880b      	ldrh	r3, [r1, #0]
20002448:	8003      	strh	r3, [r0, #0]
2000244a:	4660      	mov	r0, ip
2000244c:	4770      	bx	lr
2000244e:	bf00      	nop
20002450:	2a08      	cmp	r2, #8
20002452:	d313      	bcc.n	2000247c <memcpy+0xcc>
20002454:	078b      	lsls	r3, r1, #30
20002456:	d0b1      	beq.n	200023bc <memcpy+0xc>
20002458:	f010 0303 	ands.w	r3, r0, #3
2000245c:	d0ae      	beq.n	200023bc <memcpy+0xc>
2000245e:	f1c3 0304 	rsb	r3, r3, #4
20002462:	1ad2      	subs	r2, r2, r3
20002464:	07db      	lsls	r3, r3, #31
20002466:	bf1c      	itt	ne
20002468:	f811 3b01 	ldrbne.w	r3, [r1], #1
2000246c:	f800 3b01 	strbne.w	r3, [r0], #1
20002470:	d3a4      	bcc.n	200023bc <memcpy+0xc>
20002472:	f831 3b02 	ldrh.w	r3, [r1], #2
20002476:	f820 3b02 	strh.w	r3, [r0], #2
2000247a:	e79f      	b.n	200023bc <memcpy+0xc>
2000247c:	3a04      	subs	r2, #4
2000247e:	d3d9      	bcc.n	20002434 <memcpy+0x84>
20002480:	3a01      	subs	r2, #1
20002482:	f811 3b01 	ldrb.w	r3, [r1], #1
20002486:	f800 3b01 	strb.w	r3, [r0], #1
2000248a:	d2f9      	bcs.n	20002480 <memcpy+0xd0>
2000248c:	780b      	ldrb	r3, [r1, #0]
2000248e:	7003      	strb	r3, [r0, #0]
20002490:	784b      	ldrb	r3, [r1, #1]
20002492:	7043      	strb	r3, [r0, #1]
20002494:	788b      	ldrb	r3, [r1, #2]
20002496:	7083      	strb	r3, [r0, #2]
20002498:	4660      	mov	r0, ip
2000249a:	4770      	bx	lr
2000249c:	0000      	movs	r0, r0
	...

200024a0 <__interp_restore_veneer>:
200024a0:	f85f f000 	ldr.w	pc, [pc]	@ 200024a4 <__interp_restore_veneer+0x4>
200024a4:	10007641 	.word	0x10007641

200024a8 <____wrap_printf_veneer>:
200024a8:	f85f f000 	ldr.w	pc, [pc]	@ 200024ac <____wrap_printf_veneer+0x4>
200024ac:	10003f1d 	.word	0x10003f1d

200024b0 <__queue_remove_blocking_veneer>:
200024b0:	f85f f000 	ldr.w	pc, [pc]	@ 200024b4 <__queue_remove_blocking_veneer+0x4>
200024b4:	10001605 	.word	0x10001605

200024b8 <__fflush_veneer>:
200024b8:	f85f f000 	ldr.w	pc, [pc]	@ 200024bc <__fflush_veneer+0x4>
200024bc:	10007e55 	.word	0x10007e55

200024c0 <__dvi_register_irqs_this_core_veneer>:
200024c0:	f85f f000 	ldr.w	pc, [pc]	@ 200024c4 <__dvi_register_irqs_this_core_veneer+0x4>
200024c4:	10006ae9 	.word	0x10006ae9

200024c8 <__dvi_start_veneer>:
200024c8:	f85f f000 	ldr.w	pc, [pc]	@ 200024cc <__dvi_start_veneer+0x4>
200024cc:	10006b99 	.word	0x10006b99

200024d0 <__queue_add_blocking_veneer>:
200024d0:	f85f f000 	ldr.w	pc, [pc]	@ 200024d4 <__queue_add_blocking_veneer+0x4>
200024d4:	10001571 	.word	0x10001571

200024d8 <__tud_event_hook_cb_veneer>:
200024d8:	f85f f000 	ldr.w	pc, [pc]	@ 200024dc <__tud_event_hook_cb_veneer+0x4>
200024dc:	10004c15 	.word	0x10004c15

200024e0 <__tu_fifo_write_veneer>:
200024e0:	f85f f000 	ldr.w	pc, [pc]	@ 200024e4 <__tu_fifo_write_veneer+0x4>
200024e4:	10006255 	.word	0x10006255

200024e8 <__time_us_64_veneer>:
200024e8:	f85f f000 	ldr.w	pc, [pc]	@ 200024ec <__time_us_64_veneer+0x4>
200024ec:	100014a9 	.word	0x100014a9

200024f0 <__panic_veneer>:
200024f0:	f85f f000 	ldr.w	pc, [pc]	@ 200024f4 <__panic_veneer+0x4>
200024f4:	100003cd 	.word	0x100003cd

200024f8 <__best_effort_wfe_or_timeout_veneer>:
200024f8:	f85f f000 	ldr.w	pc, [pc]	@ 200024fc <__best_effort_wfe_or_timeout_veneer+0x4>
200024fc:	10001349 	.word	0x10001349

20002500 <__interp_save_veneer>:
20002500:	f85f f000 	ldr.w	pc, [pc]	@ 20002504 <__interp_save_veneer+0x4>
20002504:	1000761d 	.word	0x1000761d

20002508 <striped_spin_lock_num>:
20002508:	00000010                                ....

2000250c <irq_handler_chain_slots>:
2000250c:	00000000 	.word	0x00000000
20002510:	00010000 	.word	0x00010000
	...
2000251c:	00020000 	.word	0x00020000
	...
20002528:	00030000 	.word	0x00030000
	...
20002534:	00040000 	.word	0x00040000
	...
20002540:	00050000 	.word	0x00050000
	...
2000254c:	00ff0000 	.word	0x00ff0000
20002550:	00000000 	.word	0x00000000

20002554 <irq_handler_chain_first_slot>:
20002554:	b501      	push	{r0, lr}
20002556:	6848      	ldr	r0, [r1, #4]
20002558:	3101      	adds	r1, #1
2000255a:	468e      	mov	lr, r1
2000255c:	4700      	bx	r0

2000255e <irq_handler_chain_remove_tail>:
2000255e:	4670      	mov	r0, lr
20002560:	3809      	subs	r0, #9
20002562:	4901      	ldr	r1, [pc, #4]	@ (20002568 <irq_handler_chain_remove_tail+0xa>)
20002564:	4788      	blx	r1
20002566:	bd01      	pop	{r0, pc}
20002568:	10000a21 	.word	0x10000a21
2000256c:	00000000 	.word	0x00000000

20002570 <last_added.0>:
20002570:	ffffffff 7fffffff                       ........

20002578 <default_alarm_pool>:
	...
2000258c:	20002ce0                                .,. 

20002590 <stdio_uart>:
20002590:	10003f39 1000404d 10003f8d 1000405d     9?..M@...?..]@..
200025a0:	00000000 00000100                       ........

200025a8 <stdio_usb>:
200025a8:	100042b1 1000425d 100041d5 10004145     .B..]B...A..EA..
200025b8:	00000000 00000100                       ........

200025c0 <_usbd_qdef>:
200025c0:	200291c4 000c0010 00000000 00000000     ... ............
	...

200025dc <_usbd_rhport>:
200025dc:	000000ff                                ....

200025e0 <g_dvi_tmo_lane>:
200025e0:	ffffffff                                ....

200025e4 <__malloc_sbrk_base>:
200025e4:	ffffffff                                ....

200025e8 <__malloc_trim_threshold>:
200025e8:	00020000 00000000                       ........

200025f0 <__malloc_av_>:
	...
200025f8:	200025f0 200025f0 200025f8 200025f8     .%. .%. .%. .%. 
20002608:	20002600 20002600 20002608 20002608     .&. .&. .&. .&. 
20002618:	20002610 20002610 20002618 20002618     .&. .&. .&. .&. 
20002628:	20002620 20002620 20002628 20002628      &.  &. (&. (&. 
20002638:	20002630 20002630 20002638 20002638     0&. 0&. 8&. 8&. 
20002648:	20002640 20002640 20002648 20002648     @&. @&. H&. H&. 
20002658:	20002650 20002650 20002658 20002658     P&. P&. X&. X&. 
20002668:	20002660 20002660 20002668 20002668     `&. `&. h&. h&. 
20002678:	20002670 20002670 20002678 20002678     p&. p&. x&. x&. 
20002688:	20002680 20002680 20002688 20002688     .&. .&. .&. .&. 
20002698:	20002690 20002690 20002698 20002698     .&. .&. .&. .&. 
200026a8:	200026a0 200026a0 200026a8 200026a8     .&. .&. .&. .&. 
200026b8:	200026b0 200026b0 200026b8 200026b8     .&. .&. .&. .&. 
200026c8:	200026c0 200026c0 200026c8 200026c8     .&. .&. .&. .&. 
200026d8:	200026d0 200026d0 200026d8 200026d8     .&. .&. .&. .&. 
200026e8:	200026e0 200026e0 200026e8 200026e8     .&. .&. .&. .&. 
200026f8:	200026f0 200026f0 200026f8 200026f8     .&. .&. .&. .&. 
20002708:	20002700 20002700 20002708 20002708     .'. .'. .'. .'. 
20002718:	20002710 20002710 20002718 20002718     .'. .'. .'. .'. 
20002728:	20002720 20002720 20002728 20002728      '.  '. ('. ('. 
20002738:	20002730 20002730 20002738 20002738     0'. 0'. 8'. 8'. 
20002748:	20002740 20002740 20002748 20002748     @'. @'. H'. H'. 
20002758:	20002750 20002750 20002758 20002758     P'. P'. X'. X'. 
20002768:	20002760 20002760 20002768 20002768     `'. `'. h'. h'. 
20002778:	20002770 20002770 20002778 20002778     p'. p'. x'. x'. 
20002788:	20002780 20002780 20002788 20002788     .'. .'. .'. .'. 
20002798:	20002790 20002790 20002798 20002798     .'. .'. .'. .'. 
200027a8:	200027a0 200027a0 200027a8 200027a8     .'. .'. .'. .'. 
200027b8:	200027b0 200027b0 200027b8 200027b8     .'. .'. .'. .'. 
200027c8:	200027c0 200027c0 200027c8 200027c8     .'. .'. .'. .'. 
200027d8:	200027d0 200027d0 200027d8 200027d8     .'. .'. .'. .'. 
200027e8:	200027e0 200027e0 200027e8 200027e8     .'. .'. .'. .'. 
200027f8:	200027f0 200027f0 200027f8 200027f8     .'. .'. .'. .'. 
20002808:	20002800 20002800 20002808 20002808     .(. .(. .(. .(. 
20002818:	20002810 20002810 20002818 20002818     .(. .(. .(. .(. 
20002828:	20002820 20002820 20002828 20002828      (.  (. ((. ((. 
20002838:	20002830 20002830 20002838 20002838     0(. 0(. 8(. 8(. 
20002848:	20002840 20002840 20002848 20002848     @(. @(. H(. H(. 
20002858:	20002850 20002850 20002858 20002858     P(. P(. X(. X(. 
20002868:	20002860 20002860 20002868 20002868     `(. `(. h(. h(. 
20002878:	20002870 20002870 20002878 20002878     p(. p(. x(. x(. 
20002888:	20002880 20002880 20002888 20002888     .(. .(. .(. .(. 
20002898:	20002890 20002890 20002898 20002898     .(. .(. .(. .(. 
200028a8:	200028a0 200028a0 200028a8 200028a8     .(. .(. .(. .(. 
200028b8:	200028b0 200028b0 200028b8 200028b8     .(. .(. .(. .(. 
200028c8:	200028c0 200028c0 200028c8 200028c8     .(. .(. .(. .(. 
200028d8:	200028d0 200028d0 200028d8 200028d8     .(. .(. .(. .(. 
200028e8:	200028e0 200028e0 200028e8 200028e8     .(. .(. .(. .(. 
200028f8:	200028f0 200028f0 200028f8 200028f8     .(. .(. .(. .(. 
20002908:	20002900 20002900 20002908 20002908     .). .). .). .). 
20002918:	20002910 20002910 20002918 20002918     .). .). .). .). 
20002928:	20002920 20002920 20002928 20002928      ).  ). (). (). 
20002938:	20002930 20002930 20002938 20002938     0). 0). 8). 8). 
20002948:	20002940 20002940 20002948 20002948     @). @). H). H). 
20002958:	20002950 20002950 20002958 20002958     P). P). X). X). 
20002968:	20002960 20002960 20002968 20002968     `). `). h). h). 
20002978:	20002970 20002970 20002978 20002978     p). p). x). x). 
20002988:	20002980 20002980 20002988 20002988     .). .). .). .). 
20002998:	20002990 20002990 20002998 20002998     .). .). .). .). 
200029a8:	200029a0 200029a0 200029a8 200029a8     .). .). .). .). 
200029b8:	200029b0 200029b0 200029b8 200029b8     .). .). .). .). 
200029c8:	200029c0 200029c0 200029c8 200029c8     .). .). .). .). 
200029d8:	200029d0 200029d0 200029d8 200029d8     .). .). .). .). 
200029e8:	200029e0 200029e0 200029e8 200029e8     .). .). .). .). 

200029f8 <__sglue>:
200029f8:	00000000 00000003 20028f1c              ........... 

20002a04 <_impure_ptr>:
20002a04:	20002a08                                .*. 

20002a08 <_impure_data>:
20002a08:	00000000 20028f1c 20028f84 20028fec     ....... ... ... 
	...
20002aa0:	00000001 00000000 abcd330e e66d1234     .........3..4.m.
20002ab0:	0005deec 0000000b 00000000 00000000     ................
	...

20002c08 <malloc_mutex>:
	...

20002c10 <print_mutex>:
	...

Disassembly of section .scratch_x:

20080000 <tmds_table>:
20080000:	0007fd00 00040dfc 00041df8 0007ed04     ................
20080010:	00043df0 0007cd0c 0007dd08 00042df4     .=...........-..
20080020:	00047de0 00078d1c 00079d18 00046de4     .}...........m..
20080030:	0007bd10 00044dec 00045de8 000afa41     .....M...]..A...
20080040:	0004fdc0 00070d3c 00071d38 0004edc4     ....<...8.......
20080050:	00073d30 0004cdcc 0004ddc8 000a7a61     0=..........az..
20080060:	00077d20 00048ddc 00049dd8 000a3a71      }..........q:..
20080070:	0004bdd0 000a1a79 000a0a7d 0009fa81     ....y...}.......
20080080:	0005fd80 00060d7c 00061d78 0005ed84     ....|...x.......
20080090:	00063d70 0005cd8c 0005dd88 000b7a21     p=..........!z..
200800a0:	00067d60 00058d9c 00059d98 000b3a31     `}..........1:..
200800b0:	0005bd90 000b1a39 000b0a3d 0008fac1     ....9...=.......
200800c0:	0006fd40 00050dbc 00051db8 000bba11     @...............
200800d0:	00053db0 000b9a19 000b8a1d 00087ae1     .=...........z..
200800e0:	00057da0 000bda09 000bca0d 00083af1     .}...........:..
200800f0:	000bea05 00081af9 00080afd 000bfa01     ................

20080100 <tmds_encode_loop_16bpp>:
20080100:	b5f0      	push	{r4, r5, r6, r7, lr}
20080102:	0092      	lsls	r2, r2, #2
20080104:	440a      	add	r2, r1
20080106:	4694      	mov	ip, r2
20080108:	4a08      	ldr	r2, [pc, #32]	@ (2008012c <tmds_encode_loop_16bpp+0x2c>)
2008010a:	e00b      	b.n	20080124 <tmds_encode_loop_16bpp+0x24>
2008010c:	c850      	ldmia	r0!, {r4, r6}
2008010e:	6014      	str	r4, [r2, #0]
20080110:	6a14      	ldr	r4, [r2, #32]
20080112:	6824      	ldr	r4, [r4, #0]
20080114:	6a55      	ldr	r5, [r2, #36]	@ 0x24
20080116:	682d      	ldr	r5, [r5, #0]
20080118:	6016      	str	r6, [r2, #0]
2008011a:	6a16      	ldr	r6, [r2, #32]
2008011c:	6836      	ldr	r6, [r6, #0]
2008011e:	6a57      	ldr	r7, [r2, #36]	@ 0x24
20080120:	683f      	ldr	r7, [r7, #0]
20080122:	c1f0      	stmia	r1!, {r4, r5, r6, r7}
20080124:	4561      	cmp	r1, ip
20080126:	d1f1      	bne.n	2008010c <tmds_encode_loop_16bpp+0xc>
20080128:	bdf0      	pop	{r4, r5, r6, r7, pc}
2008012a:	0000      	.short	0x0000
2008012c:	d0000080 	.word	0xd0000080

20080130 <tmds_encode_loop_16bpp_leftshift>:
20080130:	b5f0      	push	{r4, r5, r6, r7, lr}
20080132:	0092      	lsls	r2, r2, #2
20080134:	440a      	add	r2, r1
20080136:	4694      	mov	ip, r2
20080138:	4a09      	ldr	r2, [pc, #36]	@ (20080160 <tmds_encode_loop_16bpp_leftshift+0x30>)
2008013a:	e00d      	b.n	20080158 <tmds_encode_loop_16bpp_leftshift+0x28>
2008013c:	c850      	ldmia	r0!, {r4, r6}
2008013e:	409c      	lsls	r4, r3
20080140:	6014      	str	r4, [r2, #0]
20080142:	6a14      	ldr	r4, [r2, #32]
20080144:	6824      	ldr	r4, [r4, #0]
20080146:	6a55      	ldr	r5, [r2, #36]	@ 0x24
20080148:	682d      	ldr	r5, [r5, #0]
2008014a:	409e      	lsls	r6, r3
2008014c:	6016      	str	r6, [r2, #0]
2008014e:	6a16      	ldr	r6, [r2, #32]
20080150:	6836      	ldr	r6, [r6, #0]
20080152:	6a57      	ldr	r7, [r2, #36]	@ 0x24
20080154:	683f      	ldr	r7, [r7, #0]
20080156:	c1f0      	stmia	r1!, {r4, r5, r6, r7}
20080158:	4561      	cmp	r1, ip
2008015a:	d1ef      	bne.n	2008013c <tmds_encode_loop_16bpp_leftshift+0xc>
2008015c:	bdf0      	pop	{r4, r5, r6, r7, pc}
2008015e:	0000      	.short	0x0000
20080160:	d0000080 	.word	0xd0000080

Disassembly of section .scratch_y:

20081000 <fill_scanline>:
20081000:	4b18      	ldr	r3, [pc, #96]	@ (20081064 <fill_scanline+0x64>)
20081002:	4a19      	ldr	r2, [pc, #100]	@ (20081068 <fill_scanline+0x68>)
20081004:	681b      	ldr	r3, [r3, #0]
20081006:	f8df c06c 	ldr.w	ip, [pc, #108]	@ 20081074 <fill_scanline+0x74>
2008100a:	6812      	ldr	r2, [r2, #0]
2008100c:	1ac9      	subs	r1, r1, r3
2008100e:	f8dc c000 	ldr.w	ip, [ip]
20081012:	eb00 0042 	add.w	r0, r0, r2, lsl #1
20081016:	d41f      	bmi.n	20081058 <fill_scanline+0x58>
20081018:	4b14      	ldr	r3, [pc, #80]	@ (2008106c <fill_scanline+0x6c>)
2008101a:	681b      	ldr	r3, [r3, #0]
2008101c:	428b      	cmp	r3, r1
2008101e:	dd1b      	ble.n	20081058 <fill_scanline+0x58>
20081020:	4b13      	ldr	r3, [pc, #76]	@ (20081070 <fill_scanline+0x70>)
20081022:	681b      	ldr	r3, [r3, #0]
20081024:	b1c3      	cbz	r3, 20081058 <fill_scanline+0x58>
20081026:	f5c2 72a0 	rsb	r2, r2, #320	@ 0x140
2008102a:	4562      	cmp	r2, ip
2008102c:	bfa8      	it	ge
2008102e:	4662      	movge	r2, ip
20081030:	2a00      	cmp	r2, #0
20081032:	dd10      	ble.n	20081056 <fill_scanline+0x56>
20081034:	3b01      	subs	r3, #1
20081036:	eb00 0242 	add.w	r2, r0, r2, lsl #1
2008103a:	fb0c 3301 	mla	r3, ip, r1, r3
2008103e:	f8df c038 	ldr.w	ip, [pc, #56]	@ 20081078 <fill_scanline+0x78>
20081042:	3802      	subs	r0, #2
20081044:	3a02      	subs	r2, #2
20081046:	f813 1f01 	ldrb.w	r1, [r3, #1]!
2008104a:	f83c 1011 	ldrh.w	r1, [ip, r1, lsl #1]
2008104e:	f820 1f02 	strh.w	r1, [r0, #2]!
20081052:	4290      	cmp	r0, r2
20081054:	d1f7      	bne.n	20081046 <fill_scanline+0x46>
20081056:	4770      	bx	lr
20081058:	2100      	movs	r1, #0
2008105a:	ea4f 024c 	mov.w	r2, ip, lsl #1
2008105e:	f781 b963 	b.w	20002328 <memset>
20081062:	bf00      	nop
20081064:	2002b324 	.word	0x2002b324
20081068:	2002b320 	.word	0x2002b320
2008106c:	2002b318 	.word	0x2002b318
20081070:	2002b314 	.word	0x2002b314
20081074:	2002b31c 	.word	0x2002b31c
20081078:	2008107c 	.word	0x2008107c

2008107c <palette_rgb565>:
	...
