
C:/Users/Chen/Desktop/Pico/PicoPhone/DeepSeekCode/wboard_dvi/build/pin_toggle.elf:     file format elf32-littlearm

Sections:
Idx Name          Size      VMA       LMA       File off  Algn
  0 .text         00006a44  10000000  10000000  00001000  2**3
                  CONTENTS, ALLOC, LOAD, READONLY, CODE
  1 .rodata       000004f8  10006a48  10006a48  00007a48  2**3
                  CONTENTS, ALLOC, LOAD, READONLY, DATA
  2 .ARM.exidx    00000008  10006f40  10006f40  00007f40  2**2
                  CONTENTS, ALLOC, LOAD, READONLY, DATA
  3 .binary_info  0000002c  10006f48  10006f48  00007f48  2**2
                  CONTENTS, ALLOC, LOAD, READONLY, DATA
  4 .psram_load   00000000  11000000  11000000  0000a838  2**0
                  CONTENTS
  5 .psram_noload 00000000  11000000  11000000  0000a838  2**0
                  CONTENTS
  6 .xip_ram      00000000  13ffc000  13ffc000  0000a838  2**0
                  CONTENTS
  7 .ram_vector_table 00000110  20000000  20000000  0000b000  2**2
                  ALLOC
  8 .uninitialized_data 00000000  20000110  20000110  0000a838  2**0
                  CONTENTS
  9 .data         000018b0  20000110  10006f74  00008110  2**3
                  CONTENTS, ALLOC, LOAD, READONLY, CODE
 10 .tdata        00000000  200019c0  200019c0  0000a838  2**0
                  CONTENTS, ALLOC, LOAD, DATA, THREAD_LOCAL
 11 .tbss         00000000  200019c0  200019c0  00000000  2**0
                  ALLOC, THREAD_LOCAL
 12 .tbss_space   00000000  200019c0  200019c0  0000a838  2**0
                  CONTENTS
 13 .bss          00000acc  200019c0  10008824  0000a9c0  2**3
                  ALLOC
 14 .tls0         00000000  2000248c  2000248c  0000a838  2**0
                  CONTENTS
 15 .tls1         00000000  2000248c  2000248c  0000a838  2**0
                  CONTENTS
 16 .persistent_data 00000000  2000248c  2000248c  0000a838  2**0
                  CONTENTS
 17 .dummy_pre_heap 00000000  2000248c  2000248c  0000a838  2**0
                  CONTENTS
 18 .heap         00000800  2000248c  2000248c  0000b48c  2**2
                  ALLOC, READONLY
 19 .scratch_x    00000000  20080000  20080000  0000a838  2**0
                  CONTENTS
 20 .scratch_y    00000000  20081000  20081000  0000a838  2**0
                  CONTENTS
 21 .stack_dummy  00000800  20081000  20081000  0000b000  2**5
                  ALLOC, READONLY
 22 .flash_end    00000014  10008824  10008824  0000a824  2**2
                  CONTENTS, ALLOC, LOAD, READONLY, DATA
 23 .debug_info   00035e18  00000000  00000000  0000a838  2**0
                  CONTENTS, READONLY, DEBUGGING, OCTETS
 24 .debug_abbrev 00009261  00000000  00000000  00040650  2**0
                  CONTENTS, READONLY, DEBUGGING, OCTETS
 25 .debug_loclists 00019bc8  00000000  00000000  000498b1  2**0
                  CONTENTS, READONLY, DEBUGGING, OCTETS
 26 .debug_aranges 00001318  00000000  00000000  00063480  2**3
                  CONTENTS, READONLY, DEBUGGING, OCTETS
 27 .debug_rnglists 00004944  00000000  00000000  00064798  2**0
                  CONTENTS, READONLY, DEBUGGING, OCTETS
 28 .debug_line   000222ae  00000000  00000000  000690dc  2**0
                  CONTENTS, READONLY, DEBUGGING, OCTETS
 29 .debug_str    00009d32  00000000  00000000  0008b38a  2**0
                  CONTENTS, READONLY, DEBUGGING, OCTETS
 30 .comment      00000045  00000000  00000000  000950bc  2**0
                  CONTENTS, READONLY
 31 .ARM.attributes 00000036  00000000  00000000  00095101  2**0
                  CONTENTS, READONLY
 32 .debug_frame  00003840  00000000  00000000  00095138  2**2
                  CONTENTS, READONLY, DEBUGGING, OCTETS
 33 .debug_line_str 000002a1  00000000  00000000  00098978  2**0
                  CONTENTS, READONLY, DEBUGGING, OCTETS

C:/Users/Chen/Desktop/Pico/PicoPhone/DeepSeekCode/wboard_dvi/build/pin_toggle.elf:     file format elf32-littlearm


Disassembly of section .text:

10000000 <__VECTOR_TABLE>:
10000000:	20082000 	.word	0x20082000
10000004:	1000015b 	.word	0x1000015b
10000008:	1000011b 	.word	0x1000011b
1000000c:	1000011d 	.word	0x1000011d
10000010:	10000111 	.word	0x10000111
10000014:	10000111 	.word	0x10000111
10000018:	10000111 	.word	0x10000111
1000001c:	10000111 	.word	0x10000111
10000020:	10000119 	.word	0x10000119
10000024:	10000119 	.word	0x10000119
10000028:	10000119 	.word	0x10000119
1000002c:	1000011f 	.word	0x1000011f
10000030:	10000111 	.word	0x10000111
10000034:	10000119 	.word	0x10000119
10000038:	10000121 	.word	0x10000121
1000003c:	10000123 	.word	0x10000123
10000040:	10000111 	.word	0x10000111
10000044:	10000111 	.word	0x10000111
10000048:	10000111 	.word	0x10000111
1000004c:	10000111 	.word	0x10000111
10000050:	10000111 	.word	0x10000111
10000054:	10000111 	.word	0x10000111
10000058:	10000111 	.word	0x10000111
1000005c:	10000111 	.word	0x10000111
10000060:	10000111 	.word	0x10000111
10000064:	10000111 	.word	0x10000111
10000068:	10000111 	.word	0x10000111
1000006c:	10000111 	.word	0x10000111
10000070:	10000111 	.word	0x10000111
10000074:	10000111 	.word	0x10000111
10000078:	10000111 	.word	0x10000111
1000007c:	10000111 	.word	0x10000111
10000080:	10000111 	.word	0x10000111
10000084:	10000111 	.word	0x10000111
10000088:	10000111 	.word	0x10000111
1000008c:	10000111 	.word	0x10000111
10000090:	10000111 	.word	0x10000111
10000094:	10000111 	.word	0x10000111
10000098:	10000111 	.word	0x10000111
1000009c:	10000111 	.word	0x10000111
100000a0:	10000111 	.word	0x10000111
100000a4:	10000111 	.word	0x10000111
100000a8:	10000111 	.word	0x10000111
100000ac:	10000111 	.word	0x10000111
100000b0:	10000111 	.word	0x10000111
100000b4:	10000111 	.word	0x10000111
100000b8:	10000111 	.word	0x10000111
100000bc:	10000111 	.word	0x10000111
100000c0:	10000111 	.word	0x10000111
100000c4:	10000111 	.word	0x10000111
100000c8:	10000111 	.word	0x10000111
100000cc:	10000111 	.word	0x10000111
100000d0:	10000111 	.word	0x10000111
100000d4:	10000111 	.word	0x10000111
100000d8:	10000111 	.word	0x10000111
100000dc:	10000111 	.word	0x10000111
100000e0:	10000111 	.word	0x10000111
100000e4:	10000111 	.word	0x10000111
100000e8:	10000111 	.word	0x10000111
100000ec:	10000111 	.word	0x10000111
100000f0:	10000111 	.word	0x10000111
100000f4:	10000111 	.word	0x10000111
100000f8:	10000111 	.word	0x10000111
100000fc:	10000111 	.word	0x10000111
10000100:	10000111 	.word	0x10000111
10000104:	10000111 	.word	0x10000111
10000108:	10000111 	.word	0x10000111
1000010c:	10000111 	.word	0x10000111

10000110 <__unhandled_user_irq>:
10000110:	f3ef 8005 	mrs	r0, IPSR
10000114:	3810      	subs	r0, #16

10000116 <unhandled_user_irq_num_in_r0>:
10000116:	be00      	bkpt	0x0000

10000118 <isr_invalid>:
10000118:	be00      	bkpt	0x0000

1000011a <isr_nmi>:
1000011a:	be00      	bkpt	0x0000

1000011c <isr_hardfault>:
1000011c:	be00      	bkpt	0x0000

1000011e <isr_svcall>:
1000011e:	be00      	bkpt	0x0000

10000120 <isr_pendsv>:
10000120:	be00      	bkpt	0x0000

10000122 <isr_systick>:
10000122:	be00      	bkpt	0x0000

10000124 <__default_isrs_end>:
10000124:	7188ebf2 	.word	0x7188ebf2
10000128:	10006f48 	.word	0x10006f48
1000012c:	10006f74 	.word	0x10006f74
10000130:	1000019c 	.word	0x1000019c
10000134:	e71aa390 	.word	0xe71aa390

10000138 <__binary_info_header_end>:
10000138:	ffffded3 	.word	0xffffded3
1000013c:	10210142 	.word	0x10210142
10000140:	000001ff 	.word	0x000001ff
10000144:	000086ec 	.word	0x000086ec
10000148:	ab123579 	.word	0xab123579

1000014c <_entry_point>:
1000014c:	2000      	movs	r0, #0

1000014e <_enter_vtable_in_r0>:
1000014e:	491e      	ldr	r1, [pc, #120]	@ (100001c8 <data_cpy_table+0x2c>)
10000150:	6008      	str	r0, [r1, #0]
10000152:	c806      	ldmia	r0!, {r1, r2}
10000154:	f381 8808 	msr	MSP, r1
10000158:	4710      	bx	r2

1000015a <_reset_handler>:
1000015a:	f04f 4050 	mov.w	r0, #3489660928	@ 0xd0000000
1000015e:	6800      	ldr	r0, [r0, #0]
10000160:	b108      	cbz	r0, 10000166 <hold_non_core0_in_bootrom+0x4>

10000162 <hold_non_core0_in_bootrom>:
10000162:	2000      	movs	r0, #0
10000164:	e7f3      	b.n	1000014e <_enter_vtable_in_r0>
10000166:	a40d      	add	r4, pc, #52	@ (adr r4, 1000019c <data_cpy_table>)
10000168:	cc0e      	ldmia	r4!, {r1, r2, r3}
1000016a:	2900      	cmp	r1, #0
1000016c:	d002      	beq.n	10000174 <hold_non_core0_in_bootrom+0x12>
1000016e:	f000 f812 	bl	10000196 <data_cpy>
10000172:	e7f9      	b.n	10000168 <hold_non_core0_in_bootrom+0x6>
10000174:	4915      	ldr	r1, [pc, #84]	@ (100001cc <data_cpy_table+0x30>)
10000176:	4a16      	ldr	r2, [pc, #88]	@ (100001d0 <data_cpy_table+0x34>)
10000178:	2000      	movs	r0, #0
1000017a:	e000      	b.n	1000017e <bss_fill_test>

1000017c <bss_fill_loop>:
1000017c:	c101      	stmia	r1!, {r0}

1000017e <bss_fill_test>:
1000017e:	4291      	cmp	r1, r2
10000180:	d1fc      	bne.n	1000017c <bss_fill_loop>

10000182 <platform_entry>:
10000182:	4914      	ldr	r1, [pc, #80]	@ (100001d4 <data_cpy_table+0x38>)
10000184:	4788      	blx	r1
10000186:	4914      	ldr	r1, [pc, #80]	@ (100001d8 <data_cpy_table+0x3c>)
10000188:	4788      	blx	r1
1000018a:	4914      	ldr	r1, [pc, #80]	@ (100001dc <data_cpy_table+0x40>)
1000018c:	4788      	blx	r1
1000018e:	be00      	bkpt	0x0000
10000190:	e7fd      	b.n	1000018e <platform_entry+0xc>

10000192 <data_cpy_loop>:
10000192:	c901      	ldmia	r1!, {r0}
10000194:	c201      	stmia	r2!, {r0}

10000196 <data_cpy>:
10000196:	429a      	cmp	r2, r3
10000198:	d3fb      	bcc.n	10000192 <data_cpy_loop>

1000019a <data_cpy_done>:
1000019a:	4770      	bx	lr

1000019c <data_cpy_table>:
1000019c:	10006f74 	.word	0x10006f74
100001a0:	20000110 	.word	0x20000110
100001a4:	200019c0 	.word	0x200019c0
100001a8:	10008824 	.word	0x10008824
100001ac:	20080000 	.word	0x20080000
100001b0:	20080000 	.word	0x20080000
100001b4:	10008824 	.word	0x10008824
100001b8:	20081000 	.word	0x20081000
100001bc:	20081000 	.word	0x20081000
100001c0:	00000000 	.word	0x00000000
100001c4:	4770      	bx	lr
100001c6:	0000      	.short	0x0000
100001c8:	e000ed08 	.word	0xe000ed08
100001cc:	200019c0 	.word	0x200019c0
100001d0:	2000248c 	.word	0x2000248c
100001d4:	10003591 	.word	0x10003591
100001d8:	100001e1 	.word	0x100001e1
100001dc:	10003589 	.word	0x10003589

100001e0 <main>:
100001e0:	e92d 41f0 	stmdb	sp!, {r4, r5, r6, r7, r8, lr}
100001e4:	f003 fb36 	bl	10003854 <stdio_init_all>
100001e8:	f240 50dc 	movw	r0, #1500	@ 0x5dc
100001ec:	f000 fffc 	bl	100011e8 <sleep_ms>
100001f0:	2400      	movs	r4, #0
100001f2:	2501      	movs	r5, #1
100001f4:	4620      	mov	r0, r4
100001f6:	f000 f8ab 	bl	10000350 <gpio_init>
100001fa:	f04f 0301 	mov.w	r3, #1
100001fe:	ec43 4044 	gpioc_bit_oe_put r4, r3
10000202:	3401      	adds	r4, #1
10000204:	2c08      	cmp	r4, #8
10000206:	d1f5      	bne.n	100001f4 <main+0x14>
10000208:	f04f 0200 	mov.w	r2, #0
1000020c:	ec42 5040 	gpioc_bit_out_put r5, r2
10000210:	2102      	movs	r1, #2
10000212:	ec43 1040 	gpioc_bit_out_put r1, r3
10000216:	2103      	movs	r1, #3
10000218:	ec42 1040 	gpioc_bit_out_put r1, r2
1000021c:	2104      	movs	r1, #4
1000021e:	ec43 1040 	gpioc_bit_out_put r1, r3
10000222:	2105      	movs	r1, #5
10000224:	ec42 1040 	gpioc_bit_out_put r1, r2
10000228:	2106      	movs	r1, #6
1000022a:	ec43 1040 	gpioc_bit_out_put r1, r3
1000022e:	2307      	movs	r3, #7
10000230:	ec42 3040 	gpioc_bit_out_put r3, r2
10000234:	2500      	movs	r5, #0
10000236:	4830      	ldr	r0, [pc, #192]	@ (100002f8 <main+0x118>)
10000238:	4e30      	ldr	r6, [pc, #192]	@ (100002fc <main+0x11c>)
1000023a:	f003 fb9b 	bl	10003974 <__wrap_puts>
1000023e:	4830      	ldr	r0, [pc, #192]	@ (10000300 <main+0x120>)
10000240:	f003 fb98 	bl	10003974 <__wrap_puts>
10000244:	6833      	ldr	r3, [r6, #0]
10000246:	462f      	mov	r7, r5
10000248:	6898      	ldr	r0, [r3, #8]
1000024a:	f005 ffc1 	bl	100061d0 <fflush>
1000024e:	f8df 80c0 	ldr.w	r8, [pc, #192]	@ 10000310 <main+0x130>
10000252:	f085 0501 	eor.w	r5, r5, #1
10000256:	f005 0301 	and.w	r3, r5, #1
1000025a:	ec43 7040 	gpioc_bit_out_put r7, r3
1000025e:	f001 f8ef 	bl	10001440 <time_us_64>
10000262:	2900      	cmp	r1, #0
10000264:	d043      	beq.n	100002ee <main+0x10e>
10000266:	f44f 727a 	mov.w	r2, #1000	@ 0x3e8
1000026a:	2300      	movs	r3, #0
1000026c:	f006 fbb8 	bl	100069e0 <____aeabi_uldivmod_veneer>
10000270:	4601      	mov	r1, r0
10000272:	462b      	mov	r3, r5
10000274:	462a      	mov	r2, r5
10000276:	4823      	ldr	r0, [pc, #140]	@ (10000304 <main+0x124>)
10000278:	f003 fbfa 	bl	10003a70 <__wrap_printf>
1000027c:	6833      	ldr	r3, [r6, #0]
1000027e:	240a      	movs	r4, #10
10000280:	6898      	ldr	r0, [r3, #8]
10000282:	f005 ffa5 	bl	100061d0 <fflush>
10000286:	2000      	movs	r0, #0
10000288:	f003 faec 	bl	10003864 <stdio_getchar_timeout_us>
1000028c:	2842      	cmp	r0, #66	@ 0x42
1000028e:	d00b      	beq.n	100002a8 <main+0xc8>
10000290:	2852      	cmp	r0, #82	@ 0x52
10000292:	d017      	beq.n	100002c4 <main+0xe4>
10000294:	2032      	movs	r0, #50	@ 0x32
10000296:	f000 ffa7 	bl	100011e8 <sleep_ms>
1000029a:	3c01      	subs	r4, #1
1000029c:	d0d9      	beq.n	10000252 <main+0x72>
1000029e:	2000      	movs	r0, #0
100002a0:	f003 fae0 	bl	10003864 <stdio_getchar_timeout_us>
100002a4:	2842      	cmp	r0, #66	@ 0x42
100002a6:	d1f3      	bne.n	10000290 <main+0xb0>
100002a8:	4817      	ldr	r0, [pc, #92]	@ (10000308 <main+0x128>)
100002aa:	f003 fb63 	bl	10003974 <__wrap_puts>
100002ae:	6833      	ldr	r3, [r6, #0]
100002b0:	6898      	ldr	r0, [r3, #8]
100002b2:	f005 ff8d 	bl	100061d0 <fflush>
100002b6:	2032      	movs	r0, #50	@ 0x32
100002b8:	f000 ff96 	bl	100011e8 <sleep_ms>
100002bc:	2100      	movs	r1, #0
100002be:	4608      	mov	r0, r1
100002c0:	f001 fada 	bl	10001878 <rom_reset_usb_boot>
100002c4:	4811      	ldr	r0, [pc, #68]	@ (1000030c <main+0x12c>)
100002c6:	f003 fb55 	bl	10003974 <__wrap_puts>
100002ca:	6833      	ldr	r3, [r6, #0]
100002cc:	6898      	ldr	r0, [r3, #8]
100002ce:	f005 ff7f 	bl	100061d0 <fflush>
100002d2:	2032      	movs	r0, #50	@ 0x32
100002d4:	f000 ff88 	bl	100011e8 <sleep_ms>
100002d8:	2200      	movs	r2, #0
100002da:	4610      	mov	r0, r2
100002dc:	4611      	mov	r1, r2
100002de:	f001 fa3f 	bl	10001760 <watchdog_reboot>
100002e2:	2032      	movs	r0, #50	@ 0x32
100002e4:	f000 ff80 	bl	100011e8 <sleep_ms>
100002e8:	3c01      	subs	r4, #1
100002ea:	d1cc      	bne.n	10000286 <main+0xa6>
100002ec:	e7b1      	b.n	10000252 <main+0x72>
100002ee:	fba8 3000 	umull	r3, r0, r8, r0
100002f2:	0981      	lsrs	r1, r0, #6
100002f4:	e7bd      	b.n	10000272 <main+0x92>
100002f6:	bf00      	nop
100002f8:	10006a48 	.word	0x10006a48
100002fc:	200017b4 	.word	0x200017b4
10000300:	10006a8c 	.word	0x10006a8c
10000304:	10006ab4 	.word	0x10006ab4
10000308:	10006af8 	.word	0x10006af8
1000030c:	10006b10 	.word	0x10006b10
10000310:	10624dd3 	.word	0x10624dd3

10000314 <gpio_set_function>:
10000314:	f44f 7c80 	mov.w	ip, #256	@ 0x100
10000318:	4b0c      	ldr	r3, [pc, #48]	@ (1000034c <gpio_set_function+0x38>)
1000031a:	b500      	push	{lr}
1000031c:	f853 2020 	ldr.w	r2, [r3, r0, lsl #2]
10000320:	eb03 0380 	add.w	r3, r3, r0, lsl #2
10000324:	00c0      	lsls	r0, r0, #3
10000326:	f082 0240 	eor.w	r2, r2, #64	@ 0x40
1000032a:	f100 4080 	add.w	r0, r0, #1073741824	@ 0x40000000
1000032e:	f503 5e80 	add.w	lr, r3, #4096	@ 0x1000
10000332:	f002 02c0 	and.w	r2, r2, #192	@ 0xc0
10000336:	f500 3020 	add.w	r0, r0, #163840	@ 0x28000
1000033a:	f503 5340 	add.w	r3, r3, #12288	@ 0x3000
1000033e:	f8ce 2000 	str.w	r2, [lr]
10000342:	6041      	str	r1, [r0, #4]
10000344:	f8c3 c000 	str.w	ip, [r3]
10000348:	bd00      	pop	{pc}
1000034a:	bf00      	nop
1000034c:	40038004 	.word	0x40038004

10000350 <gpio_init>:
10000350:	f04f 0300 	mov.w	r3, #0
10000354:	b500      	push	{lr}
10000356:	ec43 0044 	gpioc_bit_oe_put r0, r3
1000035a:	ec43 0040 	gpioc_bit_out_put r0, r3
1000035e:	f04f 0e05 	mov.w	lr, #5
10000362:	f44f 7c80 	mov.w	ip, #256	@ 0x100
10000366:	4b0c      	ldr	r3, [pc, #48]	@ (10000398 <gpio_init+0x48>)
10000368:	00c2      	lsls	r2, r0, #3
1000036a:	f853 1020 	ldr.w	r1, [r3, r0, lsl #2]
1000036e:	eb03 0080 	add.w	r0, r3, r0, lsl #2
10000372:	f081 0140 	eor.w	r1, r1, #64	@ 0x40
10000376:	f102 4380 	add.w	r3, r2, #1073741824	@ 0x40000000
1000037a:	f503 3320 	add.w	r3, r3, #163840	@ 0x28000
1000037e:	f001 02c0 	and.w	r2, r1, #192	@ 0xc0
10000382:	f500 5180 	add.w	r1, r0, #4096	@ 0x1000
10000386:	f500 5040 	add.w	r0, r0, #12288	@ 0x3000
1000038a:	600a      	str	r2, [r1, #0]
1000038c:	f8c3 e004 	str.w	lr, [r3, #4]
10000390:	f8c0 c000 	str.w	ip, [r0]
10000394:	bd00      	pop	{pc}
10000396:	bf00      	nop
10000398:	40038004 	.word	0x40038004

1000039c <panic>:
1000039c:	b40f      	push	{r0, r1, r2, r3}
1000039e:	b500      	push	{lr}
100003a0:	4808      	ldr	r0, [pc, #32]	@ (100003c4 <panic+0x28>)
100003a2:	b083      	sub	sp, #12
100003a4:	f003 fae6 	bl	10003974 <__wrap_puts>
100003a8:	9b04      	ldr	r3, [sp, #16]
100003aa:	b13b      	cbz	r3, 100003bc <panic+0x20>
100003ac:	a905      	add	r1, sp, #20
100003ae:	4618      	mov	r0, r3
100003b0:	9101      	str	r1, [sp, #4]
100003b2:	f003 f891 	bl	100034d8 <weak_raw_vprintf>
100003b6:	4804      	ldr	r0, [pc, #16]	@ (100003c8 <panic+0x2c>)
100003b8:	f003 fadc 	bl	10003974 <__wrap_puts>
100003bc:	2001      	movs	r0, #1
100003be:	f003 f8a3 	bl	10003508 <_exit>
100003c2:	bf00      	nop
100003c4:	10006b28 	.word	0x10006b28
100003c8:	10006a88 	.word	0x10006a88

100003cc <hw_claim_or_assert>:
100003cc:	b570      	push	{r4, r5, r6, lr}
100003ce:	4616      	mov	r6, r2
100003d0:	f3ef 8410 	mrs	r4, PRIMASK
100003d4:	b672      	cpsid	i
100003d6:	f8df e048 	ldr.w	lr, [pc, #72]	@ 10000420 <hw_claim_or_assert+0x54>
100003da:	e8de 2fcf 	ldaexb	r2, [lr]
100003de:	2301      	movs	r3, #1
100003e0:	2a00      	cmp	r2, #0
100003e2:	d1fa      	bne.n	100003da <hw_claim_or_assert+0xe>
100003e4:	e8ce 3f42 	strexb	r2, r3, [lr]
100003e8:	2a00      	cmp	r2, #0
100003ea:	d1f6      	bne.n	100003da <hw_claim_or_assert+0xe>
100003ec:	f3bf 8f5f 	dmb	sy
100003f0:	2301      	movs	r3, #1
100003f2:	f001 0c07 	and.w	ip, r1, #7
100003f6:	08ca      	lsrs	r2, r1, #3
100003f8:	fa03 f30c 	lsl.w	r3, r3, ip
100003fc:	f810 c002 	ldrb.w	ip, [r0, r2]
10000400:	ea1c 0503 	ands.w	r5, ip, r3
10000404:	d108      	bne.n	10000418 <hw_claim_or_assert+0x4c>
10000406:	ea4c 0c03 	orr.w	ip, ip, r3
1000040a:	f800 c002 	strb.w	ip, [r0, r2]
1000040e:	e8ce 5f8f 	stlb	r5, [lr]
10000412:	f384 8810 	msr	PRIMASK, r4
10000416:	bd70      	pop	{r4, r5, r6, pc}
10000418:	4630      	mov	r0, r6
1000041a:	f7ff ffbf 	bl	1000039c <panic>
1000041e:	bf00      	nop
10000420:	20001e67 	.word	0x20001e67

10000424 <hw_claim_unused_from_range>:
10000424:	b5f8      	push	{r3, r4, r5, r6, r7, lr}
10000426:	460f      	mov	r7, r1
10000428:	4619      	mov	r1, r3
1000042a:	f3ef 8610 	mrs	r6, PRIMASK
1000042e:	b672      	cpsid	i
10000430:	4d1c      	ldr	r5, [pc, #112]	@ (100004a4 <hw_claim_unused_from_range+0x80>)
10000432:	e8d5 4fcf 	ldaexb	r4, [r5]
10000436:	2301      	movs	r3, #1
10000438:	2c00      	cmp	r4, #0
1000043a:	d1fa      	bne.n	10000432 <hw_claim_unused_from_range+0xe>
1000043c:	e8c5 3f44 	strexb	r4, r3, [r5]
10000440:	2c00      	cmp	r4, #0
10000442:	d1f6      	bne.n	10000432 <hw_claim_unused_from_range+0xe>
10000444:	f3bf 8f5f 	dmb	sy
10000448:	428a      	cmp	r2, r1
1000044a:	d81b      	bhi.n	10000484 <hw_claim_unused_from_range+0x60>
1000044c:	2401      	movs	r4, #1
1000044e:	e002      	b.n	10000456 <hw_claim_unused_from_range+0x32>
10000450:	3201      	adds	r2, #1
10000452:	4291      	cmp	r1, r2
10000454:	d322      	bcc.n	1000049c <hw_claim_unused_from_range+0x78>
10000456:	08d3      	lsrs	r3, r2, #3
10000458:	f810 e003 	ldrb.w	lr, [r0, r3]
1000045c:	f002 0c07 	and.w	ip, r2, #7
10000460:	fa04 fc0c 	lsl.w	ip, r4, ip
10000464:	ea1e 0f0c 	tst.w	lr, ip
10000468:	d1f2      	bne.n	10000450 <hw_claim_unused_from_range+0x2c>
1000046a:	ea4e 0e0c 	orr.w	lr, lr, ip
1000046e:	f800 e003 	strb.w	lr, [r0, r3]
10000472:	4610      	mov	r0, r2
10000474:	2300      	movs	r3, #0
10000476:	e8c5 3f8f 	stlb	r3, [r5]
1000047a:	f386 8810 	msr	PRIMASK, r6
1000047e:	4298      	cmp	r0, r3
10000480:	db07      	blt.n	10000492 <hw_claim_unused_from_range+0x6e>
10000482:	bdf8      	pop	{r3, r4, r5, r6, r7, pc}
10000484:	2300      	movs	r3, #0
10000486:	e8c5 3f8f 	stlb	r3, [r5]
1000048a:	f386 8810 	msr	PRIMASK, r6
1000048e:	f04f 30ff 	mov.w	r0, #4294967295
10000492:	2f00      	cmp	r7, #0
10000494:	d0f5      	beq.n	10000482 <hw_claim_unused_from_range+0x5e>
10000496:	9806      	ldr	r0, [sp, #24]
10000498:	f7ff ff80 	bl	1000039c <panic>
1000049c:	f04f 30ff 	mov.w	r0, #4294967295
100004a0:	e7e8      	b.n	10000474 <hw_claim_unused_from_range+0x50>
100004a2:	bf00      	nop
100004a4:	20001e67 	.word	0x20001e67

100004a8 <next_striped_spin_lock_num>:
100004a8:	4a04      	ldr	r2, [pc, #16]	@ (100004bc <next_striped_spin_lock_num+0x14>)
100004aa:	7810      	ldrb	r0, [r2, #0]
100004ac:	1c43      	adds	r3, r0, #1
100004ae:	b2db      	uxtb	r3, r3
100004b0:	2b18      	cmp	r3, #24
100004b2:	bf28      	it	cs
100004b4:	2310      	movcs	r3, #16
100004b6:	7013      	strb	r3, [r2, #0]
100004b8:	4770      	bx	lr
100004ba:	bf00      	nop
100004bc:	200012c0 	.word	0x200012c0

100004c0 <spin_lock_claim_unused>:
100004c0:	b500      	push	{lr}
100004c2:	f8df c01c 	ldr.w	ip, [pc, #28]	@ 100004e0 <spin_lock_claim_unused+0x20>
100004c6:	b083      	sub	sp, #12
100004c8:	4601      	mov	r1, r0
100004ca:	231f      	movs	r3, #31
100004cc:	2218      	movs	r2, #24
100004ce:	f8cd c000 	str.w	ip, [sp]
100004d2:	4802      	ldr	r0, [pc, #8]	@ (100004dc <spin_lock_claim_unused+0x1c>)
100004d4:	f7ff ffa6 	bl	10000424 <hw_claim_unused_from_range>
100004d8:	b003      	add	sp, #12
100004da:	bd00      	pop	{pc}
100004dc:	20001fb4 	.word	0x20001fb4
100004e0:	10006b38 	.word	0x10006b38

100004e4 <spinlock_set_extexclall>:
100004e4:	f04f 22e0 	mov.w	r2, #3758153728	@ 0xe000e000
100004e8:	6893      	ldr	r3, [r2, #8]
100004ea:	f043 5300 	orr.w	r3, r3, #536870912	@ 0x20000000
100004ee:	6093      	str	r3, [r2, #8]
100004f0:	4770      	bx	lr
100004f2:	bf00      	nop

100004f4 <spin_locks_reset>:
100004f4:	2100      	movs	r1, #0
100004f6:	4b04      	ldr	r3, [pc, #16]	@ (10000508 <spin_locks_reset+0x14>)
100004f8:	f103 0220 	add.w	r2, r3, #32
100004fc:	e8c3 1f8f 	stlb	r1, [r3]
10000500:	3301      	adds	r3, #1
10000502:	4293      	cmp	r3, r2
10000504:	d1fa      	bne.n	100004fc <spin_locks_reset+0x8>
10000506:	4770      	bx	lr
10000508:	20001e5c 	.word	0x20001e5c

1000050c <runtime_init_per_core_irq_priorities>:
1000050c:	f04f 23e0 	mov.w	r3, #3758153728	@ 0xe000e000
10000510:	f04f 3280 	mov.w	r2, #2155905152	@ 0x80808080
10000514:	f8c3 2400 	str.w	r2, [r3, #1024]	@ 0x400
10000518:	f8c3 2404 	str.w	r2, [r3, #1028]	@ 0x404
1000051c:	f8c3 2408 	str.w	r2, [r3, #1032]	@ 0x408
10000520:	f8c3 240c 	str.w	r2, [r3, #1036]	@ 0x40c
10000524:	f8c3 2410 	str.w	r2, [r3, #1040]	@ 0x410
10000528:	f8c3 2414 	str.w	r2, [r3, #1044]	@ 0x414
1000052c:	f8c3 2418 	str.w	r2, [r3, #1048]	@ 0x418
10000530:	f8c3 241c 	str.w	r2, [r3, #1052]	@ 0x41c
10000534:	f8c3 2420 	str.w	r2, [r3, #1056]	@ 0x420
10000538:	f8c3 2424 	str.w	r2, [r3, #1060]	@ 0x424
1000053c:	f8c3 2428 	str.w	r2, [r3, #1064]	@ 0x428
10000540:	f8c3 242c 	str.w	r2, [r3, #1068]	@ 0x42c
10000544:	f8c3 2430 	str.w	r2, [r3, #1072]	@ 0x430
10000548:	b662      	cpsie	i
1000054a:	4770      	bx	lr

1000054c <irq_set_enabled>:
1000054c:	2301      	movs	r3, #1
1000054e:	f000 021f 	and.w	r2, r0, #31
10000552:	4093      	lsls	r3, r2
10000554:	0940      	lsrs	r0, r0, #5
10000556:	b141      	cbz	r1, 1000056a <irq_set_enabled+0x1e>
10000558:	0080      	lsls	r0, r0, #2
1000055a:	f100 4060 	add.w	r0, r0, #3758096384	@ 0xe0000000
1000055e:	f500 4061 	add.w	r0, r0, #57600	@ 0xe100
10000562:	f8c0 3180 	str.w	r3, [r0, #384]	@ 0x180
10000566:	6003      	str	r3, [r0, #0]
10000568:	4770      	bx	lr
1000056a:	4a02      	ldr	r2, [pc, #8]	@ (10000574 <irq_set_enabled+0x28>)
1000056c:	3020      	adds	r0, #32
1000056e:	f842 3020 	str.w	r3, [r2, r0, lsl #2]
10000572:	4770      	bx	lr
10000574:	e000e100 	.word	0xe000e100

10000578 <irq_is_enabled>:
10000578:	2301      	movs	r3, #1
1000057a:	4a06      	ldr	r2, [pc, #24]	@ (10000594 <irq_is_enabled+0x1c>)
1000057c:	0941      	lsrs	r1, r0, #5
1000057e:	f852 2021 	ldr.w	r2, [r2, r1, lsl #2]
10000582:	f000 001f 	and.w	r0, r0, #31
10000586:	4083      	lsls	r3, r0
10000588:	4213      	tst	r3, r2
1000058a:	bf14      	ite	ne
1000058c:	2001      	movne	r0, #1
1000058e:	2000      	moveq	r0, #0
10000590:	4770      	bx	lr
10000592:	bf00      	nop
10000594:	e000e100 	.word	0xe000e100

10000598 <irq_set_pending>:
10000598:	2201      	movs	r2, #1
1000059a:	0943      	lsrs	r3, r0, #5
1000059c:	4903      	ldr	r1, [pc, #12]	@ (100005ac <irq_set_pending+0x14>)
1000059e:	f000 001f 	and.w	r0, r0, #31
100005a2:	4082      	lsls	r2, r0
100005a4:	3340      	adds	r3, #64	@ 0x40
100005a6:	f841 2023 	str.w	r2, [r1, r3, lsl #2]
100005aa:	4770      	bx	lr
100005ac:	e000e100 	.word	0xe000e100

100005b0 <irq_has_shared_handler>:
100005b0:	4a05      	ldr	r2, [pc, #20]	@ (100005c8 <irq_has_shared_handler+0x18>)
100005b2:	3010      	adds	r0, #16
100005b4:	6892      	ldr	r2, [r2, #8]
100005b6:	4b05      	ldr	r3, [pc, #20]	@ (100005cc <irq_has_shared_handler+0x1c>)
100005b8:	f852 0020 	ldr.w	r0, [r2, r0, lsl #2]
100005bc:	1ac0      	subs	r0, r0, r3
100005be:	2847      	cmp	r0, #71	@ 0x47
100005c0:	bf8c      	ite	hi
100005c2:	2000      	movhi	r0, #0
100005c4:	2001      	movls	r0, #1
100005c6:	4770      	bx	lr
100005c8:	e000ed00 	.word	0xe000ed00
100005cc:	200012c4 	.word	0x200012c4

100005d0 <irq_set_exclusive_handler>:
100005d0:	b508      	push	{r3, lr}
100005d2:	f3ef 8e10 	mrs	lr, PRIMASK
100005d6:	b672      	cpsid	i
100005d8:	4b13      	ldr	r3, [pc, #76]	@ (10000628 <irq_set_exclusive_handler+0x58>)
100005da:	e8d3 cfcf 	ldaexb	ip, [r3]
100005de:	2201      	movs	r2, #1
100005e0:	f1bc 0f00 	cmp.w	ip, #0
100005e4:	d1f9      	bne.n	100005da <irq_set_exclusive_handler+0xa>
100005e6:	e8c3 2f4c 	strexb	ip, r2, [r3]
100005ea:	f1bc 0f00 	cmp.w	ip, #0
100005ee:	d1f4      	bne.n	100005da <irq_set_exclusive_handler+0xa>
100005f0:	f3bf 8f5f 	dmb	sy
100005f4:	4a0d      	ldr	r2, [pc, #52]	@ (1000062c <irq_set_exclusive_handler+0x5c>)
100005f6:	3010      	adds	r0, #16
100005f8:	6892      	ldr	r2, [r2, #8]
100005fa:	f8df c034 	ldr.w	ip, [pc, #52]	@ 10000630 <irq_set_exclusive_handler+0x60>
100005fe:	f852 2020 	ldr.w	r2, [r2, r0, lsl #2]
10000602:	4562      	cmp	r2, ip
10000604:	d001      	beq.n	1000060a <irq_set_exclusive_handler+0x3a>
10000606:	4291      	cmp	r1, r2
10000608:	d10b      	bne.n	10000622 <irq_set_exclusive_handler+0x52>
1000060a:	4a08      	ldr	r2, [pc, #32]	@ (1000062c <irq_set_exclusive_handler+0x5c>)
1000060c:	6892      	ldr	r2, [r2, #8]
1000060e:	f842 1020 	str.w	r1, [r2, r0, lsl #2]
10000612:	f3bf 8f5f 	dmb	sy
10000616:	2200      	movs	r2, #0
10000618:	e8c3 2f8f 	stlb	r2, [r3]
1000061c:	f38e 8810 	msr	PRIMASK, lr
10000620:	bd08      	pop	{r3, pc}
10000622:	f001 f98b 	bl	1000193c <hard_assertion_failure>
10000626:	bf00      	nop
10000628:	20001e65 	.word	0x20001e65
1000062c:	e000ed00 	.word	0xe000ed00
10000630:	10000111 	.word	0x10000111

10000634 <irq_add_shared_handler>:
10000634:	e92d 4ff8 	stmdb	sp!, {r3, r4, r5, r6, r7, r8, r9, sl, fp, lr}
10000638:	468b      	mov	fp, r1
1000063a:	4611      	mov	r1, r2
1000063c:	f3ef 8810 	mrs	r8, PRIMASK
10000640:	b672      	cpsid	i
10000642:	4f66      	ldr	r7, [pc, #408]	@ (100007dc <irq_add_shared_handler+0x1a8>)
10000644:	e8d7 2fcf 	ldaexb	r2, [r7]
10000648:	2301      	movs	r3, #1
1000064a:	2a00      	cmp	r2, #0
1000064c:	d1fa      	bne.n	10000644 <irq_add_shared_handler+0x10>
1000064e:	e8c7 3f42 	strexb	r2, r3, [r7]
10000652:	2a00      	cmp	r2, #0
10000654:	d1f6      	bne.n	10000644 <irq_add_shared_handler+0x10>
10000656:	f3bf 8f5f 	dmb	sy
1000065a:	4b61      	ldr	r3, [pc, #388]	@ (100007e0 <irq_add_shared_handler+0x1ac>)
1000065c:	f993 4000 	ldrsb.w	r4, [r3]
10000660:	2c00      	cmp	r4, #0
10000662:	f2c0 80b8 	blt.w	100007d6 <irq_add_shared_handler+0x1a2>
10000666:	f100 0510 	add.w	r5, r0, #16
1000066a:	485e      	ldr	r0, [pc, #376]	@ (100007e4 <irq_add_shared_handler+0x1b0>)
1000066c:	eb04 0944 	add.w	r9, r4, r4, lsl #1
10000670:	eb00 0289 	add.w	r2, r0, r9, lsl #2
10000674:	7996      	ldrb	r6, [r2, #6]
10000676:	ea4f 0989 	mov.w	r9, r9, lsl #2
1000067a:	701e      	strb	r6, [r3, #0]
1000067c:	4b5a      	ldr	r3, [pc, #360]	@ (100007e8 <irq_add_shared_handler+0x1b4>)
1000067e:	689b      	ldr	r3, [r3, #8]
10000680:	f853 6025 	ldr.w	r6, [r3, r5, lsl #2]
10000684:	1a33      	subs	r3, r6, r0
10000686:	2b47      	cmp	r3, #71	@ 0x47
10000688:	d835      	bhi.n	100006f6 <irq_add_shared_handler+0xc2>
1000068a:	f026 0e01 	bic.w	lr, r6, #1
1000068e:	f89e 3007 	ldrb.w	r3, [lr, #7]
10000692:	428b      	cmp	r3, r1
10000694:	d809      	bhi.n	100006aa <irq_add_shared_handler+0x76>
10000696:	e06f      	b.n	10000778 <irq_add_shared_handler+0x144>
10000698:	eb0c 034c 	add.w	r3, ip, ip, lsl #1
1000069c:	eb00 0383 	add.w	r3, r0, r3, lsl #2
100006a0:	f893 a007 	ldrb.w	sl, [r3, #7]
100006a4:	458a      	cmp	sl, r1
100006a6:	d951      	bls.n	1000074c <irq_add_shared_handler+0x118>
100006a8:	469e      	mov	lr, r3
100006aa:	f99e c006 	ldrsb.w	ip, [lr, #6]
100006ae:	f1bc 0f00 	cmp.w	ip, #0
100006b2:	daf1      	bge.n	10000698 <irq_add_shared_handler+0x64>
100006b4:	f64b 5901 	movw	r9, #48385	@ 0xbd01
100006b8:	f10e 0a04 	add.w	sl, lr, #4
100006bc:	1f13      	subs	r3, r2, #4
100006be:	eba3 030a 	sub.w	r3, r3, sl
100006c2:	f3c3 034a 	ubfx	r3, r3, #1, #11
100006c6:	ea6f 43c3 	mvn.w	r3, r3, lsl #19
100006ca:	ea6f 43d3 	mvn.w	r3, r3, lsr #19
100006ce:	f88e 4006 	strb.w	r4, [lr, #6]
100006d2:	f8df a120 	ldr.w	sl, [pc, #288]	@ 100007f4 <irq_add_shared_handler+0x1c0>
100006d6:	eb04 0444 	add.w	r4, r4, r4, lsl #1
100006da:	eb00 0284 	add.w	r2, r0, r4, lsl #2
100006de:	f8ae 3004 	strh.w	r3, [lr, #4]
100006e2:	f840 a024 	str.w	sl, [r0, r4, lsl #2]
100006e6:	f8a2 9004 	strh.w	r9, [r2, #4]
100006ea:	f882 c006 	strb.w	ip, [r2, #6]
100006ee:	71d1      	strb	r1, [r2, #7]
100006f0:	f8c2 b008 	str.w	fp, [r2, #8]
100006f4:	e01d      	b.n	10000732 <irq_add_shared_handler+0xfe>
100006f6:	4b3d      	ldr	r3, [pc, #244]	@ (100007ec <irq_add_shared_handler+0x1b8>)
100006f8:	429e      	cmp	r6, r3
100006fa:	d16c      	bne.n	100007d6 <irq_add_shared_handler+0x1a2>
100006fc:	4b3c      	ldr	r3, [pc, #240]	@ (100007f0 <irq_add_shared_handler+0x1bc>)
100006fe:	71d1      	strb	r1, [r2, #7]
10000700:	f109 0102 	add.w	r1, r9, #2
10000704:	4401      	add	r1, r0
10000706:	3b04      	subs	r3, #4
10000708:	1a5b      	subs	r3, r3, r1
1000070a:	f3c3 034a 	ubfx	r3, r3, #1, #11
1000070e:	ea6f 43c3 	mvn.w	r3, r3, lsl #19
10000712:	f44f 4121 	mov.w	r1, #41216	@ 0xa100
10000716:	ea6f 43d3 	mvn.w	r3, r3, lsr #19
1000071a:	f820 1009 	strh.w	r1, [r0, r9]
1000071e:	8053      	strh	r3, [r2, #2]
10000720:	21ff      	movs	r1, #255	@ 0xff
10000722:	f64b 5301 	movw	r3, #48385	@ 0xbd01
10000726:	f8c2 b008 	str.w	fp, [r2, #8]
1000072a:	7191      	strb	r1, [r2, #6]
1000072c:	8093      	strh	r3, [r2, #4]
1000072e:	f042 0601 	orr.w	r6, r2, #1
10000732:	4b2d      	ldr	r3, [pc, #180]	@ (100007e8 <irq_add_shared_handler+0x1b4>)
10000734:	689b      	ldr	r3, [r3, #8]
10000736:	f843 6025 	str.w	r6, [r3, r5, lsl #2]
1000073a:	f3bf 8f5f 	dmb	sy
1000073e:	2300      	movs	r3, #0
10000740:	e8c7 3f8f 	stlb	r3, [r7]
10000744:	f388 8810 	msr	PRIMASK, r8
10000748:	e8bd 8ff8 	ldmia.w	sp!, {r3, r4, r5, r6, r7, r8, r9, sl, fp, pc}
1000074c:	46f2      	mov	sl, lr
1000074e:	f06f 0307 	mvn.w	r3, #7
10000752:	eba3 0309 	sub.w	r3, r3, r9
10000756:	f83a 9f04 	ldrh.w	r9, [sl, #4]!
1000075a:	1a1b      	subs	r3, r3, r0
1000075c:	f349 090a 	sbfx	r9, r9, #0, #11
10000760:	f109 0902 	add.w	r9, r9, #2
10000764:	eb0a 0949 	add.w	r9, sl, r9, lsl #1
10000768:	4499      	add	r9, r3
1000076a:	f3c9 094a 	ubfx	r9, r9, #1, #11
1000076e:	ea6f 49c9 	mvn.w	r9, r9, lsl #19
10000772:	ea6f 49d9 	mvn.w	r9, r9, lsr #19
10000776:	e7a1      	b.n	100006bc <irq_add_shared_handler+0x88>
10000778:	f06f 0307 	mvn.w	r3, #7
1000077c:	71d1      	strb	r1, [r2, #7]
1000077e:	491c      	ldr	r1, [pc, #112]	@ (100007f0 <irq_add_shared_handler+0x1bc>)
10000780:	f109 0402 	add.w	r4, r9, #2
10000784:	4404      	add	r4, r0
10000786:	3904      	subs	r1, #4
10000788:	1b09      	subs	r1, r1, r4
1000078a:	eba3 0309 	sub.w	r3, r3, r9
1000078e:	f3c1 014a 	ubfx	r1, r1, #1, #11
10000792:	1a1b      	subs	r3, r3, r0
10000794:	ea6f 41c1 	mvn.w	r1, r1, lsl #19
10000798:	4473      	add	r3, lr
1000079a:	f3c3 034a 	ubfx	r3, r3, #1, #11
1000079e:	ea6f 43c3 	mvn.w	r3, r3, lsl #19
100007a2:	ea6f 41d1 	mvn.w	r1, r1, lsr #19
100007a6:	f44f 4621 	mov.w	r6, #41216	@ 0xa100
100007aa:	ea6f 43d3 	mvn.w	r3, r3, lsr #19
100007ae:	8051      	strh	r1, [r2, #2]
100007b0:	4910      	ldr	r1, [pc, #64]	@ (100007f4 <irq_add_shared_handler+0x1c0>)
100007b2:	f820 6009 	strh.w	r6, [r0, r9]
100007b6:	8093      	strh	r3, [r2, #4]
100007b8:	f64a 24aa 	movw	r4, #43690	@ 0xaaaa
100007bc:	4673      	mov	r3, lr
100007be:	1a1b      	subs	r3, r3, r0
100007c0:	415b      	adcs	r3, r3
100007c2:	435c      	muls	r4, r3
100007c4:	0d24      	lsrs	r4, r4, #20
100007c6:	f8c2 b008 	str.w	fp, [r2, #8]
100007ca:	7194      	strb	r4, [r2, #6]
100007cc:	f042 0601 	orr.w	r6, r2, #1
100007d0:	f8ce 1000 	str.w	r1, [lr]
100007d4:	e7ad      	b.n	10000732 <irq_add_shared_handler+0xfe>
100007d6:	f001 f8b1 	bl	1000193c <hard_assertion_failure>
100007da:	bf00      	nop
100007dc:	20001e65 	.word	0x20001e65
100007e0:	20002484 	.word	0x20002484
100007e4:	200012c4 	.word	0x200012c4
100007e8:	e000ed00 	.word	0xe000ed00
100007ec:	10000111 	.word	0x10000111
100007f0:	2000130c 	.word	0x2000130c
100007f4:	47804801 	.word	0x47804801

100007f8 <irq_remove_handler>:
100007f8:	e92d 47f0 	stmdb	sp!, {r4, r5, r6, r7, r8, r9, sl, lr}
100007fc:	b082      	sub	sp, #8
100007fe:	f3ef 8510 	mrs	r5, PRIMASK
10000802:	b672      	cpsid	i
10000804:	f8df c1a8 	ldr.w	ip, [pc, #424]	@ 100009b0 <irq_remove_handler+0x1b8>
10000808:	e8dc 2fcf 	ldaexb	r2, [ip]
1000080c:	2301      	movs	r3, #1
1000080e:	2a00      	cmp	r2, #0
10000810:	d1fa      	bne.n	10000808 <irq_remove_handler+0x10>
10000812:	e8cc 3f42 	strexb	r2, r3, [ip]
10000816:	2a00      	cmp	r2, #0
10000818:	d1f6      	bne.n	10000808 <irq_remove_handler+0x10>
1000081a:	f3bf 8f5f 	dmb	sy
1000081e:	4b5e      	ldr	r3, [pc, #376]	@ (10000998 <irq_remove_handler+0x1a0>)
10000820:	f100 0410 	add.w	r4, r0, #16
10000824:	689b      	ldr	r3, [r3, #8]
10000826:	f853 2024 	ldr.w	r2, [r3, r4, lsl #2]
1000082a:	4b5c      	ldr	r3, [pc, #368]	@ (1000099c <irq_remove_handler+0x1a4>)
1000082c:	429a      	cmp	r2, r3
1000082e:	d03d      	beq.n	100008ac <irq_remove_handler+0xb4>
10000830:	428a      	cmp	r2, r1
10000832:	d049      	beq.n	100008c8 <irq_remove_handler+0xd0>
10000834:	f8df e17c 	ldr.w	lr, [pc, #380]	@ 100009b4 <irq_remove_handler+0x1bc>
10000838:	eba2 030e 	sub.w	r3, r2, lr
1000083c:	2b47      	cmp	r3, #71	@ 0x47
1000083e:	d835      	bhi.n	100008ac <irq_remove_handler+0xb4>
10000840:	2701      	movs	r7, #1
10000842:	0943      	lsrs	r3, r0, #5
10000844:	009b      	lsls	r3, r3, #2
10000846:	f000 001f 	and.w	r0, r0, #31
1000084a:	f103 4360 	add.w	r3, r3, #3758096384	@ 0xe0000000
1000084e:	f503 4361 	add.w	r3, r3, #57600	@ 0xe100
10000852:	4087      	lsls	r7, r0
10000854:	681e      	ldr	r6, [r3, #0]
10000856:	469a      	mov	sl, r3
10000858:	46b9      	mov	r9, r7
1000085a:	f8c3 7080 	str.w	r7, [r3, #128]	@ 0x80
1000085e:	f3bf 8f5f 	dmb	sy
10000862:	f3ef 8305 	mrs	r3, IPSR
10000866:	b2db      	uxtb	r3, r3
10000868:	461f      	mov	r7, r3
1000086a:	bb7b      	cbnz	r3, 100008cc <irq_remove_handler+0xd4>
1000086c:	2301      	movs	r3, #1
1000086e:	4083      	lsls	r3, r0
10000870:	f022 0001 	bic.w	r0, r2, #1
10000874:	ea03 0806 	and.w	r8, r3, r6
10000878:	6886      	ldr	r6, [r0, #8]
1000087a:	42b1      	cmp	r1, r6
1000087c:	d108      	bne.n	10000890 <irq_remove_handler+0x98>
1000087e:	e081      	b.n	10000984 <irq_remove_handler+0x18c>
10000880:	eb03 0343 	add.w	r3, r3, r3, lsl #1
10000884:	eb0e 0383 	add.w	r3, lr, r3, lsl #2
10000888:	689e      	ldr	r6, [r3, #8]
1000088a:	42b1      	cmp	r1, r6
1000088c:	d025      	beq.n	100008da <irq_remove_handler+0xe2>
1000088e:	4618      	mov	r0, r3
10000890:	f990 3006 	ldrsb.w	r3, [r0, #6]
10000894:	2b00      	cmp	r3, #0
10000896:	daf3      	bge.n	10000880 <irq_remove_handler+0x88>
10000898:	42b1      	cmp	r1, r6
1000089a:	d04e      	beq.n	1000093a <irq_remove_handler+0x142>
1000089c:	4653      	mov	r3, sl
1000089e:	f1b8 0f00 	cmp.w	r8, #0
100008a2:	d017      	beq.n	100008d4 <irq_remove_handler+0xdc>
100008a4:	f8c3 9180 	str.w	r9, [r3, #384]	@ 0x180
100008a8:	f8c3 9000 	str.w	r9, [r3]
100008ac:	4b3a      	ldr	r3, [pc, #232]	@ (10000998 <irq_remove_handler+0x1a0>)
100008ae:	689b      	ldr	r3, [r3, #8]
100008b0:	f843 2024 	str.w	r2, [r3, r4, lsl #2]
100008b4:	f3bf 8f5f 	dmb	sy
100008b8:	2300      	movs	r3, #0
100008ba:	e8cc 3f8f 	stlb	r3, [ip]
100008be:	f385 8810 	msr	PRIMASK, r5
100008c2:	b002      	add	sp, #8
100008c4:	e8bd 87f0 	ldmia.w	sp!, {r4, r5, r6, r7, r8, r9, sl, pc}
100008c8:	461a      	mov	r2, r3
100008ca:	e7ef      	b.n	100008ac <irq_remove_handler+0xb4>
100008cc:	429c      	cmp	r4, r3
100008ce:	d0cd      	beq.n	1000086c <irq_remove_handler+0x74>
100008d0:	f001 f834 	bl	1000193c <hard_assertion_failure>
100008d4:	f8c3 9080 	str.w	r9, [r3, #128]	@ 0x80
100008d8:	e7e8      	b.n	100008ac <irq_remove_handler+0xb4>
100008da:	f993 6006 	ldrsb.w	r6, [r3, #6]
100008de:	2e00      	cmp	r6, #0
100008e0:	db2c      	blt.n	1000093c <irq_remove_handler+0x144>
100008e2:	eb06 0046 	add.w	r0, r6, r6, lsl #1
100008e6:	eb0e 0180 	add.w	r1, lr, r0, lsl #2
100008ea:	0080      	lsls	r0, r0, #2
100008ec:	9001      	str	r0, [sp, #4]
100008ee:	79c8      	ldrb	r0, [r1, #7]
100008f0:	688f      	ldr	r7, [r1, #8]
100008f2:	71d8      	strb	r0, [r3, #7]
100008f4:	f991 0006 	ldrsb.w	r0, [r1, #6]
100008f8:	609f      	str	r7, [r3, #8]
100008fa:	2800      	cmp	r0, #0
100008fc:	7198      	strb	r0, [r3, #6]
100008fe:	ea4f 0746 	mov.w	r7, r6, lsl #1
10000902:	db2e      	blt.n	10000962 <irq_remove_handler+0x16a>
10000904:	8889      	ldrh	r1, [r1, #4]
10000906:	9801      	ldr	r0, [sp, #4]
10000908:	f341 010a 	sbfx	r1, r1, #0, #11
1000090c:	eb00 0141 	add.w	r1, r0, r1, lsl #1
10000910:	f06f 0007 	mvn.w	r0, #7
10000914:	3108      	adds	r1, #8
10000916:	4471      	add	r1, lr
10000918:	1ac0      	subs	r0, r0, r3
1000091a:	4401      	add	r1, r0
1000091c:	f3c1 014a 	ubfx	r1, r1, #1, #11
10000920:	ea6f 41c1 	mvn.w	r1, r1, lsl #19
10000924:	ea6f 41d1 	mvn.w	r1, r1, lsr #19
10000928:	8099      	strh	r1, [r3, #4]
1000092a:	491d      	ldr	r1, [pc, #116]	@ (100009a0 <irq_remove_handler+0x1a8>)
1000092c:	19bb      	adds	r3, r7, r6
1000092e:	7808      	ldrb	r0, [r1, #0]
10000930:	eb0e 0383 	add.w	r3, lr, r3, lsl #2
10000934:	700e      	strb	r6, [r1, #0]
10000936:	7198      	strb	r0, [r3, #6]
10000938:	e7b0      	b.n	1000089c <irq_remove_handler+0xa4>
1000093a:	4603      	mov	r3, r0
1000093c:	b99f      	cbnz	r7, 10000966 <irq_remove_handler+0x16e>
1000093e:	21ff      	movs	r1, #255	@ 0xff
10000940:	7181      	strb	r1, [r0, #6]
10000942:	f64b 5101 	movw	r1, #48385	@ 0xbd01
10000946:	8081      	strh	r1, [r0, #4]
10000948:	4e15      	ldr	r6, [pc, #84]	@ (100009a0 <irq_remove_handler+0x1a8>)
1000094a:	4618      	mov	r0, r3
1000094c:	7837      	ldrb	r7, [r6, #0]
1000094e:	f64a 21aa 	movw	r1, #43690	@ 0xaaaa
10000952:	719f      	strb	r7, [r3, #6]
10000954:	4673      	mov	r3, lr
10000956:	1ac0      	subs	r0, r0, r3
10000958:	4140      	adcs	r0, r0
1000095a:	4341      	muls	r1, r0
1000095c:	0d09      	lsrs	r1, r1, #20
1000095e:	7031      	strb	r1, [r6, #0]
10000960:	e79c      	b.n	1000089c <irq_remove_handler+0xa4>
10000962:	4910      	ldr	r1, [pc, #64]	@ (100009a4 <irq_remove_handler+0x1ac>)
10000964:	e7e0      	b.n	10000928 <irq_remove_handler+0x130>
10000966:	4910      	ldr	r1, [pc, #64]	@ (100009a8 <irq_remove_handler+0x1b0>)
10000968:	4e10      	ldr	r6, [pc, #64]	@ (100009ac <irq_remove_handler+0x1b4>)
1000096a:	1ac9      	subs	r1, r1, r3
1000096c:	3908      	subs	r1, #8
1000096e:	f3c1 300a 	ubfx	r0, r1, #12, #11
10000972:	ea6f 5000 	mvn.w	r0, r0, lsl #20
10000976:	ea6f 5010 	mvn.w	r0, r0, lsr #20
1000097a:	ea46 0151 	orr.w	r1, r6, r1, lsr #1
1000097e:	80d9      	strh	r1, [r3, #6]
10000980:	8098      	strh	r0, [r3, #4]
10000982:	e78b      	b.n	1000089c <irq_remove_handler+0xa4>
10000984:	f990 6006 	ldrsb.w	r6, [r0, #6]
10000988:	4603      	mov	r3, r0
1000098a:	2e00      	cmp	r6, #0
1000098c:	daa9      	bge.n	100008e2 <irq_remove_handler+0xea>
1000098e:	2f00      	cmp	r7, #0
10000990:	d1e9      	bne.n	10000966 <irq_remove_handler+0x16e>
10000992:	4a02      	ldr	r2, [pc, #8]	@ (1000099c <irq_remove_handler+0x1a4>)
10000994:	e7d8      	b.n	10000948 <irq_remove_handler+0x150>
10000996:	bf00      	nop
10000998:	e000ed00 	.word	0xe000ed00
1000099c:	10000111 	.word	0x10000111
100009a0:	20002484 	.word	0x20002484
100009a4:	ffffbd01 	.word	0xffffbd01
100009a8:	20001316 	.word	0x20001316
100009ac:	fffff800 	.word	0xfffff800
100009b0:	20001e65 	.word	0x20001e65
100009b4:	200012c4 	.word	0x200012c4

100009b8 <irq_add_tail_to_free_list>:
100009b8:	e92d 41f0 	stmdb	sp!, {r4, r5, r6, r7, r8, lr}
100009bc:	f3ef 8305 	mrs	r3, IPSR
100009c0:	b2db      	uxtb	r3, r3
100009c2:	469e      	mov	lr, r3
100009c4:	f3ef 8510 	mrs	r5, PRIMASK
100009c8:	b672      	cpsid	i
100009ca:	492f      	ldr	r1, [pc, #188]	@ (10000a88 <irq_add_tail_to_free_list+0xd0>)
100009cc:	e8d1 2fcf 	ldaexb	r2, [r1]
100009d0:	2301      	movs	r3, #1
100009d2:	2a00      	cmp	r2, #0
100009d4:	d1fa      	bne.n	100009cc <irq_add_tail_to_free_list+0x14>
100009d6:	e8c1 3f42 	strexb	r2, r3, [r1]
100009da:	2a00      	cmp	r2, #0
100009dc:	d1f6      	bne.n	100009cc <irq_add_tail_to_free_list+0x14>
100009de:	f3bf 8f5f 	dmb	sy
100009e2:	f8df 80b4 	ldr.w	r8, [pc, #180]	@ 10000a98 <irq_add_tail_to_free_list+0xe0>
100009e6:	f040 0601 	orr.w	r6, r0, #1
100009ea:	f8d8 7008 	ldr.w	r7, [r8, #8]
100009ee:	f64a 23aa 	movw	r3, #43690	@ 0xaaaa
100009f2:	f857 702e 	ldr.w	r7, [r7, lr, lsl #2]
100009f6:	4604      	mov	r4, r0
100009f8:	4a24      	ldr	r2, [pc, #144]	@ (10000a8c <irq_add_tail_to_free_list+0xd4>)
100009fa:	1aa4      	subs	r4, r4, r2
100009fc:	4164      	adcs	r4, r4
100009fe:	4363      	muls	r3, r4
10000a00:	0d1b      	lsrs	r3, r3, #20
10000a02:	42b7      	cmp	r7, r6
10000a04:	b25b      	sxtb	r3, r3
10000a06:	d026      	beq.n	10000a56 <irq_add_tail_to_free_list+0x9e>
10000a08:	f992 4006 	ldrsb.w	r4, [r2, #6]
10000a0c:	429c      	cmp	r4, r3
10000a0e:	d028      	beq.n	10000a62 <irq_add_tail_to_free_list+0xaa>
10000a10:	f992 4012 	ldrsb.w	r4, [r2, #18]
10000a14:	429c      	cmp	r4, r3
10000a16:	d02f      	beq.n	10000a78 <irq_add_tail_to_free_list+0xc0>
10000a18:	f992 401e 	ldrsb.w	r4, [r2, #30]
10000a1c:	429c      	cmp	r4, r3
10000a1e:	d02d      	beq.n	10000a7c <irq_add_tail_to_free_list+0xc4>
10000a20:	f992 402a 	ldrsb.w	r4, [r2, #42]	@ 0x2a
10000a24:	429c      	cmp	r4, r3
10000a26:	d02b      	beq.n	10000a80 <irq_add_tail_to_free_list+0xc8>
10000a28:	f992 4036 	ldrsb.w	r4, [r2, #54]	@ 0x36
10000a2c:	429c      	cmp	r4, r3
10000a2e:	d029      	beq.n	10000a84 <irq_add_tail_to_free_list+0xcc>
10000a30:	f992 4042 	ldrsb.w	r4, [r2, #66]	@ 0x42
10000a34:	429c      	cmp	r4, r3
10000a36:	bf08      	it	eq
10000a38:	2405      	moveq	r4, #5
10000a3a:	d013      	beq.n	10000a64 <irq_add_tail_to_free_list+0xac>
10000a3c:	4a14      	ldr	r2, [pc, #80]	@ (10000a90 <irq_add_tail_to_free_list+0xd8>)
10000a3e:	2400      	movs	r4, #0
10000a40:	f892 c000 	ldrb.w	ip, [r2]
10000a44:	7013      	strb	r3, [r2, #0]
10000a46:	f880 c006 	strb.w	ip, [r0, #6]
10000a4a:	e8c1 4f8f 	stlb	r4, [r1]
10000a4e:	f385 8810 	msr	PRIMASK, r5
10000a52:	e8bd 81f0 	ldmia.w	sp!, {r4, r5, r6, r7, r8, pc}
10000a56:	f8d8 2008 	ldr.w	r2, [r8, #8]
10000a5a:	4c0e      	ldr	r4, [pc, #56]	@ (10000a94 <irq_add_tail_to_free_list+0xdc>)
10000a5c:	f842 402e 	str.w	r4, [r2, lr, lsl #2]
10000a60:	e7ec      	b.n	10000a3c <irq_add_tail_to_free_list+0x84>
10000a62:	2400      	movs	r4, #0
10000a64:	eb04 0444 	add.w	r4, r4, r4, lsl #1
10000a68:	eb02 0284 	add.w	r2, r2, r4, lsl #2
10000a6c:	24ff      	movs	r4, #255	@ 0xff
10000a6e:	7194      	strb	r4, [r2, #6]
10000a70:	f64b 5401 	movw	r4, #48385	@ 0xbd01
10000a74:	8094      	strh	r4, [r2, #4]
10000a76:	e7e1      	b.n	10000a3c <irq_add_tail_to_free_list+0x84>
10000a78:	2401      	movs	r4, #1
10000a7a:	e7f3      	b.n	10000a64 <irq_add_tail_to_free_list+0xac>
10000a7c:	2402      	movs	r4, #2
10000a7e:	e7f1      	b.n	10000a64 <irq_add_tail_to_free_list+0xac>
10000a80:	2403      	movs	r4, #3
10000a82:	e7ef      	b.n	10000a64 <irq_add_tail_to_free_list+0xac>
10000a84:	2404      	movs	r4, #4
10000a86:	e7ed      	b.n	10000a64 <irq_add_tail_to_free_list+0xac>
10000a88:	20001e65 	.word	0x20001e65
10000a8c:	200012c4 	.word	0x200012c4
10000a90:	20002484 	.word	0x20002484
10000a94:	10000111 	.word	0x10000111
10000a98:	e000ed00 	.word	0xe000ed00

10000a9c <user_irq_claim_unused>:
10000a9c:	b500      	push	{lr}
10000a9e:	f8df c024 	ldr.w	ip, [pc, #36]	@ 10000ac4 <user_irq_claim_unused+0x28>
10000aa2:	b083      	sub	sp, #12
10000aa4:	4601      	mov	r1, r0
10000aa6:	2305      	movs	r3, #5
10000aa8:	2200      	movs	r2, #0
10000aaa:	f8cd c000 	str.w	ip, [sp]
10000aae:	4804      	ldr	r0, [pc, #16]	@ (10000ac0 <user_irq_claim_unused+0x24>)
10000ab0:	f7ff fcb8 	bl	10000424 <hw_claim_unused_from_range>
10000ab4:	2800      	cmp	r0, #0
10000ab6:	bfa8      	it	ge
10000ab8:	f1c0 0033 	rsbge	r0, r0, #51	@ 0x33
10000abc:	b003      	add	sp, #12
10000abe:	bd00      	pop	{pc}
10000ac0:	20002489 	.word	0x20002489
10000ac4:	10006b54 	.word	0x10006b54

10000ac8 <lock_init>:
10000ac8:	4b01      	ldr	r3, [pc, #4]	@ (10000ad0 <lock_init+0x8>)
10000aca:	440b      	add	r3, r1
10000acc:	6003      	str	r3, [r0, #0]
10000ace:	4770      	bx	lr
10000ad0:	20001e5c 	.word	0x20001e5c

10000ad4 <runtime_init_mutex>:
10000ad4:	b570      	push	{r4, r5, r6, lr}
10000ad6:	4c10      	ldr	r4, [pc, #64]	@ (10000b18 <runtime_init_mutex+0x44>)
10000ad8:	4d10      	ldr	r5, [pc, #64]	@ (10000b1c <runtime_init_mutex+0x48>)
10000ada:	42ac      	cmp	r4, r5
10000adc:	d20e      	bcs.n	10000afc <runtime_init_mutex+0x28>
10000ade:	26ff      	movs	r6, #255	@ 0xff
10000ae0:	6823      	ldr	r3, [r4, #0]
10000ae2:	b163      	cbz	r3, 10000afe <runtime_init_mutex+0x2a>
10000ae4:	f7ff fce0 	bl	100004a8 <next_striped_spin_lock_num>
10000ae8:	4601      	mov	r1, r0
10000aea:	4620      	mov	r0, r4
10000aec:	f7ff ffec 	bl	10000ac8 <lock_init>
10000af0:	80a6      	strh	r6, [r4, #4]
10000af2:	f3bf 8f5f 	dmb	sy
10000af6:	3408      	adds	r4, #8
10000af8:	42ac      	cmp	r4, r5
10000afa:	d3f1      	bcc.n	10000ae0 <runtime_init_mutex+0xc>
10000afc:	bd70      	pop	{r4, r5, r6, pc}
10000afe:	f7ff fcd3 	bl	100004a8 <next_striped_spin_lock_num>
10000b02:	4601      	mov	r1, r0
10000b04:	4620      	mov	r0, r4
10000b06:	f7ff ffdf 	bl	10000ac8 <lock_init>
10000b0a:	7126      	strb	r6, [r4, #4]
10000b0c:	f3bf 8f5f 	dmb	sy
10000b10:	3408      	adds	r4, #8
10000b12:	42ac      	cmp	r4, r5
10000b14:	d3e4      	bcc.n	10000ae0 <runtime_init_mutex+0xc>
10000b16:	bd70      	pop	{r4, r5, r6, pc}
10000b18:	200019b8 	.word	0x200019b8
10000b1c:	200019c0 	.word	0x200019c0

10000b20 <mutex_init>:
10000b20:	b510      	push	{r4, lr}
10000b22:	4604      	mov	r4, r0
10000b24:	f7ff fcc0 	bl	100004a8 <next_striped_spin_lock_num>
10000b28:	4601      	mov	r1, r0
10000b2a:	4620      	mov	r0, r4
10000b2c:	f7ff ffcc 	bl	10000ac8 <lock_init>
10000b30:	23ff      	movs	r3, #255	@ 0xff
10000b32:	7123      	strb	r3, [r4, #4]
10000b34:	f3bf 8f5f 	dmb	sy
10000b38:	bd10      	pop	{r4, pc}
10000b3a:	bf00      	nop

10000b3c <critical_section_init>:
10000b3c:	b510      	push	{r4, lr}
10000b3e:	4604      	mov	r4, r0
10000b40:	2001      	movs	r0, #1
10000b42:	f7ff fcbd 	bl	100004c0 <spin_lock_claim_unused>
10000b46:	4b03      	ldr	r3, [pc, #12]	@ (10000b54 <critical_section_init+0x18>)
10000b48:	4403      	add	r3, r0
10000b4a:	6023      	str	r3, [r4, #0]
10000b4c:	f3bf 8f5f 	dmb	sy
10000b50:	bd10      	pop	{r4, pc}
10000b52:	bf00      	nop
10000b54:	20001e5c 	.word	0x20001e5c

10000b58 <critical_section_init_with_lock_num>:
10000b58:	4b02      	ldr	r3, [pc, #8]	@ (10000b64 <critical_section_init_with_lock_num+0xc>)
10000b5a:	440b      	add	r3, r1
10000b5c:	6003      	str	r3, [r0, #0]
10000b5e:	f3bf 8f5f 	dmb	sy
10000b62:	4770      	bx	lr
10000b64:	20001e5c 	.word	0x20001e5c

10000b68 <sleep_until_callback>:
10000b68:	4910      	ldr	r1, [pc, #64]	@ (10000bac <sleep_until_callback+0x44>)
10000b6a:	680b      	ldr	r3, [r1, #0]
10000b6c:	f3ef 8010 	mrs	r0, PRIMASK
10000b70:	b672      	cpsid	i
10000b72:	e8d3 cfcf 	ldaexb	ip, [r3]
10000b76:	2201      	movs	r2, #1
10000b78:	f1bc 0f00 	cmp.w	ip, #0
10000b7c:	d1f9      	bne.n	10000b72 <sleep_until_callback+0xa>
10000b7e:	e8c3 2f4c 	strexb	ip, r2, [r3]
10000b82:	f1bc 0f00 	cmp.w	ip, #0
10000b86:	d1f4      	bne.n	10000b72 <sleep_until_callback+0xa>
10000b88:	f3bf 8f5f 	dmb	sy
10000b8c:	4a08      	ldr	r2, [pc, #32]	@ (10000bb0 <sleep_until_callback+0x48>)
10000b8e:	f04f 0c00 	mov.w	ip, #0
10000b92:	7813      	ldrb	r3, [r2, #0]
10000b94:	6809      	ldr	r1, [r1, #0]
10000b96:	3301      	adds	r3, #1
10000b98:	7013      	strb	r3, [r2, #0]
10000b9a:	e8c1 cf8f 	stlb	ip, [r1]
10000b9e:	f380 8810 	msr	PRIMASK, r0
10000ba2:	bf40      	sev
10000ba4:	2000      	movs	r0, #0
10000ba6:	2100      	movs	r1, #0
10000ba8:	4770      	bx	lr
10000baa:	bf00      	nop
10000bac:	2000245c 	.word	0x2000245c
10000bb0:	20002486 	.word	0x20002486
10000bb4:	00000000 	.word	0x00000000

10000bb8 <alarm_pool_irq_handler>:
10000bb8:	e92d 4ff0 	stmdb	sp!, {r4, r5, r6, r7, r8, r9, sl, fp, lr}
10000bbc:	ed2d 8b02 	vpush	{d8}
10000bc0:	b085      	sub	sp, #20
10000bc2:	f3ef 8305 	mrs	r3, IPSR
10000bc6:	b2db      	uxtb	r3, r3
10000bc8:	3b10      	subs	r3, #16
10000bca:	089a      	lsrs	r2, r3, #2
10000bcc:	bf18      	it	ne
10000bce:	2201      	movne	r2, #1
10000bd0:	f04f 0101 	mov.w	r1, #1
10000bd4:	f003 0b03 	and.w	fp, r3, #3
10000bd8:	bf18      	it	ne
10000bda:	4ca9      	ldrne	r4, [pc, #676]	@ (10000e80 <alarm_pool_irq_handler+0x2c8>)
10000bdc:	4ba9      	ldr	r3, [pc, #676]	@ (10000e84 <alarm_pool_irq_handler+0x2cc>)
10000bde:	bf08      	it	eq
10000be0:	4ca9      	ldreq	r4, [pc, #676]	@ (10000e88 <alarm_pool_irq_handler+0x2d0>)
10000be2:	eb0b 0282 	add.w	r2, fp, r2, lsl #2
10000be6:	f853 5022 	ldr.w	r5, [r3, r2, lsl #2]
10000bea:	fa01 f20b 	lsl.w	r2, r1, fp
10000bee:	f504 5341 	add.w	r3, r4, #12352	@ 0x3040
10000bf2:	ed9f 8ba1 	vldr	d8, [pc, #644]	@ 10000e78 <alarm_pool_irq_handler+0x2c0>
10000bf6:	9202      	str	r2, [sp, #8]
10000bf8:	605a      	str	r2, [r3, #4]
10000bfa:	e02f      	b.n	10000c5c <alarm_pool_irq_handler+0xa4>
10000bfc:	88ab      	ldrh	r3, [r5, #4]
10000bfe:	0419      	lsls	r1, r3, #16
10000c00:	f140 8094 	bpl.w	10000d2c <alarm_pool_irq_handler+0x174>
10000c04:	79ab      	ldrb	r3, [r5, #6]
10000c06:	2b00      	cmp	r3, #0
10000c08:	f040 80de 	bne.w	10000dc8 <alarm_pool_irq_handler+0x210>
10000c0c:	f9b5 6008 	ldrsh.w	r6, [r5, #8]
10000c10:	2e00      	cmp	r6, #0
10000c12:	f2c0 811c 	blt.w	10000e4e <alarm_pool_irq_handler+0x296>
10000c16:	696b      	ldr	r3, [r5, #20]
10000c18:	eb06 0646 	add.w	r6, r6, r6, lsl #1
10000c1c:	eb03 03c6 	add.w	r3, r3, r6, lsl #3
10000c20:	e9d3 6702 	ldrd	r6, r7, [r3, #8]
10000c24:	f1b7 3fff 	cmp.w	r7, #4294967295
10000c28:	bf08      	it	eq
10000c2a:	f1b6 3fff 	cmpeq.w	r6, #4294967295
10000c2e:	d00e      	beq.n	10000c4e <alarm_pool_irq_handler+0x96>
10000c30:	eb04 018b 	add.w	r1, r4, fp, lsl #2
10000c34:	6aa3      	ldr	r3, [r4, #40]	@ 0x28
10000c36:	690a      	ldr	r2, [r1, #16]
10000c38:	1ad2      	subs	r2, r2, r3
10000c3a:	1af3      	subs	r3, r6, r3
10000c3c:	4293      	cmp	r3, r2
10000c3e:	d305      	bcc.n	10000c4c <alarm_pool_irq_handler+0x94>
10000c40:	2301      	movs	r3, #1
10000c42:	6a22      	ldr	r2, [r4, #32]
10000c44:	fa03 f30b 	lsl.w	r3, r3, fp
10000c48:	4213      	tst	r3, r2
10000c4a:	d100      	bne.n	10000c4e <alarm_pool_irq_handler+0x96>
10000c4c:	610e      	str	r6, [r1, #16]
10000c4e:	4620      	mov	r0, r4
10000c50:	f000 fbee 	bl	10001430 <timer_time_us_64>
10000c54:	42b0      	cmp	r0, r6
10000c56:	41b9      	sbcs	r1, r7
10000c58:	f2c0 80f9 	blt.w	10000e4e <alarm_pool_irq_handler+0x296>
10000c5c:	f9b5 6008 	ldrsh.w	r6, [r5, #8]
10000c60:	9b02      	ldr	r3, [sp, #8]
10000c62:	2e00      	cmp	r6, #0
10000c64:	63e3      	str	r3, [r4, #60]	@ 0x3c
10000c66:	dbc9      	blt.n	10000bfc <alarm_pool_irq_handler+0x44>
10000c68:	f8d5 9014 	ldr.w	r9, [r5, #20]
10000c6c:	eb06 0a46 	add.w	sl, r6, r6, lsl #1
10000c70:	eb09 07ca 	add.w	r7, r9, sl, lsl #3
10000c74:	68bb      	ldr	r3, [r7, #8]
10000c76:	4620      	mov	r0, r4
10000c78:	f8d7 800c 	ldr.w	r8, [r7, #12]
10000c7c:	9301      	str	r3, [sp, #4]
10000c7e:	f000 fbd7 	bl	10001430 <timer_time_us_64>
10000c82:	9b01      	ldr	r3, [sp, #4]
10000c84:	4298      	cmp	r0, r3
10000c86:	eb71 0108 	sbcs.w	r1, r1, r8
10000c8a:	dbb7      	blt.n	10000bfc <alarm_pool_irq_handler+0x44>
10000c8c:	f1b8 0f00 	cmp.w	r8, #0
10000c90:	f2c0 80c0 	blt.w	10000e14 <alarm_pool_irq_handler+0x25c>
10000c94:	e9d7 3104 	ldrd	r3, r1, [r7, #16]
10000c98:	4a7c      	ldr	r2, [pc, #496]	@ (10000e8c <alarm_pool_irq_handler+0x2d4>)
10000c9a:	4293      	cmp	r3, r2
10000c9c:	f000 80f8 	beq.w	10000e90 <alarm_pool_irq_handler+0x2d8>
10000ca0:	887a      	ldrh	r2, [r7, #2]
10000ca2:	f9b5 0008 	ldrsh.w	r0, [r5, #8]
10000ca6:	b292      	uxth	r2, r2
10000ca8:	ea42 4000 	orr.w	r0, r2, r0, lsl #16
10000cac:	4798      	blx	r3
10000cae:	4602      	mov	r2, r0
10000cb0:	460b      	mov	r3, r1
10000cb2:	ea52 0103 	orrs.w	r1, r2, r3
10000cb6:	f000 80ad 	beq.w	10000e14 <alarm_pool_irq_handler+0x25c>
10000cba:	2b00      	cmp	r3, #0
10000cbc:	f280 80cd 	bge.w	10000e5a <alarm_pool_irq_handler+0x2a2>
10000cc0:	9901      	ldr	r1, [sp, #4]
10000cc2:	ebb1 0e02 	subs.w	lr, r1, r2
10000cc6:	eb68 0803 	sbc.w	r8, r8, r3
10000cca:	f939 303a 	ldrsh.w	r3, [r9, sl, lsl #3]
10000cce:	e9c7 e802 	strd	lr, r8, [r7, #8]
10000cd2:	2b00      	cmp	r3, #0
10000cd4:	db92      	blt.n	10000bfc <alarm_pool_irq_handler+0x44>
10000cd6:	6968      	ldr	r0, [r5, #20]
10000cd8:	eb03 0243 	add.w	r2, r3, r3, lsl #1
10000cdc:	eb00 02c2 	add.w	r2, r0, r2, lsl #3
10000ce0:	e9d2 7102 	ldrd	r7, r1, [r2, #8]
10000ce4:	45be      	cmp	lr, r7
10000ce6:	eb78 0c01 	sbcs.w	ip, r8, r1
10000cea:	ea4f 0243 	mov.w	r2, r3, lsl #1
10000cee:	db85      	blt.n	10000bfc <alarm_pool_irq_handler+0x44>
10000cf0:	46ac      	mov	ip, r5
10000cf2:	f82c 3f08 	strh.w	r3, [ip, #8]!
10000cf6:	e006      	b.n	10000d06 <alarm_pool_irq_handler+0x14e>
10000cf8:	eb03 0143 	add.w	r1, r3, r3, lsl #1
10000cfc:	eb00 01c1 	add.w	r1, r0, r1, lsl #3
10000d00:	005a      	lsls	r2, r3, #1
10000d02:	e9d1 7102 	ldrd	r7, r1, [r1, #8]
10000d06:	45be      	cmp	lr, r7
10000d08:	eb78 0101 	sbcs.w	r1, r8, r1
10000d0c:	441a      	add	r2, r3
10000d0e:	db05      	blt.n	10000d1c <alarm_pool_irq_handler+0x164>
10000d10:	f930 3032 	ldrsh.w	r3, [r0, r2, lsl #3]
10000d14:	eb00 0cc2 	add.w	ip, r0, r2, lsl #3
10000d18:	2b00      	cmp	r3, #0
10000d1a:	daed      	bge.n	10000cf8 <alarm_pool_irq_handler+0x140>
10000d1c:	f829 303a 	strh.w	r3, [r9, sl, lsl #3]
10000d20:	f8ac 6000 	strh.w	r6, [ip]
10000d24:	88ab      	ldrh	r3, [r5, #4]
10000d26:	0419      	lsls	r1, r3, #16
10000d28:	f53f af6c 	bmi.w	10000c04 <alarm_pool_irq_handler+0x4c>
10000d2c:	692b      	ldr	r3, [r5, #16]
10000d2e:	f3ef 8210 	mrs	r2, PRIMASK
10000d32:	b672      	cpsid	i
10000d34:	e8d3 0fcf 	ldaexb	r0, [r3]
10000d38:	2101      	movs	r1, #1
10000d3a:	2800      	cmp	r0, #0
10000d3c:	d1fa      	bne.n	10000d34 <alarm_pool_irq_handler+0x17c>
10000d3e:	e8c3 1f40 	strexb	r0, r1, [r3]
10000d42:	2800      	cmp	r0, #0
10000d44:	d1f6      	bne.n	10000d34 <alarm_pool_irq_handler+0x17c>
10000d46:	f3bf 8f5f 	dmb	sy
10000d4a:	f64f 76ff 	movw	r6, #65535	@ 0xffff
10000d4e:	88a8      	ldrh	r0, [r5, #4]
10000d50:	2300      	movs	r3, #0
10000d52:	6929      	ldr	r1, [r5, #16]
10000d54:	b200      	sxth	r0, r0
10000d56:	80ae      	strh	r6, [r5, #4]
10000d58:	e8c1 3f8f 	stlb	r3, [r1]
10000d5c:	f382 8810 	msr	PRIMASK, r2
10000d60:	4298      	cmp	r0, r3
10000d62:	f6ff af4f 	blt.w	10000c04 <alarm_pool_irq_handler+0x4c>
10000d66:	4607      	mov	r7, r0
10000d68:	46a1      	mov	r9, r4
10000d6a:	696e      	ldr	r6, [r5, #20]
10000d6c:	f105 0808 	add.w	r8, r5, #8
10000d70:	f9b5 3008 	ldrsh.w	r3, [r5, #8]
10000d74:	eb07 0e47 	add.w	lr, r7, r7, lsl #1
10000d78:	2b00      	cmp	r3, #0
10000d7a:	46c4      	mov	ip, r8
10000d7c:	eb06 02ce 	add.w	r2, r6, lr, lsl #3
10000d80:	db15      	blt.n	10000dae <alarm_pool_irq_handler+0x1f6>
10000d82:	e9d2 4002 	ldrd	r4, r0, [r2, #8]
10000d86:	46aa      	mov	sl, r5
10000d88:	9701      	str	r7, [sp, #4]
10000d8a:	e004      	b.n	10000d96 <alarm_pool_irq_handler+0x1de>
10000d8c:	f936 3035 	ldrsh.w	r3, [r6, r5, lsl #3]
10000d90:	4694      	mov	ip, r2
10000d92:	2b00      	cmp	r3, #0
10000d94:	db09      	blt.n	10000daa <alarm_pool_irq_handler+0x1f2>
10000d96:	eb03 0543 	add.w	r5, r3, r3, lsl #1
10000d9a:	eb06 02c5 	add.w	r2, r6, r5, lsl #3
10000d9e:	e9d2 7102 	ldrd	r7, r1, [r2, #8]
10000da2:	42bc      	cmp	r4, r7
10000da4:	eb70 0101 	sbcs.w	r1, r0, r1
10000da8:	daf0      	bge.n	10000d8c <alarm_pool_irq_handler+0x1d4>
10000daa:	4655      	mov	r5, sl
10000dac:	9f01      	ldr	r7, [sp, #4]
10000dae:	f8ac 7000 	strh.w	r7, [ip]
10000db2:	f936 703e 	ldrsh.w	r7, [r6, lr, lsl #3]
10000db6:	f826 303e 	strh.w	r3, [r6, lr, lsl #3]
10000dba:	2f00      	cmp	r7, #0
10000dbc:	dad8      	bge.n	10000d70 <alarm_pool_irq_handler+0x1b8>
10000dbe:	79ab      	ldrb	r3, [r5, #6]
10000dc0:	464c      	mov	r4, r9
10000dc2:	2b00      	cmp	r3, #0
10000dc4:	f43f af22 	beq.w	10000c0c <alarm_pool_irq_handler+0x54>
10000dc8:	2300      	movs	r3, #0
10000dca:	71ab      	strb	r3, [r5, #6]
10000dcc:	f9b5 6008 	ldrsh.w	r6, [r5, #8]
10000dd0:	1c72      	adds	r2, r6, #1
10000dd2:	4633      	mov	r3, r6
10000dd4:	d03b      	beq.n	10000e4e <alarm_pool_irq_handler+0x296>
10000dd6:	6968      	ldr	r0, [r5, #20]
10000dd8:	f105 0e08 	add.w	lr, r5, #8
10000ddc:	e003      	b.n	10000de6 <alarm_pool_irq_handler+0x22e>
10000dde:	468e      	mov	lr, r1
10000de0:	1c5a      	adds	r2, r3, #1
10000de2:	f43f af15 	beq.w	10000c10 <alarm_pool_irq_handler+0x58>
10000de6:	eb03 0243 	add.w	r2, r3, r3, lsl #1
10000dea:	eb00 01c2 	add.w	r1, r0, r2, lsl #3
10000dee:	884f      	ldrh	r7, [r1, #2]
10000df0:	469c      	mov	ip, r3
10000df2:	043f      	lsls	r7, r7, #16
10000df4:	f930 3032 	ldrsh.w	r3, [r0, r2, lsl #3]
10000df8:	d5f1      	bpl.n	10000dde <alarm_pool_irq_handler+0x226>
10000dfa:	4566      	cmp	r6, ip
10000dfc:	ed81 8b02 	vstr	d8, [r1, #8]
10000e00:	d0ee      	beq.n	10000de0 <alarm_pool_irq_handler+0x228>
10000e02:	f8ae 3000 	strh.w	r3, [lr]
10000e06:	8929      	ldrh	r1, [r5, #8]
10000e08:	4666      	mov	r6, ip
10000e0a:	f820 1032 	strh.w	r1, [r0, r2, lsl #3]
10000e0e:	f8a5 c008 	strh.w	ip, [r5, #8]
10000e12:	e7e5      	b.n	10000de0 <alarm_pool_irq_handler+0x228>
10000e14:	f839 303a 	ldrh.w	r3, [r9, sl, lsl #3]
10000e18:	812b      	strh	r3, [r5, #8]
10000e1a:	692b      	ldr	r3, [r5, #16]
10000e1c:	f3ef 8210 	mrs	r2, PRIMASK
10000e20:	b672      	cpsid	i
10000e22:	e8d3 0fcf 	ldaexb	r0, [r3]
10000e26:	2101      	movs	r1, #1
10000e28:	2800      	cmp	r0, #0
10000e2a:	d1fa      	bne.n	10000e22 <alarm_pool_irq_handler+0x26a>
10000e2c:	e8c3 1f40 	strexb	r0, r1, [r3]
10000e30:	2800      	cmp	r0, #0
10000e32:	d1f6      	bne.n	10000e22 <alarm_pool_irq_handler+0x26a>
10000e34:	f3bf 8f5f 	dmb	sy
10000e38:	886b      	ldrh	r3, [r5, #2]
10000e3a:	6929      	ldr	r1, [r5, #16]
10000e3c:	f829 303a 	strh.w	r3, [r9, sl, lsl #3]
10000e40:	2300      	movs	r3, #0
10000e42:	806e      	strh	r6, [r5, #2]
10000e44:	e8c1 3f8f 	stlb	r3, [r1]
10000e48:	f382 8810 	msr	PRIMASK, r2
10000e4c:	e6d6      	b.n	10000bfc <alarm_pool_irq_handler+0x44>
10000e4e:	bf40      	sev
10000e50:	b005      	add	sp, #20
10000e52:	ecbd 8b02 	vpop	{d8}
10000e56:	e8bd 8ff0 	ldmia.w	sp!, {r4, r5, r6, r7, r8, r9, sl, fp, pc}
10000e5a:	4620      	mov	r0, r4
10000e5c:	9303      	str	r3, [sp, #12]
10000e5e:	9201      	str	r2, [sp, #4]
10000e60:	f000 fae6 	bl	10001430 <timer_time_us_64>
10000e64:	9a01      	ldr	r2, [sp, #4]
10000e66:	9b03      	ldr	r3, [sp, #12]
10000e68:	eb10 0e02 	adds.w	lr, r0, r2
10000e6c:	eb43 0801 	adc.w	r8, r3, r1
10000e70:	e72b      	b.n	10000cca <alarm_pool_irq_handler+0x112>
10000e72:	bf00      	nop
10000e74:	f3af 8000 	nop.w
10000e78:	ffffffff 	.word	0xffffffff
10000e7c:	ffffffff 	.word	0xffffffff
10000e80:	400b8000 	.word	0x400b8000
10000e84:	20002434 	.word	0x20002434
10000e88:	400b0000 	.word	0x400b0000
10000e8c:	10000bb9 	.word	0x10000bb9
10000e90:	4608      	mov	r0, r1
10000e92:	690b      	ldr	r3, [r1, #16]
10000e94:	9103      	str	r1, [sp, #12]
10000e96:	4798      	blx	r3
10000e98:	2800      	cmp	r0, #0
10000e9a:	d0bb      	beq.n	10000e14 <alarm_pool_irq_handler+0x25c>
10000e9c:	9903      	ldr	r1, [sp, #12]
10000e9e:	e9d1 2300 	ldrd	r2, r3, [r1]
10000ea2:	e706      	b.n	10000cb2 <alarm_pool_irq_handler+0xfa>

10000ea4 <runtime_init_default_alarm_pool>:
10000ea4:	b538      	push	{r3, r4, r5, lr}
10000ea6:	4b38      	ldr	r3, [pc, #224]	@ (10000f88 <runtime_init_default_alarm_pool+0xe4>)
10000ea8:	691c      	ldr	r4, [r3, #16]
10000eaa:	b12c      	cbz	r4, 10000eb8 <runtime_init_default_alarm_pool+0x14>
10000eac:	e8bd 4038 	ldmia.w	sp!, {r3, r4, r5, lr}
10000eb0:	210a      	movs	r1, #10
10000eb2:	4836      	ldr	r0, [pc, #216]	@ (10000f8c <runtime_init_default_alarm_pool+0xe8>)
10000eb4:	f7ff be08 	b.w	10000ac8 <lock_init>
10000eb8:	2103      	movs	r1, #3
10000eba:	4835      	ldr	r0, [pc, #212]	@ (10000f90 <runtime_init_default_alarm_pool+0xec>)
10000ebc:	f000 faa6 	bl	1000140c <timer_hardware_alarm_claim>
10000ec0:	4d33      	ldr	r5, [pc, #204]	@ (10000f90 <runtime_init_default_alarm_pool+0xec>)
10000ec2:	4b31      	ldr	r3, [pc, #196]	@ (10000f88 <runtime_init_default_alarm_pool+0xe4>)
10000ec4:	60dd      	str	r5, [r3, #12]
10000ec6:	f7ff faef 	bl	100004a8 <next_striped_spin_lock_num>
10000eca:	4a32      	ldr	r2, [pc, #200]	@ (10000f94 <runtime_init_default_alarm_pool+0xf0>)
10000ecc:	f04f 4e50 	mov.w	lr, #3489660928	@ 0xd0000000
10000ed0:	4402      	add	r2, r0
10000ed2:	2003      	movs	r0, #3
10000ed4:	4b2c      	ldr	r3, [pc, #176]	@ (10000f88 <runtime_init_default_alarm_pool+0xe4>)
10000ed6:	f04f 0c0f 	mov.w	ip, #15
10000eda:	7018      	strb	r0, [r3, #0]
10000edc:	611a      	str	r2, [r3, #16]
10000ede:	f8de 2000 	ldr.w	r2, [lr]
10000ee2:	f64f 71ff 	movw	r1, #65535	@ 0xffff
10000ee6:	705a      	strb	r2, [r3, #1]
10000ee8:	695a      	ldr	r2, [r3, #20]
10000eea:	f8a3 c002 	strh.w	ip, [r3, #2]
10000eee:	8314      	strh	r4, [r2, #24]
10000ef0:	f04f 0402 	mov.w	r4, #2
10000ef4:	f8a2 4048 	strh.w	r4, [r2, #72]	@ 0x48
10000ef8:	f04f 0404 	mov.w	r4, #4
10000efc:	f8a2 4078 	strh.w	r4, [r2, #120]	@ 0x78
10000f00:	f04f 0405 	mov.w	r4, #5
10000f04:	f8a2 4090 	strh.w	r4, [r2, #144]	@ 0x90
10000f08:	f04f 0406 	mov.w	r4, #6
10000f0c:	f8a2 40a8 	strh.w	r4, [r2, #168]	@ 0xa8
10000f10:	f04f 0407 	mov.w	r4, #7
10000f14:	f8a2 40c0 	strh.w	r4, [r2, #192]	@ 0xc0
10000f18:	f04f 0409 	mov.w	r4, #9
10000f1c:	f8a2 40f0 	strh.w	r4, [r2, #240]	@ 0xf0
10000f20:	f04f 040a 	mov.w	r4, #10
10000f24:	f8a2 4108 	strh.w	r4, [r2, #264]	@ 0x108
10000f28:	f04f 040b 	mov.w	r4, #11
10000f2c:	f8a2 4120 	strh.w	r4, [r2, #288]	@ 0x120
10000f30:	f04f 040c 	mov.w	r4, #12
10000f34:	f8a2 4138 	strh.w	r4, [r2, #312]	@ 0x138
10000f38:	f04f 0401 	mov.w	r4, #1
10000f3c:	8614      	strh	r4, [r2, #48]	@ 0x30
10000f3e:	f04f 0408 	mov.w	r4, #8
10000f42:	f8a2 40d8 	strh.w	r4, [r2, #216]	@ 0xd8
10000f46:	4c14      	ldr	r4, [pc, #80]	@ (10000f98 <runtime_init_default_alarm_pool+0xf4>)
10000f48:	f04f 0e0d 	mov.w	lr, #13
10000f4c:	f04f 0c0e 	mov.w	ip, #14
10000f50:	609c      	str	r4, [r3, #8]
10000f52:	2408      	movs	r4, #8
10000f54:	8099      	strh	r1, [r3, #4]
10000f56:	f8a2 e150 	strh.w	lr, [r2, #336]	@ 0x150
10000f5a:	f8a2 c168 	strh.w	ip, [r2, #360]	@ 0x168
10000f5e:	f8a2 0060 	strh.w	r0, [r2, #96]	@ 0x60
10000f62:	8011      	strh	r1, [r2, #0]
10000f64:	4a0d      	ldr	r2, [pc, #52]	@ (10000f9c <runtime_init_default_alarm_pool+0xf8>)
10000f66:	622c      	str	r4, [r5, #32]
10000f68:	490d      	ldr	r1, [pc, #52]	@ (10000fa0 <runtime_init_default_alarm_pool+0xfc>)
10000f6a:	60d3      	str	r3, [r2, #12]
10000f6c:	f7ff fb30 	bl	100005d0 <irq_set_exclusive_handler>
10000f70:	2101      	movs	r1, #1
10000f72:	2003      	movs	r0, #3
10000f74:	f7ff faea 	bl	1000054c <irq_set_enabled>
10000f78:	4b0a      	ldr	r3, [pc, #40]	@ (10000fa4 <runtime_init_default_alarm_pool+0x100>)
10000f7a:	210a      	movs	r1, #10
10000f7c:	641c      	str	r4, [r3, #64]	@ 0x40
10000f7e:	4803      	ldr	r0, [pc, #12]	@ (10000f8c <runtime_init_default_alarm_pool+0xe8>)
10000f80:	e8bd 4038 	ldmia.w	sp!, {r3, r4, r5, lr}
10000f84:	f7ff bda0 	b.w	10000ac8 <lock_init>
10000f88:	20001330 	.word	0x20001330
10000f8c:	2000245c 	.word	0x2000245c
10000f90:	400b0000 	.word	0x400b0000
10000f94:	20001e5c 	.word	0x20001e5c
10000f98:	0010ffff 	.word	0x0010ffff
10000f9c:	20002434 	.word	0x20002434
10000fa0:	10000bb9 	.word	0x10000bb9
10000fa4:	400b2000 	.word	0x400b2000

10000fa8 <alarm_pool_get_default>:
10000fa8:	4800      	ldr	r0, [pc, #0]	@ (10000fac <alarm_pool_get_default+0x4>)
10000faa:	4770      	bx	lr
10000fac:	20001330 	.word	0x20001330

10000fb0 <alarm_pool_add_alarm_at>:
10000fb0:	b5f0      	push	{r4, r5, r6, r7, lr}
10000fb2:	b083      	sub	sp, #12
10000fb4:	f89d 4028 	ldrb.w	r4, [sp, #40]	@ 0x28
10000fb8:	461d      	mov	r5, r3
10000fba:	4603      	mov	r3, r0
10000fbc:	b954      	cbnz	r4, 10000fd4 <alarm_pool_add_alarm_at+0x24>
10000fbe:	e9cd 0200 	strd	r0, r2, [sp]
10000fc2:	f000 fa3d 	bl	10001440 <time_us_64>
10000fc6:	9a01      	ldr	r2, [sp, #4]
10000fc8:	9b00      	ldr	r3, [sp, #0]
10000fca:	4282      	cmp	r2, r0
10000fcc:	eb65 0101 	sbc.w	r1, r5, r1
10000fd0:	42a1      	cmp	r1, r4
10000fd2:	db5b      	blt.n	1000108c <alarm_pool_add_alarm_at+0xdc>
10000fd4:	6919      	ldr	r1, [r3, #16]
10000fd6:	f3ef 8010 	mrs	r0, PRIMASK
10000fda:	b672      	cpsid	i
10000fdc:	e8d1 6fcf 	ldaexb	r6, [r1]
10000fe0:	2401      	movs	r4, #1
10000fe2:	2e00      	cmp	r6, #0
10000fe4:	d1fa      	bne.n	10000fdc <alarm_pool_add_alarm_at+0x2c>
10000fe6:	e8c1 4f46 	strexb	r6, r4, [r1]
10000fea:	2e00      	cmp	r6, #0
10000fec:	d1f6      	bne.n	10000fdc <alarm_pool_add_alarm_at+0x2c>
10000fee:	f3bf 8f5f 	dmb	sy
10000ff2:	f9b3 4002 	ldrsh.w	r4, [r3, #2]
10000ff6:	691f      	ldr	r7, [r3, #16]
10000ff8:	2c00      	cmp	r4, #0
10000ffa:	db3e      	blt.n	1000107a <alarm_pool_add_alarm_at+0xca>
10000ffc:	f8d3 c014 	ldr.w	ip, [r3, #20]
10001000:	eb04 0e44 	add.w	lr, r4, r4, lsl #1
10001004:	f83c 103e 	ldrh.w	r1, [ip, lr, lsl #3]
10001008:	2600      	movs	r6, #0
1000100a:	8059      	strh	r1, [r3, #2]
1000100c:	eb0c 01ce 	add.w	r1, ip, lr, lsl #3
10001010:	e8c7 6f8f 	stlb	r6, [r7]
10001014:	f380 8810 	msr	PRIMASK, r0
10001018:	8848      	ldrh	r0, [r1, #2]
1000101a:	e9c1 2502 	strd	r2, r5, [r1, #8]
1000101e:	3001      	adds	r0, #1
10001020:	f3c0 000e 	ubfx	r0, r0, #0, #15
10001024:	2801      	cmp	r0, #1
10001026:	bf38      	it	cc
10001028:	2001      	movcc	r0, #1
1000102a:	9a08      	ldr	r2, [sp, #32]
1000102c:	8048      	strh	r0, [r1, #2]
1000102e:	610a      	str	r2, [r1, #16]
10001030:	9a09      	ldr	r2, [sp, #36]	@ 0x24
10001032:	ea40 4004 	orr.w	r0, r0, r4, lsl #16
10001036:	614a      	str	r2, [r1, #20]
10001038:	691a      	ldr	r2, [r3, #16]
1000103a:	f3ef 8110 	mrs	r1, PRIMASK
1000103e:	b672      	cpsid	i
10001040:	e8d2 7fcf 	ldaexb	r7, [r2]
10001044:	2501      	movs	r5, #1
10001046:	2f00      	cmp	r7, #0
10001048:	d1fa      	bne.n	10001040 <alarm_pool_add_alarm_at+0x90>
1000104a:	e8c2 5f47 	strexb	r7, r5, [r2]
1000104e:	2f00      	cmp	r7, #0
10001050:	d1f6      	bne.n	10001040 <alarm_pool_add_alarm_at+0x90>
10001052:	f3bf 8f5f 	dmb	sy
10001056:	889a      	ldrh	r2, [r3, #4]
10001058:	f82c 203e 	strh.w	r2, [ip, lr, lsl #3]
1000105c:	691a      	ldr	r2, [r3, #16]
1000105e:	809c      	strh	r4, [r3, #4]
10001060:	e8c2 6f8f 	stlb	r6, [r2]
10001064:	f381 8810 	msr	PRIMASK, r1
10001068:	2101      	movs	r1, #1
1000106a:	781c      	ldrb	r4, [r3, #0]
1000106c:	68da      	ldr	r2, [r3, #12]
1000106e:	40a1      	lsls	r1, r4
10001070:	f502 5301 	add.w	r3, r2, #8256	@ 0x2040
10001074:	6059      	str	r1, [r3, #4]
10001076:	b003      	add	sp, #12
10001078:	bdf0      	pop	{r4, r5, r6, r7, pc}
1000107a:	2300      	movs	r3, #0
1000107c:	e8c7 3f8f 	stlb	r3, [r7]
10001080:	f380 8810 	msr	PRIMASK, r0
10001084:	f04f 30ff 	mov.w	r0, #4294967295
10001088:	b003      	add	sp, #12
1000108a:	bdf0      	pop	{r4, r5, r6, r7, pc}
1000108c:	4620      	mov	r0, r4
1000108e:	b003      	add	sp, #12
10001090:	bdf0      	pop	{r4, r5, r6, r7, pc}
10001092:	bf00      	nop

10001094 <alarm_pool_add_alarm_at_force_in_context>:
10001094:	b5f0      	push	{r4, r5, r6, r7, lr}
10001096:	4616      	mov	r6, r2
10001098:	461f      	mov	r7, r3
1000109a:	6902      	ldr	r2, [r0, #16]
1000109c:	4603      	mov	r3, r0
1000109e:	f3ef 8010 	mrs	r0, PRIMASK
100010a2:	b672      	cpsid	i
100010a4:	e8d2 4fcf 	ldaexb	r4, [r2]
100010a8:	2101      	movs	r1, #1
100010aa:	2c00      	cmp	r4, #0
100010ac:	d1fa      	bne.n	100010a4 <alarm_pool_add_alarm_at_force_in_context+0x10>
100010ae:	e8c2 1f44 	strexb	r4, r1, [r2]
100010b2:	2c00      	cmp	r4, #0
100010b4:	d1f6      	bne.n	100010a4 <alarm_pool_add_alarm_at_force_in_context+0x10>
100010b6:	f3bf 8f5f 	dmb	sy
100010ba:	f9b3 1002 	ldrsh.w	r1, [r3, #2]
100010be:	691d      	ldr	r5, [r3, #16]
100010c0:	2900      	cmp	r1, #0
100010c2:	db45      	blt.n	10001150 <alarm_pool_add_alarm_at_force_in_context+0xbc>
100010c4:	f8d3 e014 	ldr.w	lr, [r3, #20]
100010c8:	eb01 0241 	add.w	r2, r1, r1, lsl #1
100010cc:	f83e 4032 	ldrh.w	r4, [lr, r2, lsl #3]
100010d0:	eb0e 0cc2 	add.w	ip, lr, r2, lsl #3
100010d4:	805c      	strh	r4, [r3, #2]
100010d6:	2400      	movs	r4, #0
100010d8:	e8c5 4f8f 	stlb	r4, [r5]
100010dc:	f380 8810 	msr	PRIMASK, r0
100010e0:	9805      	ldr	r0, [sp, #20]
100010e2:	4635      	mov	r5, r6
100010e4:	f8cc 0010 	str.w	r0, [ip, #16]
100010e8:	9806      	ldr	r0, [sp, #24]
100010ea:	463e      	mov	r6, r7
100010ec:	f8cc 0014 	str.w	r0, [ip, #20]
100010f0:	f8bc 0002 	ldrh.w	r0, [ip, #2]
100010f4:	e9cc 5602 	strd	r5, r6, [ip, #8]
100010f8:	3001      	adds	r0, #1
100010fa:	f3c0 000e 	ubfx	r0, r0, #0, #15
100010fe:	2801      	cmp	r0, #1
10001100:	bf38      	it	cc
10001102:	2001      	movcc	r0, #1
10001104:	f8ac 0002 	strh.w	r0, [ip, #2]
10001108:	ea40 4001 	orr.w	r0, r0, r1, lsl #16
1000110c:	f8d3 c010 	ldr.w	ip, [r3, #16]
10001110:	f3ef 8510 	mrs	r5, PRIMASK
10001114:	b672      	cpsid	i
10001116:	e8dc 7fcf 	ldaexb	r7, [ip]
1000111a:	2601      	movs	r6, #1
1000111c:	2f00      	cmp	r7, #0
1000111e:	d1fa      	bne.n	10001116 <alarm_pool_add_alarm_at_force_in_context+0x82>
10001120:	e8cc 6f47 	strexb	r7, r6, [ip]
10001124:	2f00      	cmp	r7, #0
10001126:	d1f6      	bne.n	10001116 <alarm_pool_add_alarm_at_force_in_context+0x82>
10001128:	f3bf 8f5f 	dmb	sy
1000112c:	f8b3 c004 	ldrh.w	ip, [r3, #4]
10001130:	f82e c032 	strh.w	ip, [lr, r2, lsl #3]
10001134:	8099      	strh	r1, [r3, #4]
10001136:	691a      	ldr	r2, [r3, #16]
10001138:	e8c2 4f8f 	stlb	r4, [r2]
1000113c:	f385 8810 	msr	PRIMASK, r5
10001140:	2101      	movs	r1, #1
10001142:	781c      	ldrb	r4, [r3, #0]
10001144:	68da      	ldr	r2, [r3, #12]
10001146:	40a1      	lsls	r1, r4
10001148:	f502 5301 	add.w	r3, r2, #8256	@ 0x2040
1000114c:	6059      	str	r1, [r3, #4]
1000114e:	bdf0      	pop	{r4, r5, r6, r7, pc}
10001150:	2300      	movs	r3, #0
10001152:	e8c5 3f8f 	stlb	r3, [r5]
10001156:	f380 8810 	msr	PRIMASK, r0
1000115a:	f04f 30ff 	mov.w	r0, #4294967295
1000115e:	bdf0      	pop	{r4, r5, r6, r7, pc}

10001160 <alarm_pool_cancel_alarm>:
10001160:	4603      	mov	r3, r0
10001162:	8940      	ldrh	r0, [r0, #10]
10001164:	ebb0 4f21 	cmp.w	r0, r1, asr #16
10001168:	dd3a      	ble.n	100011e0 <alarm_pool_cancel_alarm+0x80>
1000116a:	6958      	ldr	r0, [r3, #20]
1000116c:	140a      	asrs	r2, r1, #16
1000116e:	eb02 0242 	add.w	r2, r2, r2, lsl #1
10001172:	b510      	push	{r4, lr}
10001174:	f8d3 c010 	ldr.w	ip, [r3, #16]
10001178:	eb00 00c2 	add.w	r0, r0, r2, lsl #3
1000117c:	f3ef 8e10 	mrs	lr, PRIMASK
10001180:	b672      	cpsid	i
10001182:	e8dc 4fcf 	ldaexb	r4, [ip]
10001186:	2201      	movs	r2, #1
10001188:	2c00      	cmp	r4, #0
1000118a:	d1fa      	bne.n	10001182 <alarm_pool_cancel_alarm+0x22>
1000118c:	e8cc 2f44 	strexb	r4, r2, [ip]
10001190:	2c00      	cmp	r4, #0
10001192:	d1f6      	bne.n	10001182 <alarm_pool_cancel_alarm+0x22>
10001194:	f3bf 8f5f 	dmb	sy
10001198:	8842      	ldrh	r2, [r0, #2]
1000119a:	b289      	uxth	r1, r1
1000119c:	b292      	uxth	r2, r2
1000119e:	428a      	cmp	r2, r1
100011a0:	d007      	beq.n	100011b2 <alarm_pool_cancel_alarm+0x52>
100011a2:	2200      	movs	r2, #0
100011a4:	691b      	ldr	r3, [r3, #16]
100011a6:	e8c3 2f8f 	stlb	r2, [r3]
100011aa:	f38e 8810 	msr	PRIMASK, lr
100011ae:	2000      	movs	r0, #0
100011b0:	bd10      	pop	{r4, pc}
100011b2:	ea6f 4242 	mvn.w	r2, r2, lsl #17
100011b6:	ea6f 4252 	mvn.w	r2, r2, lsr #17
100011ba:	8042      	strh	r2, [r0, #2]
100011bc:	2101      	movs	r1, #1
100011be:	2200      	movs	r2, #0
100011c0:	6918      	ldr	r0, [r3, #16]
100011c2:	7199      	strb	r1, [r3, #6]
100011c4:	e8c0 2f8f 	stlb	r2, [r0]
100011c8:	f38e 8810 	msr	PRIMASK, lr
100011cc:	f893 c000 	ldrb.w	ip, [r3]
100011d0:	68da      	ldr	r2, [r3, #12]
100011d2:	4608      	mov	r0, r1
100011d4:	f502 5301 	add.w	r3, r2, #8256	@ 0x2040
100011d8:	fa01 f10c 	lsl.w	r1, r1, ip
100011dc:	6059      	str	r1, [r3, #4]
100011de:	bd10      	pop	{r4, pc}
100011e0:	2000      	movs	r0, #0
100011e2:	4770      	bx	lr

100011e4 <alarm_pool_core_num>:
100011e4:	7840      	ldrb	r0, [r0, #1]
100011e6:	4770      	bx	lr

100011e8 <sleep_ms>:
100011e8:	e92d 43f0 	stmdb	sp!, {r4, r5, r6, r7, r8, r9, lr}
100011ec:	b083      	sub	sp, #12
100011ee:	4606      	mov	r6, r0
100011f0:	f000 f926 	bl	10001440 <time_us_64>
100011f4:	f44f 737a 	mov.w	r3, #1000	@ 0x3e8
100011f8:	4604      	mov	r4, r0
100011fa:	f04f 30ff 	mov.w	r0, #4294967295
100011fe:	f06f 4200 	mvn.w	r2, #2147483648	@ 0x80000000
10001202:	fbe6 4103 	umlal	r4, r1, r6, r3
10001206:	42a0      	cmp	r0, r4
10001208:	eb72 0301 	sbcs.w	r3, r2, r1
1000120c:	bf3a      	itte	cc
1000120e:	4604      	movcc	r4, r0
10001210:	4615      	movcc	r5, r2
10001212:	460d      	movcs	r5, r1
10001214:	1fa6      	subs	r6, r4, #6
10001216:	f145 37ff 	adc.w	r7, r5, #4294967295
1000121a:	42b4      	cmp	r4, r6
1000121c:	eb75 0307 	sbcs.w	r3, r5, r7
10001220:	bf3c      	itt	cc
10001222:	2600      	movcc	r6, #0
10001224:	4637      	movcc	r7, r6
10001226:	f000 f90b 	bl	10001440 <time_us_64>
1000122a:	1a30      	subs	r0, r6, r0
1000122c:	eb67 0101 	sbc.w	r1, r7, r1
10001230:	2801      	cmp	r0, #1
10001232:	f171 0100 	sbcs.w	r1, r1, #0
10001236:	da06      	bge.n	10001246 <sleep_ms+0x5e>
10001238:	4620      	mov	r0, r4
1000123a:	4629      	mov	r1, r5
1000123c:	b003      	add	sp, #12
1000123e:	e8bd 43f0 	ldmia.w	sp!, {r4, r5, r6, r7, r8, r9, lr}
10001242:	f000 b937 	b.w	100014b4 <busy_wait_until>
10001246:	f000 f8fb 	bl	10001440 <time_us_64>
1000124a:	4286      	cmp	r6, r0
1000124c:	eb67 0101 	sbc.w	r1, r7, r1
10001250:	2900      	cmp	r1, #0
10001252:	db0a      	blt.n	1000126a <sleep_ms+0x82>
10001254:	2100      	movs	r1, #0
10001256:	4b1d      	ldr	r3, [pc, #116]	@ (100012cc <sleep_ms+0xe4>)
10001258:	4632      	mov	r2, r6
1000125a:	9300      	str	r3, [sp, #0]
1000125c:	481c      	ldr	r0, [pc, #112]	@ (100012d0 <sleep_ms+0xe8>)
1000125e:	463b      	mov	r3, r7
10001260:	9101      	str	r1, [sp, #4]
10001262:	f7ff ff17 	bl	10001094 <alarm_pool_add_alarm_at_force_in_context>
10001266:	3001      	adds	r0, #1
10001268:	d0e6      	beq.n	10001238 <sleep_ms+0x50>
1000126a:	f04f 0e00 	mov.w	lr, #0
1000126e:	4a19      	ldr	r2, [pc, #100]	@ (100012d4 <sleep_ms+0xec>)
10001270:	f8df c068 	ldr.w	ip, [pc, #104]	@ 100012dc <sleep_ms+0xf4>
10001274:	4918      	ldr	r1, [pc, #96]	@ (100012d8 <sleep_ms+0xf0>)
10001276:	6a53      	ldr	r3, [r2, #36]	@ 0x24
10001278:	429f      	cmp	r7, r3
1000127a:	d804      	bhi.n	10001286 <sleep_ms+0x9e>
1000127c:	6a90      	ldr	r0, [r2, #40]	@ 0x28
1000127e:	42b0      	cmp	r0, r6
10001280:	d2da      	bcs.n	10001238 <sleep_ms+0x50>
10001282:	429f      	cmp	r7, r3
10001284:	d1d8      	bne.n	10001238 <sleep_ms+0x50>
10001286:	f8dc 3000 	ldr.w	r3, [ip]
1000128a:	f3ef 8010 	mrs	r0, PRIMASK
1000128e:	b672      	cpsid	i
10001290:	e8d3 9fcf 	ldaexb	r9, [r3]
10001294:	f05f 0801 	movs.w	r8, #1
10001298:	f1b9 0f00 	cmp.w	r9, #0
1000129c:	d1f8      	bne.n	10001290 <sleep_ms+0xa8>
1000129e:	e8c3 8f49 	strexb	r9, r8, [r3]
100012a2:	f1b9 0f00 	cmp.w	r9, #0
100012a6:	d1f3      	bne.n	10001290 <sleep_ms+0xa8>
100012a8:	f3bf 8f5f 	dmb	sy
100012ac:	780b      	ldrb	r3, [r1, #0]
100012ae:	fa5f f883 	uxtb.w	r8, r3
100012b2:	f8dc 3000 	ldr.w	r3, [ip]
100012b6:	e8c3 ef8f 	stlb	lr, [r3]
100012ba:	f380 8810 	msr	PRIMASK, r0
100012be:	7808      	ldrb	r0, [r1, #0]
100012c0:	4580      	cmp	r8, r0
100012c2:	d100      	bne.n	100012c6 <sleep_ms+0xde>
100012c4:	bf20      	wfe
100012c6:	bf20      	wfe
100012c8:	e7d5      	b.n	10001276 <sleep_ms+0x8e>
100012ca:	bf00      	nop
100012cc:	10000b69 	.word	0x10000b69
100012d0:	20001330 	.word	0x20001330
100012d4:	400b0000 	.word	0x400b0000
100012d8:	20002486 	.word	0x20002486
100012dc:	2000245c 	.word	0x2000245c

100012e0 <best_effort_wfe_or_timeout>:
100012e0:	b5f0      	push	{r4, r5, r6, r7, lr}
100012e2:	4602      	mov	r2, r0
100012e4:	b085      	sub	sp, #20
100012e6:	f3ef 8505 	mrs	r5, IPSR
100012ea:	b2ed      	uxtb	r5, r5
100012ec:	2d00      	cmp	r5, #0
100012ee:	d161      	bne.n	100013b4 <best_effort_wfe_or_timeout+0xd4>
100012f0:	460b      	mov	r3, r1
100012f2:	4c42      	ldr	r4, [pc, #264]	@ (100013fc <best_effort_wfe_or_timeout+0x11c>)
100012f4:	e9d4 0100 	ldrd	r0, r1, [r4]
100012f8:	4299      	cmp	r1, r3
100012fa:	bf08      	it	eq
100012fc:	4290      	cmpeq	r0, r2
100012fe:	d04a      	beq.n	10001396 <best_effort_wfe_or_timeout+0xb6>
10001300:	e9cd 2302 	strd	r2, r3, [sp, #8]
10001304:	4b3e      	ldr	r3, [pc, #248]	@ (10001400 <best_effort_wfe_or_timeout+0x120>)
10001306:	68df      	ldr	r7, [r3, #12]
10001308:	781e      	ldrb	r6, [r3, #0]
1000130a:	4638      	mov	r0, r7
1000130c:	f000 f890 	bl	10001430 <timer_time_us_64>
10001310:	f106 0c04 	add.w	ip, r6, #4
10001314:	f857 c02c 	ldr.w	ip, [r7, ip, lsl #2]
10001318:	9a02      	ldr	r2, [sp, #8]
1000131a:	9b03      	ldr	r3, [sp, #12]
1000131c:	ebac 0c00 	sub.w	ip, ip, r0
10001320:	1a10      	subs	r0, r2, r0
10001322:	eb63 0101 	sbc.w	r1, r3, r1
10001326:	4560      	cmp	r0, ip
10001328:	f171 0100 	sbcs.w	r1, r1, #0
1000132c:	da33      	bge.n	10001396 <best_effort_wfe_or_timeout+0xb6>
1000132e:	e9cd 2302 	strd	r2, r3, [sp, #8]
10001332:	f000 f885 	bl	10001440 <time_us_64>
10001336:	9a02      	ldr	r2, [sp, #8]
10001338:	9b03      	ldr	r3, [sp, #12]
1000133a:	4282      	cmp	r2, r0
1000133c:	eb63 0101 	sbc.w	r1, r3, r1
10001340:	2900      	cmp	r1, #0
10001342:	db49      	blt.n	100013d8 <best_effort_wfe_or_timeout+0xf8>
10001344:	492f      	ldr	r1, [pc, #188]	@ (10001404 <best_effort_wfe_or_timeout+0x124>)
10001346:	482e      	ldr	r0, [pc, #184]	@ (10001400 <best_effort_wfe_or_timeout+0x120>)
10001348:	9100      	str	r1, [sp, #0]
1000134a:	9501      	str	r5, [sp, #4]
1000134c:	e9cd 3202 	strd	r3, r2, [sp, #8]
10001350:	f7ff fea0 	bl	10001094 <alarm_pool_add_alarm_at_force_in_context>
10001354:	e9dd 3202 	ldrd	r3, r2, [sp, #8]
10001358:	1e01      	subs	r1, r0, #0
1000135a:	dd3d      	ble.n	100013d8 <best_effort_wfe_or_timeout+0xf8>
1000135c:	482a      	ldr	r0, [pc, #168]	@ (10001408 <best_effort_wfe_or_timeout+0x128>)
1000135e:	e9c4 2300 	strd	r2, r3, [r4]
10001362:	6a44      	ldr	r4, [r0, #36]	@ 0x24
10001364:	429c      	cmp	r4, r3
10001366:	d346      	bcc.n	100013f6 <best_effort_wfe_or_timeout+0x116>
10001368:	6a80      	ldr	r0, [r0, #40]	@ 0x28
1000136a:	4290      	cmp	r0, r2
1000136c:	d341      	bcc.n	100013f2 <best_effort_wfe_or_timeout+0x112>
1000136e:	4824      	ldr	r0, [pc, #144]	@ (10001400 <best_effort_wfe_or_timeout+0x120>)
10001370:	e9cd 3202 	strd	r3, r2, [sp, #8]
10001374:	f7ff fef4 	bl	10001160 <alarm_pool_cancel_alarm>
10001378:	4923      	ldr	r1, [pc, #140]	@ (10001408 <best_effort_wfe_or_timeout+0x128>)
1000137a:	9b02      	ldr	r3, [sp, #8]
1000137c:	6a48      	ldr	r0, [r1, #36]	@ 0x24
1000137e:	4298      	cmp	r0, r3
10001380:	d31c      	bcc.n	100013bc <best_effort_wfe_or_timeout+0xdc>
10001382:	bf14      	ite	ne
10001384:	2001      	movne	r0, #1
10001386:	2000      	moveq	r0, #0
10001388:	6a8b      	ldr	r3, [r1, #40]	@ 0x28
1000138a:	9a03      	ldr	r2, [sp, #12]
1000138c:	4293      	cmp	r3, r2
1000138e:	bf28      	it	cs
10001390:	f040 0001 	orrcs.w	r0, r0, #1
10001394:	e00c      	b.n	100013b0 <best_effort_wfe_or_timeout+0xd0>
10001396:	bf20      	wfe
10001398:	491b      	ldr	r1, [pc, #108]	@ (10001408 <best_effort_wfe_or_timeout+0x128>)
1000139a:	6a48      	ldr	r0, [r1, #36]	@ 0x24
1000139c:	4298      	cmp	r0, r3
1000139e:	d30d      	bcc.n	100013bc <best_effort_wfe_or_timeout+0xdc>
100013a0:	bf14      	ite	ne
100013a2:	2001      	movne	r0, #1
100013a4:	2000      	moveq	r0, #0
100013a6:	6a8b      	ldr	r3, [r1, #40]	@ 0x28
100013a8:	4293      	cmp	r3, r2
100013aa:	bf28      	it	cs
100013ac:	f040 0001 	orrcs.w	r0, r0, #1
100013b0:	b005      	add	sp, #20
100013b2:	bdf0      	pop	{r4, r5, r6, r7, pc}
100013b4:	4814      	ldr	r0, [pc, #80]	@ (10001408 <best_effort_wfe_or_timeout+0x128>)
100013b6:	6a43      	ldr	r3, [r0, #36]	@ 0x24
100013b8:	428b      	cmp	r3, r1
100013ba:	d202      	bcs.n	100013c2 <best_effort_wfe_or_timeout+0xe2>
100013bc:	2000      	movs	r0, #0
100013be:	b005      	add	sp, #20
100013c0:	bdf0      	pop	{r4, r5, r6, r7, pc}
100013c2:	bf14      	ite	ne
100013c4:	2301      	movne	r3, #1
100013c6:	2300      	moveq	r3, #0
100013c8:	6a81      	ldr	r1, [r0, #40]	@ 0x28
100013ca:	4291      	cmp	r1, r2
100013cc:	bf34      	ite	cc
100013ce:	4618      	movcc	r0, r3
100013d0:	f043 0001 	orrcs.w	r0, r3, #1
100013d4:	b005      	add	sp, #20
100013d6:	bdf0      	pop	{r4, r5, r6, r7, pc}
100013d8:	490b      	ldr	r1, [pc, #44]	@ (10001408 <best_effort_wfe_or_timeout+0x128>)
100013da:	6a48      	ldr	r0, [r1, #36]	@ 0x24
100013dc:	4298      	cmp	r0, r3
100013de:	d3ed      	bcc.n	100013bc <best_effort_wfe_or_timeout+0xdc>
100013e0:	1ac0      	subs	r0, r0, r3
100013e2:	bf18      	it	ne
100013e4:	2001      	movne	r0, #1
100013e6:	6a8b      	ldr	r3, [r1, #40]	@ 0x28
100013e8:	4293      	cmp	r3, r2
100013ea:	bf28      	it	cs
100013ec:	f040 0001 	orrcs.w	r0, r0, #1
100013f0:	e7de      	b.n	100013b0 <best_effort_wfe_or_timeout+0xd0>
100013f2:	429c      	cmp	r4, r3
100013f4:	d1bb      	bne.n	1000136e <best_effort_wfe_or_timeout+0x8e>
100013f6:	bf20      	wfe
100013f8:	e7b9      	b.n	1000136e <best_effort_wfe_or_timeout+0x8e>
100013fa:	bf00      	nop
100013fc:	20001328 	.word	0x20001328
10001400:	20001330 	.word	0x20001330
10001404:	10000b69 	.word	0x10000b69
10001408:	400b0000 	.word	0x400b0000

1000140c <timer_hardware_alarm_claim>:
1000140c:	b410      	push	{r4}
1000140e:	4b05      	ldr	r3, [pc, #20]	@ (10001424 <timer_hardware_alarm_claim+0x18>)
10001410:	4c05      	ldr	r4, [pc, #20]	@ (10001428 <timer_hardware_alarm_claim+0x1c>)
10001412:	4a06      	ldr	r2, [pc, #24]	@ (1000142c <timer_hardware_alarm_claim+0x20>)
10001414:	42a0      	cmp	r0, r4
10001416:	bf14      	ite	ne
10001418:	4618      	movne	r0, r3
1000141a:	1c58      	addeq	r0, r3, #1
1000141c:	bc10      	pop	{r4}
1000141e:	f7fe bfd5 	b.w	100003cc <hw_claim_or_assert>
10001422:	bf00      	nop
10001424:	20001fb8 	.word	0x20001fb8
10001428:	400b8000 	.word	0x400b8000
1000142c:	10006b70 	.word	0x10006b70

10001430 <timer_time_us_64>:
10001430:	4603      	mov	r3, r0
10001432:	6a41      	ldr	r1, [r0, #36]	@ 0x24
10001434:	460a      	mov	r2, r1
10001436:	6a98      	ldr	r0, [r3, #40]	@ 0x28
10001438:	6a59      	ldr	r1, [r3, #36]	@ 0x24
1000143a:	428a      	cmp	r2, r1
1000143c:	d1fa      	bne.n	10001434 <timer_time_us_64+0x4>
1000143e:	4770      	bx	lr

10001440 <time_us_64>:
10001440:	4b03      	ldr	r3, [pc, #12]	@ (10001450 <time_us_64+0x10>)
10001442:	6a59      	ldr	r1, [r3, #36]	@ 0x24
10001444:	460a      	mov	r2, r1
10001446:	6a98      	ldr	r0, [r3, #40]	@ 0x28
10001448:	6a59      	ldr	r1, [r3, #36]	@ 0x24
1000144a:	4291      	cmp	r1, r2
1000144c:	d1fa      	bne.n	10001444 <time_us_64+0x4>
1000144e:	4770      	bx	lr
10001450:	400b0000 	.word	0x400b0000

10001454 <busy_wait_us>:
10001454:	b500      	push	{lr}
10001456:	468e      	mov	lr, r1
10001458:	4a15      	ldr	r2, [pc, #84]	@ (100014b0 <busy_wait_us+0x5c>)
1000145a:	6a53      	ldr	r3, [r2, #36]	@ 0x24
1000145c:	469c      	mov	ip, r3
1000145e:	6a91      	ldr	r1, [r2, #40]	@ 0x28
10001460:	6a53      	ldr	r3, [r2, #36]	@ 0x24
10001462:	4563      	cmp	r3, ip
10001464:	d1fa      	bne.n	1000145c <busy_wait_us+0x8>
10001466:	1840      	adds	r0, r0, r1
10001468:	eb53 030e 	adcs.w	r3, r3, lr
1000146c:	f04f 0200 	mov.w	r2, #0
10001470:	bf28      	it	cs
10001472:	2201      	movcs	r2, #1
10001474:	b1ba      	cbz	r2, 100014a6 <busy_wait_us+0x52>
10001476:	4b0e      	ldr	r3, [pc, #56]	@ (100014b0 <busy_wait_us+0x5c>)
10001478:	6a5a      	ldr	r2, [r3, #36]	@ 0x24
1000147a:	1c53      	adds	r3, r2, #1
1000147c:	bf08      	it	eq
1000147e:	4610      	moveq	r0, r2
10001480:	d008      	beq.n	10001494 <busy_wait_us+0x40>
10001482:	f04f 33ff 	mov.w	r3, #4294967295
10001486:	4618      	mov	r0, r3
10001488:	4909      	ldr	r1, [pc, #36]	@ (100014b0 <busy_wait_us+0x5c>)
1000148a:	6a4a      	ldr	r2, [r1, #36]	@ 0x24
1000148c:	429a      	cmp	r2, r3
1000148e:	d3fc      	bcc.n	1000148a <busy_wait_us+0x36>
10001490:	429a      	cmp	r2, r3
10001492:	d107      	bne.n	100014a4 <busy_wait_us+0x50>
10001494:	4b06      	ldr	r3, [pc, #24]	@ (100014b0 <busy_wait_us+0x5c>)
10001496:	e002      	b.n	1000149e <busy_wait_us+0x4a>
10001498:	6a59      	ldr	r1, [r3, #36]	@ 0x24
1000149a:	4291      	cmp	r1, r2
1000149c:	d102      	bne.n	100014a4 <busy_wait_us+0x50>
1000149e:	6a99      	ldr	r1, [r3, #40]	@ 0x28
100014a0:	4281      	cmp	r1, r0
100014a2:	d3f9      	bcc.n	10001498 <busy_wait_us+0x44>
100014a4:	bd00      	pop	{pc}
100014a6:	4a02      	ldr	r2, [pc, #8]	@ (100014b0 <busy_wait_us+0x5c>)
100014a8:	6a52      	ldr	r2, [r2, #36]	@ 0x24
100014aa:	4293      	cmp	r3, r2
100014ac:	d8ec      	bhi.n	10001488 <busy_wait_us+0x34>
100014ae:	e7ef      	b.n	10001490 <busy_wait_us+0x3c>
100014b0:	400b0000 	.word	0x400b0000

100014b4 <busy_wait_until>:
100014b4:	4a07      	ldr	r2, [pc, #28]	@ (100014d4 <busy_wait_until+0x20>)
100014b6:	6a53      	ldr	r3, [r2, #36]	@ 0x24
100014b8:	4299      	cmp	r1, r3
100014ba:	d8fc      	bhi.n	100014b6 <busy_wait_until+0x2>
100014bc:	4299      	cmp	r1, r3
100014be:	d107      	bne.n	100014d0 <busy_wait_until+0x1c>
100014c0:	4b04      	ldr	r3, [pc, #16]	@ (100014d4 <busy_wait_until+0x20>)
100014c2:	e002      	b.n	100014ca <busy_wait_until+0x16>
100014c4:	6a5a      	ldr	r2, [r3, #36]	@ 0x24
100014c6:	4291      	cmp	r1, r2
100014c8:	d102      	bne.n	100014d0 <busy_wait_until+0x1c>
100014ca:	6a9a      	ldr	r2, [r3, #40]	@ 0x28
100014cc:	4290      	cmp	r0, r2
100014ce:	d8f9      	bhi.n	100014c4 <busy_wait_until+0x10>
100014d0:	4770      	bx	lr
100014d2:	bf00      	nop
100014d4:	400b0000 	.word	0x400b0000

100014d8 <uart_init>:
100014d8:	b570      	push	{r4, r5, r6, lr}
100014da:	4604      	mov	r4, r0
100014dc:	b082      	sub	sp, #8
100014de:	2006      	movs	r0, #6
100014e0:	460e      	mov	r6, r1
100014e2:	f000 f8ef 	bl	100016c4 <clock_get_hz>
100014e6:	2800      	cmp	r0, #0
100014e8:	d044      	beq.n	10001574 <uart_init+0x9c>
100014ea:	4a38      	ldr	r2, [pc, #224]	@ (100015cc <uart_init+0xf4>)
100014ec:	4838      	ldr	r0, [pc, #224]	@ (100015d0 <uart_init+0xf8>)
100014ee:	4294      	cmp	r4, r2
100014f0:	bf14      	ite	ne
100014f2:	f04f 6280 	movne.w	r2, #67108864	@ 0x4000000
100014f6:	f04f 6200 	moveq.w	r2, #134217728	@ 0x8000000
100014fa:	4b36      	ldr	r3, [pc, #216]	@ (100015d4 <uart_init+0xfc>)
100014fc:	4936      	ldr	r1, [pc, #216]	@ (100015d8 <uart_init+0x100>)
100014fe:	6002      	str	r2, [r0, #0]
10001500:	601a      	str	r2, [r3, #0]
10001502:	688d      	ldr	r5, [r1, #8]
10001504:	ea32 0505 	bics.w	r5, r2, r5
10001508:	d1fb      	bne.n	10001502 <uart_init+0x2a>
1000150a:	4a30      	ldr	r2, [pc, #192]	@ (100015cc <uart_init+0xf4>)
1000150c:	f44f 7080 	mov.w	r0, #256	@ 0x100
10001510:	1aa2      	subs	r2, r4, r2
10001512:	fab2 f282 	clz	r2, r2
10001516:	4931      	ldr	r1, [pc, #196]	@ (100015dc <uart_init+0x104>)
10001518:	0952      	lsrs	r2, r2, #5
1000151a:	f821 0012 	strh.w	r0, [r1, r2, lsl #1]
1000151e:	2006      	movs	r0, #6
10001520:	f000 f8d0 	bl	100016c4 <clock_get_hz>
10001524:	00c2      	lsls	r2, r0, #3
10001526:	fbb2 f2f6 	udiv	r2, r2, r6
1000152a:	3201      	adds	r2, #1
1000152c:	09d1      	lsrs	r1, r2, #7
1000152e:	d123      	bne.n	10001578 <uart_init+0xa0>
10001530:	2640      	movs	r6, #64	@ 0x40
10001532:	2301      	movs	r3, #1
10001534:	6263      	str	r3, [r4, #36]	@ 0x24
10001536:	62a1      	str	r1, [r4, #40]	@ 0x28
10001538:	6b25      	ldr	r5, [r4, #48]	@ 0x30
1000153a:	07eb      	lsls	r3, r5, #31
1000153c:	d425      	bmi.n	1000158a <uart_init+0xb2>
1000153e:	4623      	mov	r3, r4
10001540:	2100      	movs	r1, #0
10001542:	f853 2f2c 	ldr.w	r2, [r3, #44]!
10001546:	2006      	movs	r0, #6
10001548:	f503 5280 	add.w	r2, r3, #4096	@ 0x1000
1000154c:	6011      	str	r1, [r2, #0]
1000154e:	6325      	str	r5, [r4, #48]	@ 0x30
10001550:	9201      	str	r2, [sp, #4]
10001552:	f000 f8b7 	bl	100016c4 <clock_get_hz>
10001556:	f240 3501 	movw	r5, #769	@ 0x301
1000155a:	2103      	movs	r1, #3
1000155c:	0080      	lsls	r0, r0, #2
1000155e:	fbb0 f0f6 	udiv	r0, r0, r6
10001562:	6ae3      	ldr	r3, [r4, #44]	@ 0x2c
10001564:	9a01      	ldr	r2, [sp, #4]
10001566:	f083 0370 	eor.w	r3, r3, #112	@ 0x70
1000156a:	f003 037e 	and.w	r3, r3, #126	@ 0x7e
1000156e:	6013      	str	r3, [r2, #0]
10001570:	6325      	str	r5, [r4, #48]	@ 0x30
10001572:	64a1      	str	r1, [r4, #72]	@ 0x48
10001574:	b002      	add	sp, #8
10001576:	bd70      	pop	{r4, r5, r6, pc}
10001578:	f64f 70fe 	movw	r0, #65534	@ 0xfffe
1000157c:	4281      	cmp	r1, r0
1000157e:	d91d      	bls.n	100015bc <uart_init+0xe4>
10001580:	4629      	mov	r1, r5
10001582:	f64f 73ff 	movw	r3, #65535	@ 0xffff
10001586:	4e16      	ldr	r6, [pc, #88]	@ (100015e0 <uart_init+0x108>)
10001588:	e7d4      	b.n	10001534 <uart_init+0x5c>
1000158a:	f240 3201 	movw	r2, #769	@ 0x301
1000158e:	f504 5340 	add.w	r3, r4, #12288	@ 0x3000
10001592:	631a      	str	r2, [r3, #48]	@ 0x30
10001594:	6a63      	ldr	r3, [r4, #36]	@ 0x24
10001596:	6aa2      	ldr	r2, [r4, #40]	@ 0x28
10001598:	2006      	movs	r0, #6
1000159a:	eb02 1283 	add.w	r2, r2, r3, lsl #6
1000159e:	9201      	str	r2, [sp, #4]
100015a0:	f000 f890 	bl	100016c4 <clock_get_hz>
100015a4:	4b0f      	ldr	r3, [pc, #60]	@ (100015e4 <uart_init+0x10c>)
100015a6:	9a01      	ldr	r2, [sp, #4]
100015a8:	fba3 1300 	umull	r1, r3, r3, r0
100015ac:	0290      	lsls	r0, r2, #10
100015ae:	0adb      	lsrs	r3, r3, #11
100015b0:	fbb0 f0f3 	udiv	r0, r0, r3
100015b4:	2100      	movs	r1, #0
100015b6:	f7ff ff4d 	bl	10001454 <busy_wait_us>
100015ba:	e7c0      	b.n	1000153e <uart_init+0x66>
100015bc:	f3c2 0245 	ubfx	r2, r2, #1, #6
100015c0:	460b      	mov	r3, r1
100015c2:	eb02 1681 	add.w	r6, r2, r1, lsl #6
100015c6:	4611      	mov	r1, r2
100015c8:	e7b4      	b.n	10001534 <uart_init+0x5c>
100015ca:	bf00      	nop
100015cc:	40078000 	.word	0x40078000
100015d0:	40022000 	.word	0x40022000
100015d4:	40023000 	.word	0x40023000
100015d8:	40020000 	.word	0x40020000
100015dc:	20002468 	.word	0x20002468
100015e0:	003fffc0 	.word	0x003fffc0
100015e4:	8f2b7b75 	.word	0x8f2b7b75

100015e8 <clock_configure_undivided>:
100015e8:	eb00 0c40 	add.w	ip, r0, r0, lsl #1
100015ec:	ea4f 0c8c 	mov.w	ip, ip, lsl #2
100015f0:	f10c 4c80 	add.w	ip, ip, #1073741824	@ 0x40000000
100015f4:	f50c 3c80 	add.w	ip, ip, #65536	@ 0x10000
100015f8:	b570      	push	{r4, r5, r6, lr}
100015fa:	461e      	mov	r6, r3
100015fc:	f8dc 3004 	ldr.w	r3, [ip, #4]
10001600:	1f04      	subs	r4, r0, #4
10001602:	f5b3 3f80 	cmp.w	r3, #65536	@ 0x10000
10001606:	bf38      	it	cc
10001608:	f44f 3380 	movcc.w	r3, #65536	@ 0x10000
1000160c:	b2e4      	uxtb	r4, r4
1000160e:	bf38      	it	cc
10001610:	f8cc 3004 	strcc.w	r3, [ip, #4]
10001614:	2c01      	cmp	r4, #1
10001616:	d92e      	bls.n	10001676 <clock_configure_undivided+0x8e>
10001618:	f44f 6500 	mov.w	r5, #2048	@ 0x800
1000161c:	4b28      	ldr	r3, [pc, #160]	@ (100016c0 <clock_configure_undivided+0xd8>)
1000161e:	f50c 5e40 	add.w	lr, ip, #12288	@ 0x3000
10001622:	f8ce 5000 	str.w	r5, [lr]
10001626:	f853 e020 	ldr.w	lr, [r3, r0, lsl #2]
1000162a:	f1be 0f00 	cmp.w	lr, #0
1000162e:	d117      	bne.n	10001660 <clock_configure_undivided+0x78>
10001630:	f8dc e000 	ldr.w	lr, [ip]
10001634:	2c01      	cmp	r4, #1
10001636:	ea8e 1242 	eor.w	r2, lr, r2, lsl #5
1000163a:	f002 02e0 	and.w	r2, r2, #224	@ 0xe0
1000163e:	f50c 5e80 	add.w	lr, ip, #4096	@ 0x1000
10001642:	f8ce 2000 	str.w	r2, [lr]
10001646:	d92b      	bls.n	100016a0 <clock_configure_undivided+0xb8>
10001648:	f44f 6100 	mov.w	r1, #2048	@ 0x800
1000164c:	f843 6020 	str.w	r6, [r3, r0, lsl #2]
10001650:	f44f 3380 	mov.w	r3, #65536	@ 0x10000
10001654:	f50c 5200 	add.w	r2, ip, #8192	@ 0x2000
10001658:	6011      	str	r1, [r2, #0]
1000165a:	f8cc 3004 	str.w	r3, [ip, #4]
1000165e:	bd70      	pop	{r4, r5, r6, pc}
10001660:	695d      	ldr	r5, [r3, #20]
10001662:	fbb5 fefe 	udiv	lr, r5, lr
10001666:	f10e 0e01 	add.w	lr, lr, #1
1000166a:	eb0e 0e4e 	add.w	lr, lr, lr, lsl #1
1000166e:	f1be 0e03 	subs.w	lr, lr, #3
10001672:	d2fc      	bcs.n	1000166e <clock_configure_undivided+0x86>
10001674:	e7dc      	b.n	10001630 <clock_configure_undivided+0x48>
10001676:	2901      	cmp	r1, #1
10001678:	d1ce      	bne.n	10001618 <clock_configure_undivided+0x30>
1000167a:	2403      	movs	r4, #3
1000167c:	f50c 5340 	add.w	r3, ip, #12288	@ 0x3000
10001680:	601c      	str	r4, [r3, #0]
10001682:	f8dc 3008 	ldr.w	r3, [ip, #8]
10001686:	07db      	lsls	r3, r3, #31
10001688:	d5fb      	bpl.n	10001682 <clock_configure_undivided+0x9a>
1000168a:	f8dc 3000 	ldr.w	r3, [ip]
1000168e:	f50c 5e80 	add.w	lr, ip, #4096	@ 0x1000
10001692:	ea83 1342 	eor.w	r3, r3, r2, lsl #5
10001696:	f003 03e0 	and.w	r3, r3, #224	@ 0xe0
1000169a:	f8ce 3000 	str.w	r3, [lr]
1000169e:	4b08      	ldr	r3, [pc, #32]	@ (100016c0 <clock_configure_undivided+0xd8>)
100016a0:	2201      	movs	r2, #1
100016a2:	f8dc 4000 	ldr.w	r4, [ip]
100016a6:	404c      	eors	r4, r1
100016a8:	f004 0403 	and.w	r4, r4, #3
100016ac:	f8ce 4000 	str.w	r4, [lr]
100016b0:	fa02 f101 	lsl.w	r1, r2, r1
100016b4:	f8dc 2008 	ldr.w	r2, [ip, #8]
100016b8:	420a      	tst	r2, r1
100016ba:	d0fb      	beq.n	100016b4 <clock_configure_undivided+0xcc>
100016bc:	e7c4      	b.n	10001648 <clock_configure_undivided+0x60>
100016be:	bf00      	nop
100016c0:	20001fbc 	.word	0x20001fbc

100016c4 <clock_get_hz>:
100016c4:	4b01      	ldr	r3, [pc, #4]	@ (100016cc <clock_get_hz+0x8>)
100016c6:	f853 0020 	ldr.w	r0, [r3, r0, lsl #2]
100016ca:	4770      	bx	lr
100016cc:	20001fbc 	.word	0x20001fbc

100016d0 <pll_init>:
100016d0:	b510      	push	{r4, lr}
100016d2:	9c02      	ldr	r4, [sp, #8]
100016d4:	468e      	mov	lr, r1
100016d6:	ea4f 3c04 	mov.w	ip, r4, lsl #12
100016da:	ea4c 4c03 	orr.w	ip, ip, r3, lsl #16
100016de:	4b1c      	ldr	r3, [pc, #112]	@ (10001750 <pll_init+0x80>)
100016e0:	fbb3 f3f1 	udiv	r3, r3, r1
100016e4:	6801      	ldr	r1, [r0, #0]
100016e6:	fbb2 f4f3 	udiv	r4, r2, r3
100016ea:	2900      	cmp	r1, #0
100016ec:	db20      	blt.n	10001730 <pll_init+0x60>
100016ee:	4a19      	ldr	r2, [pc, #100]	@ (10001754 <pll_init+0x84>)
100016f0:	4b19      	ldr	r3, [pc, #100]	@ (10001758 <pll_init+0x88>)
100016f2:	4290      	cmp	r0, r2
100016f4:	bf14      	ite	ne
100016f6:	f44f 4280 	movne.w	r2, #16384	@ 0x4000
100016fa:	f44f 4200 	moveq.w	r2, #32768	@ 0x8000
100016fe:	4917      	ldr	r1, [pc, #92]	@ (1000175c <pll_init+0x8c>)
10001700:	601a      	str	r2, [r3, #0]
10001702:	f503 5380 	add.w	r3, r3, #4096	@ 0x1000
10001706:	601a      	str	r2, [r3, #0]
10001708:	688b      	ldr	r3, [r1, #8]
1000170a:	ea32 0303 	bics.w	r3, r2, r3
1000170e:	d1fb      	bne.n	10001708 <pll_init+0x38>
10001710:	2221      	movs	r2, #33	@ 0x21
10001712:	f500 5340 	add.w	r3, r0, #12288	@ 0x3000
10001716:	3304      	adds	r3, #4
10001718:	f8c0 e000 	str.w	lr, [r0]
1000171c:	6084      	str	r4, [r0, #8]
1000171e:	601a      	str	r2, [r3, #0]
10001720:	6802      	ldr	r2, [r0, #0]
10001722:	2a00      	cmp	r2, #0
10001724:	dafc      	bge.n	10001720 <pll_init+0x50>
10001726:	2208      	movs	r2, #8
10001728:	f8c0 c00c 	str.w	ip, [r0, #12]
1000172c:	601a      	str	r2, [r3, #0]
1000172e:	bd10      	pop	{r4, pc}
10001730:	6803      	ldr	r3, [r0, #0]
10001732:	f003 033f 	and.w	r3, r3, #63	@ 0x3f
10001736:	4573      	cmp	r3, lr
10001738:	d1d9      	bne.n	100016ee <pll_init+0x1e>
1000173a:	6883      	ldr	r3, [r0, #8]
1000173c:	f3c3 030b 	ubfx	r3, r3, #0, #12
10001740:	42a3      	cmp	r3, r4
10001742:	d1d4      	bne.n	100016ee <pll_init+0x1e>
10001744:	68c3      	ldr	r3, [r0, #12]
10001746:	f403 23ee 	and.w	r3, r3, #487424	@ 0x77000
1000174a:	4563      	cmp	r3, ip
1000174c:	d1cf      	bne.n	100016ee <pll_init+0x1e>
1000174e:	bd10      	pop	{r4, pc}
10001750:	00b71b00 	.word	0x00b71b00
10001754:	40058000 	.word	0x40058000
10001758:	40022000 	.word	0x40022000
1000175c:	40020000 	.word	0x40020000

10001760 <watchdog_reboot>:
10001760:	f04f 4c80 	mov.w	ip, #1073741824	@ 0x40000000
10001764:	4b21      	ldr	r3, [pc, #132]	@ (100017ec <watchdog_reboot+0x8c>)
10001766:	b500      	push	{lr}
10001768:	f8c3 c000 	str.w	ip, [r3]
1000176c:	2800      	cmp	r0, #0
1000176e:	d039      	beq.n	100017e4 <watchdog_reboot+0x84>
10001770:	f8df c088 	ldr.w	ip, [pc, #136]	@ 100017fc <watchdog_reboot+0x9c>
10001774:	f5a3 5340 	sub.w	r3, r3, #12288	@ 0x3000
10001778:	f8c3 c01c 	str.w	ip, [r3, #28]
1000177c:	f8df c080 	ldr.w	ip, [pc, #128]	@ 10001800 <watchdog_reboot+0xa0>
10001780:	f040 0001 	orr.w	r0, r0, #1
10001784:	ea80 0c0c 	eor.w	ip, r0, ip
10001788:	f8c3 c020 	str.w	ip, [r3, #32]
1000178c:	6259      	str	r1, [r3, #36]	@ 0x24
1000178e:	6298      	str	r0, [r3, #40]	@ 0x28
10001790:	f04f 4e80 	mov.w	lr, #1073741824	@ 0x40000000
10001794:	f04f 61e0 	mov.w	r1, #117440512	@ 0x7000000
10001798:	4b14      	ldr	r3, [pc, #80]	@ (100017ec <watchdog_reboot+0x8c>)
1000179a:	4815      	ldr	r0, [pc, #84]	@ (100017f0 <watchdog_reboot+0x90>)
1000179c:	f8df c064 	ldr.w	ip, [pc, #100]	@ 10001804 <watchdog_reboot+0xa4>
100017a0:	f8c3 e000 	str.w	lr, [r3]
100017a4:	f8c0 c008 	str.w	ip, [r0, #8]
100017a8:	6019      	str	r1, [r3, #0]
100017aa:	b92a      	cbnz	r2, 100017b8 <watchdog_reboot+0x58>
100017ac:	f04f 4200 	mov.w	r2, #2147483648	@ 0x80000000
100017b0:	f5a3 5380 	sub.w	r3, r3, #4096	@ 0x1000
100017b4:	601a      	str	r2, [r3, #0]
100017b6:	bd00      	pop	{pc}
100017b8:	f44f 737a 	mov.w	r3, #1000	@ 0x3e8
100017bc:	fb03 f202 	mul.w	r2, r3, r2
100017c0:	f1b2 7f80 	cmp.w	r2, #16777216	@ 0x1000000
100017c4:	bf2a      	itet	cs
100017c6:	f06f 437f 	mvncs.w	r3, #4278190080	@ 0xff000000
100017ca:	4613      	movcc	r3, r2
100017cc:	461a      	movcs	r2, r3
100017ce:	f04f 4180 	mov.w	r1, #1073741824	@ 0x40000000
100017d2:	f8df c034 	ldr.w	ip, [pc, #52]	@ 10001808 <watchdog_reboot+0xa8>
100017d6:	4807      	ldr	r0, [pc, #28]	@ (100017f4 <watchdog_reboot+0x94>)
100017d8:	f8cc 3000 	str.w	r3, [ip]
100017dc:	4b06      	ldr	r3, [pc, #24]	@ (100017f8 <watchdog_reboot+0x98>)
100017de:	6042      	str	r2, [r0, #4]
100017e0:	6019      	str	r1, [r3, #0]
100017e2:	bd00      	pop	{pc}
100017e4:	4b03      	ldr	r3, [pc, #12]	@ (100017f4 <watchdog_reboot+0x94>)
100017e6:	61d8      	str	r0, [r3, #28]
100017e8:	e7d2      	b.n	10001790 <watchdog_reboot+0x30>
100017ea:	bf00      	nop
100017ec:	400db000 	.word	0x400db000
100017f0:	4001a000 	.word	0x4001a000
100017f4:	400d8000 	.word	0x400d8000
100017f8:	400da000 	.word	0x400da000
100017fc:	b007c0d3 	.word	0xb007c0d3
10001800:	4ff83f2d 	.word	0x4ff83f2d
10001804:	01fffff3 	.word	0x01fffff3
10001808:	20002424 	.word	0x20002424

1000180c <tick_start>:
1000180c:	2301      	movs	r3, #1
1000180e:	eb00 0040 	add.w	r0, r0, r0, lsl #1
10001812:	0080      	lsls	r0, r0, #2
10001814:	f100 4080 	add.w	r0, r0, #1073741824	@ 0x40000000
10001818:	f500 1084 	add.w	r0, r0, #1081344	@ 0x108000
1000181c:	6041      	str	r1, [r0, #4]
1000181e:	6003      	str	r3, [r0, #0]
10001820:	4770      	bx	lr
10001822:	bf00      	nop

10001824 <rom_reboot.constprop.0.isra.0>:
10001824:	f04f 0c00 	mov.w	ip, #0
10001828:	b530      	push	{r4, r5, lr}
1000182a:	4613      	mov	r3, r2
1000182c:	b083      	sub	sp, #12
1000182e:	4604      	mov	r4, r0
10001830:	460d      	mov	r5, r1
10001832:	f8bc 2016 	ldrh.w	r2, [ip, #22]
10001836:	2100      	movs	r1, #0
10001838:	e841 f100 	tt	r1, r1
1000183c:	9301      	str	r3, [sp, #4]
1000183e:	024b      	lsls	r3, r1, #9
10001840:	bf54      	ite	pl
10001842:	2110      	movpl	r1, #16
10001844:	2104      	movmi	r1, #4
10001846:	f244 2052 	movw	r0, #16978	@ 0x4252
1000184a:	4790      	blx	r2
1000184c:	4686      	mov	lr, r0
1000184e:	462a      	mov	r2, r5
10001850:	210a      	movs	r1, #10
10001852:	4620      	mov	r0, r4
10001854:	46f4      	mov	ip, lr
10001856:	9b01      	ldr	r3, [sp, #4]
10001858:	b003      	add	sp, #12
1000185a:	e8bd 4030 	ldmia.w	sp!, {r4, r5, lr}
1000185e:	4760      	bx	ip

10001860 <rom_func_lookup>:
10001860:	2300      	movs	r3, #0
10001862:	8adb      	ldrh	r3, [r3, #22]
10001864:	2200      	movs	r2, #0
10001866:	e842 f200 	tt	r2, r2
1000186a:	0252      	lsls	r2, r2, #9
1000186c:	d401      	bmi.n	10001872 <rom_func_lookup+0x12>
1000186e:	2110      	movs	r1, #16
10001870:	4718      	bx	r3
10001872:	2104      	movs	r1, #4
10001874:	4718      	bx	r3
10001876:	bf00      	nop

10001878 <rom_reset_usb_boot>:
10001878:	4602      	mov	r2, r0
1000187a:	b508      	push	{r3, lr}
1000187c:	b168      	cbz	r0, 1000189a <rom_reset_usb_boot+0x22>
1000187e:	fa90 f2a0 	rbit	r2, r0
10001882:	fab2 f282 	clz	r2, r2
10001886:	f041 0120 	orr.w	r1, r1, #32
1000188a:	2300      	movs	r3, #0
1000188c:	7cdb      	ldrb	r3, [r3, #19]
1000188e:	2b02      	cmp	r3, #2
10001890:	d006      	beq.n	100018a0 <rom_reset_usb_boot+0x28>
10001892:	f44f 7081 	mov.w	r0, #258	@ 0x102
10001896:	f7ff ffc5 	bl	10001824 <rom_reboot.constprop.0.isra.0>
1000189a:	068b      	lsls	r3, r1, #26
1000189c:	d5f9      	bpl.n	10001892 <rom_reset_usb_boot+0x1a>
1000189e:	e7f4      	b.n	1000188a <rom_reset_usb_boot+0x12>
100018a0:	f44f 7091 	mov.w	r0, #290	@ 0x122
100018a4:	f7ff ffbe 	bl	10001824 <rom_reboot.constprop.0.isra.0>

100018a8 <rom_reset_usb_boot_extra>:
100018a8:	2800      	cmp	r0, #0
100018aa:	b508      	push	{r3, lr}
100018ac:	db0e      	blt.n	100018cc <rom_reset_usb_boot_extra+0x24>
100018ae:	b952      	cbnz	r2, 100018c6 <rom_reset_usb_boot_extra+0x1e>
100018b0:	f041 0120 	orr.w	r1, r1, #32
100018b4:	2300      	movs	r3, #0
100018b6:	7cdb      	ldrb	r3, [r3, #19]
100018b8:	2b02      	cmp	r3, #2
100018ba:	d00a      	beq.n	100018d2 <rom_reset_usb_boot_extra+0x2a>
100018bc:	4602      	mov	r2, r0
100018be:	f44f 7081 	mov.w	r0, #258	@ 0x102
100018c2:	f7ff ffaf 	bl	10001824 <rom_reboot.constprop.0.isra.0>
100018c6:	f041 0130 	orr.w	r1, r1, #48	@ 0x30
100018ca:	e7f3      	b.n	100018b4 <rom_reset_usb_boot_extra+0xc>
100018cc:	068b      	lsls	r3, r1, #26
100018ce:	d5f5      	bpl.n	100018bc <rom_reset_usb_boot_extra+0x14>
100018d0:	e7f0      	b.n	100018b4 <rom_reset_usb_boot_extra+0xc>
100018d2:	4602      	mov	r2, r0
100018d4:	f44f 7091 	mov.w	r0, #290	@ 0x122
100018d8:	f7ff ffa4 	bl	10001824 <rom_reboot.constprop.0.isra.0>

100018dc <runtime_init_bootrom_locking_enable>:
100018dc:	4a03      	ldr	r2, [pc, #12]	@ (100018ec <runtime_init_bootrom_locking_enable+0x10>)
100018de:	f8d2 3828 	ldr.w	r3, [r2, #2088]	@ 0x828
100018e2:	2b00      	cmp	r3, #0
100018e4:	d0fb      	beq.n	100018de <runtime_init_bootrom_locking_enable+0x2>
100018e6:	f3bf 8f5f 	dmb	sy
100018ea:	4770      	bx	lr
100018ec:	400e0000 	.word	0x400e0000

100018f0 <runtime_init_boot_locks_reset>:
100018f0:	2100      	movs	r1, #0
100018f2:	4b04      	ldr	r3, [pc, #16]	@ (10001904 <runtime_init_boot_locks_reset+0x14>)
100018f4:	4a04      	ldr	r2, [pc, #16]	@ (10001908 <runtime_init_boot_locks_reset+0x18>)
100018f6:	f3bf 8f5f 	dmb	sy
100018fa:	f843 1b04 	str.w	r1, [r3], #4
100018fe:	4293      	cmp	r3, r2
10001900:	d1f9      	bne.n	100018f6 <runtime_init_boot_locks_reset+0x6>
10001902:	4770      	bx	lr
10001904:	400e080c 	.word	0x400e080c
10001908:	400e082c 	.word	0x400e082c

1000190c <xosc_init>:
1000190c:	f44f 6c2a 	mov.w	ip, #2720	@ 0xaa0
10001910:	f44f 708d 	mov.w	r0, #282	@ 0x11a
10001914:	4a05      	ldr	r2, [pc, #20]	@ (1000192c <xosc_init+0x20>)
10001916:	4b06      	ldr	r3, [pc, #24]	@ (10001930 <xosc_init+0x24>)
10001918:	4906      	ldr	r1, [pc, #24]	@ (10001934 <xosc_init+0x28>)
1000191a:	f8c2 c000 	str.w	ip, [r2]
1000191e:	60d0      	str	r0, [r2, #12]
10001920:	6019      	str	r1, [r3, #0]
10001922:	6853      	ldr	r3, [r2, #4]
10001924:	2b00      	cmp	r3, #0
10001926:	dafc      	bge.n	10001922 <xosc_init+0x16>
10001928:	4770      	bx	lr
1000192a:	bf00      	nop
1000192c:	40048000 	.word	0x40048000
10001930:	4004a000 	.word	0x4004a000
10001934:	00fab000 	.word	0x00fab000

10001938 <first_per_core_initializer>:
10001938:	4770      	bx	lr
1000193a:	bf00      	nop

1000193c <hard_assertion_failure>:
1000193c:	b508      	push	{r3, lr}
1000193e:	4801      	ldr	r0, [pc, #4]	@ (10001944 <hard_assertion_failure+0x8>)
10001940:	f7fe fd2c 	bl	1000039c <panic>
10001944:	10006b94 	.word	0x10006b94

10001948 <runtime_run_initializers>:
10001948:	b538      	push	{r3, r4, r5, lr}
1000194a:	4c05      	ldr	r4, [pc, #20]	@ (10001960 <runtime_run_initializers+0x18>)
1000194c:	4d05      	ldr	r5, [pc, #20]	@ (10001964 <runtime_run_initializers+0x1c>)
1000194e:	42ac      	cmp	r4, r5
10001950:	d204      	bcs.n	1000195c <runtime_run_initializers+0x14>
10001952:	f854 3b04 	ldr.w	r3, [r4], #4
10001956:	4798      	blx	r3
10001958:	42ac      	cmp	r4, r5
1000195a:	d3fa      	bcc.n	10001952 <runtime_run_initializers+0xa>
1000195c:	bd38      	pop	{r3, r4, r5, pc}
1000195e:	bf00      	nop
10001960:	10006a00 	.word	0x10006a00
10001964:	10006a40 	.word	0x10006a40

10001968 <runtime_init_early_resets>:
10001968:	4806      	ldr	r0, [pc, #24]	@ (10001984 <runtime_init_early_resets+0x1c>)
1000196a:	f8df c028 	ldr.w	ip, [pc, #40]	@ 10001994 <runtime_init_early_resets+0x2c>
1000196e:	4b06      	ldr	r3, [pc, #24]	@ (10001988 <runtime_init_early_resets+0x20>)
10001970:	4a06      	ldr	r2, [pc, #24]	@ (1000198c <runtime_init_early_resets+0x24>)
10001972:	4907      	ldr	r1, [pc, #28]	@ (10001990 <runtime_init_early_resets+0x28>)
10001974:	f8c0 c000 	str.w	ip, [r0]
10001978:	601a      	str	r2, [r3, #0]
1000197a:	688b      	ldr	r3, [r1, #8]
1000197c:	ea32 0303 	bics.w	r3, r2, r3
10001980:	d1fb      	bne.n	1000197a <runtime_init_early_resets+0x12>
10001982:	4770      	bx	lr
10001984:	40022000 	.word	0x40022000
10001988:	40023000 	.word	0x40023000
1000198c:	03f3fff6 	.word	0x03f3fff6
10001990:	40020000 	.word	0x40020000
10001994:	efef3b7f 	.word	0xefef3b7f

10001998 <runtime_init_usb_power_down>:
10001998:	4b04      	ldr	r3, [pc, #16]	@ (100019ac <runtime_init_usb_power_down+0x14>)
1000199a:	6cdb      	ldr	r3, [r3, #76]	@ 0x4c
1000199c:	f5b3 4f00 	cmp.w	r3, #32768	@ 0x8000
100019a0:	d103      	bne.n	100019aa <runtime_init_usb_power_down+0x12>
100019a2:	f44f 2280 	mov.w	r2, #262144	@ 0x40000
100019a6:	4b02      	ldr	r3, [pc, #8]	@ (100019b0 <runtime_init_usb_power_down+0x18>)
100019a8:	64da      	str	r2, [r3, #76]	@ 0x4c
100019aa:	4770      	bx	lr
100019ac:	50110000 	.word	0x50110000
100019b0:	50112000 	.word	0x50112000

100019b4 <runtime_init_per_core_enable_coprocessors>:
100019b4:	f04f 22e0 	mov.w	r2, #3758153728	@ 0xe000e000
100019b8:	4b04      	ldr	r3, [pc, #16]	@ (100019cc <runtime_init_per_core_enable_coprocessors+0x18>)
100019ba:	f8d2 1d88 	ldr.w	r1, [r2, #3464]	@ 0xd88
100019be:	430b      	orrs	r3, r1
100019c0:	f8c2 3d88 	str.w	r3, [r2, #3464]	@ 0xd88
100019c4:	ee10 0430 			dcp_rcmp r0
100019c8:	4770      	bx	lr
100019ca:	bf00      	nop
100019cc:	00300303 	.word	0x00300303

100019d0 <runtime_init_post_clock_resets>:
100019d0:	f06f 4160 	mvn.w	r1, #3758096384	@ 0xe0000000
100019d4:	4b04      	ldr	r3, [pc, #16]	@ (100019e8 <runtime_init_post_clock_resets+0x18>)
100019d6:	4a05      	ldr	r2, [pc, #20]	@ (100019ec <runtime_init_post_clock_resets+0x1c>)
100019d8:	6019      	str	r1, [r3, #0]
100019da:	6893      	ldr	r3, [r2, #8]
100019dc:	43db      	mvns	r3, r3
100019de:	f033 4360 	bics.w	r3, r3, #3758096384	@ 0xe0000000
100019e2:	d1fa      	bne.n	100019da <runtime_init_post_clock_resets+0xa>
100019e4:	4770      	bx	lr
100019e6:	bf00      	nop
100019e8:	40023000 	.word	0x40023000
100019ec:	40020000 	.word	0x40020000

100019f0 <runtime_init_bootrom_reset>:
100019f0:	b510      	push	{r4, lr}
100019f2:	f245 2053 	movw	r0, #21075	@ 0x5253
100019f6:	f7ff ff33 	bl	10001860 <rom_func_lookup>
100019fa:	e8bd 4010 	ldmia.w	sp!, {r4, lr}
100019fe:	4603      	mov	r3, r0
10001a00:	2004      	movs	r0, #4
10001a02:	4718      	bx	r3

10001a04 <runtime_init_per_core_bootrom_reset>:
10001a04:	b510      	push	{r4, lr}
10001a06:	f245 2053 	movw	r0, #21075	@ 0x5253
10001a0a:	f7ff ff29 	bl	10001860 <rom_func_lookup>
10001a0e:	e8bd 4010 	ldmia.w	sp!, {r4, lr}
10001a12:	4603      	mov	r3, r0
10001a14:	2001      	movs	r0, #1
10001a16:	4718      	bx	r3

10001a18 <runtime_init_spin_locks_reset>:
10001a18:	f7fe bd6c 	b.w	100004f4 <spin_locks_reset>

10001a1c <runtime_init_install_ram_vector_table>:
10001a1c:	4913      	ldr	r1, [pc, #76]	@ (10001a6c <runtime_init_install_ram_vector_table+0x50>)
10001a1e:	4b14      	ldr	r3, [pc, #80]	@ (10001a70 <runtime_init_install_ram_vector_table+0x54>)
10001a20:	b570      	push	{r4, r5, r6, lr}
10001a22:	1a5c      	subs	r4, r3, r1
10001a24:	08a5      	lsrs	r5, r4, #2
10001a26:	2d44      	cmp	r5, #68	@ 0x44
10001a28:	462a      	mov	r2, r5
10001a2a:	bf28      	it	cs
10001a2c:	2244      	movcs	r2, #68	@ 0x44
10001a2e:	4e11      	ldr	r6, [pc, #68]	@ (10001a74 <runtime_init_install_ram_vector_table+0x58>)
10001a30:	0092      	lsls	r2, r2, #2
10001a32:	4630      	mov	r0, r6
10001a34:	f004 ffb8 	bl	100069a8 <__memcpy_veneer>
10001a38:	2d43      	cmp	r5, #67	@ 0x43
10001a3a:	d813      	bhi.n	10001a64 <runtime_init_install_ram_vector_table+0x48>
10001a3c:	4a0e      	ldr	r2, [pc, #56]	@ (10001a78 <runtime_init_install_ram_vector_table+0x5c>)
10001a3e:	d00f      	beq.n	10001a60 <runtime_init_install_ram_vector_table+0x44>
10001a40:	f1c5 0044 	rsb	r0, r5, #68	@ 0x44
10001a44:	1933      	adds	r3, r6, r4
10001a46:	0841      	lsrs	r1, r0, #1
10001a48:	eb03 01c1 	add.w	r1, r3, r1, lsl #3
10001a4c:	e9c3 2200 	strd	r2, r2, [r3]
10001a50:	3308      	adds	r3, #8
10001a52:	428b      	cmp	r3, r1
10001a54:	d1fa      	bne.n	10001a4c <runtime_init_install_ram_vector_table+0x30>
10001a56:	07c3      	lsls	r3, r0, #31
10001a58:	d504      	bpl.n	10001a64 <runtime_init_install_ram_vector_table+0x48>
10001a5a:	f020 0001 	bic.w	r0, r0, #1
10001a5e:	4405      	add	r5, r0
10001a60:	f846 2025 	str.w	r2, [r6, r5, lsl #2]
10001a64:	4b05      	ldr	r3, [pc, #20]	@ (10001a7c <runtime_init_install_ram_vector_table+0x60>)
10001a66:	609e      	str	r6, [r3, #8]
10001a68:	bd70      	pop	{r4, r5, r6, pc}
10001a6a:	bf00      	nop
10001a6c:	10000000 	.word	0x10000000
10001a70:	10000110 	.word	0x10000110
10001a74:	20000000 	.word	0x20000000
10001a78:	10000111 	.word	0x10000111
10001a7c:	e000ed00 	.word	0xe000ed00

10001a80 <runtime_init_clocks>:
10001a80:	2300      	movs	r3, #0
10001a82:	b570      	push	{r4, r5, r6, lr}
10001a84:	4c2b      	ldr	r4, [pc, #172]	@ (10001b34 <runtime_init_clocks+0xb4>)
10001a86:	b082      	sub	sp, #8
10001a88:	f8c4 3084 	str.w	r3, [r4, #132]	@ 0x84
10001a8c:	f7ff ff3e 	bl	1000190c <xosc_init>
10001a90:	2201      	movs	r2, #1
10001a92:	4b29      	ldr	r3, [pc, #164]	@ (10001b38 <runtime_init_clocks+0xb8>)
10001a94:	63da      	str	r2, [r3, #60]	@ 0x3c
10001a96:	6c63      	ldr	r3, [r4, #68]	@ 0x44
10001a98:	2b01      	cmp	r3, #1
10001a9a:	d1fc      	bne.n	10001a96 <runtime_init_clocks+0x16>
10001a9c:	2103      	movs	r1, #3
10001a9e:	4a26      	ldr	r2, [pc, #152]	@ (10001b38 <runtime_init_clocks+0xb8>)
10001aa0:	4b24      	ldr	r3, [pc, #144]	@ (10001b34 <runtime_init_clocks+0xb4>)
10001aa2:	6311      	str	r1, [r2, #48]	@ 0x30
10001aa4:	6b9c      	ldr	r4, [r3, #56]	@ 0x38
10001aa6:	2c01      	cmp	r4, #1
10001aa8:	d1fc      	bne.n	10001aa4 <runtime_init_clocks+0x24>
10001aaa:	2602      	movs	r6, #2
10001aac:	2505      	movs	r5, #5
10001aae:	4621      	mov	r1, r4
10001ab0:	2305      	movs	r3, #5
10001ab2:	4a22      	ldr	r2, [pc, #136]	@ (10001b3c <runtime_init_clocks+0xbc>)
10001ab4:	4822      	ldr	r0, [pc, #136]	@ (10001b40 <runtime_init_clocks+0xc0>)
10001ab6:	9600      	str	r6, [sp, #0]
10001ab8:	f7ff fe0a 	bl	100016d0 <pll_init>
10001abc:	4621      	mov	r1, r4
10001abe:	462b      	mov	r3, r5
10001ac0:	4a20      	ldr	r2, [pc, #128]	@ (10001b44 <runtime_init_clocks+0xc4>)
10001ac2:	4821      	ldr	r0, [pc, #132]	@ (10001b48 <runtime_init_clocks+0xc8>)
10001ac4:	9500      	str	r5, [sp, #0]
10001ac6:	f7ff fe03 	bl	100016d0 <pll_init>
10001aca:	2200      	movs	r2, #0
10001acc:	2004      	movs	r0, #4
10001ace:	4631      	mov	r1, r6
10001ad0:	4b1e      	ldr	r3, [pc, #120]	@ (10001b4c <runtime_init_clocks+0xcc>)
10001ad2:	f7ff fd89 	bl	100015e8 <clock_configure_undivided>
10001ad6:	4621      	mov	r1, r4
10001ad8:	4628      	mov	r0, r5
10001ada:	2200      	movs	r2, #0
10001adc:	4b1c      	ldr	r3, [pc, #112]	@ (10001b50 <runtime_init_clocks+0xd0>)
10001ade:	f7ff fd83 	bl	100015e8 <clock_configure_undivided>
10001ae2:	2200      	movs	r2, #0
10001ae4:	2008      	movs	r0, #8
10001ae6:	4611      	mov	r1, r2
10001ae8:	4b1a      	ldr	r3, [pc, #104]	@ (10001b54 <runtime_init_clocks+0xd4>)
10001aea:	f7ff fd7d 	bl	100015e8 <clock_configure_undivided>
10001aee:	2200      	movs	r2, #0
10001af0:	2009      	movs	r0, #9
10001af2:	4611      	mov	r1, r2
10001af4:	4b17      	ldr	r3, [pc, #92]	@ (10001b54 <runtime_init_clocks+0xd4>)
10001af6:	f7ff fd77 	bl	100015e8 <clock_configure_undivided>
10001afa:	2200      	movs	r2, #0
10001afc:	2006      	movs	r0, #6
10001afe:	4611      	mov	r1, r2
10001b00:	4b13      	ldr	r3, [pc, #76]	@ (10001b50 <runtime_init_clocks+0xd0>)
10001b02:	f7ff fd71 	bl	100015e8 <clock_configure_undivided>
10001b06:	2200      	movs	r2, #0
10001b08:	4b11      	ldr	r3, [pc, #68]	@ (10001b50 <runtime_init_clocks+0xd0>)
10001b0a:	2007      	movs	r0, #7
10001b0c:	4611      	mov	r1, r2
10001b0e:	f7ff fd6b 	bl	100015e8 <clock_configure_undivided>
10001b12:	2004      	movs	r0, #4
10001b14:	f7ff fdd6 	bl	100016c4 <clock_get_hz>
10001b18:	2400      	movs	r4, #0
10001b1a:	4b0f      	ldr	r3, [pc, #60]	@ (10001b58 <runtime_init_clocks+0xd8>)
10001b1c:	fba3 3500 	umull	r3, r5, r3, r0
10001b20:	0cad      	lsrs	r5, r5, #18
10001b22:	b2e0      	uxtb	r0, r4
10001b24:	4629      	mov	r1, r5
10001b26:	3401      	adds	r4, #1
10001b28:	f7ff fe70 	bl	1000180c <tick_start>
10001b2c:	2c06      	cmp	r4, #6
10001b2e:	d1f8      	bne.n	10001b22 <runtime_init_clocks+0xa2>
10001b30:	b002      	add	sp, #8
10001b32:	bd70      	pop	{r4, r5, r6, pc}
10001b34:	40010000 	.word	0x40010000
10001b38:	40013000 	.word	0x40013000
10001b3c:	59682f00 	.word	0x59682f00
10001b40:	40050000 	.word	0x40050000
10001b44:	47868c00 	.word	0x47868c00
10001b48:	40058000 	.word	0x40058000
10001b4c:	00b71b00 	.word	0x00b71b00
10001b50:	08f0d180 	.word	0x08f0d180
10001b54:	02dc6c00 	.word	0x02dc6c00
10001b58:	431bde83 	.word	0x431bde83

10001b5c <generic_save_state>:
10001b5c:	b086      	sub	sp, #24
10001b5e:	b403      	push	{r0, r1}
10001b60:	fc51 0408 	dcp_pxmd r0, r1
10001b64:	e9cd 0102 	strd	r0, r1, [sp, #8]
10001b68:	fc51 0409 	dcp_pymd r0, r1
10001b6c:	e9cd 0104 	strd	r0, r1, [sp, #16]
10001b70:	ec51 040a 	dcp_refd r0, r1
10001b74:	e9cd 0106 	strd	r0, r1, [sp, #24]
10001b78:	bc03      	pop	{r0, r1}
10001b7a:	47f0      	blx	lr

10001b7c <generic_restore_state>:
10001b7c:	e8bd 5000 	ldmia.w	sp!, {ip, lr}
10001b80:	ec4e c400 	dcp_wxmd ip, lr
10001b84:	e8bd 5000 	ldmia.w	sp!, {ip, lr}
10001b88:	ec4e c401 	dcp_wymd ip, lr
10001b8c:	e8bd 5000 	ldmia.w	sp!, {ip, lr}
10001b90:	ec4e c402 	dcp_wefd ip, lr
10001b94:	bd00      	pop	{pc}
10001b96:	0000      	movs	r0, r0
10001b98:	b500      	push	{lr}
10001b9a:	f7ff ffdf 	bl	10001b5c <generic_save_state>
10001b9e:	e002      	b.n	10001ba6 <__wrap___aeabi_dadd+0x6>

10001ba0 <__wrap___aeabi_dadd>:
10001ba0:	fe10 f430 	dcp_pcmp APSR_nzcv
10001ba4:	d4f8      	bmi.n	10001b98 <generic_restore_state+0x1c>
10001ba6:	ec41 0410 	dcp_wxup r0, r1
10001baa:	ec43 2411 	dcp_wyup r2, r3
10001bae:	ee00 0401 			dcp_add0
10001bb2:	ee10 0401 			dcp_add1
10001bb6:	ee80 0420 			dcp_nrdd
10001bba:	ec51 0410 	dcp_rdda r0, r1
10001bbe:	4770      	bx	lr
10001bc0:	b500      	push	{lr}
10001bc2:	f7ff ffcb 	bl	10001b5c <generic_save_state>
10001bc6:	e002      	b.n	10001bce <__wrap___aeabi_dsub+0x6>

10001bc8 <__wrap___aeabi_dsub>:
10001bc8:	fe10 f430 	dcp_pcmp APSR_nzcv
10001bcc:	d4f8      	bmi.n	10001bc0 <__wrap___aeabi_dadd+0x20>
10001bce:	ec41 0410 	dcp_wxup r0, r1
10001bd2:	ec43 2411 	dcp_wyup r2, r3
10001bd6:	ee00 0401 			dcp_add0
10001bda:	ee10 0421 			dcp_sub1
10001bde:	ee80 0420 			dcp_nrdd
10001be2:	ec51 0430 	dcp_rdds r0, r1
10001be6:	4770      	bx	lr
10001be8:	b500      	push	{lr}
10001bea:	f7ff ffb7 	bl	10001b5c <generic_save_state>
10001bee:	e002      	b.n	10001bf6 <__wrap___aeabi_dmul+0x6>

10001bf0 <__wrap___aeabi_dmul>:
10001bf0:	fe10 f430 	dcp_pcmp APSR_nzcv
10001bf4:	d4f8      	bmi.n	10001be8 <__wrap___aeabi_dsub+0x20>
10001bf6:	b510      	push	{r4, lr}
10001bf8:	ec41 0410 	dcp_wxup r0, r1
10001bfc:	ec43 2411 	dcp_wyup r2, r3
10001c00:	ec51 0404 	dcp_rxms r0, r1, #0x0
10001c04:	ec53 2405 	dcp_ryms r2, r3, #0x0
10001c08:	fba0 4c02 	umull	r4, ip, r0, r2
10001c0c:	f05f 0e00 	movs.w	lr, #0
10001c10:	fbe0 ce03 	umlal	ip, lr, r0, r3
10001c14:	fbe1 ce02 	umlal	ip, lr, r1, r2
10001c18:	ec4c 4420 	dcp_wxms r4, ip
10001c1c:	2400      	movs	r4, #0
10001c1e:	fbe1 e403 	umlal	lr, r4, r1, r3
10001c22:	ec44 e430 	dcp_wxmo lr, r4
10001c26:	ee80 0420 			dcp_nrdd
10001c2a:	ec51 0450 	dcp_rddm r0, r1
10001c2e:	bd10      	pop	{r4, pc}
10001c30:	b500      	push	{lr}
10001c32:	f7ff ff93 	bl	10001b5c <generic_save_state>
10001c36:	e002      	b.n	10001c3e <__wrap___aeabi_ddiv+0x6>

10001c38 <__wrap___aeabi_ddiv>:
10001c38:	fe10 f430 	dcp_pcmp APSR_nzcv
10001c3c:	d4f8      	bmi.n	10001c30 <__wrap___aeabi_dmul+0x40>
10001c3e:	ec41 0410 	dcp_wxup r0, r1
10001c42:	ec43 2411 	dcp_wyup r2, r3
10001c46:	ec51 0421 	dcp_rymr r0, r1
10001c4a:	fba0 1201 	umull	r1, r2, r0, r1
10001c4e:	ea6f 0282 	mvn.w	r2, r2, lsl #2
10001c52:	fb52 0010 	smmlar	r0, r2, r0, r0
10001c56:	fb52 f212 	smmulr	r2, r2, r2
10001c5a:	fb52 0010 	smmlar	r0, r2, r0, r0
10001c5e:	eba0 7cd0 	sub.w	ip, r0, r0, lsr #31
10001c62:	ec53 2404 	dcp_rxms r2, r3, #0x0
10001c66:	fb5c f113 	smmulr	r1, ip, r3
10001c6a:	ec53 2415 	dcp_ryms r2, r3, #0x1
10001c6e:	fba1 2002 	umull	r2, r0, r1, r2
10001c72:	fb01 0003 	mla	r0, r1, r3, r0
10001c76:	ec53 2444 	dcp_rxms r2, r3, #0x4
10001c7a:	eba2 0000 	sub.w	r0, r2, r0
10001c7e:	fb50 f21c 	smmulr	r2, r0, ip
10001c82:	ea4f 1311 	mov.w	r3, r1, lsr #4
10001c86:	eb12 7001 	adds.w	r0, r2, r1, lsl #28
10001c8a:	eb43 71e2 	adc.w	r1, r3, r2, asr #31
10001c8e:	ea40 5051 	orr.w	r0, r0, r1, lsr #21
10001c92:	ea20 5091 	bic.w	r0, r0, r1, lsr #22
10001c96:	f020 0007 	bic.w	r0, r0, #7
10001c9a:	ec53 2475 	dcp_ryms r2, r3, #0x7
10001c9e:	fba0 3c02 	umull	r3, ip, r0, r2
10001ca2:	ec53 2475 	dcp_ryms r2, r3, #0x7
10001ca6:	fb00 cc03 	mla	ip, r0, r3, ip
10001caa:	fb01 cc02 	mla	ip, r1, r2, ip
10001cae:	ec53 2404 	dcp_rxms r2, r3, #0x0
10001cb2:	ebac 4c82 	sub.w	ip, ip, r2, lsl #18
10001cb6:	ea40 705c 	orr.w	r0, r0, ip, lsr #29
10001cba:	f1a0 0001 	sub.w	r0, r0, #1
10001cbe:	ec41 0440 	dcp_wxdd r0, r1
10001cc2:	ee80 0420 			dcp_nrdd
10001cc6:	ec51 0470 	dcp_rddd r0, r1
10001cca:	4770      	bx	lr
10001ccc:	b500      	push	{lr}
10001cce:	f7ff ff45 	bl	10001b5c <generic_save_state>
10001cd2:	e002      	b.n	10001cda <__wrap___aeabi_i2d+0x6>

10001cd4 <__wrap___aeabi_i2d>:
10001cd4:	fe10 f430 	dcp_pcmp APSR_nzcv
10001cd8:	d4f8      	bmi.n	10001ccc <__wrap___aeabi_ddiv+0x94>
10001cda:	ec40 0470 	dcp_wxic r0, r0
10001cde:	ee00 0401 			dcp_add0
10001ce2:	ee10 0421 			dcp_sub1
10001ce6:	ee80 0420 			dcp_nrdd
10001cea:	ec51 0430 	dcp_rdds r0, r1
10001cee:	4770      	bx	lr
10001cf0:	b500      	push	{lr}
10001cf2:	f7ff ff33 	bl	10001b5c <generic_save_state>
10001cf6:	e002      	b.n	10001cfe <__wrap___aeabi_ui2d+0x6>

10001cf8 <__wrap___aeabi_ui2d>:
10001cf8:	fe10 f430 	dcp_pcmp APSR_nzcv
10001cfc:	d4f8      	bmi.n	10001cf0 <__wrap___aeabi_i2d+0x1c>
10001cfe:	ec40 0460 	dcp_wxuc r0, r0
10001d02:	ee00 0401 			dcp_add0
10001d06:	ee10 0421 			dcp_sub1
10001d0a:	ee80 0420 			dcp_nrdd
10001d0e:	ec51 0430 	dcp_rdds r0, r1
10001d12:	4770      	bx	lr
10001d14:	b500      	push	{lr}
10001d16:	f7ff ff21 	bl	10001b5c <generic_save_state>
10001d1a:	e002      	b.n	10001d22 <double2int_z_entry>

10001d1c <__wrap___aeabi_d2iz>:
10001d1c:	fe10 f430 	dcp_pcmp APSR_nzcv
10001d20:	d4f8      	bmi.n	10001d14 <__wrap___aeabi_ui2d+0x1c>

10001d22 <double2int_z_entry>:
10001d22:	ec41 0480 	dcp_wxdc r0, r1
10001d26:	ee00 0401 			dcp_add0
10001d2a:	ee10 0401 			dcp_add1
10001d2e:	ee80 0440 			dcp_ntdc
10001d32:	ee10 0413 			dcp_rdic r0
10001d36:	4770      	bx	lr
10001d38:	b500      	push	{lr}
10001d3a:	f7ff ff0f 	bl	10001b5c <generic_save_state>
10001d3e:	e002      	b.n	10001d46 <double2uint_z_entry>

10001d40 <__wrap___aeabi_d2uiz>:
10001d40:	fe10 f430 	dcp_pcmp APSR_nzcv
10001d44:	d4f8      	bmi.n	10001d38 <double2int_z_entry+0x16>

10001d46 <double2uint_z_entry>:
10001d46:	ec41 0480 	dcp_wxdc r0, r1
10001d4a:	ee00 0401 			dcp_add0
10001d4e:	ee10 0401 			dcp_add1
10001d52:	ee80 0440 			dcp_ntdc
10001d56:	ee10 0433 			dcp_rduc r0
10001d5a:	4770      	bx	lr
10001d5c:	b500      	push	{lr}
10001d5e:	f7ff fefd 	bl	10001b5c <generic_save_state>
10001d62:	e002      	b.n	10001d6a <__wrap___aeabi_dcmpun+0x6>

10001d64 <__wrap___aeabi_dcmpun>:
10001d64:	fe10 f430 	dcp_pcmp APSR_nzcv
10001d68:	d4f8      	bmi.n	10001d5c <double2uint_z_entry+0x16>
10001d6a:	ec41 0410 	dcp_wxup r0, r1
10001d6e:	ec43 2411 	dcp_wyup r2, r3
10001d72:	ee00 0401 			dcp_add0
10001d76:	ee10 0430 			dcp_rcmp r0
10001d7a:	f3c0 7000 	ubfx	r0, r0, #28, #1
10001d7e:	4770      	bx	lr
10001d80:	b500      	push	{lr}
10001d82:	f7ff feeb 	bl	10001b5c <generic_save_state>
10001d86:	e002      	b.n	10001d8e <__wrap___aeabi_dcmplt+0x6>

10001d88 <__wrap___aeabi_dcmplt>:
10001d88:	fe10 f430 	dcp_pcmp APSR_nzcv
10001d8c:	d4f8      	bmi.n	10001d80 <__wrap___aeabi_dcmpun+0x1c>
10001d8e:	ec43 2410 	dcp_wxup r2, r3
10001d92:	ec41 0411 	dcp_wyup r0, r1
10001d96:	ee00 0401 			dcp_add0
10001d9a:	ee10 f430 			dcp_rcmp APSR_nzcv
10001d9e:	bf8c      	ite	hi
10001da0:	2001      	movhi	r0, #1
10001da2:	2000      	movls	r0, #0
10001da4:	4770      	bx	lr
10001da6:	bf00      	nop
10001da8:	b500      	push	{lr}
10001daa:	f7ff fed7 	bl	10001b5c <generic_save_state>
10001dae:	e002      	b.n	10001db6 <__wrap___aeabi_dcmple+0x6>

10001db0 <__wrap___aeabi_dcmple>:
10001db0:	fe10 f430 	dcp_pcmp APSR_nzcv
10001db4:	d4f8      	bmi.n	10001da8 <__wrap___aeabi_dcmplt+0x20>
10001db6:	ec43 2410 	dcp_wxup r2, r3
10001dba:	ec41 0411 	dcp_wyup r0, r1
10001dbe:	ee00 0401 			dcp_add0
10001dc2:	ee10 f430 			dcp_rcmp APSR_nzcv
10001dc6:	bf2c      	ite	cs
10001dc8:	2001      	movcs	r0, #1
10001dca:	2000      	movcc	r0, #0
10001dcc:	4770      	bx	lr
10001dce:	bf00      	nop
10001dd0:	b500      	push	{lr}
10001dd2:	f7ff fec3 	bl	10001b5c <generic_save_state>
10001dd6:	e002      	b.n	10001dde <__wrap___aeabi_dcmpge+0x6>

10001dd8 <__wrap___aeabi_dcmpge>:
10001dd8:	fe10 f430 	dcp_pcmp APSR_nzcv
10001ddc:	d4f8      	bmi.n	10001dd0 <__wrap___aeabi_dcmple+0x20>
10001dde:	ec41 0410 	dcp_wxup r0, r1
10001de2:	ec43 2411 	dcp_wyup r2, r3
10001de6:	ee00 0401 			dcp_add0
10001dea:	ee10 f430 			dcp_rcmp APSR_nzcv
10001dee:	bf2c      	ite	cs
10001df0:	2001      	movcs	r0, #1
10001df2:	2000      	movcc	r0, #0
10001df4:	4770      	bx	lr
10001df6:	bf00      	nop
10001df8:	b500      	push	{lr}
10001dfa:	f7ff feaf 	bl	10001b5c <generic_save_state>
10001dfe:	e002      	b.n	10001e06 <__wrap___aeabi_dcmpgt+0x6>

10001e00 <__wrap___aeabi_dcmpgt>:
10001e00:	fe10 f430 	dcp_pcmp APSR_nzcv
10001e04:	d4f8      	bmi.n	10001df8 <__wrap___aeabi_dcmpge+0x20>
10001e06:	ec41 0410 	dcp_wxup r0, r1
10001e0a:	ec43 2411 	dcp_wyup r2, r3
10001e0e:	ee00 0401 			dcp_add0
10001e12:	ee10 f430 			dcp_rcmp APSR_nzcv
10001e16:	bf8c      	ite	hi
10001e18:	2001      	movhi	r0, #1
10001e1a:	2000      	movls	r0, #0
10001e1c:	4770      	bx	lr
10001e1e:	bf00      	nop

10001e20 <_out_null>:
10001e20:	4770      	bx	lr
10001e22:	bf00      	nop

10001e24 <_out_rev>:
10001e24:	e92d 4ff0 	stmdb	sp!, {r4, r5, r6, r7, r8, r9, sl, fp, lr}
10001e28:	b083      	sub	sp, #12
10001e2a:	460f      	mov	r7, r1
10001e2c:	4611      	mov	r1, r2
10001e2e:	e9dd b20e 	ldrd	fp, r2, [sp, #56]	@ 0x38
10001e32:	0792      	lsls	r2, r2, #30
10001e34:	4698      	mov	r8, r3
10001e36:	e9dd 930c 	ldrd	r9, r3, [sp, #48]	@ 0x30
10001e3a:	4606      	mov	r6, r0
10001e3c:	d029      	beq.n	10001e92 <_out_rev+0x6e>
10001e3e:	460d      	mov	r5, r1
10001e40:	b19b      	cbz	r3, 10001e6a <_out_rev+0x46>
10001e42:	eb09 0403 	add.w	r4, r9, r3
10001e46:	eb05 0a04 	add.w	sl, r5, r4
10001e4a:	9501      	str	r5, [sp, #4]
10001e4c:	460d      	mov	r5, r1
10001e4e:	930d      	str	r3, [sp, #52]	@ 0x34
10001e50:	ebaa 0204 	sub.w	r2, sl, r4
10001e54:	f814 0d01 	ldrb.w	r0, [r4, #-1]!
10001e58:	4643      	mov	r3, r8
10001e5a:	4639      	mov	r1, r7
10001e5c:	47b0      	blx	r6
10001e5e:	45a1      	cmp	r9, r4
10001e60:	d1f6      	bne.n	10001e50 <_out_rev+0x2c>
10001e62:	4629      	mov	r1, r5
10001e64:	9b0d      	ldr	r3, [sp, #52]	@ 0x34
10001e66:	9d01      	ldr	r5, [sp, #4]
10001e68:	441d      	add	r5, r3
10001e6a:	9b0f      	ldr	r3, [sp, #60]	@ 0x3c
10001e6c:	079b      	lsls	r3, r3, #30
10001e6e:	d50c      	bpl.n	10001e8a <_out_rev+0x66>
10001e70:	1a6c      	subs	r4, r5, r1
10001e72:	45a3      	cmp	fp, r4
10001e74:	d909      	bls.n	10001e8a <_out_rev+0x66>
10001e76:	462a      	mov	r2, r5
10001e78:	4643      	mov	r3, r8
10001e7a:	4639      	mov	r1, r7
10001e7c:	2020      	movs	r0, #32
10001e7e:	3401      	adds	r4, #1
10001e80:	47b0      	blx	r6
10001e82:	455c      	cmp	r4, fp
10001e84:	f105 0501 	add.w	r5, r5, #1
10001e88:	d3f5      	bcc.n	10001e76 <_out_rev+0x52>
10001e8a:	4628      	mov	r0, r5
10001e8c:	b003      	add	sp, #12
10001e8e:	e8bd 8ff0 	ldmia.w	sp!, {r4, r5, r6, r7, r8, r9, sl, fp, pc}
10001e92:	455b      	cmp	r3, fp
10001e94:	d215      	bcs.n	10001ec2 <_out_rev+0x9e>
10001e96:	468a      	mov	sl, r1
10001e98:	461c      	mov	r4, r3
10001e9a:	4689      	mov	r9, r1
10001e9c:	ebab 0503 	sub.w	r5, fp, r3
10001ea0:	440d      	add	r5, r1
10001ea2:	4652      	mov	r2, sl
10001ea4:	4643      	mov	r3, r8
10001ea6:	4639      	mov	r1, r7
10001ea8:	2020      	movs	r0, #32
10001eaa:	f10a 0a01 	add.w	sl, sl, #1
10001eae:	47b0      	blx	r6
10001eb0:	45aa      	cmp	sl, r5
10001eb2:	d1f6      	bne.n	10001ea2 <_out_rev+0x7e>
10001eb4:	4649      	mov	r1, r9
10001eb6:	4623      	mov	r3, r4
10001eb8:	f8dd 9030 	ldr.w	r9, [sp, #48]	@ 0x30
10001ebc:	2c00      	cmp	r4, #0
10001ebe:	d1c0      	bne.n	10001e42 <_out_rev+0x1e>
10001ec0:	e7e3      	b.n	10001e8a <_out_rev+0x66>
10001ec2:	460d      	mov	r5, r1
10001ec4:	2b00      	cmp	r3, #0
10001ec6:	d1bc      	bne.n	10001e42 <_out_rev+0x1e>
10001ec8:	e7df      	b.n	10001e8a <_out_rev+0x66>
10001eca:	bf00      	nop

10001ecc <_ntoa_format>:
10001ecc:	e92d 4ff0 	stmdb	sp!, {r4, r5, r6, r7, r8, r9, sl, fp, lr}
10001ed0:	460f      	mov	r7, r1
10001ed2:	990f      	ldr	r1, [sp, #60]	@ 0x3c
10001ed4:	4606      	mov	r6, r0
10001ed6:	f89d 002c 	ldrb.w	r0, [sp, #44]	@ 0x2c
10001eda:	078d      	lsls	r5, r1, #30
10001edc:	4690      	mov	r8, r2
10001ede:	e9dd a20c 	ldrd	sl, r2, [sp, #48]	@ 0x30
10001ee2:	4699      	mov	r9, r3
10001ee4:	4683      	mov	fp, r0
10001ee6:	9c09      	ldr	r4, [sp, #36]	@ 0x24
10001ee8:	f8dd c028 	ldr.w	ip, [sp, #40]	@ 0x28
10001eec:	9b0e      	ldr	r3, [sp, #56]	@ 0x38
10001eee:	d449      	bmi.n	10001f84 <_ntoa_format+0xb8>
10001ef0:	2b00      	cmp	r3, #0
10001ef2:	d142      	bne.n	10001f7a <_ntoa_format+0xae>
10001ef4:	4594      	cmp	ip, r2
10001ef6:	d245      	bcs.n	10001f84 <_ntoa_format+0xb8>
10001ef8:	f001 0501 	and.w	r5, r1, #1
10001efc:	f104 3eff 	add.w	lr, r4, #4294967295
10001f00:	2030      	movs	r0, #48	@ 0x30
10001f02:	44e6      	add	lr, ip
10001f04:	e005      	b.n	10001f12 <_ntoa_format+0x46>
10001f06:	f10c 0c01 	add.w	ip, ip, #1
10001f0a:	4562      	cmp	r2, ip
10001f0c:	f80e 0f01 	strb.w	r0, [lr, #1]!
10001f10:	d902      	bls.n	10001f18 <_ntoa_format+0x4c>
10001f12:	f1bc 0f20 	cmp.w	ip, #32
10001f16:	d1f6      	bne.n	10001f06 <_ntoa_format+0x3a>
10001f18:	2d00      	cmp	r5, #0
10001f1a:	f000 8087 	beq.w	1000202c <_ntoa_format+0x160>
10001f1e:	4563      	cmp	r3, ip
10001f20:	d930      	bls.n	10001f84 <_ntoa_format+0xb8>
10001f22:	1e60      	subs	r0, r4, #1
10001f24:	f04f 0e30 	mov.w	lr, #48	@ 0x30
10001f28:	4460      	add	r0, ip
10001f2a:	e005      	b.n	10001f38 <_ntoa_format+0x6c>
10001f2c:	f10c 0c01 	add.w	ip, ip, #1
10001f30:	459c      	cmp	ip, r3
10001f32:	f800 ef01 	strb.w	lr, [r0, #1]!
10001f36:	d025      	beq.n	10001f84 <_ntoa_format+0xb8>
10001f38:	f1bc 0f20 	cmp.w	ip, #32
10001f3c:	d1f6      	bne.n	10001f2c <_ntoa_format+0x60>
10001f3e:	06cd      	lsls	r5, r1, #27
10001f40:	d50e      	bpl.n	10001f60 <_ntoa_format+0x94>
10001f42:	0548      	lsls	r0, r1, #21
10001f44:	d451      	bmi.n	10001fea <_ntoa_format+0x11e>
10001f46:	4562      	cmp	r2, ip
10001f48:	d064      	beq.n	10002014 <_ntoa_format+0x148>
10001f4a:	4563      	cmp	r3, ip
10001f4c:	d062      	beq.n	10002014 <_ntoa_format+0x148>
10001f4e:	f1ba 0f10 	cmp.w	sl, #16
10001f52:	d04d      	beq.n	10001ff0 <_ntoa_format+0x124>
10001f54:	f1ba 0f02 	cmp.w	sl, #2
10001f58:	d055      	beq.n	10002006 <_ntoa_format+0x13a>
10001f5a:	f1bc 0f20 	cmp.w	ip, #32
10001f5e:	d12d      	bne.n	10001fbc <_ntoa_format+0xf0>
10001f60:	2220      	movs	r2, #32
10001f62:	e9cd 310b 	strd	r3, r1, [sp, #44]	@ 0x2c
10001f66:	920a      	str	r2, [sp, #40]	@ 0x28
10001f68:	464b      	mov	r3, r9
10001f6a:	4642      	mov	r2, r8
10001f6c:	4639      	mov	r1, r7
10001f6e:	4630      	mov	r0, r6
10001f70:	9409      	str	r4, [sp, #36]	@ 0x24
10001f72:	e8bd 4ff0 	ldmia.w	sp!, {r4, r5, r6, r7, r8, r9, sl, fp, lr}
10001f76:	f7ff bf55 	b.w	10001e24 <_out_rev>
10001f7a:	f011 0501 	ands.w	r5, r1, #1
10001f7e:	d12e      	bne.n	10001fde <_ntoa_format+0x112>
10001f80:	4594      	cmp	ip, r2
10001f82:	d3bb      	bcc.n	10001efc <_ntoa_format+0x30>
10001f84:	06cd      	lsls	r5, r1, #27
10001f86:	d51e      	bpl.n	10001fc6 <_ntoa_format+0xfa>
10001f88:	0548      	lsls	r0, r1, #21
10001f8a:	d4e0      	bmi.n	10001f4e <_ntoa_format+0x82>
10001f8c:	f1bc 0f00 	cmp.w	ip, #0
10001f90:	d1d9      	bne.n	10001f46 <_ntoa_format+0x7a>
10001f92:	f1ba 0f10 	cmp.w	sl, #16
10001f96:	d05f      	beq.n	10002058 <_ntoa_format+0x18c>
10001f98:	f1ba 0f02 	cmp.w	sl, #2
10001f9c:	d074      	beq.n	10002088 <_ntoa_format+0x1bc>
10001f9e:	2230      	movs	r2, #48	@ 0x30
10001fa0:	f04f 0c01 	mov.w	ip, #1
10001fa4:	7022      	strb	r2, [r4, #0]
10001fa6:	f1bb 0f00 	cmp.w	fp, #0
10001faa:	d112      	bne.n	10001fd2 <_ntoa_format+0x106>
10001fac:	0748      	lsls	r0, r1, #29
10001fae:	d542      	bpl.n	10002036 <_ntoa_format+0x16a>
10001fb0:	222b      	movs	r2, #43	@ 0x2b
10001fb2:	f804 200c 	strb.w	r2, [r4, ip]
10001fb6:	f10c 0201 	add.w	r2, ip, #1
10001fba:	e7d2      	b.n	10001f62 <_ntoa_format+0x96>
10001fbc:	4662      	mov	r2, ip
10001fbe:	f10c 0c01 	add.w	ip, ip, #1
10001fc2:	2030      	movs	r0, #48	@ 0x30
10001fc4:	54a0      	strb	r0, [r4, r2]
10001fc6:	f1bc 0f20 	cmp.w	ip, #32
10001fca:	d0c9      	beq.n	10001f60 <_ntoa_format+0x94>
10001fcc:	f1bb 0f00 	cmp.w	fp, #0
10001fd0:	d0ec      	beq.n	10001fac <_ntoa_format+0xe0>
10001fd2:	222d      	movs	r2, #45	@ 0x2d
10001fd4:	f804 200c 	strb.w	r2, [r4, ip]
10001fd8:	f10c 0201 	add.w	r2, ip, #1
10001fdc:	e7c1      	b.n	10001f62 <_ntoa_format+0x96>
10001fde:	b398      	cbz	r0, 10002048 <_ntoa_format+0x17c>
10001fe0:	4594      	cmp	ip, r2
10001fe2:	f103 33ff 	add.w	r3, r3, #4294967295
10001fe6:	d389      	bcc.n	10001efc <_ntoa_format+0x30>
10001fe8:	e799      	b.n	10001f1e <_ntoa_format+0x52>
10001fea:	f1ba 0f10 	cmp.w	sl, #16
10001fee:	d1b7      	bne.n	10001f60 <_ntoa_format+0x94>
10001ff0:	068d      	lsls	r5, r1, #26
10001ff2:	d53d      	bpl.n	10002070 <_ntoa_format+0x1a4>
10001ff4:	f1bc 0f20 	cmp.w	ip, #32
10001ff8:	d0b2      	beq.n	10001f60 <_ntoa_format+0x94>
10001ffa:	2258      	movs	r2, #88	@ 0x58
10001ffc:	f804 200c 	strb.w	r2, [r4, ip]
10002000:	f10c 0c01 	add.w	ip, ip, #1
10002004:	e7a9      	b.n	10001f5a <_ntoa_format+0x8e>
10002006:	f1bc 0f20 	cmp.w	ip, #32
1000200a:	d0a9      	beq.n	10001f60 <_ntoa_format+0x94>
1000200c:	4662      	mov	r2, ip
1000200e:	f10c 0c01 	add.w	ip, ip, #1
10002012:	e008      	b.n	10002026 <_ntoa_format+0x15a>
10002014:	f1bc 0201 	subs.w	r2, ip, #1
10002018:	d0bb      	beq.n	10001f92 <_ntoa_format+0xc6>
1000201a:	f1ba 0f10 	cmp.w	sl, #16
1000201e:	d035      	beq.n	1000208c <_ntoa_format+0x1c0>
10002020:	f1ba 0f02 	cmp.w	sl, #2
10002024:	d1cd      	bne.n	10001fc2 <_ntoa_format+0xf6>
10002026:	2062      	movs	r0, #98	@ 0x62
10002028:	54a0      	strb	r0, [r4, r2]
1000202a:	e796      	b.n	10001f5a <_ntoa_format+0x8e>
1000202c:	06cd      	lsls	r5, r1, #27
1000202e:	d5ca      	bpl.n	10001fc6 <_ntoa_format+0xfa>
10002030:	0548      	lsls	r0, r1, #21
10002032:	d588      	bpl.n	10001f46 <_ntoa_format+0x7a>
10002034:	e78b      	b.n	10001f4e <_ntoa_format+0x82>
10002036:	070a      	lsls	r2, r1, #28
10002038:	bf49      	itett	mi
1000203a:	2220      	movmi	r2, #32
1000203c:	4662      	movpl	r2, ip
1000203e:	f804 200c 	strbmi.w	r2, [r4, ip]
10002042:	f10c 0201 	addmi.w	r2, ip, #1
10002046:	e78c      	b.n	10001f62 <_ntoa_format+0x96>
10002048:	f011 0f0c 	tst.w	r1, #12
1000204c:	d000      	beq.n	10002050 <_ntoa_format+0x184>
1000204e:	3b01      	subs	r3, #1
10002050:	4594      	cmp	ip, r2
10002052:	f4ff af53 	bcc.w	10001efc <_ntoa_format+0x30>
10002056:	e762      	b.n	10001f1e <_ntoa_format+0x52>
10002058:	068a      	lsls	r2, r1, #26
1000205a:	d413      	bmi.n	10002084 <_ntoa_format+0x1b8>
1000205c:	2278      	movs	r2, #120	@ 0x78
1000205e:	7022      	strb	r2, [r4, #0]
10002060:	2230      	movs	r2, #48	@ 0x30
10002062:	f04f 0c02 	mov.w	ip, #2
10002066:	7062      	strb	r2, [r4, #1]
10002068:	f1bb 0f00 	cmp.w	fp, #0
1000206c:	d09e      	beq.n	10001fac <_ntoa_format+0xe0>
1000206e:	e7b0      	b.n	10001fd2 <_ntoa_format+0x106>
10002070:	f1bc 0f20 	cmp.w	ip, #32
10002074:	f43f af74 	beq.w	10001f60 <_ntoa_format+0x94>
10002078:	2278      	movs	r2, #120	@ 0x78
1000207a:	f804 200c 	strb.w	r2, [r4, ip]
1000207e:	f10c 0c01 	add.w	ip, ip, #1
10002082:	e76a      	b.n	10001f5a <_ntoa_format+0x8e>
10002084:	2258      	movs	r2, #88	@ 0x58
10002086:	e7ea      	b.n	1000205e <_ntoa_format+0x192>
10002088:	2262      	movs	r2, #98	@ 0x62
1000208a:	e7e8      	b.n	1000205e <_ntoa_format+0x192>
1000208c:	068d      	lsls	r5, r1, #26
1000208e:	f1ac 0002 	sub.w	r0, ip, #2
10002092:	d504      	bpl.n	1000209e <_ntoa_format+0x1d2>
10002094:	f04f 0e58 	mov.w	lr, #88	@ 0x58
10002098:	f804 e000 	strb.w	lr, [r4, r0]
1000209c:	e791      	b.n	10001fc2 <_ntoa_format+0xf6>
1000209e:	f04f 0e78 	mov.w	lr, #120	@ 0x78
100020a2:	f804 e000 	strb.w	lr, [r4, r0]
100020a6:	e78c      	b.n	10001fc2 <_ntoa_format+0xf6>

100020a8 <_out_char>:
100020a8:	b900      	cbnz	r0, 100020ac <_out_char+0x4>
100020aa:	4770      	bx	lr
100020ac:	f001 bc20 	b.w	100038f0 <__wrap_putchar>

100020b0 <_out_fct>:
100020b0:	b110      	cbz	r0, 100020b8 <_out_fct+0x8>
100020b2:	e9d1 3100 	ldrd	r3, r1, [r1]
100020b6:	4718      	bx	r3
100020b8:	4770      	bx	lr
100020ba:	bf00      	nop
100020bc:	0000      	movs	r0, r0
	...

100020c0 <_ftoa>:
100020c0:	e92d 4ff0 	stmdb	sp!, {r4, r5, r6, r7, r8, r9, sl, fp, lr}
100020c4:	b097      	sub	sp, #92	@ 0x5c
100020c6:	ed9d 7b20 	vldr	d7, [sp, #128]	@ 0x80
100020ca:	e9dd 5b22 	ldrd	r5, fp, [sp, #136]	@ 0x88
100020ce:	4680      	mov	r8, r0
100020d0:	4689      	mov	r9, r1
100020d2:	ec51 0b17 	vmov	r0, r1, d7
100020d6:	469a      	mov	sl, r3
100020d8:	9b24      	ldr	r3, [sp, #144]	@ 0x90
100020da:	920c      	str	r2, [sp, #48]	@ 0x30
100020dc:	9307      	str	r3, [sp, #28]
100020de:	4602      	mov	r2, r0
100020e0:	460b      	mov	r3, r1
100020e2:	ed8d 7b04 	vstr	d7, [sp, #16]
100020e6:	f7ff fe3d 	bl	10001d64 <__wrap___aeabi_dcmpun>
100020ea:	2800      	cmp	r0, #0
100020ec:	f040 81e3 	bne.w	100024b6 <_ftoa+0x3f6>
100020f0:	e9dd 0104 	ldrd	r0, r1, [sp, #16]
100020f4:	f04f 32ff 	mov.w	r2, #4294967295
100020f8:	f46f 1380 	mvn.w	r3, #1048576	@ 0x100000
100020fc:	f7ff fe44 	bl	10001d88 <__wrap___aeabi_dcmplt>
10002100:	2800      	cmp	r0, #0
10002102:	f040 80cb 	bne.w	1000229c <_ftoa+0x1dc>
10002106:	e9dd 0104 	ldrd	r0, r1, [sp, #16]
1000210a:	f04f 32ff 	mov.w	r2, #4294967295
1000210e:	4bb2      	ldr	r3, [pc, #712]	@ (100023d8 <_ftoa+0x318>)
10002110:	f7ff fe76 	bl	10001e00 <__wrap___aeabi_dcmpgt>
10002114:	2800      	cmp	r0, #0
10002116:	f040 809f 	bne.w	10002258 <_ftoa+0x198>
1000211a:	e9dd 6704 	ldrd	r6, r7, [sp, #16]
1000211e:	a3aa      	add	r3, pc, #680	@ (adr r3, 100023c8 <_ftoa+0x308>)
10002120:	e9d3 2300 	ldrd	r2, r3, [r3]
10002124:	4630      	mov	r0, r6
10002126:	4639      	mov	r1, r7
10002128:	f7ff fe6a 	bl	10001e00 <__wrap___aeabi_dcmpgt>
1000212c:	2800      	cmp	r0, #0
1000212e:	f040 8082 	bne.w	10002236 <_ftoa+0x176>
10002132:	a3a7      	add	r3, pc, #668	@ (adr r3, 100023d0 <_ftoa+0x310>)
10002134:	e9d3 2300 	ldrd	r2, r3, [r3]
10002138:	4630      	mov	r0, r6
1000213a:	4639      	mov	r1, r7
1000213c:	f7ff fe24 	bl	10001d88 <__wrap___aeabi_dcmplt>
10002140:	2800      	cmp	r0, #0
10002142:	d178      	bne.n	10002236 <_ftoa+0x176>
10002144:	4630      	mov	r0, r6
10002146:	4639      	mov	r1, r7
10002148:	2200      	movs	r2, #0
1000214a:	2300      	movs	r3, #0
1000214c:	f7ff fe1c 	bl	10001d88 <__wrap___aeabi_dcmplt>
10002150:	2800      	cmp	r0, #0
10002152:	f040 8098 	bne.w	10002286 <_ftoa+0x1c6>
10002156:	900d      	str	r0, [sp, #52]	@ 0x34
10002158:	9b07      	ldr	r3, [sp, #28]
1000215a:	2130      	movs	r1, #48	@ 0x30
1000215c:	f413 6f80 	tst.w	r3, #1024	@ 0x400
10002160:	bf08      	it	eq
10002162:	2506      	moveq	r5, #6
10002164:	aa0e      	add	r2, sp, #56	@ 0x38
10002166:	462b      	mov	r3, r5
10002168:	f1a5 0620 	sub.w	r6, r5, #32
1000216c:	e005      	b.n	1000217a <_ftoa+0xba>
1000216e:	3b01      	subs	r3, #1
10002170:	42b3      	cmp	r3, r6
10002172:	f802 1b01 	strb.w	r1, [r2], #1
10002176:	f000 8165 	beq.w	10002444 <_ftoa+0x384>
1000217a:	2b09      	cmp	r3, #9
1000217c:	d8f7      	bhi.n	1000216e <_ftoa+0xae>
1000217e:	461e      	mov	r6, r3
10002180:	1aed      	subs	r5, r5, r3
10002182:	e9dd 0104 	ldrd	r0, r1, [sp, #16]
10002186:	f7ff fdc9 	bl	10001d1c <__wrap___aeabi_d2iz>
1000218a:	4b94      	ldr	r3, [pc, #592]	@ (100023dc <_ftoa+0x31c>)
1000218c:	4604      	mov	r4, r0
1000218e:	eb03 03c6 	add.w	r3, r3, r6, lsl #3
10002192:	ed93 7b00 	vldr	d7, [r3]
10002196:	ed8d 7b08 	vstr	d7, [sp, #32]
1000219a:	f7ff fd9b 	bl	10001cd4 <__wrap___aeabi_i2d>
1000219e:	4602      	mov	r2, r0
100021a0:	460b      	mov	r3, r1
100021a2:	e9dd 0104 	ldrd	r0, r1, [sp, #16]
100021a6:	f7ff fd0f 	bl	10001bc8 <__wrap___aeabi_dsub>
100021aa:	e9dd 2308 	ldrd	r2, r3, [sp, #32]
100021ae:	f7ff fd1f 	bl	10001bf0 <__wrap___aeabi_dmul>
100021b2:	e9cd 010a 	strd	r0, r1, [sp, #40]	@ 0x28
100021b6:	f7ff fdc3 	bl	10001d40 <__wrap___aeabi_d2uiz>
100021ba:	4607      	mov	r7, r0
100021bc:	f7ff fd9c 	bl	10001cf8 <__wrap___aeabi_ui2d>
100021c0:	4602      	mov	r2, r0
100021c2:	460b      	mov	r3, r1
100021c4:	e9dd 010a 	ldrd	r0, r1, [sp, #40]	@ 0x28
100021c8:	f7ff fcfe 	bl	10001bc8 <__wrap___aeabi_dsub>
100021cc:	2200      	movs	r2, #0
100021ce:	4b84      	ldr	r3, [pc, #528]	@ (100023e0 <_ftoa+0x320>)
100021d0:	e9cd 010a 	strd	r0, r1, [sp, #40]	@ 0x28
100021d4:	f7ff fe14 	bl	10001e00 <__wrap___aeabi_dcmpgt>
100021d8:	2800      	cmp	r0, #0
100021da:	f000 8088 	beq.w	100022ee <_ftoa+0x22e>
100021de:	3701      	adds	r7, #1
100021e0:	4638      	mov	r0, r7
100021e2:	f7ff fd89 	bl	10001cf8 <__wrap___aeabi_ui2d>
100021e6:	4602      	mov	r2, r0
100021e8:	460b      	mov	r3, r1
100021ea:	e9dd 0108 	ldrd	r0, r1, [sp, #32]
100021ee:	f7ff fddf 	bl	10001db0 <__wrap___aeabi_dcmple>
100021f2:	b108      	cbz	r0, 100021f8 <_ftoa+0x138>
100021f4:	2700      	movs	r7, #0
100021f6:	3401      	adds	r4, #1
100021f8:	2e00      	cmp	r6, #0
100021fa:	f000 8088 	beq.w	1000230e <_ftoa+0x24e>
100021fe:	f10d 0337 	add.w	r3, sp, #55	@ 0x37
10002202:	f8df c1f0 	ldr.w	ip, [pc, #496]	@ 100023f4 <_ftoa+0x334>
10002206:	1958      	adds	r0, r3, r5
10002208:	e00d      	b.n	10002226 <_ftoa+0x166>
1000220a:	fbac 2107 	umull	r2, r1, ip, r7
1000220e:	08c9      	lsrs	r1, r1, #3
10002210:	eb01 0281 	add.w	r2, r1, r1, lsl #2
10002214:	eba7 0242 	sub.w	r2, r7, r2, lsl #1
10002218:	3230      	adds	r2, #48	@ 0x30
1000221a:	2f09      	cmp	r7, #9
1000221c:	f800 2f01 	strb.w	r2, [r0, #1]!
10002220:	f240 80fb 	bls.w	1000241a <_ftoa+0x35a>
10002224:	460f      	mov	r7, r1
10002226:	2d20      	cmp	r5, #32
10002228:	f106 36ff 	add.w	r6, r6, #4294967295
1000222c:	f105 0501 	add.w	r5, r5, #1
10002230:	d1eb      	bne.n	1000220a <_ftoa+0x14a>
10002232:	2520      	movs	r5, #32
10002234:	e086      	b.n	10002344 <_ftoa+0x284>
10002236:	9b07      	ldr	r3, [sp, #28]
10002238:	ed9d 7b04 	vldr	d7, [sp, #16]
1000223c:	e9cd b323 	strd	fp, r3, [sp, #140]	@ 0x8c
10002240:	4649      	mov	r1, r9
10002242:	4653      	mov	r3, sl
10002244:	4640      	mov	r0, r8
10002246:	9a0c      	ldr	r2, [sp, #48]	@ 0x30
10002248:	ed8d 7b20 	vstr	d7, [sp, #128]	@ 0x80
1000224c:	9522      	str	r5, [sp, #136]	@ 0x88
1000224e:	b017      	add	sp, #92	@ 0x5c
10002250:	e8bd 4ff0 	ldmia.w	sp!, {r4, r5, r6, r7, r8, r9, sl, fp, lr}
10002254:	f000 b980 	b.w	10002558 <_etoa>
10002258:	9b07      	ldr	r3, [sp, #28]
1000225a:	4649      	mov	r1, r9
1000225c:	0758      	lsls	r0, r3, #29
1000225e:	bf4c      	ite	mi
10002260:	2304      	movmi	r3, #4
10002262:	2303      	movpl	r3, #3
10002264:	4640      	mov	r0, r8
10002266:	9321      	str	r3, [sp, #132]	@ 0x84
10002268:	4653      	mov	r3, sl
1000226a:	9a07      	ldr	r2, [sp, #28]
1000226c:	bf48      	it	mi
1000226e:	4c5d      	ldrmi	r4, [pc, #372]	@ (100023e4 <_ftoa+0x324>)
10002270:	e9cd b222 	strd	fp, r2, [sp, #136]	@ 0x88
10002274:	bf58      	it	pl
10002276:	4c5c      	ldrpl	r4, [pc, #368]	@ (100023e8 <_ftoa+0x328>)
10002278:	9a0c      	ldr	r2, [sp, #48]	@ 0x30
1000227a:	9420      	str	r4, [sp, #128]	@ 0x80
1000227c:	b017      	add	sp, #92	@ 0x5c
1000227e:	e8bd 4ff0 	ldmia.w	sp!, {r4, r5, r6, r7, r8, r9, sl, fp, lr}
10002282:	f7ff bdcf 	b.w	10001e24 <_out_rev>
10002286:	463b      	mov	r3, r7
10002288:	4632      	mov	r2, r6
1000228a:	2000      	movs	r0, #0
1000228c:	2100      	movs	r1, #0
1000228e:	f7ff fc9b 	bl	10001bc8 <__wrap___aeabi_dsub>
10002292:	2301      	movs	r3, #1
10002294:	e9cd 0104 	strd	r0, r1, [sp, #16]
10002298:	930d      	str	r3, [sp, #52]	@ 0x34
1000229a:	e75d      	b.n	10002158 <_ftoa+0x98>
1000229c:	9b07      	ldr	r3, [sp, #28]
1000229e:	f003 0202 	and.w	r2, r3, #2
100022a2:	079c      	lsls	r4, r3, #30
100022a4:	9204      	str	r2, [sp, #16]
100022a6:	f000 80f4 	beq.w	10002492 <_ftoa+0x3d2>
100022aa:	9f0c      	ldr	r7, [sp, #48]	@ 0x30
100022ac:	463d      	mov	r5, r7
100022ae:	4e4f      	ldr	r6, [pc, #316]	@ (100023ec <_ftoa+0x32c>)
100022b0:	1d34      	adds	r4, r6, #4
100022b2:	f814 0d01 	ldrb.w	r0, [r4, #-1]!
100022b6:	462a      	mov	r2, r5
100022b8:	4653      	mov	r3, sl
100022ba:	4649      	mov	r1, r9
100022bc:	47c0      	blx	r8
100022be:	42a6      	cmp	r6, r4
100022c0:	f105 0501 	add.w	r5, r5, #1
100022c4:	d1f5      	bne.n	100022b2 <_ftoa+0x1f2>
100022c6:	9b04      	ldr	r3, [sp, #16]
100022c8:	1d3c      	adds	r4, r7, #4
100022ca:	b163      	cbz	r3, 100022e6 <_ftoa+0x226>
100022cc:	9d0c      	ldr	r5, [sp, #48]	@ 0x30
100022ce:	1b63      	subs	r3, r4, r5
100022d0:	459b      	cmp	fp, r3
100022d2:	d908      	bls.n	100022e6 <_ftoa+0x226>
100022d4:	4622      	mov	r2, r4
100022d6:	4653      	mov	r3, sl
100022d8:	4649      	mov	r1, r9
100022da:	2020      	movs	r0, #32
100022dc:	3401      	adds	r4, #1
100022de:	47c0      	blx	r8
100022e0:	1b63      	subs	r3, r4, r5
100022e2:	459b      	cmp	fp, r3
100022e4:	d8f6      	bhi.n	100022d4 <_ftoa+0x214>
100022e6:	4620      	mov	r0, r4
100022e8:	b017      	add	sp, #92	@ 0x5c
100022ea:	e8bd 8ff0 	ldmia.w	sp!, {r4, r5, r6, r7, r8, r9, sl, fp, pc}
100022ee:	2200      	movs	r2, #0
100022f0:	e9dd 010a 	ldrd	r0, r1, [sp, #40]	@ 0x28
100022f4:	4b3a      	ldr	r3, [pc, #232]	@ (100023e0 <_ftoa+0x320>)
100022f6:	f7ff fd47 	bl	10001d88 <__wrap___aeabi_dcmplt>
100022fa:	2800      	cmp	r0, #0
100022fc:	f47f af7c 	bne.w	100021f8 <_ftoa+0x138>
10002300:	2f00      	cmp	r7, #0
10002302:	f040 80c2 	bne.w	1000248a <_ftoa+0x3ca>
10002306:	3701      	adds	r7, #1
10002308:	2e00      	cmp	r6, #0
1000230a:	f47f af78 	bne.w	100021fe <_ftoa+0x13e>
1000230e:	4620      	mov	r0, r4
10002310:	f7ff fce0 	bl	10001cd4 <__wrap___aeabi_i2d>
10002314:	4602      	mov	r2, r0
10002316:	460b      	mov	r3, r1
10002318:	e9dd 0104 	ldrd	r0, r1, [sp, #16]
1000231c:	f7ff fc54 	bl	10001bc8 <__wrap___aeabi_dsub>
10002320:	2200      	movs	r2, #0
10002322:	4b2f      	ldr	r3, [pc, #188]	@ (100023e0 <_ftoa+0x320>)
10002324:	4606      	mov	r6, r0
10002326:	460f      	mov	r7, r1
10002328:	f7ff fd2e 	bl	10001d88 <__wrap___aeabi_dcmplt>
1000232c:	b940      	cbnz	r0, 10002340 <_ftoa+0x280>
1000232e:	4630      	mov	r0, r6
10002330:	4639      	mov	r1, r7
10002332:	2200      	movs	r2, #0
10002334:	4b2a      	ldr	r3, [pc, #168]	@ (100023e0 <_ftoa+0x320>)
10002336:	f7ff fd63 	bl	10001e00 <__wrap___aeabi_dcmpgt>
1000233a:	2800      	cmp	r0, #0
1000233c:	f000 80a1 	beq.w	10002482 <_ftoa+0x3c2>
10002340:	f10d 0337 	add.w	r3, sp, #55	@ 0x37
10002344:	482a      	ldr	r0, [pc, #168]	@ (100023f0 <_ftoa+0x330>)
10002346:	1959      	adds	r1, r3, r5
10002348:	e00e      	b.n	10002368 <_ftoa+0x2a8>
1000234a:	fb80 7604 	smull	r7, r6, r0, r4
1000234e:	ebc2 02a6 	rsb	r2, r2, r6, asr #2
10002352:	eb02 0682 	add.w	r6, r2, r2, lsl #2
10002356:	eba4 0646 	sub.w	r6, r4, r6, lsl #1
1000235a:	3630      	adds	r6, #48	@ 0x30
1000235c:	4614      	mov	r4, r2
1000235e:	3501      	adds	r5, #1
10002360:	f801 6f01 	strb.w	r6, [r1, #1]!
10002364:	2a00      	cmp	r2, #0
10002366:	d047      	beq.n	100023f8 <_ftoa+0x338>
10002368:	2d20      	cmp	r5, #32
1000236a:	ea4f 72e4 	mov.w	r2, r4, asr #31
1000236e:	d1ec      	bne.n	1000234a <_ftoa+0x28a>
10002370:	9a07      	ldr	r2, [sp, #28]
10002372:	f002 0203 	and.w	r2, r2, #3
10002376:	2a01      	cmp	r2, #1
10002378:	d114      	bne.n	100023a4 <_ftoa+0x2e4>
1000237a:	f1bb 0f00 	cmp.w	fp, #0
1000237e:	d011      	beq.n	100023a4 <_ftoa+0x2e4>
10002380:	9a0d      	ldr	r2, [sp, #52]	@ 0x34
10002382:	2a00      	cmp	r2, #0
10002384:	d060      	beq.n	10002448 <_ftoa+0x388>
10002386:	f10b 3bff 	add.w	fp, fp, #4294967295
1000238a:	f1bb 0f20 	cmp.w	fp, #32
1000238e:	d909      	bls.n	100023a4 <_ftoa+0x2e4>
10002390:	2230      	movs	r2, #48	@ 0x30
10002392:	442b      	add	r3, r5
10002394:	e004      	b.n	100023a0 <_ftoa+0x2e0>
10002396:	3501      	adds	r5, #1
10002398:	455d      	cmp	r5, fp
1000239a:	f803 2f01 	strb.w	r2, [r3, #1]!
1000239e:	d231      	bcs.n	10002404 <_ftoa+0x344>
100023a0:	2d20      	cmp	r5, #32
100023a2:	d1f8      	bne.n	10002396 <_ftoa+0x2d6>
100023a4:	9b07      	ldr	r3, [sp, #28]
100023a6:	ac0e      	add	r4, sp, #56	@ 0x38
100023a8:	e9cd b302 	strd	fp, r3, [sp, #8]
100023ac:	9400      	str	r4, [sp, #0]
100023ae:	4653      	mov	r3, sl
100023b0:	4649      	mov	r1, r9
100023b2:	4640      	mov	r0, r8
100023b4:	9a0c      	ldr	r2, [sp, #48]	@ 0x30
100023b6:	9501      	str	r5, [sp, #4]
100023b8:	f7ff fd34 	bl	10001e24 <_out_rev>
100023bc:	4604      	mov	r4, r0
100023be:	4620      	mov	r0, r4
100023c0:	b017      	add	sp, #92	@ 0x5c
100023c2:	e8bd 8ff0 	ldmia.w	sp!, {r4, r5, r6, r7, r8, r9, sl, fp, pc}
100023c6:	bf00      	nop
100023c8:	00000000 	.word	0x00000000
100023cc:	41cdcd65 	.word	0x41cdcd65
100023d0:	00000000 	.word	0x00000000
100023d4:	c1cdcd65 	.word	0xc1cdcd65
100023d8:	7fefffff 	.word	0x7fefffff
100023dc:	10006d38 	.word	0x10006d38
100023e0:	3fe00000 	.word	0x3fe00000
100023e4:	10006bf4 	.word	0x10006bf4
100023e8:	10006bfc 	.word	0x10006bfc
100023ec:	10006c04 	.word	0x10006c04
100023f0:	66666667 	.word	0x66666667
100023f4:	cccccccd 	.word	0xcccccccd
100023f8:	9a07      	ldr	r2, [sp, #28]
100023fa:	f002 0203 	and.w	r2, r2, #3
100023fe:	2a01      	cmp	r2, #1
10002400:	f000 8096 	beq.w	10002530 <_ftoa+0x470>
10002404:	2d20      	cmp	r5, #32
10002406:	d0cd      	beq.n	100023a4 <_ftoa+0x2e4>
10002408:	9b0d      	ldr	r3, [sp, #52]	@ 0x34
1000240a:	b33b      	cbz	r3, 1000245c <_ftoa+0x39c>
1000240c:	222d      	movs	r2, #45	@ 0x2d
1000240e:	eb0d 0305 	add.w	r3, sp, r5
10002412:	f883 2038 	strb.w	r2, [r3, #56]	@ 0x38
10002416:	3501      	adds	r5, #1
10002418:	e7c4      	b.n	100023a4 <_ftoa+0x2e4>
1000241a:	2d20      	cmp	r5, #32
1000241c:	f43f af09 	beq.w	10002232 <_ftoa+0x172>
10002420:	2130      	movs	r1, #48	@ 0x30
10002422:	442e      	add	r6, r5
10002424:	195a      	adds	r2, r3, r5
10002426:	e005      	b.n	10002434 <_ftoa+0x374>
10002428:	3501      	adds	r5, #1
1000242a:	2d20      	cmp	r5, #32
1000242c:	f802 1f01 	strb.w	r1, [r2, #1]!
10002430:	f43f aeff 	beq.w	10002232 <_ftoa+0x172>
10002434:	42ae      	cmp	r6, r5
10002436:	d1f7      	bne.n	10002428 <_ftoa+0x368>
10002438:	222e      	movs	r2, #46	@ 0x2e
1000243a:	446e      	add	r6, sp
1000243c:	3501      	adds	r5, #1
1000243e:	f886 2038 	strb.w	r2, [r6, #56]	@ 0x38
10002442:	e77f      	b.n	10002344 <_ftoa+0x284>
10002444:	2520      	movs	r5, #32
10002446:	e69c      	b.n	10002182 <_ftoa+0xc2>
10002448:	9a07      	ldr	r2, [sp, #28]
1000244a:	f012 0f0c 	tst.w	r2, #12
1000244e:	d05a      	beq.n	10002506 <_ftoa+0x446>
10002450:	f10b 3bff 	add.w	fp, fp, #4294967295
10002454:	45ab      	cmp	fp, r5
10002456:	d89b      	bhi.n	10002390 <_ftoa+0x2d0>
10002458:	2d20      	cmp	r5, #32
1000245a:	d0a3      	beq.n	100023a4 <_ftoa+0x2e4>
1000245c:	9b07      	ldr	r3, [sp, #28]
1000245e:	075a      	lsls	r2, r3, #29
10002460:	d506      	bpl.n	10002470 <_ftoa+0x3b0>
10002462:	222b      	movs	r2, #43	@ 0x2b
10002464:	eb0d 0305 	add.w	r3, sp, r5
10002468:	f883 2038 	strb.w	r2, [r3, #56]	@ 0x38
1000246c:	3501      	adds	r5, #1
1000246e:	e799      	b.n	100023a4 <_ftoa+0x2e4>
10002470:	071b      	lsls	r3, r3, #28
10002472:	d597      	bpl.n	100023a4 <_ftoa+0x2e4>
10002474:	2220      	movs	r2, #32
10002476:	eb0d 0305 	add.w	r3, sp, r5
1000247a:	f883 2038 	strb.w	r2, [r3, #56]	@ 0x38
1000247e:	3501      	adds	r5, #1
10002480:	e790      	b.n	100023a4 <_ftoa+0x2e4>
10002482:	3401      	adds	r4, #1
10002484:	f024 0401 	bic.w	r4, r4, #1
10002488:	e75a      	b.n	10002340 <_ftoa+0x280>
1000248a:	07f9      	lsls	r1, r7, #31
1000248c:	f57f aeb4 	bpl.w	100021f8 <_ftoa+0x138>
10002490:	e739      	b.n	10002306 <_ftoa+0x246>
10002492:	f1bb 0f04 	cmp.w	fp, #4
10002496:	f67f af08 	bls.w	100022aa <_ftoa+0x1ea>
1000249a:	9b0c      	ldr	r3, [sp, #48]	@ 0x30
1000249c:	461d      	mov	r5, r3
1000249e:	3b04      	subs	r3, #4
100024a0:	eb03 070b 	add.w	r7, r3, fp
100024a4:	462a      	mov	r2, r5
100024a6:	4653      	mov	r3, sl
100024a8:	4649      	mov	r1, r9
100024aa:	2020      	movs	r0, #32
100024ac:	3501      	adds	r5, #1
100024ae:	47c0      	blx	r8
100024b0:	42af      	cmp	r7, r5
100024b2:	d1f7      	bne.n	100024a4 <_ftoa+0x3e4>
100024b4:	e6fa      	b.n	100022ac <_ftoa+0x1ec>
100024b6:	9b07      	ldr	r3, [sp, #28]
100024b8:	f003 0202 	and.w	r2, r3, #2
100024bc:	079d      	lsls	r5, r3, #30
100024be:	9204      	str	r2, [sp, #16]
100024c0:	d025      	beq.n	1000250e <_ftoa+0x44e>
100024c2:	9f0c      	ldr	r7, [sp, #48]	@ 0x30
100024c4:	463d      	mov	r5, r7
100024c6:	4e22      	ldr	r6, [pc, #136]	@ (10002550 <_ftoa+0x490>)
100024c8:	1cf4      	adds	r4, r6, #3
100024ca:	f814 0d01 	ldrb.w	r0, [r4, #-1]!
100024ce:	462a      	mov	r2, r5
100024d0:	4653      	mov	r3, sl
100024d2:	4649      	mov	r1, r9
100024d4:	47c0      	blx	r8
100024d6:	42a6      	cmp	r6, r4
100024d8:	f105 0501 	add.w	r5, r5, #1
100024dc:	d1f5      	bne.n	100024ca <_ftoa+0x40a>
100024de:	9b04      	ldr	r3, [sp, #16]
100024e0:	1cfc      	adds	r4, r7, #3
100024e2:	2b00      	cmp	r3, #0
100024e4:	f43f aeff 	beq.w	100022e6 <_ftoa+0x226>
100024e8:	9d0c      	ldr	r5, [sp, #48]	@ 0x30
100024ea:	1b63      	subs	r3, r4, r5
100024ec:	459b      	cmp	fp, r3
100024ee:	f67f aefa 	bls.w	100022e6 <_ftoa+0x226>
100024f2:	4622      	mov	r2, r4
100024f4:	4653      	mov	r3, sl
100024f6:	4649      	mov	r1, r9
100024f8:	2020      	movs	r0, #32
100024fa:	3401      	adds	r4, #1
100024fc:	47c0      	blx	r8
100024fe:	1b63      	subs	r3, r4, r5
10002500:	459b      	cmp	fp, r3
10002502:	d8f6      	bhi.n	100024f2 <_ftoa+0x432>
10002504:	e6ef      	b.n	100022e6 <_ftoa+0x226>
10002506:	45ab      	cmp	fp, r5
10002508:	f63f af42 	bhi.w	10002390 <_ftoa+0x2d0>
1000250c:	e74a      	b.n	100023a4 <_ftoa+0x2e4>
1000250e:	f1bb 0f03 	cmp.w	fp, #3
10002512:	d9d6      	bls.n	100024c2 <_ftoa+0x402>
10002514:	9b0c      	ldr	r3, [sp, #48]	@ 0x30
10002516:	461d      	mov	r5, r3
10002518:	3b03      	subs	r3, #3
1000251a:	eb03 070b 	add.w	r7, r3, fp
1000251e:	462a      	mov	r2, r5
10002520:	4653      	mov	r3, sl
10002522:	4649      	mov	r1, r9
10002524:	2020      	movs	r0, #32
10002526:	3501      	adds	r5, #1
10002528:	47c0      	blx	r8
1000252a:	42bd      	cmp	r5, r7
1000252c:	d1f7      	bne.n	1000251e <_ftoa+0x45e>
1000252e:	e7c9      	b.n	100024c4 <_ftoa+0x404>
10002530:	f1bb 0f00 	cmp.w	fp, #0
10002534:	f43f af66 	beq.w	10002404 <_ftoa+0x344>
10002538:	9a0d      	ldr	r2, [sp, #52]	@ 0x34
1000253a:	2a00      	cmp	r2, #0
1000253c:	d084      	beq.n	10002448 <_ftoa+0x388>
1000253e:	f10b 3bff 	add.w	fp, fp, #4294967295
10002542:	455d      	cmp	r5, fp
10002544:	f4ff af24 	bcc.w	10002390 <_ftoa+0x2d0>
10002548:	2d20      	cmp	r5, #32
1000254a:	f47f af5f 	bne.w	1000240c <_ftoa+0x34c>
1000254e:	e729      	b.n	100023a4 <_ftoa+0x2e4>
10002550:	10006c00 	.word	0x10006c00
10002554:	00000000 	.word	0x00000000

10002558 <_etoa>:
10002558:	e92d 4ff0 	stmdb	sp!, {r4, r5, r6, r7, r8, r9, sl, fp, lr}
1000255c:	b09f      	sub	sp, #124	@ 0x7c
1000255e:	461e      	mov	r6, r3
10002560:	e9dd ab28 	ldrd	sl, fp, [sp, #160]	@ 0xa0
10002564:	e9dd 982b 	ldrd	r9, r8, [sp, #172]	@ 0xac
10002568:	9b2a      	ldr	r3, [sp, #168]	@ 0xa8
1000256a:	4604      	mov	r4, r0
1000256c:	460d      	mov	r5, r1
1000256e:	920b      	str	r2, [sp, #44]	@ 0x2c
10002570:	930a      	str	r3, [sp, #40]	@ 0x28
10002572:	4652      	mov	r2, sl
10002574:	465b      	mov	r3, fp
10002576:	4650      	mov	r0, sl
10002578:	4659      	mov	r1, fp
1000257a:	f7ff fbf3 	bl	10001d64 <__wrap___aeabi_dcmpun>
1000257e:	2800      	cmp	r0, #0
10002580:	f040 80c6 	bne.w	10002710 <_etoa+0x1b8>
10002584:	4650      	mov	r0, sl
10002586:	4659      	mov	r1, fp
10002588:	f04f 32ff 	mov.w	r2, #4294967295
1000258c:	4b7b      	ldr	r3, [pc, #492]	@ (1000277c <_etoa+0x224>)
1000258e:	f7ff fc37 	bl	10001e00 <__wrap___aeabi_dcmpgt>
10002592:	2800      	cmp	r0, #0
10002594:	f040 80bc 	bne.w	10002710 <_etoa+0x1b8>
10002598:	4650      	mov	r0, sl
1000259a:	4659      	mov	r1, fp
1000259c:	f04f 32ff 	mov.w	r2, #4294967295
100025a0:	f46f 1380 	mvn.w	r3, #1048576	@ 0x100000
100025a4:	f7ff fbf0 	bl	10001d88 <__wrap___aeabi_dcmplt>
100025a8:	2800      	cmp	r0, #0
100025aa:	f040 80b1 	bne.w	10002710 <_etoa+0x1b8>
100025ae:	4650      	mov	r0, sl
100025b0:	4659      	mov	r1, fp
100025b2:	2200      	movs	r2, #0
100025b4:	2300      	movs	r3, #0
100025b6:	f7ff fbe7 	bl	10001d88 <__wrap___aeabi_dcmplt>
100025ba:	2800      	cmp	r0, #0
100025bc:	f040 81dd 	bne.w	1000297a <_etoa+0x422>
100025c0:	e9cd ab08 	strd	sl, fp, [sp, #32]
100025c4:	e9dd 1208 	ldrd	r1, r2, [sp, #32]
100025c8:	f418 6080 	ands.w	r0, r8, #1024	@ 0x400
100025cc:	460b      	mov	r3, r1
100025ce:	460f      	mov	r7, r1
100025d0:	f408 6100 	and.w	r1, r8, #2048	@ 0x800
100025d4:	920c      	str	r2, [sp, #48]	@ 0x30
100025d6:	9114      	str	r1, [sp, #80]	@ 0x50
100025d8:	9015      	str	r0, [sp, #84]	@ 0x54
100025da:	f040 80a8 	bne.w	1000272e <_etoa+0x1d6>
100025de:	4313      	orrs	r3, r2
100025e0:	f040 80d0 	bne.w	10002784 <_etoa+0x22c>
100025e4:	2900      	cmp	r1, #0
100025e6:	f040 81ec 	bne.w	100029c2 <_etoa+0x46a>
100025ea:	2306      	movs	r3, #6
100025ec:	930a      	str	r3, [sp, #40]	@ 0x28
100025ee:	f018 0202 	ands.w	r2, r8, #2
100025f2:	9210      	str	r2, [sp, #64]	@ 0x40
100025f4:	f040 81dd 	bne.w	100029b2 <_etoa+0x45a>
100025f8:	464b      	mov	r3, r9
100025fa:	2b04      	cmp	r3, #4
100025fc:	bf38      	it	cc
100025fe:	2304      	movcc	r3, #4
10002600:	920e      	str	r2, [sp, #56]	@ 0x38
10002602:	2204      	movs	r2, #4
10002604:	3b04      	subs	r3, #4
10002606:	9212      	str	r2, [sp, #72]	@ 0x48
10002608:	9314      	str	r3, [sp, #80]	@ 0x50
1000260a:	4650      	mov	r0, sl
1000260c:	4659      	mov	r1, fp
1000260e:	2200      	movs	r2, #0
10002610:	2300      	movs	r3, #0
10002612:	f7ff fbb9 	bl	10001d88 <__wrap___aeabi_dcmplt>
10002616:	2800      	cmp	r0, #0
10002618:	f040 822a 	bne.w	10002a70 <_etoa+0x518>
1000261c:	ed9d 7b08 	vldr	d7, [sp, #32]
10002620:	9b14      	ldr	r3, [sp, #80]	@ 0x50
10002622:	9a0b      	ldr	r2, [sp, #44]	@ 0x2c
10002624:	9303      	str	r3, [sp, #12]
10002626:	9b0a      	ldr	r3, [sp, #40]	@ 0x28
10002628:	ed8d 7b00 	vstr	d7, [sp]
1000262c:	9302      	str	r3, [sp, #8]
1000262e:	f428 6300 	bic.w	r3, r8, #2048	@ 0x800
10002632:	9304      	str	r3, [sp, #16]
10002634:	4629      	mov	r1, r5
10002636:	4633      	mov	r3, r6
10002638:	4620      	mov	r0, r4
1000263a:	f7ff fd41 	bl	100020c0 <_ftoa>
1000263e:	4602      	mov	r2, r0
10002640:	f018 0f20 	tst.w	r8, #32
10002644:	4633      	mov	r3, r6
10002646:	4629      	mov	r1, r5
10002648:	bf0c      	ite	eq
1000264a:	2065      	moveq	r0, #101	@ 0x65
1000264c:	2045      	movne	r0, #69	@ 0x45
1000264e:	f102 0801 	add.w	r8, r2, #1
10002652:	47a0      	blx	r4
10002654:	9b12      	ldr	r3, [sp, #72]	@ 0x48
10002656:	f10d 0a58 	add.w	sl, sp, #88	@ 0x58
1000265a:	f103 3bff 	add.w	fp, r3, #4294967295
1000265e:	9b0e      	ldr	r3, [sp, #56]	@ 0x38
10002660:	2200      	movs	r2, #0
10002662:	ea83 7ce3 	eor.w	ip, r3, r3, asr #31
10002666:	4650      	mov	r0, sl
10002668:	f8df e114 	ldr.w	lr, [pc, #276]	@ 10002780 <_etoa+0x228>
1000266c:	9f0b      	ldr	r7, [sp, #44]	@ 0x2c
1000266e:	ebac 7ce3 	sub.w	ip, ip, r3, asr #31
10002672:	0fd9      	lsrs	r1, r3, #31
10002674:	f8cd 8020 	str.w	r8, [sp, #32]
10002678:	e002      	b.n	10002680 <_etoa+0x128>
1000267a:	2a20      	cmp	r2, #32
1000267c:	46c4      	mov	ip, r8
1000267e:	d010      	beq.n	100026a2 <_etoa+0x14a>
10002680:	fbae 380c 	umull	r3, r8, lr, ip
10002684:	ea4f 08d8 	mov.w	r8, r8, lsr #3
10002688:	eb08 0388 	add.w	r3, r8, r8, lsl #2
1000268c:	ebac 0343 	sub.w	r3, ip, r3, lsl #1
10002690:	3001      	adds	r0, #1
10002692:	3330      	adds	r3, #48	@ 0x30
10002694:	f1bc 0f09 	cmp.w	ip, #9
10002698:	f102 0201 	add.w	r2, r2, #1
1000269c:	f800 3c01 	strb.w	r3, [r0, #-1]
100026a0:	d8eb      	bhi.n	1000267a <_etoa+0x122>
100026a2:	2305      	movs	r3, #5
100026a4:	f04f 0c00 	mov.w	ip, #0
100026a8:	9306      	str	r3, [sp, #24]
100026aa:	230a      	movs	r3, #10
100026ac:	f8dd 8020 	ldr.w	r8, [sp, #32]
100026b0:	e9cd 2101 	strd	r2, r1, [sp, #4]
100026b4:	e9cd 3c03 	strd	r3, ip, [sp, #12]
100026b8:	f8cd a000 	str.w	sl, [sp]
100026bc:	4633      	mov	r3, r6
100026be:	4642      	mov	r2, r8
100026c0:	4629      	mov	r1, r5
100026c2:	4620      	mov	r0, r4
100026c4:	f8cd b014 	str.w	fp, [sp, #20]
100026c8:	f7ff fc00 	bl	10001ecc <_ntoa_format>
100026cc:	9b10      	ldr	r3, [sp, #64]	@ 0x40
100026ce:	4682      	mov	sl, r0
100026d0:	b1d3      	cbz	r3, 10002708 <_etoa+0x1b0>
100026d2:	eba0 0807 	sub.w	r8, r0, r7
100026d6:	45c1      	cmp	r9, r8
100026d8:	d916      	bls.n	10002708 <_etoa+0x1b0>
100026da:	eb07 0208 	add.w	r2, r7, r8
100026de:	4633      	mov	r3, r6
100026e0:	4629      	mov	r1, r5
100026e2:	2020      	movs	r0, #32
100026e4:	f108 0801 	add.w	r8, r8, #1
100026e8:	47a0      	blx	r4
100026ea:	45c1      	cmp	r9, r8
100026ec:	d8f5      	bhi.n	100026da <_etoa+0x182>
100026ee:	1e7b      	subs	r3, r7, #1
100026f0:	444b      	add	r3, r9
100026f2:	f1c7 0201 	rsb	r2, r7, #1
100026f6:	eba3 030a 	sub.w	r3, r3, sl
100026fa:	4452      	add	r2, sl
100026fc:	4591      	cmp	r9, r2
100026fe:	bf38      	it	cc
10002700:	2300      	movcc	r3, #0
10002702:	f10a 0a01 	add.w	sl, sl, #1
10002706:	449a      	add	sl, r3
10002708:	4650      	mov	r0, sl
1000270a:	b01f      	add	sp, #124	@ 0x7c
1000270c:	e8bd 8ff0 	ldmia.w	sp!, {r4, r5, r6, r7, r8, r9, sl, fp, pc}
10002710:	4633      	mov	r3, r6
10002712:	4629      	mov	r1, r5
10002714:	4620      	mov	r0, r4
10002716:	e9cd ab28 	strd	sl, fp, [sp, #160]	@ 0xa0
1000271a:	9c0a      	ldr	r4, [sp, #40]	@ 0x28
1000271c:	e9cd 982b 	strd	r9, r8, [sp, #172]	@ 0xac
10002720:	9a0b      	ldr	r2, [sp, #44]	@ 0x2c
10002722:	942a      	str	r4, [sp, #168]	@ 0xa8
10002724:	b01f      	add	sp, #124	@ 0x7c
10002726:	e8bd 4ff0 	ldmia.w	sp!, {r4, r5, r6, r7, r8, r9, sl, fp, lr}
1000272a:	f7ff bcc9 	b.w	100020c0 <_ftoa>
1000272e:	ea57 0302 	orrs.w	r3, r7, r2
10002732:	d129      	bne.n	10002788 <_etoa+0x230>
10002734:	2900      	cmp	r1, #0
10002736:	f43f af5a 	beq.w	100025ee <_etoa+0x96>
1000273a:	2300      	movs	r3, #0
1000273c:	930e      	str	r3, [sp, #56]	@ 0x38
1000273e:	9b0a      	ldr	r3, [sp, #40]	@ 0x28
10002740:	9a0e      	ldr	r2, [sp, #56]	@ 0x38
10002742:	4293      	cmp	r3, r2
10002744:	f300 81ba 	bgt.w	10002abc <_etoa+0x564>
10002748:	2700      	movs	r7, #0
1000274a:	4650      	mov	r0, sl
1000274c:	4659      	mov	r1, fp
1000274e:	2200      	movs	r2, #0
10002750:	2300      	movs	r3, #0
10002752:	f7ff fb19 	bl	10001d88 <__wrap___aeabi_dcmplt>
10002756:	2800      	cmp	r0, #0
10002758:	f040 8115 	bne.w	10002986 <_etoa+0x42e>
1000275c:	ed9d 7b08 	vldr	d7, [sp, #32]
10002760:	f428 6300 	bic.w	r3, r8, #2048	@ 0x800
10002764:	f443 6380 	orr.w	r3, r3, #1024	@ 0x400
10002768:	932c      	str	r3, [sp, #176]	@ 0xb0
1000276a:	ed8d 7b28 	vstr	d7, [sp, #160]	@ 0xa0
1000276e:	4633      	mov	r3, r6
10002770:	4629      	mov	r1, r5
10002772:	4620      	mov	r0, r4
10002774:	e9cd 792a 	strd	r7, r9, [sp, #168]	@ 0xa8
10002778:	9a0b      	ldr	r2, [sp, #44]	@ 0x2c
1000277a:	e7d3      	b.n	10002724 <_etoa+0x1cc>
1000277c:	7fefffff 	.word	0x7fefffff
10002780:	cccccccd 	.word	0xcccccccd
10002784:	2306      	movs	r3, #6
10002786:	930a      	str	r3, [sp, #40]	@ 0x28
10002788:	9b0c      	ldr	r3, [sp, #48]	@ 0x30
1000278a:	f3c3 500a 	ubfx	r0, r3, #20, #11
1000278e:	f2a0 30ff 	subw	r0, r0, #1023	@ 0x3ff
10002792:	f7ff fa9f 	bl	10001cd4 <__wrap___aeabi_i2d>
10002796:	a3b2      	add	r3, pc, #712	@ (adr r3, 10002a60 <_etoa+0x508>)
10002798:	e9d3 2300 	ldrd	r2, r3, [r3]
1000279c:	f7ff fa28 	bl	10001bf0 <__wrap___aeabi_dmul>
100027a0:	a3b1      	add	r3, pc, #708	@ (adr r3, 10002a68 <_etoa+0x510>)
100027a2:	e9d3 2300 	ldrd	r2, r3, [r3]
100027a6:	f7ff f9fb 	bl	10001ba0 <__wrap___aeabi_dadd>
100027aa:	9b0c      	ldr	r3, [sp, #48]	@ 0x30
100027ac:	e9cd 010e 	strd	r0, r1, [sp, #56]	@ 0x38
100027b0:	f3c3 0313 	ubfx	r3, r3, #0, #20
100027b4:	f043 517f 	orr.w	r1, r3, #1069547520	@ 0x3fc00000
100027b8:	4638      	mov	r0, r7
100027ba:	2200      	movs	r2, #0
100027bc:	4ba2      	ldr	r3, [pc, #648]	@ (10002a48 <_etoa+0x4f0>)
100027be:	f441 1140 	orr.w	r1, r1, #3145728	@ 0x300000
100027c2:	f7ff fa01 	bl	10001bc8 <__wrap___aeabi_dsub>
100027c6:	a394      	add	r3, pc, #592	@ (adr r3, 10002a18 <_etoa+0x4c0>)
100027c8:	e9d3 2300 	ldrd	r2, r3, [r3]
100027cc:	f7ff fa10 	bl	10001bf0 <__wrap___aeabi_dmul>
100027d0:	4602      	mov	r2, r0
100027d2:	460b      	mov	r3, r1
100027d4:	e9dd 010e 	ldrd	r0, r1, [sp, #56]	@ 0x38
100027d8:	f7ff f9e2 	bl	10001ba0 <__wrap___aeabi_dadd>
100027dc:	f7ff fa9e 	bl	10001d1c <__wrap___aeabi_d2iz>
100027e0:	900e      	str	r0, [sp, #56]	@ 0x38
100027e2:	f7ff fa77 	bl	10001cd4 <__wrap___aeabi_i2d>
100027e6:	a38e      	add	r3, pc, #568	@ (adr r3, 10002a20 <_etoa+0x4c8>)
100027e8:	e9d3 2300 	ldrd	r2, r3, [r3]
100027ec:	e9cd 010c 	strd	r0, r1, [sp, #48]	@ 0x30
100027f0:	f7ff f9fe 	bl	10001bf0 <__wrap___aeabi_dmul>
100027f4:	2200      	movs	r2, #0
100027f6:	4b95      	ldr	r3, [pc, #596]	@ (10002a4c <_etoa+0x4f4>)
100027f8:	f7ff f9d2 	bl	10001ba0 <__wrap___aeabi_dadd>
100027fc:	f7ff fa8e 	bl	10001d1c <__wrap___aeabi_d2iz>
10002800:	a389      	add	r3, pc, #548	@ (adr r3, 10002a28 <_etoa+0x4d0>)
10002802:	e9d3 2300 	ldrd	r2, r3, [r3]
10002806:	4607      	mov	r7, r0
10002808:	e9dd 010c 	ldrd	r0, r1, [sp, #48]	@ 0x30
1000280c:	f7ff f9f0 	bl	10001bf0 <__wrap___aeabi_dmul>
10002810:	e9cd 010c 	strd	r0, r1, [sp, #48]	@ 0x30
10002814:	4638      	mov	r0, r7
10002816:	f7ff fa5d 	bl	10001cd4 <__wrap___aeabi_i2d>
1000281a:	a385      	add	r3, pc, #532	@ (adr r3, 10002a30 <_etoa+0x4d8>)
1000281c:	e9d3 2300 	ldrd	r2, r3, [r3]
10002820:	f7ff f9e6 	bl	10001bf0 <__wrap___aeabi_dmul>
10002824:	4602      	mov	r2, r0
10002826:	460b      	mov	r3, r1
10002828:	e9dd 010c 	ldrd	r0, r1, [sp, #48]	@ 0x30
1000282c:	f7ff f9cc 	bl	10001bc8 <__wrap___aeabi_dsub>
10002830:	4602      	mov	r2, r0
10002832:	460b      	mov	r3, r1
10002834:	e9cd 230c 	strd	r2, r3, [sp, #48]	@ 0x30
10002838:	f7ff f9da 	bl	10001bf0 <__wrap___aeabi_dmul>
1000283c:	e9cd 0110 	strd	r0, r1, [sp, #64]	@ 0x40
10002840:	e9dd 010c 	ldrd	r0, r1, [sp, #48]	@ 0x30
10002844:	4602      	mov	r2, r0
10002846:	460b      	mov	r3, r1
10002848:	f7ff f9aa 	bl	10001ba0 <__wrap___aeabi_dadd>
1000284c:	2200      	movs	r2, #0
1000284e:	e9cd 0112 	strd	r0, r1, [sp, #72]	@ 0x48
10002852:	e9dd 0110 	ldrd	r0, r1, [sp, #64]	@ 0x40
10002856:	4b7e      	ldr	r3, [pc, #504]	@ (10002a50 <_etoa+0x4f8>)
10002858:	f7ff f9ee 	bl	10001c38 <__wrap___aeabi_ddiv>
1000285c:	2200      	movs	r2, #0
1000285e:	4b7d      	ldr	r3, [pc, #500]	@ (10002a54 <_etoa+0x4fc>)
10002860:	f7ff f99e 	bl	10001ba0 <__wrap___aeabi_dadd>
10002864:	4602      	mov	r2, r0
10002866:	460b      	mov	r3, r1
10002868:	e9dd 0110 	ldrd	r0, r1, [sp, #64]	@ 0x40
1000286c:	f7ff f9e4 	bl	10001c38 <__wrap___aeabi_ddiv>
10002870:	2200      	movs	r2, #0
10002872:	4b79      	ldr	r3, [pc, #484]	@ (10002a58 <_etoa+0x500>)
10002874:	f7ff f994 	bl	10001ba0 <__wrap___aeabi_dadd>
10002878:	4602      	mov	r2, r0
1000287a:	460b      	mov	r3, r1
1000287c:	e9dd 0110 	ldrd	r0, r1, [sp, #64]	@ 0x40
10002880:	f7ff f9da 	bl	10001c38 <__wrap___aeabi_ddiv>
10002884:	e9cd 0110 	strd	r0, r1, [sp, #64]	@ 0x40
10002888:	e9dd 230c 	ldrd	r2, r3, [sp, #48]	@ 0x30
1000288c:	2000      	movs	r0, #0
1000288e:	f04f 4180 	mov.w	r1, #1073741824	@ 0x40000000
10002892:	f7ff f999 	bl	10001bc8 <__wrap___aeabi_dsub>
10002896:	4602      	mov	r2, r0
10002898:	460b      	mov	r3, r1
1000289a:	e9dd 0110 	ldrd	r0, r1, [sp, #64]	@ 0x40
1000289e:	f7ff f97f 	bl	10001ba0 <__wrap___aeabi_dadd>
100028a2:	4602      	mov	r2, r0
100028a4:	460b      	mov	r3, r1
100028a6:	e9dd 0112 	ldrd	r0, r1, [sp, #72]	@ 0x48
100028aa:	f7ff f9c5 	bl	10001c38 <__wrap___aeabi_ddiv>
100028ae:	2200      	movs	r2, #0
100028b0:	4b6a      	ldr	r3, [pc, #424]	@ (10002a5c <_etoa+0x504>)
100028b2:	f7ff f975 	bl	10001ba0 <__wrap___aeabi_dadd>
100028b6:	f207 3cff 	addw	ip, r7, #1023	@ 0x3ff
100028ba:	2200      	movs	r2, #0
100028bc:	ea4f 530c 	mov.w	r3, ip, lsl #20
100028c0:	f7ff f996 	bl	10001bf0 <__wrap___aeabi_dmul>
100028c4:	4602      	mov	r2, r0
100028c6:	460b      	mov	r3, r1
100028c8:	e9dd 0108 	ldrd	r0, r1, [sp, #32]
100028cc:	e9cd 230c 	strd	r2, r3, [sp, #48]	@ 0x30
100028d0:	f7ff fa5a 	bl	10001d88 <__wrap___aeabi_dcmplt>
100028d4:	b150      	cbz	r0, 100028ec <_etoa+0x394>
100028d6:	e9dd 010c 	ldrd	r0, r1, [sp, #48]	@ 0x30
100028da:	9b0e      	ldr	r3, [sp, #56]	@ 0x38
100028dc:	2200      	movs	r2, #0
100028de:	3b01      	subs	r3, #1
100028e0:	930e      	str	r3, [sp, #56]	@ 0x38
100028e2:	4b5c      	ldr	r3, [pc, #368]	@ (10002a54 <_etoa+0x4fc>)
100028e4:	f7ff f9a8 	bl	10001c38 <__wrap___aeabi_ddiv>
100028e8:	e9cd 010c 	strd	r0, r1, [sp, #48]	@ 0x30
100028ec:	e9dd 010c 	ldrd	r0, r1, [sp, #48]	@ 0x30
100028f0:	9b0e      	ldr	r3, [sp, #56]	@ 0x38
100028f2:	4602      	mov	r2, r0
100028f4:	3363      	adds	r3, #99	@ 0x63
100028f6:	2bc6      	cmp	r3, #198	@ 0xc6
100028f8:	f008 0302 	and.w	r3, r8, #2
100028fc:	9310      	str	r3, [sp, #64]	@ 0x40
100028fe:	9b14      	ldr	r3, [sp, #80]	@ 0x50
10002900:	d82d      	bhi.n	1000295e <_etoa+0x406>
10002902:	2b00      	cmp	r3, #0
10002904:	d05f      	beq.n	100029c6 <_etoa+0x46e>
10002906:	2304      	movs	r3, #4
10002908:	9312      	str	r3, [sp, #72]	@ 0x48
1000290a:	430a      	orrs	r2, r1
1000290c:	f43f af17 	beq.w	1000273e <_etoa+0x1e6>
10002910:	e9dd 0108 	ldrd	r0, r1, [sp, #32]
10002914:	a348      	add	r3, pc, #288	@ (adr r3, 10002a38 <_etoa+0x4e0>)
10002916:	e9d3 2300 	ldrd	r2, r3, [r3]
1000291a:	f7ff fa5d 	bl	10001dd8 <__wrap___aeabi_dcmpge>
1000291e:	b148      	cbz	r0, 10002934 <_etoa+0x3dc>
10002920:	e9dd 0108 	ldrd	r0, r1, [sp, #32]
10002924:	a346      	add	r3, pc, #280	@ (adr r3, 10002a40 <_etoa+0x4e8>)
10002926:	e9d3 2300 	ldrd	r2, r3, [r3]
1000292a:	f7ff fa2d 	bl	10001d88 <__wrap___aeabi_dcmplt>
1000292e:	2800      	cmp	r0, #0
10002930:	f47f af05 	bne.w	1000273e <_etoa+0x1e6>
10002934:	9b0a      	ldr	r3, [sp, #40]	@ 0x28
10002936:	2b00      	cmp	r3, #0
10002938:	d051      	beq.n	100029de <_etoa+0x486>
1000293a:	9a15      	ldr	r2, [sp, #84]	@ 0x54
1000293c:	2a00      	cmp	r2, #0
1000293e:	f000 80ac 	beq.w	10002a9a <_etoa+0x542>
10002942:	3b01      	subs	r3, #1
10002944:	930a      	str	r3, [sp, #40]	@ 0x28
10002946:	9b12      	ldr	r3, [sp, #72]	@ 0x48
10002948:	4599      	cmp	r9, r3
1000294a:	d905      	bls.n	10002958 <_etoa+0x400>
1000294c:	9b10      	ldr	r3, [sp, #64]	@ 0x40
1000294e:	2b00      	cmp	r3, #0
10002950:	f000 80af 	beq.w	10002ab2 <_etoa+0x55a>
10002954:	2302      	movs	r3, #2
10002956:	9310      	str	r3, [sp, #64]	@ 0x40
10002958:	2300      	movs	r3, #0
1000295a:	9314      	str	r3, [sp, #80]	@ 0x50
1000295c:	e044      	b.n	100029e8 <_etoa+0x490>
1000295e:	bb2b      	cbnz	r3, 100029ac <_etoa+0x454>
10002960:	f1b9 0f05 	cmp.w	r9, #5
10002964:	d94f      	bls.n	10002a06 <_etoa+0x4ae>
10002966:	f008 0302 	and.w	r3, r8, #2
1000296a:	2b00      	cmp	r3, #0
1000296c:	d149      	bne.n	10002a02 <_etoa+0x4aa>
1000296e:	2305      	movs	r3, #5
10002970:	9312      	str	r3, [sp, #72]	@ 0x48
10002972:	f1a9 0305 	sub.w	r3, r9, #5
10002976:	9314      	str	r3, [sp, #80]	@ 0x50
10002978:	e03a      	b.n	100029f0 <_etoa+0x498>
1000297a:	f10b 4300 	add.w	r3, fp, #2147483648	@ 0x80000000
1000297e:	f8cd a020 	str.w	sl, [sp, #32]
10002982:	9309      	str	r3, [sp, #36]	@ 0x24
10002984:	e61e      	b.n	100025c4 <_etoa+0x6c>
10002986:	f428 6300 	bic.w	r3, r8, #2048	@ 0x800
1000298a:	f443 6380 	orr.w	r3, r3, #1024	@ 0x400
1000298e:	4620      	mov	r0, r4
10002990:	e9cd 792a 	strd	r7, r9, [sp, #168]	@ 0xa8
10002994:	932c      	str	r3, [sp, #176]	@ 0xb0
10002996:	4633      	mov	r3, r6
10002998:	e9dd 6708 	ldrd	r6, r7, [sp, #32]
1000299c:	4634      	mov	r4, r6
1000299e:	4629      	mov	r1, r5
100029a0:	f107 4500 	add.w	r5, r7, #2147483648	@ 0x80000000
100029a4:	e9cd 4528 	strd	r4, r5, [sp, #160]	@ 0xa0
100029a8:	9a0b      	ldr	r2, [sp, #44]	@ 0x2c
100029aa:	e6bb      	b.n	10002724 <_etoa+0x1cc>
100029ac:	2305      	movs	r3, #5
100029ae:	9312      	str	r3, [sp, #72]	@ 0x48
100029b0:	e7ab      	b.n	1000290a <_etoa+0x3b2>
100029b2:	2202      	movs	r2, #2
100029b4:	2300      	movs	r3, #0
100029b6:	9210      	str	r2, [sp, #64]	@ 0x40
100029b8:	2204      	movs	r2, #4
100029ba:	9314      	str	r3, [sp, #80]	@ 0x50
100029bc:	9212      	str	r2, [sp, #72]	@ 0x48
100029be:	930e      	str	r3, [sp, #56]	@ 0x38
100029c0:	e623      	b.n	1000260a <_etoa+0xb2>
100029c2:	2705      	movs	r7, #5
100029c4:	e6c1      	b.n	1000274a <_etoa+0x1f2>
100029c6:	f1b9 0f04 	cmp.w	r9, #4
100029ca:	d91f      	bls.n	10002a0c <_etoa+0x4b4>
100029cc:	9b10      	ldr	r3, [sp, #64]	@ 0x40
100029ce:	2b00      	cmp	r3, #0
100029d0:	d177      	bne.n	10002ac2 <_etoa+0x56a>
100029d2:	2304      	movs	r3, #4
100029d4:	9312      	str	r3, [sp, #72]	@ 0x48
100029d6:	f1a9 0304 	sub.w	r3, r9, #4
100029da:	9314      	str	r3, [sp, #80]	@ 0x50
100029dc:	e004      	b.n	100029e8 <_etoa+0x490>
100029de:	9b12      	ldr	r3, [sp, #72]	@ 0x48
100029e0:	4599      	cmp	r9, r3
100029e2:	d85f      	bhi.n	10002aa4 <_etoa+0x54c>
100029e4:	9b0a      	ldr	r3, [sp, #40]	@ 0x28
100029e6:	9314      	str	r3, [sp, #80]	@ 0x50
100029e8:	9b0e      	ldr	r3, [sp, #56]	@ 0x38
100029ea:	2b00      	cmp	r3, #0
100029ec:	f43f ae0d 	beq.w	1000260a <_etoa+0xb2>
100029f0:	e9dd 0108 	ldrd	r0, r1, [sp, #32]
100029f4:	e9dd 230c 	ldrd	r2, r3, [sp, #48]	@ 0x30
100029f8:	f7ff f91e 	bl	10001c38 <__wrap___aeabi_ddiv>
100029fc:	e9cd 0108 	strd	r0, r1, [sp, #32]
10002a00:	e603      	b.n	1000260a <_etoa+0xb2>
10002a02:	2302      	movs	r3, #2
10002a04:	9310      	str	r3, [sp, #64]	@ 0x40
10002a06:	2305      	movs	r3, #5
10002a08:	9312      	str	r3, [sp, #72]	@ 0x48
10002a0a:	e7f1      	b.n	100029f0 <_etoa+0x498>
10002a0c:	2304      	movs	r3, #4
10002a0e:	9312      	str	r3, [sp, #72]	@ 0x48
10002a10:	e7ea      	b.n	100029e8 <_etoa+0x490>
10002a12:	bf00      	nop
10002a14:	f3af 8000 	nop.w
10002a18:	636f4361 	.word	0x636f4361
10002a1c:	3fd287a7 	.word	0x3fd287a7
10002a20:	0979a371 	.word	0x0979a371
10002a24:	400a934f 	.word	0x400a934f
10002a28:	bbb55516 	.word	0xbbb55516
10002a2c:	40026bb1 	.word	0x40026bb1
10002a30:	fefa39ef 	.word	0xfefa39ef
10002a34:	3fe62e42 	.word	0x3fe62e42
10002a38:	eb1c432d 	.word	0xeb1c432d
10002a3c:	3f1a36e2 	.word	0x3f1a36e2
10002a40:	00000000 	.word	0x00000000
10002a44:	412e8480 	.word	0x412e8480
10002a48:	3ff80000 	.word	0x3ff80000
10002a4c:	3fe00000 	.word	0x3fe00000
10002a50:	402c0000 	.word	0x402c0000
10002a54:	40240000 	.word	0x40240000
10002a58:	40180000 	.word	0x40180000
10002a5c:	3ff00000 	.word	0x3ff00000
10002a60:	509f79fb 	.word	0x509f79fb
10002a64:	3fd34413 	.word	0x3fd34413
10002a68:	8b60c8b3 	.word	0x8b60c8b3
10002a6c:	3fc68a28 	.word	0x3fc68a28
10002a70:	9b14      	ldr	r3, [sp, #80]	@ 0x50
10002a72:	e9dd a708 	ldrd	sl, r7, [sp, #32]
10002a76:	9303      	str	r3, [sp, #12]
10002a78:	9b0a      	ldr	r3, [sp, #40]	@ 0x28
10002a7a:	f107 4b00 	add.w	fp, r7, #2147483648	@ 0x80000000
10002a7e:	9302      	str	r3, [sp, #8]
10002a80:	f428 6300 	bic.w	r3, r8, #2048	@ 0x800
10002a84:	9a0b      	ldr	r2, [sp, #44]	@ 0x2c
10002a86:	9304      	str	r3, [sp, #16]
10002a88:	4629      	mov	r1, r5
10002a8a:	4633      	mov	r3, r6
10002a8c:	4620      	mov	r0, r4
10002a8e:	e9cd ab00 	strd	sl, fp, [sp]
10002a92:	f7ff fb15 	bl	100020c0 <_ftoa>
10002a96:	4602      	mov	r2, r0
10002a98:	e5d2      	b.n	10002640 <_etoa+0xe8>
10002a9a:	9b12      	ldr	r3, [sp, #72]	@ 0x48
10002a9c:	4599      	cmp	r9, r3
10002a9e:	d815      	bhi.n	10002acc <_etoa+0x574>
10002aa0:	9214      	str	r2, [sp, #80]	@ 0x50
10002aa2:	e7a1      	b.n	100029e8 <_etoa+0x490>
10002aa4:	9b10      	ldr	r3, [sp, #64]	@ 0x40
10002aa6:	b123      	cbz	r3, 10002ab2 <_etoa+0x55a>
10002aa8:	9b0a      	ldr	r3, [sp, #40]	@ 0x28
10002aaa:	9314      	str	r3, [sp, #80]	@ 0x50
10002aac:	2302      	movs	r3, #2
10002aae:	9310      	str	r3, [sp, #64]	@ 0x40
10002ab0:	e79a      	b.n	100029e8 <_etoa+0x490>
10002ab2:	9b12      	ldr	r3, [sp, #72]	@ 0x48
10002ab4:	eba9 0303 	sub.w	r3, r9, r3
10002ab8:	9314      	str	r3, [sp, #80]	@ 0x50
10002aba:	e795      	b.n	100029e8 <_etoa+0x490>
10002abc:	1a9b      	subs	r3, r3, r2
10002abe:	1e5f      	subs	r7, r3, #1
10002ac0:	e643      	b.n	1000274a <_etoa+0x1f2>
10002ac2:	2304      	movs	r3, #4
10002ac4:	9312      	str	r3, [sp, #72]	@ 0x48
10002ac6:	2302      	movs	r3, #2
10002ac8:	9310      	str	r3, [sp, #64]	@ 0x40
10002aca:	e78d      	b.n	100029e8 <_etoa+0x490>
10002acc:	9b10      	ldr	r3, [sp, #64]	@ 0x40
10002ace:	2b00      	cmp	r3, #0
10002ad0:	d0ef      	beq.n	10002ab2 <_etoa+0x55a>
10002ad2:	2302      	movs	r3, #2
10002ad4:	9214      	str	r2, [sp, #80]	@ 0x50
10002ad6:	9310      	str	r3, [sp, #64]	@ 0x40
10002ad8:	e786      	b.n	100029e8 <_etoa+0x490>
10002ada:	bf00      	nop

10002adc <_vsnprintf>:
10002adc:	e92d 4ff0 	stmdb	sp!, {r4, r5, r6, r7, r8, r9, sl, fp, lr}
10002ae0:	4691      	mov	r9, r2
10002ae2:	4c9a      	ldr	r4, [pc, #616]	@ (10002d4c <_vsnprintf+0x270>)
10002ae4:	4a9a      	ldr	r2, [pc, #616]	@ (10002d50 <_vsnprintf+0x274>)
10002ae6:	f1b1 0a00 	subs.w	sl, r1, #0
10002aea:	b09b      	sub	sp, #108	@ 0x6c
10002aec:	bf18      	it	ne
10002aee:	4683      	movne	fp, r0
10002af0:	6014      	str	r4, [r2, #0]
10002af2:	7818      	ldrb	r0, [r3, #0]
10002af4:	4a97      	ldr	r2, [pc, #604]	@ (10002d54 <_vsnprintf+0x278>)
10002af6:	f8dd 8090 	ldr.w	r8, [sp, #144]	@ 0x90
10002afa:	bf08      	it	eq
10002afc:	4693      	moveq	fp, r2
10002afe:	2800      	cmp	r0, #0
10002b00:	f000 828a 	beq.w	10003018 <_vsnprintf+0x53c>
10002b04:	461d      	mov	r5, r3
10002b06:	2600      	movs	r6, #0
10002b08:	f8cd 9020 	str.w	r9, [sp, #32]
10002b0c:	e008      	b.n	10002b20 <_vsnprintf+0x44>
10002b0e:	4632      	mov	r2, r6
10002b10:	4651      	mov	r1, sl
10002b12:	9b08      	ldr	r3, [sp, #32]
10002b14:	47d8      	blx	fp
10002b16:	3601      	adds	r6, #1
10002b18:	7828      	ldrb	r0, [r5, #0]
10002b1a:	2800      	cmp	r0, #0
10002b1c:	f000 80c7 	beq.w	10002cae <_vsnprintf+0x1d2>
10002b20:	2825      	cmp	r0, #37	@ 0x25
10002b22:	f105 0501 	add.w	r5, r5, #1
10002b26:	d1f2      	bne.n	10002b0e <_vsnprintf+0x32>
10002b28:	2200      	movs	r2, #0
10002b2a:	462b      	mov	r3, r5
10002b2c:	f813 1b01 	ldrb.w	r1, [r3], #1
10002b30:	f1a1 0020 	sub.w	r0, r1, #32
10002b34:	2810      	cmp	r0, #16
10002b36:	d80a      	bhi.n	10002b4e <_vsnprintf+0x72>
10002b38:	e8df f000 	tbb	[pc, r0]
10002b3c:	3b09093f 	.word	0x3b09093f
10002b40:	09090909 	.word	0x09090909
10002b44:	37090909 	.word	0x37090909
10002b48:	09093309 	.word	0x09093309
10002b4c:	2f          	.byte	0x2f
10002b4d:	00          	.byte	0x00
10002b4e:	f1a1 0030 	sub.w	r0, r1, #48	@ 0x30
10002b52:	2809      	cmp	r0, #9
10002b54:	f240 8089 	bls.w	10002c6a <_vsnprintf+0x18e>
10002b58:	292a      	cmp	r1, #42	@ 0x2a
10002b5a:	f000 80e9 	beq.w	10002d30 <_vsnprintf+0x254>
10002b5e:	2400      	movs	r4, #0
10002b60:	292e      	cmp	r1, #46	@ 0x2e
10002b62:	f000 8094 	beq.w	10002c8e <_vsnprintf+0x1b2>
10002b66:	2700      	movs	r7, #0
10002b68:	f1a1 0068 	sub.w	r0, r1, #104	@ 0x68
10002b6c:	2812      	cmp	r0, #18
10002b6e:	d82c      	bhi.n	10002bca <_vsnprintf+0xee>
10002b70:	e8df f010 	tbh	[pc, r0, lsl #1]
10002b74:	002b014e 	.word	0x002b014e
10002b78:	002b0149 	.word	0x002b0149
10002b7c:	002b0140 	.word	0x002b0140
10002b80:	002b002b 	.word	0x002b002b
10002b84:	002b002b 	.word	0x002b002b
10002b88:	002b002b 	.word	0x002b002b
10002b8c:	002b0027 	.word	0x002b0027
10002b90:	002b002b 	.word	0x002b002b
10002b94:	002b002b 	.word	0x002b002b
10002b98:	0027      	.short	0x0027
10002b9a:	461d      	mov	r5, r3
10002b9c:	f042 0201 	orr.w	r2, r2, #1
10002ba0:	e7c3      	b.n	10002b2a <_vsnprintf+0x4e>
10002ba2:	461d      	mov	r5, r3
10002ba4:	f042 0202 	orr.w	r2, r2, #2
10002ba8:	e7bf      	b.n	10002b2a <_vsnprintf+0x4e>
10002baa:	461d      	mov	r5, r3
10002bac:	f042 0204 	orr.w	r2, r2, #4
10002bb0:	e7bb      	b.n	10002b2a <_vsnprintf+0x4e>
10002bb2:	461d      	mov	r5, r3
10002bb4:	f042 0210 	orr.w	r2, r2, #16
10002bb8:	e7b7      	b.n	10002b2a <_vsnprintf+0x4e>
10002bba:	461d      	mov	r5, r3
10002bbc:	f042 0208 	orr.w	r2, r2, #8
10002bc0:	e7b3      	b.n	10002b2a <_vsnprintf+0x4e>
10002bc2:	7869      	ldrb	r1, [r5, #1]
10002bc4:	f442 7280 	orr.w	r2, r2, #256	@ 0x100
10002bc8:	3301      	adds	r3, #1
10002bca:	2967      	cmp	r1, #103	@ 0x67
10002bcc:	461d      	mov	r5, r3
10002bce:	d87e      	bhi.n	10002cce <_vsnprintf+0x1f2>
10002bd0:	2924      	cmp	r1, #36	@ 0x24
10002bd2:	f240 80b8 	bls.w	10002d46 <_vsnprintf+0x26a>
10002bd6:	f1a1 0325 	sub.w	r3, r1, #37	@ 0x25
10002bda:	2b42      	cmp	r3, #66	@ 0x42
10002bdc:	f200 80b3 	bhi.w	10002d46 <_vsnprintf+0x26a>
10002be0:	e8df f013 	tbh	[pc, r3, lsl #1]
10002be4:	00b10151 	.word	0x00b10151
10002be8:	00b100b1 	.word	0x00b100b1
10002bec:	00b100b1 	.word	0x00b100b1
10002bf0:	00b100b1 	.word	0x00b100b1
10002bf4:	00b100b1 	.word	0x00b100b1
10002bf8:	00b100b1 	.word	0x00b100b1
10002bfc:	00b100b1 	.word	0x00b100b1
10002c00:	00b100b1 	.word	0x00b100b1
10002c04:	00b100b1 	.word	0x00b100b1
10002c08:	00b100b1 	.word	0x00b100b1
10002c0c:	00b100b1 	.word	0x00b100b1
10002c10:	00b100b1 	.word	0x00b100b1
10002c14:	00b100b1 	.word	0x00b100b1
10002c18:	00b100b1 	.word	0x00b100b1
10002c1c:	00b100b1 	.word	0x00b100b1
10002c20:	00b100b1 	.word	0x00b100b1
10002c24:	013a011e 	.word	0x013a011e
10002c28:	00b1011e 	.word	0x00b1011e
10002c2c:	00b100b1 	.word	0x00b100b1
10002c30:	00b100b1 	.word	0x00b100b1
10002c34:	00b100b1 	.word	0x00b100b1
10002c38:	00b100b1 	.word	0x00b100b1
10002c3c:	00b100b1 	.word	0x00b100b1
10002c40:	00b100b1 	.word	0x00b100b1
10002c44:	00b100b1 	.word	0x00b100b1
10002c48:	01b400b1 	.word	0x01b400b1
10002c4c:	00b100b1 	.word	0x00b100b1
10002c50:	00b100b1 	.word	0x00b100b1
10002c54:	00b100b1 	.word	0x00b100b1
10002c58:	00b100b1 	.word	0x00b100b1
10002c5c:	01b400b1 	.word	0x01b400b1
10002c60:	01b40158 	.word	0x01b40158
10002c64:	013a011e 	.word	0x013a011e
10002c68:	011e      	.short	0x011e
10002c6a:	2400      	movs	r4, #0
10002c6c:	eb04 0484 	add.w	r4, r4, r4, lsl #2
10002c70:	eb01 0444 	add.w	r4, r1, r4, lsl #1
10002c74:	7819      	ldrb	r1, [r3, #0]
10002c76:	461d      	mov	r5, r3
10002c78:	f1a1 0030 	sub.w	r0, r1, #48	@ 0x30
10002c7c:	2809      	cmp	r0, #9
10002c7e:	f1a4 0430 	sub.w	r4, r4, #48	@ 0x30
10002c82:	f103 0301 	add.w	r3, r3, #1
10002c86:	d9f1      	bls.n	10002c6c <_vsnprintf+0x190>
10002c88:	292e      	cmp	r1, #46	@ 0x2e
10002c8a:	f47f af6c 	bne.w	10002b66 <_vsnprintf+0x8a>
10002c8e:	7869      	ldrb	r1, [r5, #1]
10002c90:	4618      	mov	r0, r3
10002c92:	f1a1 0730 	sub.w	r7, r1, #48	@ 0x30
10002c96:	2f09      	cmp	r7, #9
10002c98:	f442 6280 	orr.w	r2, r2, #1024	@ 0x400
10002c9c:	f240 8125 	bls.w	10002eea <_vsnprintf+0x40e>
10002ca0:	292a      	cmp	r1, #42	@ 0x2a
10002ca2:	f000 8132 	beq.w	10002f0a <_vsnprintf+0x42e>
10002ca6:	461d      	mov	r5, r3
10002ca8:	2700      	movs	r7, #0
10002caa:	3301      	adds	r3, #1
10002cac:	e75c      	b.n	10002b68 <_vsnprintf+0x8c>
10002cae:	4634      	mov	r4, r6
10002cb0:	f8dd 9020 	ldr.w	r9, [sp, #32]
10002cb4:	45b1      	cmp	r9, r6
10002cb6:	d801      	bhi.n	10002cbc <_vsnprintf+0x1e0>
10002cb8:	f109 36ff 	add.w	r6, r9, #4294967295
10002cbc:	464b      	mov	r3, r9
10002cbe:	4632      	mov	r2, r6
10002cc0:	4651      	mov	r1, sl
10002cc2:	2000      	movs	r0, #0
10002cc4:	47d8      	blx	fp
10002cc6:	4620      	mov	r0, r4
10002cc8:	b01b      	add	sp, #108	@ 0x6c
10002cca:	e8bd 8ff0 	ldmia.w	sp!, {r4, r5, r6, r7, r8, r9, sl, fp, pc}
10002cce:	f1a1 0369 	sub.w	r3, r1, #105	@ 0x69
10002cd2:	b2db      	uxtb	r3, r3
10002cd4:	2b0f      	cmp	r3, #15
10002cd6:	d836      	bhi.n	10002d46 <_vsnprintf+0x26a>
10002cd8:	2001      	movs	r0, #1
10002cda:	f249 0c41 	movw	ip, #36929	@ 0x9041
10002cde:	4098      	lsls	r0, r3
10002ce0:	ea10 000c 	ands.w	r0, r0, ip
10002ce4:	f040 80f4 	bne.w	10002ed0 <_vsnprintf+0x3f4>
10002ce8:	2b0a      	cmp	r3, #10
10002cea:	d035      	beq.n	10002d58 <_vsnprintf+0x27c>
10002cec:	2b07      	cmp	r3, #7
10002cee:	d12a      	bne.n	10002d46 <_vsnprintf+0x26a>
10002cf0:	f858 1b04 	ldr.w	r1, [r8], #4
10002cf4:	2900      	cmp	r1, #0
10002cf6:	f040 8110 	bne.w	10002f1a <_vsnprintf+0x43e>
10002cfa:	f022 0410 	bic.w	r4, r2, #16
10002cfe:	f412 6180 	ands.w	r1, r2, #1024	@ 0x400
10002d02:	f044 0421 	orr.w	r4, r4, #33	@ 0x21
10002d06:	f000 810a 	beq.w	10002f1e <_vsnprintf+0x442>
10002d0a:	aa12      	add	r2, sp, #72	@ 0x48
10002d0c:	2308      	movs	r3, #8
10002d0e:	9305      	str	r3, [sp, #20]
10002d10:	2310      	movs	r3, #16
10002d12:	e9cd 2000 	strd	r2, r0, [sp]
10002d16:	4632      	mov	r2, r6
10002d18:	9406      	str	r4, [sp, #24]
10002d1a:	9704      	str	r7, [sp, #16]
10002d1c:	9303      	str	r3, [sp, #12]
10002d1e:	2300      	movs	r3, #0
10002d20:	9302      	str	r3, [sp, #8]
10002d22:	4651      	mov	r1, sl
10002d24:	4658      	mov	r0, fp
10002d26:	9b08      	ldr	r3, [sp, #32]
10002d28:	f7ff f8d0 	bl	10001ecc <_ntoa_format>
10002d2c:	4606      	mov	r6, r0
10002d2e:	e6f3      	b.n	10002b18 <_vsnprintf+0x3c>
10002d30:	f858 4b04 	ldr.w	r4, [r8], #4
10002d34:	7869      	ldrb	r1, [r5, #1]
10002d36:	2c00      	cmp	r4, #0
10002d38:	461d      	mov	r5, r3
10002d3a:	bfbc      	itt	lt
10002d3c:	f042 0202 	orrlt.w	r2, r2, #2
10002d40:	4264      	neglt	r4, r4
10002d42:	3301      	adds	r3, #1
10002d44:	e70c      	b.n	10002b60 <_vsnprintf+0x84>
10002d46:	4608      	mov	r0, r1
10002d48:	e6e1      	b.n	10002b0e <_vsnprintf+0x32>
10002d4a:	bf00      	nop
10002d4c:	10002add 	.word	0x10002add
10002d50:	20002420 	.word	0x20002420
10002d54:	10001e21 	.word	0x10001e21
10002d58:	f858 9b04 	ldr.w	r9, [r8], #4
10002d5c:	2f00      	cmp	r7, #0
10002d5e:	f899 0000 	ldrb.w	r0, [r9]
10002d62:	bf14      	ite	ne
10002d64:	463b      	movne	r3, r7
10002d66:	f04f 33ff 	moveq.w	r3, #4294967295
10002d6a:	2800      	cmp	r0, #0
10002d6c:	f000 8382 	beq.w	10003474 <_vsnprintf+0x998>
10002d70:	4649      	mov	r1, r9
10002d72:	eb03 0c09 	add.w	ip, r3, r9
10002d76:	e004      	b.n	10002d82 <_vsnprintf+0x2a6>
10002d78:	f811 3f01 	ldrb.w	r3, [r1, #1]!
10002d7c:	2b00      	cmp	r3, #0
10002d7e:	f000 8143 	beq.w	10003008 <_vsnprintf+0x52c>
10002d82:	458c      	cmp	ip, r1
10002d84:	d1f8      	bne.n	10002d78 <_vsnprintf+0x29c>
10002d86:	ebac 0109 	sub.w	r1, ip, r9
10002d8a:	0553      	lsls	r3, r2, #21
10002d8c:	f140 8120 	bpl.w	10002fd0 <_vsnprintf+0x4f4>
10002d90:	42b9      	cmp	r1, r7
10002d92:	bf28      	it	cs
10002d94:	4639      	movcs	r1, r7
10002d96:	f012 0302 	ands.w	r3, r2, #2
10002d9a:	f000 8283 	beq.w	100032a4 <_vsnprintf+0x7c8>
10002d9e:	2302      	movs	r3, #2
10002da0:	e9cd 4809 	strd	r4, r8, [sp, #36]	@ 0x24
10002da4:	4632      	mov	r2, r6
10002da6:	4688      	mov	r8, r1
10002da8:	9c08      	ldr	r4, [sp, #32]
10002daa:	4437      	add	r7, r6
10002dac:	930b      	str	r3, [sp, #44]	@ 0x2c
10002dae:	e007      	b.n	10002dc0 <_vsnprintf+0x2e4>
10002db0:	4623      	mov	r3, r4
10002db2:	4651      	mov	r1, sl
10002db4:	47d8      	blx	fp
10002db6:	f819 0f01 	ldrb.w	r0, [r9, #1]!
10002dba:	3601      	adds	r6, #1
10002dbc:	b110      	cbz	r0, 10002dc4 <_vsnprintf+0x2e8>
10002dbe:	4632      	mov	r2, r6
10002dc0:	42b7      	cmp	r7, r6
10002dc2:	d1f5      	bne.n	10002db0 <_vsnprintf+0x2d4>
10002dc4:	9b0b      	ldr	r3, [sp, #44]	@ 0x2c
10002dc6:	4641      	mov	r1, r8
10002dc8:	9c09      	ldr	r4, [sp, #36]	@ 0x24
10002dca:	f8dd 8028 	ldr.w	r8, [sp, #40]	@ 0x28
10002dce:	2b00      	cmp	r3, #0
10002dd0:	f43f aea2 	beq.w	10002b18 <_vsnprintf+0x3c>
10002dd4:	4637      	mov	r7, r6
10002dd6:	428c      	cmp	r4, r1
10002dd8:	f67f ae9e 	bls.w	10002b18 <_vsnprintf+0x3c>
10002ddc:	4426      	add	r6, r4
10002dde:	9c08      	ldr	r4, [sp, #32]
10002de0:	1a76      	subs	r6, r6, r1
10002de2:	463a      	mov	r2, r7
10002de4:	4623      	mov	r3, r4
10002de6:	4651      	mov	r1, sl
10002de8:	2020      	movs	r0, #32
10002dea:	3701      	adds	r7, #1
10002dec:	47d8      	blx	fp
10002dee:	42b7      	cmp	r7, r6
10002df0:	d1f7      	bne.n	10002de2 <_vsnprintf+0x306>
10002df2:	e691      	b.n	10002b18 <_vsnprintf+0x3c>
10002df4:	7869      	ldrb	r1, [r5, #1]
10002df6:	296c      	cmp	r1, #108	@ 0x6c
10002df8:	f47f aee4 	bne.w	10002bc4 <_vsnprintf+0xe8>
10002dfc:	78a9      	ldrb	r1, [r5, #2]
10002dfe:	f442 7240 	orr.w	r2, r2, #768	@ 0x300
10002e02:	1ceb      	adds	r3, r5, #3
10002e04:	e6e1      	b.n	10002bca <_vsnprintf+0xee>
10002e06:	7869      	ldrb	r1, [r5, #1]
10002e08:	f442 7200 	orr.w	r2, r2, #512	@ 0x200
10002e0c:	3301      	adds	r3, #1
10002e0e:	e6dc      	b.n	10002bca <_vsnprintf+0xee>
10002e10:	7869      	ldrb	r1, [r5, #1]
10002e12:	2968      	cmp	r1, #104	@ 0x68
10002e14:	f000 80fb 	beq.w	1000300e <_vsnprintf+0x532>
10002e18:	f042 0280 	orr.w	r2, r2, #128	@ 0x80
10002e1c:	3301      	adds	r3, #1
10002e1e:	e6d4      	b.n	10002bca <_vsnprintf+0xee>
10002e20:	2967      	cmp	r1, #103	@ 0x67
10002e22:	f000 80c9 	beq.w	10002fb8 <_vsnprintf+0x4dc>
10002e26:	2947      	cmp	r1, #71	@ 0x47
10002e28:	f000 80cd 	beq.w	10002fc6 <_vsnprintf+0x4ea>
10002e2c:	2945      	cmp	r1, #69	@ 0x45
10002e2e:	f000 80cc 	beq.w	10002fca <_vsnprintf+0x4ee>
10002e32:	e9cd 4203 	strd	r4, r2, [sp, #12]
10002e36:	f108 0807 	add.w	r8, r8, #7
10002e3a:	9702      	str	r7, [sp, #8]
10002e3c:	f028 0807 	bic.w	r8, r8, #7
10002e40:	4632      	mov	r2, r6
10002e42:	e8f8 6702 	ldrd	r6, r7, [r8], #8
10002e46:	4651      	mov	r1, sl
10002e48:	e9cd 6700 	strd	r6, r7, [sp]
10002e4c:	4658      	mov	r0, fp
10002e4e:	9b08      	ldr	r3, [sp, #32]
10002e50:	f7ff fb82 	bl	10002558 <_etoa>
10002e54:	4606      	mov	r6, r0
10002e56:	e65f      	b.n	10002b18 <_vsnprintf+0x3c>
10002e58:	2946      	cmp	r1, #70	@ 0x46
10002e5a:	bf08      	it	eq
10002e5c:	f042 0220 	orreq.w	r2, r2, #32
10002e60:	e9cd 4203 	strd	r4, r2, [sp, #12]
10002e64:	f108 0807 	add.w	r8, r8, #7
10002e68:	9702      	str	r7, [sp, #8]
10002e6a:	f028 0807 	bic.w	r8, r8, #7
10002e6e:	4632      	mov	r2, r6
10002e70:	e8f8 6702 	ldrd	r6, r7, [r8], #8
10002e74:	4651      	mov	r1, sl
10002e76:	e9cd 6700 	strd	r6, r7, [sp]
10002e7a:	4658      	mov	r0, fp
10002e7c:	9b08      	ldr	r3, [sp, #32]
10002e7e:	f7ff f91f 	bl	100020c0 <_ftoa>
10002e82:	4606      	mov	r6, r0
10002e84:	e648      	b.n	10002b18 <_vsnprintf+0x3c>
10002e86:	4632      	mov	r2, r6
10002e88:	4651      	mov	r1, sl
10002e8a:	2025      	movs	r0, #37	@ 0x25
10002e8c:	9b08      	ldr	r3, [sp, #32]
10002e8e:	47d8      	blx	fp
10002e90:	3601      	adds	r6, #1
10002e92:	e641      	b.n	10002b18 <_vsnprintf+0x3c>
10002e94:	f108 0304 	add.w	r3, r8, #4
10002e98:	0792      	lsls	r2, r2, #30
10002e9a:	9309      	str	r3, [sp, #36]	@ 0x24
10002e9c:	f106 0701 	add.w	r7, r6, #1
10002ea0:	f140 80c3 	bpl.w	1000302a <_vsnprintf+0x54e>
10002ea4:	4632      	mov	r2, r6
10002ea6:	4651      	mov	r1, sl
10002ea8:	f898 0000 	ldrb.w	r0, [r8]
10002eac:	9b08      	ldr	r3, [sp, #32]
10002eae:	47d8      	blx	fp
10002eb0:	2c01      	cmp	r4, #1
10002eb2:	f240 81b4 	bls.w	1000321e <_vsnprintf+0x742>
10002eb6:	4426      	add	r6, r4
10002eb8:	9c08      	ldr	r4, [sp, #32]
10002eba:	463a      	mov	r2, r7
10002ebc:	4623      	mov	r3, r4
10002ebe:	4651      	mov	r1, sl
10002ec0:	2020      	movs	r0, #32
10002ec2:	3701      	adds	r7, #1
10002ec4:	47d8      	blx	fp
10002ec6:	42b7      	cmp	r7, r6
10002ec8:	d1f7      	bne.n	10002eba <_vsnprintf+0x3de>
10002eca:	f8dd 8024 	ldr.w	r8, [sp, #36]	@ 0x24
10002ece:	e623      	b.n	10002b18 <_vsnprintf+0x3c>
10002ed0:	296f      	cmp	r1, #111	@ 0x6f
10002ed2:	d074      	beq.n	10002fbe <_vsnprintf+0x4e2>
10002ed4:	f240 8241 	bls.w	1000335a <_vsnprintf+0x87e>
10002ed8:	2978      	cmp	r1, #120	@ 0x78
10002eda:	f000 8186 	beq.w	100031ea <_vsnprintf+0x70e>
10002ede:	f04f 090a 	mov.w	r9, #10
10002ee2:	f022 0210 	bic.w	r2, r2, #16
10002ee6:	464b      	mov	r3, r9
10002ee8:	e038      	b.n	10002f5c <_vsnprintf+0x480>
10002eea:	2700      	movs	r7, #0
10002eec:	eb07 0787 	add.w	r7, r7, r7, lsl #2
10002ef0:	eb01 0147 	add.w	r1, r1, r7, lsl #1
10002ef4:	f1a1 0730 	sub.w	r7, r1, #48	@ 0x30
10002ef8:	f810 1f01 	ldrb.w	r1, [r0, #1]!
10002efc:	f1a1 0330 	sub.w	r3, r1, #48	@ 0x30
10002f00:	2b09      	cmp	r3, #9
10002f02:	d9f3      	bls.n	10002eec <_vsnprintf+0x410>
10002f04:	4605      	mov	r5, r0
10002f06:	1c43      	adds	r3, r0, #1
10002f08:	e62e      	b.n	10002b68 <_vsnprintf+0x8c>
10002f0a:	f858 7b04 	ldr.w	r7, [r8], #4
10002f0e:	78a9      	ldrb	r1, [r5, #2]
10002f10:	3502      	adds	r5, #2
10002f12:	1c6b      	adds	r3, r5, #1
10002f14:	ea27 77e7 	bic.w	r7, r7, r7, asr #31
10002f18:	e626      	b.n	10002b68 <_vsnprintf+0x8c>
10002f1a:	f042 0421 	orr.w	r4, r2, #33	@ 0x21
10002f1e:	aa12      	add	r2, sp, #72	@ 0x48
10002f20:	4694      	mov	ip, r2
10002f22:	e002      	b.n	10002f2a <_vsnprintf+0x44e>
10002f24:	2820      	cmp	r0, #32
10002f26:	f43f aef1 	beq.w	10002d0c <_vsnprintf+0x230>
10002f2a:	f001 030f 	and.w	r3, r1, #15
10002f2e:	2b09      	cmp	r3, #9
10002f30:	bf94      	ite	ls
10002f32:	3330      	addls	r3, #48	@ 0x30
10002f34:	3337      	addhi	r3, #55	@ 0x37
10002f36:	290f      	cmp	r1, #15
10002f38:	f88c 3000 	strb.w	r3, [ip]
10002f3c:	f100 0001 	add.w	r0, r0, #1
10002f40:	f10c 0c01 	add.w	ip, ip, #1
10002f44:	ea4f 1111 	mov.w	r1, r1, lsr #4
10002f48:	d8ec      	bhi.n	10002f24 <_vsnprintf+0x448>
10002f4a:	e6df      	b.n	10002d0c <_vsnprintf+0x230>
10002f4c:	2958      	cmp	r1, #88	@ 0x58
10002f4e:	d066      	beq.n	1000301e <_vsnprintf+0x542>
10002f50:	2962      	cmp	r1, #98	@ 0x62
10002f52:	f040 8089 	bne.w	10003068 <_vsnprintf+0x58c>
10002f56:	f04f 0902 	mov.w	r9, #2
10002f5a:	464b      	mov	r3, r9
10002f5c:	f412 6c80 	ands.w	ip, r2, #1024	@ 0x400
10002f60:	f000 80d4 	beq.w	1000310c <_vsnprintf+0x630>
10002f64:	f022 020d 	bic.w	r2, r2, #13
10002f68:	9209      	str	r2, [sp, #36]	@ 0x24
10002f6a:	f412 7100 	ands.w	r1, r2, #512	@ 0x200
10002f6e:	f040 817b 	bne.w	10003268 <_vsnprintf+0x78c>
10002f72:	f412 7080 	ands.w	r0, r2, #256	@ 0x100
10002f76:	f108 0904 	add.w	r9, r8, #4
10002f7a:	f040 8238 	bne.w	100033ee <_vsnprintf+0x912>
10002f7e:	0651      	lsls	r1, r2, #25
10002f80:	f140 813a 	bpl.w	100031f8 <_vsnprintf+0x71c>
10002f84:	f898 1000 	ldrb.w	r1, [r8]
10002f88:	2900      	cmp	r1, #0
10002f8a:	f040 814a 	bne.w	10003222 <_vsnprintf+0x746>
10002f8e:	9a09      	ldr	r2, [sp, #36]	@ 0x24
10002f90:	f022 0210 	bic.w	r2, r2, #16
10002f94:	9209      	str	r2, [sp, #36]	@ 0x24
10002f96:	f1bc 0f00 	cmp.w	ip, #0
10002f9a:	f000 8142 	beq.w	10003222 <_vsnprintf+0x746>
10002f9e:	4608      	mov	r0, r1
10002fa0:	aa12      	add	r2, sp, #72	@ 0x48
10002fa2:	9909      	ldr	r1, [sp, #36]	@ 0x24
10002fa4:	e9cd 3703 	strd	r3, r7, [sp, #12]
10002fa8:	e9cd 4105 	strd	r4, r1, [sp, #20]
10002fac:	9001      	str	r0, [sp, #4]
10002fae:	2300      	movs	r3, #0
10002fb0:	9200      	str	r2, [sp, #0]
10002fb2:	9302      	str	r3, [sp, #8]
10002fb4:	4632      	mov	r2, r6
10002fb6:	e0a1      	b.n	100030fc <_vsnprintf+0x620>
10002fb8:	f442 6200 	orr.w	r2, r2, #2048	@ 0x800
10002fbc:	e739      	b.n	10002e32 <_vsnprintf+0x356>
10002fbe:	f04f 0908 	mov.w	r9, #8
10002fc2:	464b      	mov	r3, r9
10002fc4:	e7ca      	b.n	10002f5c <_vsnprintf+0x480>
10002fc6:	f442 6200 	orr.w	r2, r2, #2048	@ 0x800
10002fca:	f042 0220 	orr.w	r2, r2, #32
10002fce:	e730      	b.n	10002e32 <_vsnprintf+0x356>
10002fd0:	f012 0302 	ands.w	r3, r2, #2
10002fd4:	f000 818c 	beq.w	100032f0 <_vsnprintf+0x814>
10002fd8:	2302      	movs	r3, #2
10002fda:	e9cd 4809 	strd	r4, r8, [sp, #36]	@ 0x24
10002fde:	461f      	mov	r7, r3
10002fe0:	4688      	mov	r8, r1
10002fe2:	9c08      	ldr	r4, [sp, #32]
10002fe4:	4632      	mov	r2, r6
10002fe6:	4623      	mov	r3, r4
10002fe8:	4651      	mov	r1, sl
10002fea:	47d8      	blx	fp
10002fec:	f819 0f01 	ldrb.w	r0, [r9, #1]!
10002ff0:	3601      	adds	r6, #1
10002ff2:	2800      	cmp	r0, #0
10002ff4:	d1f6      	bne.n	10002fe4 <_vsnprintf+0x508>
10002ff6:	463b      	mov	r3, r7
10002ff8:	4641      	mov	r1, r8
10002ffa:	9c09      	ldr	r4, [sp, #36]	@ 0x24
10002ffc:	f8dd 8028 	ldr.w	r8, [sp, #40]	@ 0x28
10003000:	2b00      	cmp	r3, #0
10003002:	f43f ad89 	beq.w	10002b18 <_vsnprintf+0x3c>
10003006:	e6e5      	b.n	10002dd4 <_vsnprintf+0x2f8>
10003008:	eba1 0109 	sub.w	r1, r1, r9
1000300c:	e6bd      	b.n	10002d8a <_vsnprintf+0x2ae>
1000300e:	78a9      	ldrb	r1, [r5, #2]
10003010:	f042 02c0 	orr.w	r2, r2, #192	@ 0xc0
10003014:	1ceb      	adds	r3, r5, #3
10003016:	e5d8      	b.n	10002bca <_vsnprintf+0xee>
10003018:	4604      	mov	r4, r0
1000301a:	4606      	mov	r6, r0
1000301c:	e64a      	b.n	10002cb4 <_vsnprintf+0x1d8>
1000301e:	f04f 0910 	mov.w	r9, #16
10003022:	f042 0220 	orr.w	r2, r2, #32
10003026:	464b      	mov	r3, r9
10003028:	e798      	b.n	10002f5c <_vsnprintf+0x480>
1000302a:	2c01      	cmp	r4, #1
1000302c:	f240 80f1 	bls.w	10003212 <_vsnprintf+0x736>
10003030:	4637      	mov	r7, r6
10003032:	f106 39ff 	add.w	r9, r6, #4294967295
10003036:	f8cd 8028 	str.w	r8, [sp, #40]	@ 0x28
1000303a:	f8dd 8020 	ldr.w	r8, [sp, #32]
1000303e:	44a1      	add	r9, r4
10003040:	463a      	mov	r2, r7
10003042:	4643      	mov	r3, r8
10003044:	4651      	mov	r1, sl
10003046:	2020      	movs	r0, #32
10003048:	3701      	adds	r7, #1
1000304a:	47d8      	blx	fp
1000304c:	454f      	cmp	r7, r9
1000304e:	d1f7      	bne.n	10003040 <_vsnprintf+0x564>
10003050:	f8dd 8028 	ldr.w	r8, [sp, #40]	@ 0x28
10003054:	463a      	mov	r2, r7
10003056:	f898 0000 	ldrb.w	r0, [r8]
1000305a:	4651      	mov	r1, sl
1000305c:	9b08      	ldr	r3, [sp, #32]
1000305e:	47d8      	blx	fp
10003060:	4426      	add	r6, r4
10003062:	f8dd 8024 	ldr.w	r8, [sp, #36]	@ 0x24
10003066:	e557      	b.n	10002b18 <_vsnprintf+0x3c>
10003068:	f412 6380 	ands.w	r3, r2, #1024	@ 0x400
1000306c:	f000 80c1 	beq.w	100031f2 <_vsnprintf+0x716>
10003070:	f44f 6380 	mov.w	r3, #1024	@ 0x400
10003074:	f022 0011 	bic.w	r0, r2, #17
10003078:	f410 7e00 	ands.w	lr, r0, #512	@ 0x200
1000307c:	d14a      	bne.n	10003114 <_vsnprintf+0x638>
1000307e:	f410 7c80 	ands.w	ip, r0, #256	@ 0x100
10003082:	f108 0904 	add.w	r9, r8, #4
10003086:	f040 8137 	bne.w	100032f8 <_vsnprintf+0x81c>
1000308a:	0641      	lsls	r1, r0, #25
1000308c:	f100 80a9 	bmi.w	100031e2 <_vsnprintf+0x706>
10003090:	0602      	lsls	r2, r0, #24
10003092:	f140 81e3 	bpl.w	1000345c <_vsnprintf+0x980>
10003096:	f9b8 2000 	ldrsh.w	r2, [r8]
1000309a:	ea82 71e2 	eor.w	r1, r2, r2, asr #31
1000309e:	eba1 71e2 	sub.w	r1, r1, r2, asr #31
100030a2:	fa1f fe81 	uxth.w	lr, r1
100030a6:	0fd1      	lsrs	r1, r2, #31
100030a8:	9109      	str	r1, [sp, #36]	@ 0x24
100030aa:	2a00      	cmp	r2, #0
100030ac:	f000 815f 	beq.w	1000336e <_vsnprintf+0x892>
100030b0:	4673      	mov	r3, lr
100030b2:	aa12      	add	r2, sp, #72	@ 0x48
100030b4:	4696      	mov	lr, r2
100030b6:	f8df 83a0 	ldr.w	r8, [pc, #928]	@ 10003458 <_vsnprintf+0x97c>
100030ba:	940a      	str	r4, [sp, #40]	@ 0x28
100030bc:	e003      	b.n	100030c6 <_vsnprintf+0x5ea>
100030be:	f1bc 0f20 	cmp.w	ip, #32
100030c2:	4623      	mov	r3, r4
100030c4:	d00f      	beq.n	100030e6 <_vsnprintf+0x60a>
100030c6:	fba8 1403 	umull	r1, r4, r8, r3
100030ca:	08e4      	lsrs	r4, r4, #3
100030cc:	eb04 0184 	add.w	r1, r4, r4, lsl #2
100030d0:	eba3 0141 	sub.w	r1, r3, r1, lsl #1
100030d4:	f10e 0e01 	add.w	lr, lr, #1
100030d8:	3130      	adds	r1, #48	@ 0x30
100030da:	2b09      	cmp	r3, #9
100030dc:	f10c 0c01 	add.w	ip, ip, #1
100030e0:	f80e 1c01 	strb.w	r1, [lr, #-1]
100030e4:	d8eb      	bhi.n	100030be <_vsnprintf+0x5e2>
100030e6:	9c0a      	ldr	r4, [sp, #40]	@ 0x28
100030e8:	9b09      	ldr	r3, [sp, #36]	@ 0x24
100030ea:	9200      	str	r2, [sp, #0]
100030ec:	e9cd c301 	strd	ip, r3, [sp, #4]
100030f0:	230a      	movs	r3, #10
100030f2:	4632      	mov	r2, r6
100030f4:	e9cd 4005 	strd	r4, r0, [sp, #20]
100030f8:	9704      	str	r7, [sp, #16]
100030fa:	9303      	str	r3, [sp, #12]
100030fc:	4651      	mov	r1, sl
100030fe:	4658      	mov	r0, fp
10003100:	9b08      	ldr	r3, [sp, #32]
10003102:	f7fe fee3 	bl	10001ecc <_ntoa_format>
10003106:	46c8      	mov	r8, r9
10003108:	4606      	mov	r6, r0
1000310a:	e505      	b.n	10002b18 <_vsnprintf+0x3c>
1000310c:	f022 020c 	bic.w	r2, r2, #12
10003110:	9209      	str	r2, [sp, #36]	@ 0x24
10003112:	e72a      	b.n	10002f6a <_vsnprintf+0x48e>
10003114:	f108 0807 	add.w	r8, r8, #7
10003118:	f028 0807 	bic.w	r8, r8, #7
1000311c:	f8d8 2004 	ldr.w	r2, [r8, #4]
10003120:	f858 cb08 	ldr.w	ip, [r8], #8
10003124:	0fd1      	lsrs	r1, r2, #31
10003126:	ea5c 0e02 	orrs.w	lr, ip, r2
1000312a:	d06c      	beq.n	10003206 <_vsnprintf+0x72a>
1000312c:	2a00      	cmp	r2, #0
1000312e:	4663      	mov	r3, ip
10003130:	da02      	bge.n	10003138 <_vsnprintf+0x65c>
10003132:	425b      	negs	r3, r3
10003134:	eb62 0242 	sbc.w	r2, r2, r2, lsl #1
10003138:	4691      	mov	r9, r2
1000313a:	9309      	str	r3, [sp, #36]	@ 0x24
1000313c:	aa12      	add	r2, sp, #72	@ 0x48
1000313e:	4694      	mov	ip, r2
10003140:	f04f 0e00 	mov.w	lr, #0
10003144:	e9cd 180a 	strd	r1, r8, [sp, #40]	@ 0x28
10003148:	e9cd 470c 	strd	r4, r7, [sp, #48]	@ 0x30
1000314c:	960e      	str	r6, [sp, #56]	@ 0x38
1000314e:	920f      	str	r2, [sp, #60]	@ 0x3c
10003150:	e003      	b.n	1000315a <_vsnprintf+0x67e>
10003152:	f1be 0f20 	cmp.w	lr, #32
10003156:	463b      	mov	r3, r7
10003158:	d030      	beq.n	100031bc <_vsnprintf+0x6e0>
1000315a:	f04f 32cc 	mov.w	r2, #3435973836	@ 0xcccccccc
1000315e:	eb13 0109 	adds.w	r1, r3, r9
10003162:	4fbd      	ldr	r7, [pc, #756]	@ (10003458 <_vsnprintf+0x97c>)
10003164:	f141 0100 	adc.w	r1, r1, #0
10003168:	fba7 4601 	umull	r4, r6, r7, r1
1000316c:	f026 0403 	bic.w	r4, r6, #3
10003170:	eb04 0496 	add.w	r4, r4, r6, lsr #2
10003174:	1b09      	subs	r1, r1, r4
10003176:	1a5c      	subs	r4, r3, r1
10003178:	fb02 f604 	mul.w	r6, r2, r4
1000317c:	463a      	mov	r2, r7
1000317e:	f169 0800 	sbc.w	r8, r9, #0
10003182:	fb02 6608 	mla	r6, r2, r8, r6
10003186:	2205      	movs	r2, #5
10003188:	fba4 7407 	umull	r7, r4, r4, r7
1000318c:	f007 0801 	and.w	r8, r7, #1
10003190:	4426      	add	r6, r4
10003192:	fba8 4802 	umull	r4, r8, r8, r2
10003196:	1864      	adds	r4, r4, r1
10003198:	2b0a      	cmp	r3, #10
1000319a:	f10c 0c01 	add.w	ip, ip, #1
1000319e:	ea4f 0757 	mov.w	r7, r7, lsr #1
100031a2:	f104 0430 	add.w	r4, r4, #48	@ 0x30
100031a6:	f179 0900 	sbcs.w	r9, r9, #0
100031aa:	f10e 0e01 	add.w	lr, lr, #1
100031ae:	f80c 4c01 	strb.w	r4, [ip, #-1]
100031b2:	ea47 77c6 	orr.w	r7, r7, r6, lsl #31
100031b6:	ea4f 0956 	mov.w	r9, r6, lsr #1
100031ba:	d2ca      	bcs.n	10003152 <_vsnprintf+0x676>
100031bc:	4673      	mov	r3, lr
100031be:	e9dd 180a 	ldrd	r1, r8, [sp, #40]	@ 0x28
100031c2:	e9dd 470c 	ldrd	r4, r7, [sp, #48]	@ 0x30
100031c6:	9e0e      	ldr	r6, [sp, #56]	@ 0x38
100031c8:	9a0f      	ldr	r2, [sp, #60]	@ 0x3c
100031ca:	f8cd e024 	str.w	lr, [sp, #36]	@ 0x24
100031ce:	e9cd 3101 	strd	r3, r1, [sp, #4]
100031d2:	230a      	movs	r3, #10
100031d4:	9200      	str	r2, [sp, #0]
100031d6:	e9cd 4005 	strd	r4, r0, [sp, #20]
100031da:	4632      	mov	r2, r6
100031dc:	9704      	str	r7, [sp, #16]
100031de:	9303      	str	r3, [sp, #12]
100031e0:	e59f      	b.n	10002d22 <_vsnprintf+0x246>
100031e2:	f898 2000 	ldrb.w	r2, [r8]
100031e6:	4696      	mov	lr, r2
100031e8:	e75d      	b.n	100030a6 <_vsnprintf+0x5ca>
100031ea:	f04f 0910 	mov.w	r9, #16
100031ee:	464b      	mov	r3, r9
100031f0:	e6b4      	b.n	10002f5c <_vsnprintf+0x480>
100031f2:	f022 0010 	bic.w	r0, r2, #16
100031f6:	e73f      	b.n	10003078 <_vsnprintf+0x59c>
100031f8:	0611      	lsls	r1, r2, #24
100031fa:	bf4c      	ite	mi
100031fc:	f8b8 1000 	ldrhmi.w	r1, [r8]
10003200:	f8d8 1000 	ldrpl.w	r1, [r8]
10003204:	e6c0      	b.n	10002f88 <_vsnprintf+0x4ac>
10003206:	2b00      	cmp	r3, #0
10003208:	f040 8142 	bne.w	10003490 <_vsnprintf+0x9b4>
1000320c:	4699      	mov	r9, r3
1000320e:	9309      	str	r3, [sp, #36]	@ 0x24
10003210:	e794      	b.n	1000313c <_vsnprintf+0x660>
10003212:	4632      	mov	r2, r6
10003214:	4651      	mov	r1, sl
10003216:	f898 0000 	ldrb.w	r0, [r8]
1000321a:	9b08      	ldr	r3, [sp, #32]
1000321c:	47d8      	blx	fp
1000321e:	463e      	mov	r6, r7
10003220:	e653      	b.n	10002eca <_vsnprintf+0x3ee>
10003222:	9a09      	ldr	r2, [sp, #36]	@ 0x24
10003224:	940a      	str	r4, [sp, #40]	@ 0x28
10003226:	f012 0f20 	tst.w	r2, #32
1000322a:	bf14      	ite	ne
1000322c:	f04f 0841 	movne.w	r8, #65	@ 0x41
10003230:	f04f 0861 	moveq.w	r8, #97	@ 0x61
10003234:	aa12      	add	r2, sp, #72	@ 0x48
10003236:	4694      	mov	ip, r2
10003238:	f1a8 080a 	sub.w	r8, r8, #10
1000323c:	e002      	b.n	10003244 <_vsnprintf+0x768>
1000323e:	2820      	cmp	r0, #32
10003240:	4671      	mov	r1, lr
10003242:	d00f      	beq.n	10003264 <_vsnprintf+0x788>
10003244:	fbb1 fef3 	udiv	lr, r1, r3
10003248:	fb03 141e 	mls	r4, r3, lr, r1
1000324c:	2c09      	cmp	r4, #9
1000324e:	bf94      	ite	ls
10003250:	3430      	addls	r4, #48	@ 0x30
10003252:	4444      	addhi	r4, r8
10003254:	4299      	cmp	r1, r3
10003256:	f88c 4000 	strb.w	r4, [ip]
1000325a:	f100 0001 	add.w	r0, r0, #1
1000325e:	f10c 0c01 	add.w	ip, ip, #1
10003262:	d2ec      	bcs.n	1000323e <_vsnprintf+0x762>
10003264:	9c0a      	ldr	r4, [sp, #40]	@ 0x28
10003266:	e69c      	b.n	10002fa2 <_vsnprintf+0x4c6>
10003268:	f108 0807 	add.w	r8, r8, #7
1000326c:	f028 0807 	bic.w	r8, r8, #7
10003270:	f8d8 2004 	ldr.w	r2, [r8, #4]
10003274:	f858 1b08 	ldr.w	r1, [r8], #8
10003278:	920a      	str	r2, [sp, #40]	@ 0x28
1000327a:	430a      	orrs	r2, r1
1000327c:	468e      	mov	lr, r1
1000327e:	d17b      	bne.n	10003378 <_vsnprintf+0x89c>
10003280:	9a09      	ldr	r2, [sp, #36]	@ 0x24
10003282:	f022 0210 	bic.w	r2, r2, #16
10003286:	9209      	str	r2, [sp, #36]	@ 0x24
10003288:	f1bc 0f00 	cmp.w	ip, #0
1000328c:	d074      	beq.n	10003378 <_vsnprintf+0x89c>
1000328e:	2000      	movs	r0, #0
10003290:	aa12      	add	r2, sp, #72	@ 0x48
10003292:	9909      	ldr	r1, [sp, #36]	@ 0x24
10003294:	e9cd 2000 	strd	r2, r0, [sp]
10003298:	e9cd 4105 	strd	r4, r1, [sp, #20]
1000329c:	4632      	mov	r2, r6
1000329e:	e9cd 3703 	strd	r3, r7, [sp, #12]
100032a2:	e53c      	b.n	10002d1e <_vsnprintf+0x242>
100032a4:	428c      	cmp	r4, r1
100032a6:	bf98      	it	ls
100032a8:	3101      	addls	r1, #1
100032aa:	f67f ad79 	bls.w	10002da0 <_vsnprintf+0x2c4>
100032ae:	f44f 6380 	mov.w	r3, #1024	@ 0x400
100032b2:	e9cd 9409 	strd	r9, r4, [sp, #36]	@ 0x24
100032b6:	4699      	mov	r9, r3
100032b8:	19a2      	adds	r2, r4, r6
100032ba:	970b      	str	r7, [sp, #44]	@ 0x2c
100032bc:	9f08      	ldr	r7, [sp, #32]
100032be:	1a54      	subs	r4, r2, r1
100032c0:	4632      	mov	r2, r6
100032c2:	463b      	mov	r3, r7
100032c4:	4651      	mov	r1, sl
100032c6:	2020      	movs	r0, #32
100032c8:	3601      	adds	r6, #1
100032ca:	47d8      	blx	fp
100032cc:	42a6      	cmp	r6, r4
100032ce:	d1f7      	bne.n	100032c0 <_vsnprintf+0x7e4>
100032d0:	e9dd 470a 	ldrd	r4, r7, [sp, #40]	@ 0x28
100032d4:	464b      	mov	r3, r9
100032d6:	f8dd 9024 	ldr.w	r9, [sp, #36]	@ 0x24
100032da:	f899 0000 	ldrb.w	r0, [r9]
100032de:	2800      	cmp	r0, #0
100032e0:	f43f ac1a 	beq.w	10002b18 <_vsnprintf+0x3c>
100032e4:	1c61      	adds	r1, r4, #1
100032e6:	2b00      	cmp	r3, #0
100032e8:	f43f ae77 	beq.w	10002fda <_vsnprintf+0x4fe>
100032ec:	2300      	movs	r3, #0
100032ee:	e557      	b.n	10002da0 <_vsnprintf+0x2c4>
100032f0:	428c      	cmp	r4, r1
100032f2:	d8de      	bhi.n	100032b2 <_vsnprintf+0x7d6>
100032f4:	3101      	adds	r1, #1
100032f6:	e670      	b.n	10002fda <_vsnprintf+0x4fe>
100032f8:	f8d8 2000 	ldr.w	r2, [r8]
100032fc:	0fd1      	lsrs	r1, r2, #31
100032fe:	2a00      	cmp	r2, #0
10003300:	f000 80b3 	beq.w	1000346a <_vsnprintf+0x98e>
10003304:	ea82 73e2 	eor.w	r3, r2, r2, asr #31
10003308:	eba3 73e2 	sub.w	r3, r3, r2, asr #31
1000330c:	aa12      	add	r2, sp, #72	@ 0x48
1000330e:	4694      	mov	ip, r2
10003310:	e9cd 1409 	strd	r1, r4, [sp, #36]	@ 0x24
10003314:	f8df 8140 	ldr.w	r8, [pc, #320]	@ 10003458 <_vsnprintf+0x97c>
10003318:	e003      	b.n	10003322 <_vsnprintf+0x846>
1000331a:	f1be 0f20 	cmp.w	lr, #32
1000331e:	4623      	mov	r3, r4
10003320:	d00f      	beq.n	10003342 <_vsnprintf+0x866>
10003322:	fba8 1403 	umull	r1, r4, r8, r3
10003326:	08e4      	lsrs	r4, r4, #3
10003328:	eb04 0184 	add.w	r1, r4, r4, lsl #2
1000332c:	eba3 0141 	sub.w	r1, r3, r1, lsl #1
10003330:	f10c 0c01 	add.w	ip, ip, #1
10003334:	3130      	adds	r1, #48	@ 0x30
10003336:	2b09      	cmp	r3, #9
10003338:	f10e 0e01 	add.w	lr, lr, #1
1000333c:	f80c 1c01 	strb.w	r1, [ip, #-1]
10003340:	d8eb      	bhi.n	1000331a <_vsnprintf+0x83e>
10003342:	e9dd 1409 	ldrd	r1, r4, [sp, #36]	@ 0x24
10003346:	230a      	movs	r3, #10
10003348:	9200      	str	r2, [sp, #0]
1000334a:	e9cd 4005 	strd	r4, r0, [sp, #20]
1000334e:	4632      	mov	r2, r6
10003350:	e9cd e101 	strd	lr, r1, [sp, #4]
10003354:	9704      	str	r7, [sp, #16]
10003356:	9303      	str	r3, [sp, #12]
10003358:	e6d0      	b.n	100030fc <_vsnprintf+0x620>
1000335a:	2969      	cmp	r1, #105	@ 0x69
1000335c:	f022 0010 	bic.w	r0, r2, #16
10003360:	f040 8091 	bne.w	10003486 <_vsnprintf+0x9aa>
10003364:	f412 6380 	ands.w	r3, r2, #1024	@ 0x400
10003368:	f43f ae86 	beq.w	10003078 <_vsnprintf+0x59c>
1000336c:	e680      	b.n	10003070 <_vsnprintf+0x594>
1000336e:	2b00      	cmp	r3, #0
10003370:	f43f ae9f 	beq.w	100030b2 <_vsnprintf+0x5d6>
10003374:	aa12      	add	r2, sp, #72	@ 0x48
10003376:	e6b7      	b.n	100030e8 <_vsnprintf+0x60c>
10003378:	9a09      	ldr	r2, [sp, #36]	@ 0x24
1000337a:	e9cd 840b 	strd	r8, r4, [sp, #44]	@ 0x2c
1000337e:	f012 0f20 	tst.w	r2, #32
10003382:	bf14      	ite	ne
10003384:	2141      	movne	r1, #65	@ 0x41
10003386:	2161      	moveq	r1, #97	@ 0x61
10003388:	e9cd 760d 	strd	r7, r6, [sp, #52]	@ 0x34
1000338c:	e9cd 3b0f 	strd	r3, fp, [sp, #60]	@ 0x3c
10003390:	f8cd a044 	str.w	sl, [sp, #68]	@ 0x44
10003394:	2700      	movs	r7, #0
10003396:	46f0      	mov	r8, lr
10003398:	9c0a      	ldr	r4, [sp, #40]	@ 0x28
1000339a:	ae12      	add	r6, sp, #72	@ 0x48
1000339c:	f10d 0b48 	add.w	fp, sp, #72	@ 0x48
100033a0:	f1a1 0a0a 	sub.w	sl, r1, #10
100033a4:	e003      	b.n	100033ae <_vsnprintf+0x8d2>
100033a6:	2f20      	cmp	r7, #32
100033a8:	4680      	mov	r8, r0
100033aa:	460c      	mov	r4, r1
100033ac:	d013      	beq.n	100033d6 <_vsnprintf+0x8fa>
100033ae:	4621      	mov	r1, r4
100033b0:	464a      	mov	r2, r9
100033b2:	2300      	movs	r3, #0
100033b4:	4640      	mov	r0, r8
100033b6:	f003 fb13 	bl	100069e0 <____aeabi_uldivmod_veneer>
100033ba:	b2d2      	uxtb	r2, r2
100033bc:	2a09      	cmp	r2, #9
100033be:	bf94      	ite	ls
100033c0:	3230      	addls	r2, #48	@ 0x30
100033c2:	4452      	addhi	r2, sl
100033c4:	45c8      	cmp	r8, r9
100033c6:	f174 0400 	sbcs.w	r4, r4, #0
100033ca:	7032      	strb	r2, [r6, #0]
100033cc:	f107 0701 	add.w	r7, r7, #1
100033d0:	f106 0601 	add.w	r6, r6, #1
100033d4:	d2e7      	bcs.n	100033a6 <_vsnprintf+0x8ca>
100033d6:	4638      	mov	r0, r7
100033d8:	e9dd 840b 	ldrd	r8, r4, [sp, #44]	@ 0x2c
100033dc:	465a      	mov	r2, fp
100033de:	9e0e      	ldr	r6, [sp, #56]	@ 0x38
100033e0:	9f0d      	ldr	r7, [sp, #52]	@ 0x34
100033e2:	9b0f      	ldr	r3, [sp, #60]	@ 0x3c
100033e4:	f8dd a044 	ldr.w	sl, [sp, #68]	@ 0x44
100033e8:	f8dd b040 	ldr.w	fp, [sp, #64]	@ 0x40
100033ec:	e751      	b.n	10003292 <_vsnprintf+0x7b6>
100033ee:	f8d8 e000 	ldr.w	lr, [r8]
100033f2:	f1be 0f00 	cmp.w	lr, #0
100033f6:	d10d      	bne.n	10003414 <_vsnprintf+0x938>
100033f8:	f022 0210 	bic.w	r2, r2, #16
100033fc:	9209      	str	r2, [sp, #36]	@ 0x24
100033fe:	f1bc 0f00 	cmp.w	ip, #0
10003402:	d007      	beq.n	10003414 <_vsnprintf+0x938>
10003404:	aa12      	add	r2, sp, #72	@ 0x48
10003406:	9809      	ldr	r0, [sp, #36]	@ 0x24
10003408:	e9cd 3703 	strd	r3, r7, [sp, #12]
1000340c:	e9cd 4005 	strd	r4, r0, [sp, #20]
10003410:	9101      	str	r1, [sp, #4]
10003412:	e5cc      	b.n	10002fae <_vsnprintf+0x4d2>
10003414:	9a09      	ldr	r2, [sp, #36]	@ 0x24
10003416:	f012 0f20 	tst.w	r2, #32
1000341a:	bf14      	ite	ne
1000341c:	2041      	movne	r0, #65	@ 0x41
1000341e:	2061      	moveq	r0, #97	@ 0x61
10003420:	aa12      	add	r2, sp, #72	@ 0x48
10003422:	4694      	mov	ip, r2
10003424:	920a      	str	r2, [sp, #40]	@ 0x28
10003426:	f1a0 020a 	sub.w	r2, r0, #10
1000342a:	e002      	b.n	10003432 <_vsnprintf+0x956>
1000342c:	2920      	cmp	r1, #32
1000342e:	46c6      	mov	lr, r8
10003430:	d00f      	beq.n	10003452 <_vsnprintf+0x976>
10003432:	fbbe f8f3 	udiv	r8, lr, r3
10003436:	fb03 e018 	mls	r0, r3, r8, lr
1000343a:	2809      	cmp	r0, #9
1000343c:	bf94      	ite	ls
1000343e:	3030      	addls	r0, #48	@ 0x30
10003440:	1880      	addhi	r0, r0, r2
10003442:	459e      	cmp	lr, r3
10003444:	f88c 0000 	strb.w	r0, [ip]
10003448:	f101 0101 	add.w	r1, r1, #1
1000344c:	f10c 0c01 	add.w	ip, ip, #1
10003450:	d2ec      	bcs.n	1000342c <_vsnprintf+0x950>
10003452:	9a0a      	ldr	r2, [sp, #40]	@ 0x28
10003454:	e7d7      	b.n	10003406 <_vsnprintf+0x92a>
10003456:	bf00      	nop
10003458:	cccccccd 	.word	0xcccccccd
1000345c:	f8d8 2000 	ldr.w	r2, [r8]
10003460:	ea82 7ee2 	eor.w	lr, r2, r2, asr #31
10003464:	ebae 7ee2 	sub.w	lr, lr, r2, asr #31
10003468:	e61d      	b.n	100030a6 <_vsnprintf+0x5ca>
1000346a:	2b00      	cmp	r3, #0
1000346c:	f43f af4e 	beq.w	1000330c <_vsnprintf+0x830>
10003470:	aa12      	add	r2, sp, #72	@ 0x48
10003472:	e768      	b.n	10003346 <_vsnprintf+0x86a>
10003474:	f412 6180 	ands.w	r1, r2, #1024	@ 0x400
10003478:	d00e      	beq.n	10003498 <_vsnprintf+0x9bc>
1000347a:	f012 0102 	ands.w	r1, r2, #2
1000347e:	d014      	beq.n	100034aa <_vsnprintf+0x9ce>
10003480:	4601      	mov	r1, r0
10003482:	4637      	mov	r7, r6
10003484:	e4a7      	b.n	10002dd6 <_vsnprintf+0x2fa>
10003486:	f04f 090a 	mov.w	r9, #10
1000348a:	4602      	mov	r2, r0
1000348c:	464b      	mov	r3, r9
1000348e:	e565      	b.n	10002f5c <_vsnprintf+0x480>
10003490:	2300      	movs	r3, #0
10003492:	aa12      	add	r2, sp, #72	@ 0x48
10003494:	9309      	str	r3, [sp, #36]	@ 0x24
10003496:	e69a      	b.n	100031ce <_vsnprintf+0x6f2>
10003498:	f012 0302 	ands.w	r3, r2, #2
1000349c:	f47f ac9a 	bne.w	10002dd4 <_vsnprintf+0x2f8>
100034a0:	2c00      	cmp	r4, #0
100034a2:	f47f af06 	bne.w	100032b2 <_vsnprintf+0x7d6>
100034a6:	f7ff bb37 	b.w	10002b18 <_vsnprintf+0x3c>
100034aa:	2c00      	cmp	r4, #0
100034ac:	f47f aeff 	bne.w	100032ae <_vsnprintf+0x7d2>
100034b0:	f7ff bb32 	b.w	10002b18 <_vsnprintf+0x3c>

100034b4 <vfctprintf>:
100034b4:	468c      	mov	ip, r1
100034b6:	b510      	push	{r4, lr}
100034b8:	b084      	sub	sp, #16
100034ba:	9300      	str	r3, [sp, #0]
100034bc:	9002      	str	r0, [sp, #8]
100034be:	4613      	mov	r3, r2
100034c0:	a902      	add	r1, sp, #8
100034c2:	f04f 32ff 	mov.w	r2, #4294967295
100034c6:	4803      	ldr	r0, [pc, #12]	@ (100034d4 <vfctprintf+0x20>)
100034c8:	f8cd c00c 	str.w	ip, [sp, #12]
100034cc:	f7ff fb06 	bl	10002adc <_vsnprintf>
100034d0:	b004      	add	sp, #16
100034d2:	bd10      	pop	{r4, pc}
100034d4:	100020b1 	.word	0x100020b1

100034d8 <weak_raw_vprintf>:
100034d8:	b510      	push	{r4, lr}
100034da:	4a09      	ldr	r2, [pc, #36]	@ (10003500 <weak_raw_vprintf+0x28>)
100034dc:	b084      	sub	sp, #16
100034de:	6814      	ldr	r4, [r2, #0]
100034e0:	b14c      	cbz	r4, 100034f6 <weak_raw_vprintf+0x1e>
100034e2:	4603      	mov	r3, r0
100034e4:	9100      	str	r1, [sp, #0]
100034e6:	f04f 32ff 	mov.w	r2, #4294967295
100034ea:	a903      	add	r1, sp, #12
100034ec:	4805      	ldr	r0, [pc, #20]	@ (10003504 <weak_raw_vprintf+0x2c>)
100034ee:	47a0      	blx	r4
100034f0:	2001      	movs	r0, #1
100034f2:	b004      	add	sp, #16
100034f4:	bd10      	pop	{r4, pc}
100034f6:	f000 fa3d 	bl	10003974 <__wrap_puts>
100034fa:	4620      	mov	r0, r4
100034fc:	b004      	add	sp, #16
100034fe:	bd10      	pop	{r4, pc}
10003500:	20002420 	.word	0x20002420
10003504:	100020a9 	.word	0x100020a9

10003508 <_exit>:
10003508:	be00      	bkpt	0x0000
1000350a:	e7fd      	b.n	10003508 <_exit>

1000350c <_fini>:
1000350c:	4770      	bx	lr
1000350e:	bf00      	nop

10003510 <_sbrk>:
10003510:	4a07      	ldr	r2, [pc, #28]	@ (10003530 <_sbrk+0x20>)
10003512:	4603      	mov	r3, r0
10003514:	6810      	ldr	r0, [r2, #0]
10003516:	b138      	cbz	r0, 10003528 <_sbrk+0x18>
10003518:	4906      	ldr	r1, [pc, #24]	@ (10003534 <_sbrk+0x24>)
1000351a:	4403      	add	r3, r0
1000351c:	428b      	cmp	r3, r1
1000351e:	bf8c      	ite	hi
10003520:	f04f 30ff 	movhi.w	r0, #4294967295
10003524:	6013      	strls	r3, [r2, #0]
10003526:	4770      	bx	lr
10003528:	4903      	ldr	r1, [pc, #12]	@ (10003538 <_sbrk+0x28>)
1000352a:	4608      	mov	r0, r1
1000352c:	6011      	str	r1, [r2, #0]
1000352e:	e7f3      	b.n	10003518 <_sbrk+0x8>
10003530:	2000201c 	.word	0x2000201c
10003534:	20080000 	.word	0x20080000
10003538:	2000248c 	.word	0x2000248c

1000353c <_read>:
1000353c:	b938      	cbnz	r0, 1000354e <_read+0x12>
1000353e:	f8df c014 	ldr.w	ip, [pc, #20]	@ 10003554 <_read+0x18>
10003542:	4608      	mov	r0, r1
10003544:	4611      	mov	r1, r2
10003546:	e9dc 2300 	ldrd	r2, r3, [ip]
1000354a:	f000 b937 	b.w	100037bc <stdio_get_until>
1000354e:	f04f 30ff 	mov.w	r0, #4294967295
10003552:	4770      	bx	lr
10003554:	10006cd8 	.word	0x10006cd8

10003558 <_write>:
10003558:	1e43      	subs	r3, r0, #1
1000355a:	2b01      	cmp	r3, #1
1000355c:	d809      	bhi.n	10003572 <_write+0x1a>
1000355e:	b510      	push	{r4, lr}
10003560:	4614      	mov	r4, r2
10003562:	4608      	mov	r0, r1
10003564:	2301      	movs	r3, #1
10003566:	2200      	movs	r2, #0
10003568:	4621      	mov	r1, r4
1000356a:	f000 f8b1 	bl	100036d0 <stdio_put_string>
1000356e:	4620      	mov	r0, r4
10003570:	bd10      	pop	{r4, pc}
10003572:	f04f 30ff 	mov.w	r0, #4294967295
10003576:	4770      	bx	lr

10003578 <_close>:
10003578:	f04f 30ff 	mov.w	r0, #4294967295
1000357c:	4770      	bx	lr
1000357e:	bf00      	nop

10003580 <_lseek>:
10003580:	f04f 30ff 	mov.w	r0, #4294967295
10003584:	4770      	bx	lr
10003586:	bf00      	nop

10003588 <exit>:
10003588:	b508      	push	{r3, lr}
1000358a:	f7ff ffbd 	bl	10003508 <_exit>
1000358e:	bf00      	nop

10003590 <runtime_init>:
10003590:	b538      	push	{r3, r4, r5, lr}
10003592:	4c06      	ldr	r4, [pc, #24]	@ (100035ac <runtime_init+0x1c>)
10003594:	4d06      	ldr	r5, [pc, #24]	@ (100035b0 <runtime_init+0x20>)
10003596:	f7fe f9d7 	bl	10001948 <runtime_run_initializers>
1000359a:	42ac      	cmp	r4, r5
1000359c:	d204      	bcs.n	100035a8 <runtime_init+0x18>
1000359e:	f854 3b04 	ldr.w	r3, [r4], #4
100035a2:	4798      	blx	r3
100035a4:	42ac      	cmp	r4, r5
100035a6:	d3fa      	bcc.n	1000359e <runtime_init+0xe>
100035a8:	bd38      	pop	{r3, r4, r5, pc}
100035aa:	bf00      	nop
100035ac:	10006a40 	.word	0x10006a40
100035b0:	10006a44 	.word	0x10006a44

100035b4 <stdio_out_chars_no_crlf>:
100035b4:	6803      	ldr	r3, [r0, #0]
100035b6:	4608      	mov	r0, r1
100035b8:	4611      	mov	r1, r2
100035ba:	4718      	bx	r3

100035bc <stdio_out_chars_crlf>:
100035bc:	b570      	push	{r4, r5, r6, lr}
100035be:	4605      	mov	r5, r0
100035c0:	4608      	mov	r0, r1
100035c2:	7d69      	ldrb	r1, [r5, #21]
100035c4:	b082      	sub	sp, #8
100035c6:	2900      	cmp	r1, #0
100035c8:	d04f      	beq.n	1000366a <stdio_out_chars_crlf+0xae>
100035ca:	2a00      	cmp	r2, #0
100035cc:	dd25      	ble.n	1000361a <stdio_out_chars_crlf+0x5e>
100035ce:	7803      	ldrb	r3, [r0, #0]
100035d0:	4614      	mov	r4, r2
100035d2:	2b0a      	cmp	r3, #10
100035d4:	4606      	mov	r6, r0
100035d6:	d022      	beq.n	1000361e <stdio_out_chars_crlf+0x62>
100035d8:	2c01      	cmp	r4, #1
100035da:	f04f 0e00 	mov.w	lr, #0
100035de:	d00d      	beq.n	100035fc <stdio_out_chars_crlf+0x40>
100035e0:	4632      	mov	r2, r6
100035e2:	2301      	movs	r3, #1
100035e4:	f812 cf01 	ldrb.w	ip, [r2, #1]!
100035e8:	4619      	mov	r1, r3
100035ea:	f1bc 0f0a 	cmp.w	ip, #10
100035ee:	f103 0301 	add.w	r3, r3, #1
100035f2:	d020      	beq.n	10003636 <stdio_out_chars_crlf+0x7a>
100035f4:	429c      	cmp	r4, r3
100035f6:	d1f5      	bne.n	100035e4 <stdio_out_chars_crlf+0x28>
100035f8:	4574      	cmp	r4, lr
100035fa:	dd05      	ble.n	10003608 <stdio_out_chars_crlf+0x4c>
100035fc:	682b      	ldr	r3, [r5, #0]
100035fe:	eba4 010e 	sub.w	r1, r4, lr
10003602:	eb06 000e 	add.w	r0, r6, lr
10003606:	4798      	blx	r3
10003608:	1931      	adds	r1, r6, r4
1000360a:	f811 3c01 	ldrb.w	r3, [r1, #-1]
1000360e:	f1a3 030d 	sub.w	r3, r3, #13
10003612:	fab3 f383 	clz	r3, r3
10003616:	095b      	lsrs	r3, r3, #5
10003618:	752b      	strb	r3, [r5, #20]
1000361a:	b002      	add	sp, #8
1000361c:	bd70      	pop	{r4, r5, r6, pc}
1000361e:	7d2b      	ldrb	r3, [r5, #20]
10003620:	2b00      	cmp	r3, #0
10003622:	d1d9      	bne.n	100035d8 <stdio_out_chars_crlf+0x1c>
10003624:	2102      	movs	r1, #2
10003626:	682b      	ldr	r3, [r5, #0]
10003628:	4813      	ldr	r0, [pc, #76]	@ (10003678 <stdio_out_chars_crlf+0xbc>)
1000362a:	4798      	blx	r3
1000362c:	2c01      	cmp	r4, #1
1000362e:	d0eb      	beq.n	10003608 <stdio_out_chars_crlf+0x4c>
10003630:	f04f 0e01 	mov.w	lr, #1
10003634:	e7d4      	b.n	100035e0 <stdio_out_chars_crlf+0x24>
10003636:	f812 0c01 	ldrb.w	r0, [r2, #-1]
1000363a:	280d      	cmp	r0, #13
1000363c:	d0da      	beq.n	100035f4 <stdio_out_chars_crlf+0x38>
1000363e:	458e      	cmp	lr, r1
10003640:	eb06 000e 	add.w	r0, r6, lr
10003644:	eba1 010e 	sub.w	r1, r1, lr
10003648:	da05      	bge.n	10003656 <stdio_out_chars_crlf+0x9a>
1000364a:	e9cd 3200 	strd	r3, r2, [sp]
1000364e:	682b      	ldr	r3, [r5, #0]
10003650:	4798      	blx	r3
10003652:	e9dd 3200 	ldrd	r3, r2, [sp]
10003656:	e9cd 3200 	strd	r3, r2, [sp]
1000365a:	2102      	movs	r1, #2
1000365c:	682b      	ldr	r3, [r5, #0]
1000365e:	4806      	ldr	r0, [pc, #24]	@ (10003678 <stdio_out_chars_crlf+0xbc>)
10003660:	4798      	blx	r3
10003662:	9b00      	ldr	r3, [sp, #0]
10003664:	9a01      	ldr	r2, [sp, #4]
10003666:	469e      	mov	lr, r3
10003668:	e7c4      	b.n	100035f4 <stdio_out_chars_crlf+0x38>
1000366a:	4611      	mov	r1, r2
1000366c:	682b      	ldr	r3, [r5, #0]
1000366e:	b002      	add	sp, #8
10003670:	e8bd 4070 	ldmia.w	sp!, {r4, r5, r6, lr}
10003674:	4718      	bx	r3
10003676:	bf00      	nop
10003678:	10006d88 	.word	0x10006d88

1000367c <stdio_buffered_printer>:
1000367c:	680b      	ldr	r3, [r1, #0]
1000367e:	1c5a      	adds	r2, r3, #1
10003680:	2a80      	cmp	r2, #128	@ 0x80
10003682:	440b      	add	r3, r1
10003684:	600a      	str	r2, [r1, #0]
10003686:	7118      	strb	r0, [r3, #4]
10003688:	d000      	beq.n	1000368c <stdio_buffered_printer+0x10>
1000368a:	4770      	bx	lr
1000368c:	b530      	push	{r4, r5, lr}
1000368e:	4b0e      	ldr	r3, [pc, #56]	@ (100036c8 <stdio_buffered_printer+0x4c>)
10003690:	460c      	mov	r4, r1
10003692:	6818      	ldr	r0, [r3, #0]
10003694:	b083      	sub	sp, #12
10003696:	b1a0      	cbz	r0, 100036c2 <stdio_buffered_printer+0x46>
10003698:	1d0d      	adds	r5, r1, #4
1000369a:	e001      	b.n	100036a0 <stdio_buffered_printer+0x24>
1000369c:	6900      	ldr	r0, [r0, #16]
1000369e:	b180      	cbz	r0, 100036c2 <stdio_buffered_printer+0x46>
100036a0:	6803      	ldr	r3, [r0, #0]
100036a2:	2b00      	cmp	r3, #0
100036a4:	d0fa      	beq.n	1000369c <stdio_buffered_printer+0x20>
100036a6:	4b09      	ldr	r3, [pc, #36]	@ (100036cc <stdio_buffered_printer+0x50>)
100036a8:	681b      	ldr	r3, [r3, #0]
100036aa:	b10b      	cbz	r3, 100036b0 <stdio_buffered_printer+0x34>
100036ac:	4283      	cmp	r3, r0
100036ae:	d1f5      	bne.n	1000369c <stdio_buffered_printer+0x20>
100036b0:	4629      	mov	r1, r5
100036b2:	6822      	ldr	r2, [r4, #0]
100036b4:	9001      	str	r0, [sp, #4]
100036b6:	f7ff ff81 	bl	100035bc <stdio_out_chars_crlf>
100036ba:	9801      	ldr	r0, [sp, #4]
100036bc:	6900      	ldr	r0, [r0, #16]
100036be:	2800      	cmp	r0, #0
100036c0:	d1ee      	bne.n	100036a0 <stdio_buffered_printer+0x24>
100036c2:	6020      	str	r0, [r4, #0]
100036c4:	b003      	add	sp, #12
100036c6:	bd30      	pop	{r4, r5, pc}
100036c8:	2000200c 	.word	0x2000200c
100036cc:	20002018 	.word	0x20002018

100036d0 <stdio_put_string>:
100036d0:	e92d 47f0 	stmdb	sp!, {r4, r5, r6, r7, r8, r9, sl, lr}
100036d4:	b082      	sub	sp, #8
100036d6:	4690      	mov	r8, r2
100036d8:	461c      	mov	r4, r3
100036da:	460d      	mov	r5, r1
100036dc:	4607      	mov	r7, r0
100036de:	f7fd feaf 	bl	10001440 <time_us_64>
100036e2:	f04f 3cff 	mov.w	ip, #4294967295
100036e6:	f06f 4600 	mvn.w	r6, #2147483648	@ 0x80000000
100036ea:	4a2e      	ldr	r2, [pc, #184]	@ (100037a4 <stdio_put_string+0xd4>)
100036ec:	1882      	adds	r2, r0, r2
100036ee:	f141 0300 	adc.w	r3, r1, #0
100036f2:	4594      	cmp	ip, r2
100036f4:	eb76 0103 	sbcs.w	r1, r6, r3
100036f8:	bf3c      	itt	cc
100036fa:	4662      	movcc	r2, ip
100036fc:	4633      	movcc	r3, r6
100036fe:	482a      	ldr	r0, [pc, #168]	@ (100037a8 <stdio_put_string+0xd8>)
10003700:	f003 f966 	bl	100069d0 <__mutex_try_enter_block_until_veneer>
10003704:	1c6b      	adds	r3, r5, #1
10003706:	4682      	mov	sl, r0
10003708:	d040      	beq.n	1000378c <stdio_put_string+0xbc>
1000370a:	b30c      	cbz	r4, 10003750 <stdio_put_string+0x80>
1000370c:	4e27      	ldr	r6, [pc, #156]	@ (100037ac <stdio_put_string+0xdc>)
1000370e:	4b28      	ldr	r3, [pc, #160]	@ (100037b0 <stdio_put_string+0xe0>)
10003710:	681c      	ldr	r4, [r3, #0]
10003712:	b1b4      	cbz	r4, 10003742 <stdio_put_string+0x72>
10003714:	f1b8 0f00 	cmp.w	r8, #0
10003718:	d11c      	bne.n	10003754 <stdio_put_string+0x84>
1000371a:	f8df 809c 	ldr.w	r8, [pc, #156]	@ 100037b8 <stdio_put_string+0xe8>
1000371e:	e001      	b.n	10003724 <stdio_put_string+0x54>
10003720:	6924      	ldr	r4, [r4, #16]
10003722:	b174      	cbz	r4, 10003742 <stdio_put_string+0x72>
10003724:	6823      	ldr	r3, [r4, #0]
10003726:	2b00      	cmp	r3, #0
10003728:	d0fa      	beq.n	10003720 <stdio_put_string+0x50>
1000372a:	f8d8 3000 	ldr.w	r3, [r8]
1000372e:	b10b      	cbz	r3, 10003734 <stdio_put_string+0x64>
10003730:	429c      	cmp	r4, r3
10003732:	d1f5      	bne.n	10003720 <stdio_put_string+0x50>
10003734:	4620      	mov	r0, r4
10003736:	462a      	mov	r2, r5
10003738:	4639      	mov	r1, r7
1000373a:	47b0      	blx	r6
1000373c:	6924      	ldr	r4, [r4, #16]
1000373e:	2c00      	cmp	r4, #0
10003740:	d1f0      	bne.n	10003724 <stdio_put_string+0x54>
10003742:	f1ba 0f00 	cmp.w	sl, #0
10003746:	d126      	bne.n	10003796 <stdio_put_string+0xc6>
10003748:	4628      	mov	r0, r5
1000374a:	b002      	add	sp, #8
1000374c:	e8bd 87f0 	ldmia.w	sp!, {r4, r5, r6, r7, r8, r9, sl, pc}
10003750:	4e18      	ldr	r6, [pc, #96]	@ (100037b4 <stdio_put_string+0xe4>)
10003752:	e7dc      	b.n	1000370e <stdio_put_string+0x3e>
10003754:	f04f 090a 	mov.w	r9, #10
10003758:	f8df 805c 	ldr.w	r8, [pc, #92]	@ 100037b8 <stdio_put_string+0xe8>
1000375c:	e002      	b.n	10003764 <stdio_put_string+0x94>
1000375e:	6924      	ldr	r4, [r4, #16]
10003760:	2c00      	cmp	r4, #0
10003762:	d0ee      	beq.n	10003742 <stdio_put_string+0x72>
10003764:	6823      	ldr	r3, [r4, #0]
10003766:	2b00      	cmp	r3, #0
10003768:	d0f9      	beq.n	1000375e <stdio_put_string+0x8e>
1000376a:	f8d8 3000 	ldr.w	r3, [r8]
1000376e:	b10b      	cbz	r3, 10003774 <stdio_put_string+0xa4>
10003770:	42a3      	cmp	r3, r4
10003772:	d1f4      	bne.n	1000375e <stdio_put_string+0x8e>
10003774:	462a      	mov	r2, r5
10003776:	4639      	mov	r1, r7
10003778:	4620      	mov	r0, r4
1000377a:	47b0      	blx	r6
1000377c:	2201      	movs	r2, #1
1000377e:	4620      	mov	r0, r4
10003780:	f10d 0107 	add.w	r1, sp, #7
10003784:	f88d 9007 	strb.w	r9, [sp, #7]
10003788:	47b0      	blx	r6
1000378a:	e7e8      	b.n	1000375e <stdio_put_string+0x8e>
1000378c:	4638      	mov	r0, r7
1000378e:	f002 ff1d 	bl	100065cc <strlen>
10003792:	4605      	mov	r5, r0
10003794:	e7b9      	b.n	1000370a <stdio_put_string+0x3a>
10003796:	4804      	ldr	r0, [pc, #16]	@ (100037a8 <stdio_put_string+0xd8>)
10003798:	f003 f912 	bl	100069c0 <__mutex_exit_veneer>
1000379c:	4628      	mov	r0, r5
1000379e:	b002      	add	sp, #8
100037a0:	e8bd 87f0 	ldmia.w	sp!, {r4, r5, r6, r7, r8, r9, sl, pc}
100037a4:	000f4240 	.word	0x000f4240
100037a8:	200019b8 	.word	0x200019b8
100037ac:	100035bd 	.word	0x100035bd
100037b0:	2000200c 	.word	0x2000200c
100037b4:	100035b5 	.word	0x100035b5
100037b8:	20002018 	.word	0x20002018

100037bc <stdio_get_until>:
100037bc:	e92d 4ff8 	stmdb	sp!, {r3, r4, r5, r6, r7, r8, r9, sl, fp, lr}
100037c0:	4606      	mov	r6, r0
100037c2:	460d      	mov	r5, r1
100037c4:	4693      	mov	fp, r2
100037c6:	4699      	mov	r9, r3
100037c8:	f8df 8058 	ldr.w	r8, [pc, #88]	@ 10003824 <stdio_get_until+0x68>
100037cc:	f8df a058 	ldr.w	sl, [pc, #88]	@ 10003828 <stdio_get_until+0x6c>
100037d0:	4f13      	ldr	r7, [pc, #76]	@ (10003820 <stdio_get_until+0x64>)
100037d2:	f8d8 4000 	ldr.w	r4, [r8]
100037d6:	b914      	cbnz	r4, 100037de <stdio_get_until+0x22>
100037d8:	e010      	b.n	100037fc <stdio_get_until+0x40>
100037da:	6924      	ldr	r4, [r4, #16]
100037dc:	b174      	cbz	r4, 100037fc <stdio_get_until+0x40>
100037de:	f8da 3000 	ldr.w	r3, [sl]
100037e2:	b10b      	cbz	r3, 100037e8 <stdio_get_until+0x2c>
100037e4:	42a3      	cmp	r3, r4
100037e6:	d1f8      	bne.n	100037da <stdio_get_until+0x1e>
100037e8:	68a3      	ldr	r3, [r4, #8]
100037ea:	2b00      	cmp	r3, #0
100037ec:	d0f5      	beq.n	100037da <stdio_get_until+0x1e>
100037ee:	4629      	mov	r1, r5
100037f0:	4630      	mov	r0, r6
100037f2:	4798      	blx	r3
100037f4:	2800      	cmp	r0, #0
100037f6:	ddf0      	ble.n	100037da <stdio_get_until+0x1e>
100037f8:	e8bd 8ff8 	ldmia.w	sp!, {r3, r4, r5, r6, r7, r8, r9, sl, fp, pc}
100037fc:	6a7b      	ldr	r3, [r7, #36]	@ 0x24
100037fe:	4599      	cmp	r9, r3
10003800:	d808      	bhi.n	10003814 <stdio_get_until+0x58>
10003802:	6aba      	ldr	r2, [r7, #40]	@ 0x28
10003804:	455a      	cmp	r2, fp
10003806:	d303      	bcc.n	10003810 <stdio_get_until+0x54>
10003808:	f06f 0001 	mvn.w	r0, #1
1000380c:	e8bd 8ff8 	ldmia.w	sp!, {r3, r4, r5, r6, r7, r8, r9, sl, fp, pc}
10003810:	4599      	cmp	r9, r3
10003812:	d1f9      	bne.n	10003808 <stdio_get_until+0x4c>
10003814:	2001      	movs	r0, #1
10003816:	2100      	movs	r1, #0
10003818:	f7fd fe1c 	bl	10001454 <busy_wait_us>
1000381c:	e7d9      	b.n	100037d2 <stdio_get_until+0x16>
1000381e:	bf00      	nop
10003820:	400b0000 	.word	0x400b0000
10003824:	2000200c 	.word	0x2000200c
10003828:	20002018 	.word	0x20002018

1000382c <stdio_set_driver_enabled>:
1000382c:	4a08      	ldr	r2, [pc, #32]	@ (10003850 <stdio_set_driver_enabled+0x24>)
1000382e:	6813      	ldr	r3, [r2, #0]
10003830:	b923      	cbnz	r3, 1000383c <stdio_set_driver_enabled+0x10>
10003832:	e00a      	b.n	1000384a <stdio_set_driver_enabled+0x1e>
10003834:	f103 0210 	add.w	r2, r3, #16
10003838:	691b      	ldr	r3, [r3, #16]
1000383a:	b133      	cbz	r3, 1000384a <stdio_set_driver_enabled+0x1e>
1000383c:	4283      	cmp	r3, r0
1000383e:	d1f9      	bne.n	10003834 <stdio_set_driver_enabled+0x8>
10003840:	b929      	cbnz	r1, 1000384e <stdio_set_driver_enabled+0x22>
10003842:	6918      	ldr	r0, [r3, #16]
10003844:	6010      	str	r0, [r2, #0]
10003846:	6119      	str	r1, [r3, #16]
10003848:	4770      	bx	lr
1000384a:	b101      	cbz	r1, 1000384e <stdio_set_driver_enabled+0x22>
1000384c:	6010      	str	r0, [r2, #0]
1000384e:	4770      	bx	lr
10003850:	2000200c 	.word	0x2000200c

10003854 <stdio_init_all>:
10003854:	b508      	push	{r3, lr}
10003856:	f000 f9f5 	bl	10003c44 <stdio_uart_init>
1000385a:	f000 fbbf 	bl	10003fdc <stdio_usb_init>
1000385e:	2001      	movs	r0, #1
10003860:	bd08      	pop	{r3, pc}
10003862:	bf00      	nop

10003864 <stdio_getchar_timeout_us>:
10003864:	e92d 41f0 	stmdb	sp!, {r4, r5, r6, r7, r8, lr}
10003868:	b082      	sub	sp, #8
1000386a:	4606      	mov	r6, r0
1000386c:	f7fd fde8 	bl	10001440 <time_us_64>
10003870:	f04f 32ff 	mov.w	r2, #4294967295
10003874:	f06f 4300 	mvn.w	r3, #2147483648	@ 0x80000000
10003878:	1836      	adds	r6, r6, r0
1000387a:	f141 0700 	adc.w	r7, r1, #0
1000387e:	42b2      	cmp	r2, r6
10003880:	eb73 0107 	sbcs.w	r1, r3, r7
10003884:	bf3c      	itt	cc
10003886:	4616      	movcc	r6, r2
10003888:	461f      	movcc	r7, r3
1000388a:	f8df 8060 	ldr.w	r8, [pc, #96]	@ 100038ec <stdio_getchar_timeout_us+0x88>
1000388e:	4d15      	ldr	r5, [pc, #84]	@ (100038e4 <stdio_getchar_timeout_us+0x80>)
10003890:	f8d8 4000 	ldr.w	r4, [r8]
10003894:	b914      	cbnz	r4, 1000389c <stdio_getchar_timeout_us+0x38>
10003896:	e012      	b.n	100038be <stdio_getchar_timeout_us+0x5a>
10003898:	6924      	ldr	r4, [r4, #16]
1000389a:	b184      	cbz	r4, 100038be <stdio_getchar_timeout_us+0x5a>
1000389c:	682b      	ldr	r3, [r5, #0]
1000389e:	b10b      	cbz	r3, 100038a4 <stdio_getchar_timeout_us+0x40>
100038a0:	429c      	cmp	r4, r3
100038a2:	d1f9      	bne.n	10003898 <stdio_getchar_timeout_us+0x34>
100038a4:	68a3      	ldr	r3, [r4, #8]
100038a6:	2b00      	cmp	r3, #0
100038a8:	d0f6      	beq.n	10003898 <stdio_getchar_timeout_us+0x34>
100038aa:	2101      	movs	r1, #1
100038ac:	a801      	add	r0, sp, #4
100038ae:	4798      	blx	r3
100038b0:	2800      	cmp	r0, #0
100038b2:	ddf1      	ble.n	10003898 <stdio_getchar_timeout_us+0x34>
100038b4:	f89d 0004 	ldrb.w	r0, [sp, #4]
100038b8:	b002      	add	sp, #8
100038ba:	e8bd 81f0 	ldmia.w	sp!, {r4, r5, r6, r7, r8, pc}
100038be:	4b0a      	ldr	r3, [pc, #40]	@ (100038e8 <stdio_getchar_timeout_us+0x84>)
100038c0:	6a5a      	ldr	r2, [r3, #36]	@ 0x24
100038c2:	4297      	cmp	r7, r2
100038c4:	d809      	bhi.n	100038da <stdio_getchar_timeout_us+0x76>
100038c6:	6a9b      	ldr	r3, [r3, #40]	@ 0x28
100038c8:	42b3      	cmp	r3, r6
100038ca:	d304      	bcc.n	100038d6 <stdio_getchar_timeout_us+0x72>
100038cc:	f06f 0001 	mvn.w	r0, #1
100038d0:	b002      	add	sp, #8
100038d2:	e8bd 81f0 	ldmia.w	sp!, {r4, r5, r6, r7, r8, pc}
100038d6:	4297      	cmp	r7, r2
100038d8:	d1f8      	bne.n	100038cc <stdio_getchar_timeout_us+0x68>
100038da:	2001      	movs	r0, #1
100038dc:	2100      	movs	r1, #0
100038de:	f7fd fdb9 	bl	10001454 <busy_wait_us>
100038e2:	e7d5      	b.n	10003890 <stdio_getchar_timeout_us+0x2c>
100038e4:	20002018 	.word	0x20002018
100038e8:	400b0000 	.word	0x400b0000
100038ec:	2000200c 	.word	0x2000200c

100038f0 <__wrap_putchar>:
100038f0:	b5f0      	push	{r4, r5, r6, r7, lr}
100038f2:	b083      	sub	sp, #12
100038f4:	4606      	mov	r6, r0
100038f6:	f88d 0007 	strb.w	r0, [sp, #7]
100038fa:	f7fd fda1 	bl	10001440 <time_us_64>
100038fe:	f04f 35ff 	mov.w	r5, #4294967295
10003902:	f06f 4400 	mvn.w	r4, #2147483648	@ 0x80000000
10003906:	4a17      	ldr	r2, [pc, #92]	@ (10003964 <__wrap_putchar+0x74>)
10003908:	1882      	adds	r2, r0, r2
1000390a:	f141 0300 	adc.w	r3, r1, #0
1000390e:	4295      	cmp	r5, r2
10003910:	eb74 0103 	sbcs.w	r1, r4, r3
10003914:	bf3c      	itt	cc
10003916:	4623      	movcc	r3, r4
10003918:	462a      	movcc	r2, r5
1000391a:	4813      	ldr	r0, [pc, #76]	@ (10003968 <__wrap_putchar+0x78>)
1000391c:	f003 f858 	bl	100069d0 <__mutex_try_enter_block_until_veneer>
10003920:	4b12      	ldr	r3, [pc, #72]	@ (1000396c <__wrap_putchar+0x7c>)
10003922:	4607      	mov	r7, r0
10003924:	681c      	ldr	r4, [r3, #0]
10003926:	b19c      	cbz	r4, 10003950 <__wrap_putchar+0x60>
10003928:	4d11      	ldr	r5, [pc, #68]	@ (10003970 <__wrap_putchar+0x80>)
1000392a:	e001      	b.n	10003930 <__wrap_putchar+0x40>
1000392c:	6924      	ldr	r4, [r4, #16]
1000392e:	b17c      	cbz	r4, 10003950 <__wrap_putchar+0x60>
10003930:	6823      	ldr	r3, [r4, #0]
10003932:	2b00      	cmp	r3, #0
10003934:	d0fa      	beq.n	1000392c <__wrap_putchar+0x3c>
10003936:	682b      	ldr	r3, [r5, #0]
10003938:	b10b      	cbz	r3, 1000393e <__wrap_putchar+0x4e>
1000393a:	429c      	cmp	r4, r3
1000393c:	d1f6      	bne.n	1000392c <__wrap_putchar+0x3c>
1000393e:	4620      	mov	r0, r4
10003940:	2201      	movs	r2, #1
10003942:	f10d 0107 	add.w	r1, sp, #7
10003946:	f7ff fe39 	bl	100035bc <stdio_out_chars_crlf>
1000394a:	6924      	ldr	r4, [r4, #16]
1000394c:	2c00      	cmp	r4, #0
1000394e:	d1ef      	bne.n	10003930 <__wrap_putchar+0x40>
10003950:	b917      	cbnz	r7, 10003958 <__wrap_putchar+0x68>
10003952:	4630      	mov	r0, r6
10003954:	b003      	add	sp, #12
10003956:	bdf0      	pop	{r4, r5, r6, r7, pc}
10003958:	4803      	ldr	r0, [pc, #12]	@ (10003968 <__wrap_putchar+0x78>)
1000395a:	f003 f831 	bl	100069c0 <__mutex_exit_veneer>
1000395e:	4630      	mov	r0, r6
10003960:	b003      	add	sp, #12
10003962:	bdf0      	pop	{r4, r5, r6, r7, pc}
10003964:	000f4240 	.word	0x000f4240
10003968:	200019b8 	.word	0x200019b8
1000396c:	2000200c 	.word	0x2000200c
10003970:	20002018 	.word	0x20002018

10003974 <__wrap_puts>:
10003974:	b538      	push	{r3, r4, r5, lr}
10003976:	4604      	mov	r4, r0
10003978:	f002 fe28 	bl	100065cc <strlen>
1000397c:	2301      	movs	r3, #1
1000397e:	4605      	mov	r5, r0
10003980:	461a      	mov	r2, r3
10003982:	4620      	mov	r0, r4
10003984:	4629      	mov	r1, r5
10003986:	f7ff fea3 	bl	100036d0 <stdio_put_string>
1000398a:	4b08      	ldr	r3, [pc, #32]	@ (100039ac <__wrap_puts+0x38>)
1000398c:	681c      	ldr	r4, [r3, #0]
1000398e:	b12c      	cbz	r4, 1000399c <__wrap_puts+0x28>
10003990:	6863      	ldr	r3, [r4, #4]
10003992:	b12b      	cbz	r3, 100039a0 <__wrap_puts+0x2c>
10003994:	4798      	blx	r3
10003996:	6924      	ldr	r4, [r4, #16]
10003998:	2c00      	cmp	r4, #0
1000399a:	d1f9      	bne.n	10003990 <__wrap_puts+0x1c>
1000399c:	4628      	mov	r0, r5
1000399e:	bd38      	pop	{r3, r4, r5, pc}
100039a0:	6924      	ldr	r4, [r4, #16]
100039a2:	2c00      	cmp	r4, #0
100039a4:	d1f4      	bne.n	10003990 <__wrap_puts+0x1c>
100039a6:	4628      	mov	r0, r5
100039a8:	bd38      	pop	{r3, r4, r5, pc}
100039aa:	bf00      	nop
100039ac:	2000200c 	.word	0x2000200c

100039b0 <__wrap_vprintf>:
100039b0:	e92d 41f0 	stmdb	sp!, {r4, r5, r6, r7, r8, lr}
100039b4:	b0a2      	sub	sp, #136	@ 0x88
100039b6:	460e      	mov	r6, r1
100039b8:	4605      	mov	r5, r0
100039ba:	f7fd fd41 	bl	10001440 <time_us_64>
100039be:	f04f 3cff 	mov.w	ip, #4294967295
100039c2:	f06f 4400 	mvn.w	r4, #2147483648	@ 0x80000000
100039c6:	4a25      	ldr	r2, [pc, #148]	@ (10003a5c <__wrap_vprintf+0xac>)
100039c8:	1882      	adds	r2, r0, r2
100039ca:	f141 0300 	adc.w	r3, r1, #0
100039ce:	4594      	cmp	ip, r2
100039d0:	eb74 0103 	sbcs.w	r1, r4, r3
100039d4:	bf3c      	itt	cc
100039d6:	4623      	movcc	r3, r4
100039d8:	4662      	movcc	r2, ip
100039da:	4821      	ldr	r0, [pc, #132]	@ (10003a60 <__wrap_vprintf+0xb0>)
100039dc:	f002 fff8 	bl	100069d0 <__mutex_try_enter_block_until_veneer>
100039e0:	2400      	movs	r4, #0
100039e2:	4633      	mov	r3, r6
100039e4:	4607      	mov	r7, r0
100039e6:	462a      	mov	r2, r5
100039e8:	481e      	ldr	r0, [pc, #120]	@ (10003a64 <__wrap_vprintf+0xb4>)
100039ea:	a901      	add	r1, sp, #4
100039ec:	9401      	str	r4, [sp, #4]
100039ee:	f7ff fd61 	bl	100034b4 <vfctprintf>
100039f2:	4e1d      	ldr	r6, [pc, #116]	@ (10003a68 <__wrap_vprintf+0xb8>)
100039f4:	9b01      	ldr	r3, [sp, #4]
100039f6:	4680      	mov	r8, r0
100039f8:	6834      	ldr	r4, [r6, #0]
100039fa:	b1bb      	cbz	r3, 10003a2c <__wrap_vprintf+0x7c>
100039fc:	2c00      	cmp	r4, #0
100039fe:	d02a      	beq.n	10003a56 <__wrap_vprintf+0xa6>
10003a00:	4d1a      	ldr	r5, [pc, #104]	@ (10003a6c <__wrap_vprintf+0xbc>)
10003a02:	e001      	b.n	10003a08 <__wrap_vprintf+0x58>
10003a04:	6924      	ldr	r4, [r4, #16]
10003a06:	b174      	cbz	r4, 10003a26 <__wrap_vprintf+0x76>
10003a08:	6823      	ldr	r3, [r4, #0]
10003a0a:	2b00      	cmp	r3, #0
10003a0c:	d0fa      	beq.n	10003a04 <__wrap_vprintf+0x54>
10003a0e:	682b      	ldr	r3, [r5, #0]
10003a10:	b10b      	cbz	r3, 10003a16 <__wrap_vprintf+0x66>
10003a12:	42a3      	cmp	r3, r4
10003a14:	d1f6      	bne.n	10003a04 <__wrap_vprintf+0x54>
10003a16:	4620      	mov	r0, r4
10003a18:	9a01      	ldr	r2, [sp, #4]
10003a1a:	a902      	add	r1, sp, #8
10003a1c:	f7ff fdce 	bl	100035bc <stdio_out_chars_crlf>
10003a20:	6924      	ldr	r4, [r4, #16]
10003a22:	2c00      	cmp	r4, #0
10003a24:	d1f0      	bne.n	10003a08 <__wrap_vprintf+0x58>
10003a26:	4623      	mov	r3, r4
10003a28:	6834      	ldr	r4, [r6, #0]
10003a2a:	9301      	str	r3, [sp, #4]
10003a2c:	b12c      	cbz	r4, 10003a3a <__wrap_vprintf+0x8a>
10003a2e:	6863      	ldr	r3, [r4, #4]
10003a30:	b143      	cbz	r3, 10003a44 <__wrap_vprintf+0x94>
10003a32:	4798      	blx	r3
10003a34:	6924      	ldr	r4, [r4, #16]
10003a36:	2c00      	cmp	r4, #0
10003a38:	d1f9      	bne.n	10003a2e <__wrap_vprintf+0x7e>
10003a3a:	b92f      	cbnz	r7, 10003a48 <__wrap_vprintf+0x98>
10003a3c:	4640      	mov	r0, r8
10003a3e:	b022      	add	sp, #136	@ 0x88
10003a40:	e8bd 81f0 	ldmia.w	sp!, {r4, r5, r6, r7, r8, pc}
10003a44:	6924      	ldr	r4, [r4, #16]
10003a46:	e7f1      	b.n	10003a2c <__wrap_vprintf+0x7c>
10003a48:	4805      	ldr	r0, [pc, #20]	@ (10003a60 <__wrap_vprintf+0xb0>)
10003a4a:	f002 ffb9 	bl	100069c0 <__mutex_exit_veneer>
10003a4e:	4640      	mov	r0, r8
10003a50:	b022      	add	sp, #136	@ 0x88
10003a52:	e8bd 81f0 	ldmia.w	sp!, {r4, r5, r6, r7, r8, pc}
10003a56:	9401      	str	r4, [sp, #4]
10003a58:	e7ef      	b.n	10003a3a <__wrap_vprintf+0x8a>
10003a5a:	bf00      	nop
10003a5c:	000f4240 	.word	0x000f4240
10003a60:	200019b8 	.word	0x200019b8
10003a64:	1000367d 	.word	0x1000367d
10003a68:	2000200c 	.word	0x2000200c
10003a6c:	20002018 	.word	0x20002018

10003a70 <__wrap_printf>:
10003a70:	b40f      	push	{r0, r1, r2, r3}
10003a72:	b500      	push	{lr}
10003a74:	b083      	sub	sp, #12
10003a76:	a904      	add	r1, sp, #16
10003a78:	f851 0b04 	ldr.w	r0, [r1], #4
10003a7c:	9101      	str	r1, [sp, #4]
10003a7e:	f7ff ff97 	bl	100039b0 <__wrap_vprintf>
10003a82:	b003      	add	sp, #12
10003a84:	f85d eb04 	ldr.w	lr, [sp], #4
10003a88:	b004      	add	sp, #16
10003a8a:	4770      	bx	lr

10003a8c <stdio_uart_out_chars>:
10003a8c:	f1b1 0c00 	subs.w	ip, r1, #0
10003a90:	dd1e      	ble.n	10003ad0 <stdio_uart_out_chars+0x44>
10003a92:	4a10      	ldr	r2, [pc, #64]	@ (10003ad4 <stdio_uart_out_chars+0x48>)
10003a94:	4b10      	ldr	r3, [pc, #64]	@ (10003ad8 <stdio_uart_out_chars+0x4c>)
10003a96:	6812      	ldr	r2, [r2, #0]
10003a98:	b510      	push	{r4, lr}
10003a9a:	1ad3      	subs	r3, r2, r3
10003a9c:	fab3 f383 	clz	r3, r3
10003aa0:	240d      	movs	r4, #13
10003aa2:	f8df e038 	ldr.w	lr, [pc, #56]	@ 10003adc <stdio_uart_out_chars+0x50>
10003aa6:	095b      	lsrs	r3, r3, #5
10003aa8:	1e41      	subs	r1, r0, #1
10003aaa:	f93e e013 	ldrsh.w	lr, [lr, r3, lsl #1]
10003aae:	448c      	add	ip, r1
10003ab0:	f811 0f01 	ldrb.w	r0, [r1, #1]!
10003ab4:	4586      	cmp	lr, r0
10003ab6:	d006      	beq.n	10003ac6 <stdio_uart_out_chars+0x3a>
10003ab8:	6993      	ldr	r3, [r2, #24]
10003aba:	069b      	lsls	r3, r3, #26
10003abc:	d4fc      	bmi.n	10003ab8 <stdio_uart_out_chars+0x2c>
10003abe:	4561      	cmp	r1, ip
10003ac0:	6010      	str	r0, [r2, #0]
10003ac2:	d1f5      	bne.n	10003ab0 <stdio_uart_out_chars+0x24>
10003ac4:	bd10      	pop	{r4, pc}
10003ac6:	6993      	ldr	r3, [r2, #24]
10003ac8:	069b      	lsls	r3, r3, #26
10003aca:	d4fc      	bmi.n	10003ac6 <stdio_uart_out_chars+0x3a>
10003acc:	6014      	str	r4, [r2, #0]
10003ace:	e7f3      	b.n	10003ab8 <stdio_uart_out_chars+0x2c>
10003ad0:	4770      	bx	lr
10003ad2:	bf00      	nop
10003ad4:	2000246c 	.word	0x2000246c
10003ad8:	40078000 	.word	0x40078000
10003adc:	20002468 	.word	0x20002468

10003ae0 <stdio_uart_in_chars>:
10003ae0:	4b24      	ldr	r3, [pc, #144]	@ (10003b74 <stdio_uart_in_chars+0x94>)
10003ae2:	f1b1 0c00 	subs.w	ip, r1, #0
10003ae6:	b500      	push	{lr}
10003ae8:	f8d3 e000 	ldr.w	lr, [r3]
10003aec:	dd2f      	ble.n	10003b4e <stdio_uart_in_chars+0x6e>
10003aee:	2100      	movs	r1, #0
10003af0:	4b21      	ldr	r3, [pc, #132]	@ (10003b78 <stdio_uart_in_chars+0x98>)
10003af2:	3801      	subs	r0, #1
10003af4:	681a      	ldr	r2, [r3, #0]
10003af6:	6993      	ldr	r3, [r2, #24]
10003af8:	06db      	lsls	r3, r3, #27
10003afa:	d418      	bmi.n	10003b2e <stdio_uart_in_chars+0x4e>
10003afc:	3101      	adds	r1, #1
10003afe:	6993      	ldr	r3, [r2, #24]
10003b00:	06db      	lsls	r3, r3, #27
10003b02:	d4fc      	bmi.n	10003afe <stdio_uart_in_chars+0x1e>
10003b04:	6813      	ldr	r3, [r2, #0]
10003b06:	458c      	cmp	ip, r1
10003b08:	f800 3f01 	strb.w	r3, [r0, #1]!
10003b0c:	d1f3      	bne.n	10003af6 <stdio_uart_in_chars+0x16>
10003b0e:	f1be 0f00 	cmp.w	lr, #0
10003b12:	d009      	beq.n	10003b28 <stdio_uart_in_chars+0x48>
10003b14:	2150      	movs	r1, #80	@ 0x50
10003b16:	4613      	mov	r3, r2
10003b18:	6391      	str	r1, [r2, #56]	@ 0x38
10003b1a:	f853 2f34 	ldr.w	r2, [r3, #52]!
10003b1e:	f002 0238 	and.w	r2, r2, #56	@ 0x38
10003b22:	f503 5380 	add.w	r3, r3, #4096	@ 0x1000
10003b26:	601a      	str	r2, [r3, #0]
10003b28:	4661      	mov	r1, ip
10003b2a:	4608      	mov	r0, r1
10003b2c:	bd00      	pop	{pc}
10003b2e:	f1be 0f00 	cmp.w	lr, #0
10003b32:	d009      	beq.n	10003b48 <stdio_uart_in_chars+0x68>
10003b34:	2050      	movs	r0, #80	@ 0x50
10003b36:	4613      	mov	r3, r2
10003b38:	6390      	str	r0, [r2, #56]	@ 0x38
10003b3a:	f853 2f34 	ldr.w	r2, [r3, #52]!
10003b3e:	f002 0238 	and.w	r2, r2, #56	@ 0x38
10003b42:	f503 5380 	add.w	r3, r3, #4096	@ 0x1000
10003b46:	601a      	str	r2, [r3, #0]
10003b48:	b181      	cbz	r1, 10003b6c <stdio_uart_in_chars+0x8c>
10003b4a:	4608      	mov	r0, r1
10003b4c:	bd00      	pop	{pc}
10003b4e:	f1be 0f00 	cmp.w	lr, #0
10003b52:	d00b      	beq.n	10003b6c <stdio_uart_in_chars+0x8c>
10003b54:	4b08      	ldr	r3, [pc, #32]	@ (10003b78 <stdio_uart_in_chars+0x98>)
10003b56:	2150      	movs	r1, #80	@ 0x50
10003b58:	681a      	ldr	r2, [r3, #0]
10003b5a:	4613      	mov	r3, r2
10003b5c:	6391      	str	r1, [r2, #56]	@ 0x38
10003b5e:	f853 2f34 	ldr.w	r2, [r3, #52]!
10003b62:	f002 0238 	and.w	r2, r2, #56	@ 0x38
10003b66:	f503 5380 	add.w	r3, r3, #4096	@ 0x1000
10003b6a:	601a      	str	r2, [r3, #0]
10003b6c:	f06f 0102 	mvn.w	r1, #2
10003b70:	e7db      	b.n	10003b2a <stdio_uart_in_chars+0x4a>
10003b72:	bf00      	nop
10003b74:	20001fa4 	.word	0x20001fa4
10003b78:	2000246c 	.word	0x2000246c

10003b7c <on_uart_rx>:
10003b7c:	4b05      	ldr	r3, [pc, #20]	@ (10003b94 <on_uart_rx+0x18>)
10003b7e:	681b      	ldr	r3, [r3, #0]
10003b80:	b133      	cbz	r3, 10003b90 <on_uart_rx+0x14>
10003b82:	2100      	movs	r1, #0
10003b84:	4a04      	ldr	r2, [pc, #16]	@ (10003b98 <on_uart_rx+0x1c>)
10003b86:	4805      	ldr	r0, [pc, #20]	@ (10003b9c <on_uart_rx+0x20>)
10003b88:	6812      	ldr	r2, [r2, #0]
10003b8a:	6800      	ldr	r0, [r0, #0]
10003b8c:	6391      	str	r1, [r2, #56]	@ 0x38
10003b8e:	4718      	bx	r3
10003b90:	4770      	bx	lr
10003b92:	bf00      	nop
10003b94:	20001fa4 	.word	0x20001fa4
10003b98:	2000246c 	.word	0x2000246c
10003b9c:	20001fac 	.word	0x20001fac

10003ba0 <stdio_uart_out_flush>:
10003ba0:	4b02      	ldr	r3, [pc, #8]	@ (10003bac <stdio_uart_out_flush+0xc>)
10003ba2:	681a      	ldr	r2, [r3, #0]
10003ba4:	6993      	ldr	r3, [r2, #24]
10003ba6:	071b      	lsls	r3, r3, #28
10003ba8:	d4fc      	bmi.n	10003ba4 <stdio_uart_out_flush+0x4>
10003baa:	4770      	bx	lr
10003bac:	2000246c 	.word	0x2000246c

10003bb0 <stdio_uart_set_chars_available_callback>:
10003bb0:	b530      	push	{r4, r5, lr}
10003bb2:	4d1f      	ldr	r5, [pc, #124]	@ (10003c30 <stdio_uart_set_chars_available_callback+0x80>)
10003bb4:	4a1f      	ldr	r2, [pc, #124]	@ (10003c34 <stdio_uart_set_chars_available_callback+0x84>)
10003bb6:	f8d5 c000 	ldr.w	ip, [r5]
10003bba:	4c1f      	ldr	r4, [pc, #124]	@ (10003c38 <stdio_uart_set_chars_available_callback+0x88>)
10003bbc:	468e      	mov	lr, r1
10003bbe:	4594      	cmp	ip, r2
10003bc0:	bf14      	ite	ne
10003bc2:	2221      	movne	r2, #33	@ 0x21
10003bc4:	2222      	moveq	r2, #34	@ 0x22
10003bc6:	6821      	ldr	r1, [r4, #0]
10003bc8:	b083      	sub	sp, #12
10003bca:	b110      	cbz	r0, 10003bd2 <stdio_uart_set_chars_available_callback+0x22>
10003bcc:	b1a9      	cbz	r1, 10003bfa <stdio_uart_set_chars_available_callback+0x4a>
10003bce:	b003      	add	sp, #12
10003bd0:	bd30      	pop	{r4, r5, pc}
10003bd2:	2900      	cmp	r1, #0
10003bd4:	d0fb      	beq.n	10003bce <stdio_uart_set_chars_available_callback+0x1e>
10003bd6:	f8cc 0038 	str.w	r0, [ip, #56]	@ 0x38
10003bda:	4601      	mov	r1, r0
10003bdc:	9001      	str	r0, [sp, #4]
10003bde:	4610      	mov	r0, r2
10003be0:	9200      	str	r2, [sp, #0]
10003be2:	f7fc fcb3 	bl	1000054c <irq_set_enabled>
10003be6:	4915      	ldr	r1, [pc, #84]	@ (10003c3c <stdio_uart_set_chars_available_callback+0x8c>)
10003be8:	9800      	ldr	r0, [sp, #0]
10003bea:	f7fc fe05 	bl	100007f8 <irq_remove_handler>
10003bee:	9b01      	ldr	r3, [sp, #4]
10003bf0:	4a13      	ldr	r2, [pc, #76]	@ (10003c40 <stdio_uart_set_chars_available_callback+0x90>)
10003bf2:	6023      	str	r3, [r4, #0]
10003bf4:	6013      	str	r3, [r2, #0]
10003bf6:	b003      	add	sp, #12
10003bf8:	bd30      	pop	{r4, r5, pc}
10003bfa:	4b11      	ldr	r3, [pc, #68]	@ (10003c40 <stdio_uart_set_chars_available_callback+0x90>)
10003bfc:	6020      	str	r0, [r4, #0]
10003bfe:	490f      	ldr	r1, [pc, #60]	@ (10003c3c <stdio_uart_set_chars_available_callback+0x8c>)
10003c00:	4610      	mov	r0, r2
10003c02:	9200      	str	r2, [sp, #0]
10003c04:	f8c3 e000 	str.w	lr, [r3]
10003c08:	f7fc fce2 	bl	100005d0 <irq_set_exclusive_handler>
10003c0c:	2101      	movs	r1, #1
10003c0e:	9800      	ldr	r0, [sp, #0]
10003c10:	f7fc fc9c 	bl	1000054c <irq_set_enabled>
10003c14:	682a      	ldr	r2, [r5, #0]
10003c16:	2150      	movs	r1, #80	@ 0x50
10003c18:	4613      	mov	r3, r2
10003c1a:	6391      	str	r1, [r2, #56]	@ 0x38
10003c1c:	f853 2f34 	ldr.w	r2, [r3, #52]!
10003c20:	f002 0238 	and.w	r2, r2, #56	@ 0x38
10003c24:	f503 5380 	add.w	r3, r3, #4096	@ 0x1000
10003c28:	601a      	str	r2, [r3, #0]
10003c2a:	b003      	add	sp, #12
10003c2c:	bd30      	pop	{r4, r5, pc}
10003c2e:	bf00      	nop
10003c30:	2000246c 	.word	0x2000246c
10003c34:	40078000 	.word	0x40078000
10003c38:	20001fa4 	.word	0x20001fa4
10003c3c:	10003b7d 	.word	0x10003b7d
10003c40:	20001fac 	.word	0x20001fac

10003c44 <stdio_uart_init>:
10003c44:	b510      	push	{r4, lr}
10003c46:	490e      	ldr	r1, [pc, #56]	@ (10003c80 <stdio_uart_init+0x3c>)
10003c48:	4c0e      	ldr	r4, [pc, #56]	@ (10003c84 <stdio_uart_init+0x40>)
10003c4a:	480f      	ldr	r0, [pc, #60]	@ (10003c88 <stdio_uart_init+0x44>)
10003c4c:	4a0f      	ldr	r2, [pc, #60]	@ (10003c8c <stdio_uart_init+0x48>)
10003c4e:	4b10      	ldr	r3, [pc, #64]	@ (10003c90 <stdio_uart_init+0x4c>)
10003c50:	7800      	ldrb	r0, [r0, #0]
10003c52:	6021      	str	r1, [r4, #0]
10003c54:	2000      	movs	r0, #0
10003c56:	2102      	movs	r1, #2
10003c58:	7812      	ldrb	r2, [r2, #0]
10003c5a:	781b      	ldrb	r3, [r3, #0]
10003c5c:	f7fc fb5a 	bl	10000314 <gpio_set_function>
10003c60:	2102      	movs	r1, #2
10003c62:	2001      	movs	r0, #1
10003c64:	f7fc fb56 	bl	10000314 <gpio_set_function>
10003c68:	f44f 31e1 	mov.w	r1, #115200	@ 0x1c200
10003c6c:	6820      	ldr	r0, [r4, #0]
10003c6e:	f7fd fc33 	bl	100014d8 <uart_init>
10003c72:	e8bd 4010 	ldmia.w	sp!, {r4, lr}
10003c76:	2101      	movs	r1, #1
10003c78:	4806      	ldr	r0, [pc, #24]	@ (10003c94 <stdio_uart_init+0x50>)
10003c7a:	f7ff bdd7 	b.w	1000382c <stdio_set_driver_enabled>
10003c7e:	bf00      	nop
10003c80:	40070000 	.word	0x40070000
10003c84:	2000246c 	.word	0x2000246c
10003c88:	10006f6c 	.word	0x10006f6c
10003c8c:	10006f68 	.word	0x10006f68
10003c90:	10006f64 	.word	0x10006f64
10003c94:	20001348 	.word	0x20001348

10003c98 <stdio_usb_set_chars_available_callback>:
10003c98:	4a02      	ldr	r2, [pc, #8]	@ (10003ca4 <stdio_usb_set_chars_available_callback+0xc>)
10003c9a:	4b03      	ldr	r3, [pc, #12]	@ (10003ca8 <stdio_usb_set_chars_available_callback+0x10>)
10003c9c:	6010      	str	r0, [r2, #0]
10003c9e:	6019      	str	r1, [r3, #0]
10003ca0:	4770      	bx	lr
10003ca2:	bf00      	nop
10003ca4:	20001fa8 	.word	0x20001fa8
10003ca8:	20001fb0 	.word	0x20001fb0

10003cac <timer_task>:
10003cac:	4b18      	ldr	r3, [pc, #96]	@ (10003d10 <timer_task+0x64>)
10003cae:	b570      	push	{r4, r5, r6, lr}
10003cb0:	681a      	ldr	r2, [r3, #0]
10003cb2:	2a00      	cmp	r2, #0
10003cb4:	d028      	beq.n	10003d08 <timer_task+0x5c>
10003cb6:	f3ef 8110 	mrs	r1, PRIMASK
10003cba:	b672      	cpsid	i
10003cbc:	e8d2 4fcf 	ldaexb	r4, [r2]
10003cc0:	2001      	movs	r0, #1
10003cc2:	2c00      	cmp	r4, #0
10003cc4:	d1fa      	bne.n	10003cbc <timer_task+0x10>
10003cc6:	e8c2 0f44 	strexb	r4, r0, [r2]
10003cca:	2c00      	cmp	r4, #0
10003ccc:	d1f6      	bne.n	10003cbc <timer_task+0x10>
10003cce:	f3bf 8f5f 	dmb	sy
10003cd2:	2200      	movs	r2, #0
10003cd4:	4c0f      	ldr	r4, [pc, #60]	@ (10003d14 <timer_task+0x68>)
10003cd6:	6818      	ldr	r0, [r3, #0]
10003cd8:	6059      	str	r1, [r3, #4]
10003cda:	7022      	strb	r2, [r4, #0]
10003cdc:	e8c0 2f8f 	stlb	r2, [r0]
10003ce0:	f381 8810 	msr	PRIMASK, r1
10003ce4:	2400      	movs	r4, #0
10003ce6:	2500      	movs	r5, #0
10003ce8:	4e0b      	ldr	r6, [pc, #44]	@ (10003d18 <timer_task+0x6c>)
10003cea:	7830      	ldrb	r0, [r6, #0]
10003cec:	f7fc fc44 	bl	10000578 <irq_is_enabled>
10003cf0:	b920      	cbnz	r0, 10003cfc <timer_task+0x50>
10003cf2:	2400      	movs	r4, #0
10003cf4:	2500      	movs	r5, #0
10003cf6:	4620      	mov	r0, r4
10003cf8:	4629      	mov	r1, r5
10003cfa:	bd70      	pop	{r4, r5, r6, pc}
10003cfc:	7830      	ldrb	r0, [r6, #0]
10003cfe:	f7fc fc4b 	bl	10000598 <irq_set_pending>
10003d02:	4620      	mov	r0, r4
10003d04:	4629      	mov	r1, r5
10003d06:	bd70      	pop	{r4, r5, r6, pc}
10003d08:	f44f 747a 	mov.w	r4, #1000	@ 0x3e8
10003d0c:	2500      	movs	r5, #0
10003d0e:	e7eb      	b.n	10003ce8 <timer_task+0x3c>
10003d10:	2000242c 	.word	0x2000242c
10003d14:	20002488 	.word	0x20002488
10003d18:	20002487 	.word	0x20002487

10003d1c <usb_irq>:
10003d1c:	4b01      	ldr	r3, [pc, #4]	@ (10003d24 <usb_irq+0x8>)
10003d1e:	7818      	ldrb	r0, [r3, #0]
10003d20:	f7fc bc3a 	b.w	10000598 <irq_set_pending>
10003d24:	20002487 	.word	0x20002487

10003d28 <stdio_usb_in_chars>:
10003d28:	b538      	push	{r3, r4, r5, lr}
10003d2a:	4604      	mov	r4, r0
10003d2c:	2000      	movs	r0, #0
10003d2e:	460d      	mov	r5, r1
10003d30:	f001 fba6 	bl	10005480 <tud_cdc_n_connected>
10003d34:	b3a8      	cbz	r0, 10003da2 <stdio_usb_in_chars+0x7a>
10003d36:	2000      	movs	r0, #0
10003d38:	f001 fbb8 	bl	100054ac <tud_cdc_n_available>
10003d3c:	b388      	cbz	r0, 10003da2 <stdio_usb_in_chars+0x7a>
10003d3e:	f7fd fb7f 	bl	10001440 <time_us_64>
10003d42:	f04f 3eff 	mov.w	lr, #4294967295
10003d46:	f06f 4c00 	mvn.w	ip, #2147483648	@ 0x80000000
10003d4a:	4a17      	ldr	r2, [pc, #92]	@ (10003da8 <stdio_usb_in_chars+0x80>)
10003d4c:	1882      	adds	r2, r0, r2
10003d4e:	f141 0300 	adc.w	r3, r1, #0
10003d52:	4596      	cmp	lr, r2
10003d54:	eb7c 0103 	sbcs.w	r1, ip, r3
10003d58:	bf3c      	itt	cc
10003d5a:	4672      	movcc	r2, lr
10003d5c:	4663      	movcc	r3, ip
10003d5e:	4813      	ldr	r0, [pc, #76]	@ (10003dac <stdio_usb_in_chars+0x84>)
10003d60:	f002 fe36 	bl	100069d0 <__mutex_try_enter_block_until_veneer>
10003d64:	b1e8      	cbz	r0, 10003da2 <stdio_usb_in_chars+0x7a>
10003d66:	2000      	movs	r0, #0
10003d68:	f001 fb8a 	bl	10005480 <tud_cdc_n_connected>
10003d6c:	b958      	cbnz	r0, 10003d86 <stdio_usb_in_chars+0x5e>
10003d6e:	4601      	mov	r1, r0
10003d70:	f04f 30ff 	mov.w	r0, #4294967295
10003d74:	f000 fd8e 	bl	10004894 <tud_task_ext>
10003d78:	f06f 0402 	mvn.w	r4, #2
10003d7c:	480b      	ldr	r0, [pc, #44]	@ (10003dac <stdio_usb_in_chars+0x84>)
10003d7e:	f002 fe1f 	bl	100069c0 <__mutex_exit_veneer>
10003d82:	4620      	mov	r0, r4
10003d84:	bd38      	pop	{r3, r4, r5, pc}
10003d86:	2000      	movs	r0, #0
10003d88:	f001 fb90 	bl	100054ac <tud_cdc_n_available>
10003d8c:	2800      	cmp	r0, #0
10003d8e:	d0ee      	beq.n	10003d6e <stdio_usb_in_chars+0x46>
10003d90:	4621      	mov	r1, r4
10003d92:	462a      	mov	r2, r5
10003d94:	2000      	movs	r0, #0
10003d96:	f001 fb93 	bl	100054c0 <tud_cdc_n_read>
10003d9a:	4604      	mov	r4, r0
10003d9c:	2800      	cmp	r0, #0
10003d9e:	d1ed      	bne.n	10003d7c <stdio_usb_in_chars+0x54>
10003da0:	e7ea      	b.n	10003d78 <stdio_usb_in_chars+0x50>
10003da2:	f06f 0402 	mvn.w	r4, #2
10003da6:	e7ec      	b.n	10003d82 <stdio_usb_in_chars+0x5a>
10003da8:	000f4240 	.word	0x000f4240
10003dac:	20002460 	.word	0x20002460

10003db0 <stdio_usb_out_flush>:
10003db0:	b508      	push	{r3, lr}
10003db2:	f7fd fb45 	bl	10001440 <time_us_64>
10003db6:	f04f 3eff 	mov.w	lr, #4294967295
10003dba:	f06f 4c00 	mvn.w	ip, #2147483648	@ 0x80000000
10003dbe:	4a0f      	ldr	r2, [pc, #60]	@ (10003dfc <stdio_usb_out_flush+0x4c>)
10003dc0:	1882      	adds	r2, r0, r2
10003dc2:	f141 0300 	adc.w	r3, r1, #0
10003dc6:	4596      	cmp	lr, r2
10003dc8:	eb7c 0103 	sbcs.w	r1, ip, r3
10003dcc:	bf3c      	itt	cc
10003dce:	4672      	movcc	r2, lr
10003dd0:	4663      	movcc	r3, ip
10003dd2:	480b      	ldr	r0, [pc, #44]	@ (10003e00 <stdio_usb_out_flush+0x50>)
10003dd4:	f002 fdfc 	bl	100069d0 <__mutex_try_enter_block_until_veneer>
10003dd8:	b170      	cbz	r0, 10003df8 <stdio_usb_out_flush+0x48>
10003dda:	f04f 30ff 	mov.w	r0, #4294967295
10003dde:	2100      	movs	r1, #0
10003de0:	f000 fd58 	bl	10004894 <tud_task_ext>
10003de4:	2000      	movs	r0, #0
10003de6:	f001 fbb1 	bl	1000554c <tud_cdc_n_write_flush>
10003dea:	2800      	cmp	r0, #0
10003dec:	d1f5      	bne.n	10003dda <stdio_usb_out_flush+0x2a>
10003dee:	e8bd 4008 	ldmia.w	sp!, {r3, lr}
10003df2:	4803      	ldr	r0, [pc, #12]	@ (10003e00 <stdio_usb_out_flush+0x50>)
10003df4:	f002 bde4 	b.w	100069c0 <__mutex_exit_veneer>
10003df8:	bd08      	pop	{r3, pc}
10003dfa:	bf00      	nop
10003dfc:	000f4240 	.word	0x000f4240
10003e00:	20002460 	.word	0x20002460

10003e04 <stdio_usb_out_chars>:
10003e04:	e92d 41f0 	stmdb	sp!, {r4, r5, r6, r7, r8, lr}
10003e08:	4607      	mov	r7, r0
10003e0a:	460e      	mov	r6, r1
10003e0c:	f7fd fb18 	bl	10001440 <time_us_64>
10003e10:	f04f 35ff 	mov.w	r5, #4294967295
10003e14:	f06f 4400 	mvn.w	r4, #2147483648	@ 0x80000000
10003e18:	4a32      	ldr	r2, [pc, #200]	@ (10003ee4 <stdio_usb_out_chars+0xe0>)
10003e1a:	1882      	adds	r2, r0, r2
10003e1c:	f141 0300 	adc.w	r3, r1, #0
10003e20:	4295      	cmp	r5, r2
10003e22:	eb74 0103 	sbcs.w	r1, r4, r3
10003e26:	bf3c      	itt	cc
10003e28:	462a      	movcc	r2, r5
10003e2a:	4623      	movcc	r3, r4
10003e2c:	482e      	ldr	r0, [pc, #184]	@ (10003ee8 <stdio_usb_out_chars+0xe4>)
10003e2e:	f002 fdcf 	bl	100069d0 <__mutex_try_enter_block_until_veneer>
10003e32:	b908      	cbnz	r0, 10003e38 <stdio_usb_out_chars+0x34>
10003e34:	e8bd 81f0 	ldmia.w	sp!, {r4, r5, r6, r7, r8, pc}
10003e38:	2000      	movs	r0, #0
10003e3a:	f001 fb21 	bl	10005480 <tud_cdc_n_connected>
10003e3e:	2800      	cmp	r0, #0
10003e40:	d045      	beq.n	10003ece <stdio_usb_out_chars+0xca>
10003e42:	2e00      	cmp	r6, #0
10003e44:	dd3e      	ble.n	10003ec4 <stdio_usb_out_chars+0xc0>
10003e46:	2500      	movs	r5, #0
10003e48:	f8df 80a4 	ldr.w	r8, [pc, #164]	@ 10003ef0 <stdio_usb_out_chars+0xec>
10003e4c:	e012      	b.n	10003e74 <stdio_usb_out_chars+0x70>
10003e4e:	4622      	mov	r2, r4
10003e50:	2000      	movs	r0, #0
10003e52:	f001 fbc5 	bl	100055e0 <tud_cdc_n_write>
10003e56:	2100      	movs	r1, #0
10003e58:	4405      	add	r5, r0
10003e5a:	f04f 30ff 	mov.w	r0, #4294967295
10003e5e:	f000 fd19 	bl	10004894 <tud_task_ext>
10003e62:	2000      	movs	r0, #0
10003e64:	f001 fb72 	bl	1000554c <tud_cdc_n_write_flush>
10003e68:	f7fd faea 	bl	10001440 <time_us_64>
10003e6c:	e9c8 0100 	strd	r0, r1, [r8]
10003e70:	42ae      	cmp	r6, r5
10003e72:	dd27      	ble.n	10003ec4 <stdio_usb_out_chars+0xc0>
10003e74:	2000      	movs	r0, #0
10003e76:	f001 fbd1 	bl	1000561c <tud_cdc_n_write_available>
10003e7a:	1b74      	subs	r4, r6, r5
10003e7c:	4284      	cmp	r4, r0
10003e7e:	bfa8      	it	ge
10003e80:	4604      	movge	r4, r0
10003e82:	1979      	adds	r1, r7, r5
10003e84:	2c00      	cmp	r4, #0
10003e86:	d1e2      	bne.n	10003e4e <stdio_usb_out_chars+0x4a>
10003e88:	4621      	mov	r1, r4
10003e8a:	f04f 30ff 	mov.w	r0, #4294967295
10003e8e:	f000 fd01 	bl	10004894 <tud_task_ext>
10003e92:	4620      	mov	r0, r4
10003e94:	f001 fb5a 	bl	1000554c <tud_cdc_n_write_flush>
10003e98:	4620      	mov	r0, r4
10003e9a:	f001 faf1 	bl	10005480 <tud_cdc_n_connected>
10003e9e:	b188      	cbz	r0, 10003ec4 <stdio_usb_out_chars+0xc0>
10003ea0:	4620      	mov	r0, r4
10003ea2:	f001 fbbb 	bl	1000561c <tud_cdc_n_write_available>
10003ea6:	2800      	cmp	r0, #0
10003ea8:	d1e2      	bne.n	10003e70 <stdio_usb_out_chars+0x6c>
10003eaa:	f7fd fac9 	bl	10001440 <time_us_64>
10003eae:	4a0f      	ldr	r2, [pc, #60]	@ (10003eec <stdio_usb_out_chars+0xe8>)
10003eb0:	f8d8 3000 	ldr.w	r3, [r8]
10003eb4:	189b      	adds	r3, r3, r2
10003eb6:	f8d8 2004 	ldr.w	r2, [r8, #4]
10003eba:	f142 0200 	adc.w	r2, r2, #0
10003ebe:	4283      	cmp	r3, r0
10003ec0:	418a      	sbcs	r2, r1
10003ec2:	d2d5      	bcs.n	10003e70 <stdio_usb_out_chars+0x6c>
10003ec4:	4808      	ldr	r0, [pc, #32]	@ (10003ee8 <stdio_usb_out_chars+0xe4>)
10003ec6:	e8bd 41f0 	ldmia.w	sp!, {r4, r5, r6, r7, r8, lr}
10003eca:	f002 bd79 	b.w	100069c0 <__mutex_exit_veneer>
10003ece:	2000      	movs	r0, #0
10003ed0:	e8bd 41f0 	ldmia.w	sp!, {r4, r5, r6, r7, r8, lr}
10003ed4:	2100      	movs	r1, #0
10003ed6:	4b06      	ldr	r3, [pc, #24]	@ (10003ef0 <stdio_usb_out_chars+0xec>)
10003ed8:	e9c3 0100 	strd	r0, r1, [r3]
10003edc:	4802      	ldr	r0, [pc, #8]	@ (10003ee8 <stdio_usb_out_chars+0xe4>)
10003ede:	f002 bd6f 	b.w	100069c0 <__mutex_exit_veneer>
10003ee2:	bf00      	nop
10003ee4:	000f4240 	.word	0x000f4240
10003ee8:	20002460 	.word	0x20002460
10003eec:	0007a120 	.word	0x0007a120
10003ef0:	20001c08 	.word	0x20001c08

10003ef4 <low_priority_worker_irq>:
10003ef4:	b510      	push	{r4, lr}
10003ef6:	2100      	movs	r1, #0
10003ef8:	b084      	sub	sp, #16
10003efa:	4832      	ldr	r0, [pc, #200]	@ (10003fc4 <low_priority_worker_irq+0xd0>)
10003efc:	f002 fd78 	bl	100069f0 <__mutex_try_enter_veneer>
10003f00:	bb28      	cbnz	r0, 10003f4e <low_priority_worker_irq+0x5a>
10003f02:	4b31      	ldr	r3, [pc, #196]	@ (10003fc8 <low_priority_worker_irq+0xd4>)
10003f04:	681a      	ldr	r2, [r3, #0]
10003f06:	b302      	cbz	r2, 10003f4a <low_priority_worker_irq+0x56>
10003f08:	f3ef 8110 	mrs	r1, PRIMASK
10003f0c:	b672      	cpsid	i
10003f0e:	e8d2 efcf 	ldaexb	lr, [r2]
10003f12:	f05f 0c01 	movs.w	ip, #1
10003f16:	f1be 0f00 	cmp.w	lr, #0
10003f1a:	d1f8      	bne.n	10003f0e <low_priority_worker_irq+0x1a>
10003f1c:	e8c2 cf4e 	strexb	lr, ip, [r2]
10003f20:	f1be 0f00 	cmp.w	lr, #0
10003f24:	d1f3      	bne.n	10003f0e <low_priority_worker_irq+0x1a>
10003f26:	f3bf 8f5f 	dmb	sy
10003f2a:	f8df c0a8 	ldr.w	ip, [pc, #168]	@ 10003fd4 <low_priority_worker_irq+0xe0>
10003f2e:	f8d3 e000 	ldr.w	lr, [r3]
10003f32:	f89c 2000 	ldrb.w	r2, [ip]
10003f36:	6059      	str	r1, [r3, #4]
10003f38:	b2d3      	uxtb	r3, r2
10003f3a:	2201      	movs	r2, #1
10003f3c:	f88c 2000 	strb.w	r2, [ip]
10003f40:	e8ce 0f8f 	stlb	r0, [lr]
10003f44:	f381 8810 	msr	PRIMASK, r1
10003f48:	b1cb      	cbz	r3, 10003f7e <low_priority_worker_irq+0x8a>
10003f4a:	b004      	add	sp, #16
10003f4c:	bd10      	pop	{r4, pc}
10003f4e:	2100      	movs	r1, #0
10003f50:	f04f 30ff 	mov.w	r0, #4294967295
10003f54:	f000 fc9e 	bl	10004894 <tud_task_ext>
10003f58:	2000      	movs	r0, #0
10003f5a:	f001 faa7 	bl	100054ac <tud_cdc_n_available>
10003f5e:	4604      	mov	r4, r0
10003f60:	4818      	ldr	r0, [pc, #96]	@ (10003fc4 <low_priority_worker_irq+0xd0>)
10003f62:	f002 fd2d 	bl	100069c0 <__mutex_exit_veneer>
10003f66:	2c00      	cmp	r4, #0
10003f68:	d0ef      	beq.n	10003f4a <low_priority_worker_irq+0x56>
10003f6a:	4b18      	ldr	r3, [pc, #96]	@ (10003fcc <low_priority_worker_irq+0xd8>)
10003f6c:	681b      	ldr	r3, [r3, #0]
10003f6e:	2b00      	cmp	r3, #0
10003f70:	d0eb      	beq.n	10003f4a <low_priority_worker_irq+0x56>
10003f72:	4a17      	ldr	r2, [pc, #92]	@ (10003fd0 <low_priority_worker_irq+0xdc>)
10003f74:	6810      	ldr	r0, [r2, #0]
10003f76:	b004      	add	sp, #16
10003f78:	e8bd 4010 	ldmia.w	sp!, {r4, lr}
10003f7c:	4718      	bx	r3
10003f7e:	f7fd f813 	bl	10000fa8 <alarm_pool_get_default>
10003f82:	4604      	mov	r4, r0
10003f84:	f7fd fa5c 	bl	10001440 <time_us_64>
10003f88:	f04f 3eff 	mov.w	lr, #4294967295
10003f8c:	f06f 4c00 	mvn.w	ip, #2147483648	@ 0x80000000
10003f90:	f510 727a 	adds.w	r2, r0, #1000	@ 0x3e8
10003f94:	f141 0300 	adc.w	r3, r1, #0
10003f98:	4596      	cmp	lr, r2
10003f9a:	eb7c 0103 	sbcs.w	r1, ip, r3
10003f9e:	bf38      	it	cc
10003fa0:	4663      	movcc	r3, ip
10003fa2:	f04f 0100 	mov.w	r1, #0
10003fa6:	f04f 0c01 	mov.w	ip, #1
10003faa:	bf38      	it	cc
10003fac:	4672      	movcc	r2, lr
10003fae:	f8df e028 	ldr.w	lr, [pc, #40]	@ 10003fd8 <low_priority_worker_irq+0xe4>
10003fb2:	4620      	mov	r0, r4
10003fb4:	e9cd 1c01 	strd	r1, ip, [sp, #4]
10003fb8:	f8cd e000 	str.w	lr, [sp]
10003fbc:	f7fc fff8 	bl	10000fb0 <alarm_pool_add_alarm_at>
10003fc0:	b004      	add	sp, #16
10003fc2:	bd10      	pop	{r4, pc}
10003fc4:	20002460 	.word	0x20002460
10003fc8:	2000242c 	.word	0x2000242c
10003fcc:	20001fa8 	.word	0x20001fa8
10003fd0:	20001fb0 	.word	0x20001fb0
10003fd4:	20002488 	.word	0x20002488
10003fd8:	10003cad 	.word	0x10003cad

10003fdc <stdio_usb_init>:
10003fdc:	f04f 4350 	mov.w	r3, #3489660928	@ 0xd0000000
10003fe0:	b530      	push	{r4, r5, lr}
10003fe2:	b085      	sub	sp, #20
10003fe4:	681c      	ldr	r4, [r3, #0]
10003fe6:	f7fc ffdf 	bl	10000fa8 <alarm_pool_get_default>
10003fea:	f7fd f8fb 	bl	100011e4 <alarm_pool_core_num>
10003fee:	42a0      	cmp	r0, r4
10003ff0:	d002      	beq.n	10003ff8 <stdio_usb_init+0x1c>
10003ff2:	2000      	movs	r0, #0
10003ff4:	b005      	add	sp, #20
10003ff6:	bd30      	pop	{r4, r5, pc}
10003ff8:	2100      	movs	r1, #0
10003ffa:	4b2c      	ldr	r3, [pc, #176]	@ (100040ac <stdio_usb_init+0xd0>)
10003ffc:	4608      	mov	r0, r1
10003ffe:	781b      	ldrb	r3, [r3, #0]
10004000:	f001 fcdc 	bl	100059bc <tusb_rhport_init>
10004004:	482a      	ldr	r0, [pc, #168]	@ (100040b0 <stdio_usb_init+0xd4>)
10004006:	6803      	ldr	r3, [r0, #0]
10004008:	2b00      	cmp	r3, #0
1000400a:	d04b      	beq.n	100040a4 <stdio_usb_init+0xc8>
1000400c:	2001      	movs	r0, #1
1000400e:	f7fc fd45 	bl	10000a9c <user_irq_claim_unused>
10004012:	4603      	mov	r3, r0
10004014:	4c27      	ldr	r4, [pc, #156]	@ (100040b4 <stdio_usb_init+0xd8>)
10004016:	4928      	ldr	r1, [pc, #160]	@ (100040b8 <stdio_usb_init+0xdc>)
10004018:	b2c0      	uxtb	r0, r0
1000401a:	7023      	strb	r3, [r4, #0]
1000401c:	f7fc fad8 	bl	100005d0 <irq_set_exclusive_handler>
10004020:	7820      	ldrb	r0, [r4, #0]
10004022:	2101      	movs	r1, #1
10004024:	f7fc fa92 	bl	1000054c <irq_set_enabled>
10004028:	200e      	movs	r0, #14
1000402a:	f7fc fac1 	bl	100005b0 <irq_has_shared_handler>
1000402e:	bb60      	cbnz	r0, 1000408a <stdio_usb_init+0xae>
10004030:	4b22      	ldr	r3, [pc, #136]	@ (100040bc <stdio_usb_init+0xe0>)
10004032:	f06f 4400 	mvn.w	r4, #2147483648	@ 0x80000000
10004036:	e9c3 0000 	strd	r0, r0, [r3]
1000403a:	f7fc ffb5 	bl	10000fa8 <alarm_pool_get_default>
1000403e:	4605      	mov	r5, r0
10004040:	f7fd f9fe 	bl	10001440 <time_us_64>
10004044:	f04f 3cff 	mov.w	ip, #4294967295
10004048:	f510 727a 	adds.w	r2, r0, #1000	@ 0x3e8
1000404c:	f141 0300 	adc.w	r3, r1, #0
10004050:	4594      	cmp	ip, r2
10004052:	eb74 0103 	sbcs.w	r1, r4, r3
10004056:	bf38      	it	cc
10004058:	4623      	movcc	r3, r4
1000405a:	f04f 0100 	mov.w	r1, #0
1000405e:	f04f 0401 	mov.w	r4, #1
10004062:	bf38      	it	cc
10004064:	4662      	movcc	r2, ip
10004066:	f8df c060 	ldr.w	ip, [pc, #96]	@ 100040c8 <stdio_usb_init+0xec>
1000406a:	4628      	mov	r0, r5
1000406c:	e9cd 1401 	strd	r1, r4, [sp, #4]
10004070:	f8cd c000 	str.w	ip, [sp]
10004074:	f7fc ff9c 	bl	10000fb0 <alarm_pool_add_alarm_at>
10004078:	2800      	cmp	r0, #0
1000407a:	dbba      	blt.n	10003ff2 <stdio_usb_init+0x16>
1000407c:	2101      	movs	r1, #1
1000407e:	4810      	ldr	r0, [pc, #64]	@ (100040c0 <stdio_usb_init+0xe4>)
10004080:	f7ff fbd4 	bl	1000382c <stdio_set_driver_enabled>
10004084:	2001      	movs	r0, #1
10004086:	b005      	add	sp, #20
10004088:	bd30      	pop	{r4, r5, pc}
1000408a:	2001      	movs	r0, #1
1000408c:	f7fc fa18 	bl	100004c0 <spin_lock_claim_unused>
10004090:	4601      	mov	r1, r0
10004092:	480a      	ldr	r0, [pc, #40]	@ (100040bc <stdio_usb_init+0xe0>)
10004094:	f7fc fd60 	bl	10000b58 <critical_section_init_with_lock_num>
10004098:	2200      	movs	r2, #0
1000409a:	200e      	movs	r0, #14
1000409c:	4909      	ldr	r1, [pc, #36]	@ (100040c4 <stdio_usb_init+0xe8>)
1000409e:	f7fc fac9 	bl	10000634 <irq_add_shared_handler>
100040a2:	e7eb      	b.n	1000407c <stdio_usb_init+0xa0>
100040a4:	f7fc fd3c 	bl	10000b20 <mutex_init>
100040a8:	e7b0      	b.n	1000400c <stdio_usb_init+0x30>
100040aa:	bf00      	nop
100040ac:	10006f70 	.word	0x10006f70
100040b0:	20002460 	.word	0x20002460
100040b4:	20002487 	.word	0x20002487
100040b8:	10003ef5 	.word	0x10003ef5
100040bc:	2000242c 	.word	0x2000242c
100040c0:	20001360 	.word	0x20001360
100040c4:	10003d1d 	.word	0x10003d1d
100040c8:	10003cad 	.word	0x10003cad

100040cc <tud_descriptor_device_cb>:
100040cc:	4800      	ldr	r0, [pc, #0]	@ (100040d0 <tud_descriptor_device_cb+0x4>)
100040ce:	4770      	bx	lr
100040d0:	10006e20 	.word	0x10006e20

100040d4 <tud_descriptor_configuration_cb>:
100040d4:	4800      	ldr	r0, [pc, #0]	@ (100040d8 <tud_descriptor_configuration_cb+0x4>)
100040d6:	4770      	bx	lr
100040d8:	10006dcc 	.word	0x10006dcc

100040dc <tud_descriptor_string_cb>:
100040dc:	b500      	push	{lr}
100040de:	4a1c      	ldr	r2, [pc, #112]	@ (10004150 <tud_descriptor_string_cb+0x74>)
100040e0:	4603      	mov	r3, r0
100040e2:	7811      	ldrb	r1, [r2, #0]
100040e4:	b083      	sub	sp, #12
100040e6:	b331      	cbz	r1, 10004136 <tud_descriptor_string_cb+0x5a>
100040e8:	b963      	cbnz	r3, 10004104 <tud_descriptor_string_cb+0x28>
100040ea:	f240 4209 	movw	r2, #1033	@ 0x409
100040ee:	f44f 7341 	mov.w	r3, #772	@ 0x304
100040f2:	f8df c060 	ldr.w	ip, [pc, #96]	@ 10004154 <tud_descriptor_string_cb+0x78>
100040f6:	f8ac 2002 	strh.w	r2, [ip, #2]
100040fa:	4816      	ldr	r0, [pc, #88]	@ (10004154 <tud_descriptor_string_cb+0x78>)
100040fc:	f8ac 3000 	strh.w	r3, [ip]
10004100:	b003      	add	sp, #12
10004102:	bd00      	pop	{pc}
10004104:	2b05      	cmp	r3, #5
10004106:	d820      	bhi.n	1000414a <tud_descriptor_string_cb+0x6e>
10004108:	4a13      	ldr	r2, [pc, #76]	@ (10004158 <tud_descriptor_string_cb+0x7c>)
1000410a:	f8df c048 	ldr.w	ip, [pc, #72]	@ 10004154 <tud_descriptor_string_cb+0x78>
1000410e:	f852 1023 	ldr.w	r1, [r2, r3, lsl #2]
10004112:	4660      	mov	r0, ip
10004114:	2300      	movs	r3, #0
10004116:	3901      	subs	r1, #1
10004118:	e003      	b.n	10004122 <tud_descriptor_string_cb+0x46>
1000411a:	2b13      	cmp	r3, #19
1000411c:	f820 2f02 	strh.w	r2, [r0, #2]!
10004120:	d010      	beq.n	10004144 <tud_descriptor_string_cb+0x68>
10004122:	f811 2f01 	ldrb.w	r2, [r1, #1]!
10004126:	3301      	adds	r3, #1
10004128:	b2db      	uxtb	r3, r3
1000412a:	2a00      	cmp	r2, #0
1000412c:	d1f5      	bne.n	1000411a <tud_descriptor_string_cb+0x3e>
1000412e:	005b      	lsls	r3, r3, #1
10004130:	f443 7340 	orr.w	r3, r3, #768	@ 0x300
10004134:	e7e1      	b.n	100040fa <tud_descriptor_string_cb+0x1e>
10004136:	9001      	str	r0, [sp, #4]
10004138:	2111      	movs	r1, #17
1000413a:	4610      	mov	r0, r2
1000413c:	f000 f824 	bl	10004188 <pico_get_unique_board_id_string>
10004140:	9b01      	ldr	r3, [sp, #4]
10004142:	e7d1      	b.n	100040e8 <tud_descriptor_string_cb+0xc>
10004144:	f44f 734a 	mov.w	r3, #808	@ 0x328
10004148:	e7d7      	b.n	100040fa <tud_descriptor_string_cb+0x1e>
1000414a:	2000      	movs	r0, #0
1000414c:	e7d8      	b.n	10004100 <tud_descriptor_string_cb+0x24>
1000414e:	bf00      	nop
10004150:	20002470 	.word	0x20002470
10004154:	20001fe4 	.word	0x20001fe4
10004158:	10006db4 	.word	0x10006db4

1000415c <_retrieve_unique_id_on_boot>:
1000415c:	b500      	push	{lr}
1000415e:	f245 3047 	movw	r0, #21319	@ 0x5347
10004162:	b08b      	sub	sp, #44	@ 0x2c
10004164:	f7fd fb7c 	bl	10001860 <rom_func_lookup>
10004168:	2201      	movs	r2, #1
1000416a:	4603      	mov	r3, r0
1000416c:	2109      	movs	r1, #9
1000416e:	a801      	add	r0, sp, #4
10004170:	4798      	blx	r3
10004172:	e9dd 3203 	ldrd	r3, r2, [sp, #12]
10004176:	4903      	ldr	r1, [pc, #12]	@ (10004184 <_retrieve_unique_id_on_boot+0x28>)
10004178:	ba12      	rev	r2, r2
1000417a:	ba1b      	rev	r3, r3
1000417c:	e9c1 2300 	strd	r2, r3, [r1]
10004180:	b00b      	add	sp, #44	@ 0x2c
10004182:	bd00      	pop	{pc}
10004184:	20002454 	.word	0x20002454

10004188 <pico_get_unique_board_id_string>:
10004188:	2901      	cmp	r1, #1
1000418a:	f000 80bb 	beq.w	10004304 <pico_get_unique_board_id_string+0x17c>
1000418e:	4a61      	ldr	r2, [pc, #388]	@ (10004314 <pico_get_unique_board_id_string+0x18c>)
10004190:	3901      	subs	r1, #1
10004192:	7813      	ldrb	r3, [r2, #0]
10004194:	ea4f 1c23 	mov.w	ip, r3, asr #4
10004198:	f1bc 0f09 	cmp.w	ip, #9
1000419c:	bfcc      	ite	gt
1000419e:	f10c 0c37 	addgt.w	ip, ip, #55	@ 0x37
100041a2:	f10c 0c30 	addle.w	ip, ip, #48	@ 0x30
100041a6:	2901      	cmp	r1, #1
100041a8:	f880 c000 	strb.w	ip, [r0]
100041ac:	f000 80ad 	beq.w	1000430a <pico_get_unique_board_id_string+0x182>
100041b0:	f003 030f 	and.w	r3, r3, #15
100041b4:	2b09      	cmp	r3, #9
100041b6:	bf8c      	ite	hi
100041b8:	3337      	addhi	r3, #55	@ 0x37
100041ba:	3330      	addls	r3, #48	@ 0x30
100041bc:	2902      	cmp	r1, #2
100041be:	7043      	strb	r3, [r0, #1]
100041c0:	f000 80a3 	beq.w	1000430a <pico_get_unique_board_id_string+0x182>
100041c4:	7853      	ldrb	r3, [r2, #1]
100041c6:	ea4f 1c23 	mov.w	ip, r3, asr #4
100041ca:	f1bc 0f09 	cmp.w	ip, #9
100041ce:	bfcc      	ite	gt
100041d0:	f10c 0c37 	addgt.w	ip, ip, #55	@ 0x37
100041d4:	f10c 0c30 	addle.w	ip, ip, #48	@ 0x30
100041d8:	2903      	cmp	r1, #3
100041da:	f880 c002 	strb.w	ip, [r0, #2]
100041de:	f000 8094 	beq.w	1000430a <pico_get_unique_board_id_string+0x182>
100041e2:	f003 030f 	and.w	r3, r3, #15
100041e6:	2b09      	cmp	r3, #9
100041e8:	bf8c      	ite	hi
100041ea:	3337      	addhi	r3, #55	@ 0x37
100041ec:	3330      	addls	r3, #48	@ 0x30
100041ee:	2904      	cmp	r1, #4
100041f0:	70c3      	strb	r3, [r0, #3]
100041f2:	f000 808a 	beq.w	1000430a <pico_get_unique_board_id_string+0x182>
100041f6:	7893      	ldrb	r3, [r2, #2]
100041f8:	ea4f 1c23 	mov.w	ip, r3, asr #4
100041fc:	f1bc 0f09 	cmp.w	ip, #9
10004200:	bfcc      	ite	gt
10004202:	f10c 0c37 	addgt.w	ip, ip, #55	@ 0x37
10004206:	f10c 0c30 	addle.w	ip, ip, #48	@ 0x30
1000420a:	2905      	cmp	r1, #5
1000420c:	f880 c004 	strb.w	ip, [r0, #4]
10004210:	d07b      	beq.n	1000430a <pico_get_unique_board_id_string+0x182>
10004212:	f003 030f 	and.w	r3, r3, #15
10004216:	2b09      	cmp	r3, #9
10004218:	bf8c      	ite	hi
1000421a:	3337      	addhi	r3, #55	@ 0x37
1000421c:	3330      	addls	r3, #48	@ 0x30
1000421e:	2906      	cmp	r1, #6
10004220:	7143      	strb	r3, [r0, #5]
10004222:	d072      	beq.n	1000430a <pico_get_unique_board_id_string+0x182>
10004224:	78d3      	ldrb	r3, [r2, #3]
10004226:	ea4f 1c23 	mov.w	ip, r3, asr #4
1000422a:	f1bc 0f09 	cmp.w	ip, #9
1000422e:	bfcc      	ite	gt
10004230:	f10c 0c37 	addgt.w	ip, ip, #55	@ 0x37
10004234:	f10c 0c30 	addle.w	ip, ip, #48	@ 0x30
10004238:	2907      	cmp	r1, #7
1000423a:	f880 c006 	strb.w	ip, [r0, #6]
1000423e:	d064      	beq.n	1000430a <pico_get_unique_board_id_string+0x182>
10004240:	f003 030f 	and.w	r3, r3, #15
10004244:	2b09      	cmp	r3, #9
10004246:	bf8c      	ite	hi
10004248:	3337      	addhi	r3, #55	@ 0x37
1000424a:	3330      	addls	r3, #48	@ 0x30
1000424c:	2908      	cmp	r1, #8
1000424e:	71c3      	strb	r3, [r0, #7]
10004250:	d05b      	beq.n	1000430a <pico_get_unique_board_id_string+0x182>
10004252:	7913      	ldrb	r3, [r2, #4]
10004254:	ea4f 1c23 	mov.w	ip, r3, asr #4
10004258:	f1bc 0f09 	cmp.w	ip, #9
1000425c:	bfcc      	ite	gt
1000425e:	f10c 0c37 	addgt.w	ip, ip, #55	@ 0x37
10004262:	f10c 0c30 	addle.w	ip, ip, #48	@ 0x30
10004266:	2909      	cmp	r1, #9
10004268:	f880 c008 	strb.w	ip, [r0, #8]
1000426c:	d04d      	beq.n	1000430a <pico_get_unique_board_id_string+0x182>
1000426e:	f003 030f 	and.w	r3, r3, #15
10004272:	2b09      	cmp	r3, #9
10004274:	bf8c      	ite	hi
10004276:	3337      	addhi	r3, #55	@ 0x37
10004278:	3330      	addls	r3, #48	@ 0x30
1000427a:	290a      	cmp	r1, #10
1000427c:	7243      	strb	r3, [r0, #9]
1000427e:	d044      	beq.n	1000430a <pico_get_unique_board_id_string+0x182>
10004280:	7953      	ldrb	r3, [r2, #5]
10004282:	ea4f 1c23 	mov.w	ip, r3, asr #4
10004286:	f1bc 0f09 	cmp.w	ip, #9
1000428a:	bfcc      	ite	gt
1000428c:	f10c 0c37 	addgt.w	ip, ip, #55	@ 0x37
10004290:	f10c 0c30 	addle.w	ip, ip, #48	@ 0x30
10004294:	290b      	cmp	r1, #11
10004296:	f880 c00a 	strb.w	ip, [r0, #10]
1000429a:	d036      	beq.n	1000430a <pico_get_unique_board_id_string+0x182>
1000429c:	f003 030f 	and.w	r3, r3, #15
100042a0:	2b09      	cmp	r3, #9
100042a2:	bf8c      	ite	hi
100042a4:	3337      	addhi	r3, #55	@ 0x37
100042a6:	3330      	addls	r3, #48	@ 0x30
100042a8:	290c      	cmp	r1, #12
100042aa:	72c3      	strb	r3, [r0, #11]
100042ac:	d02d      	beq.n	1000430a <pico_get_unique_board_id_string+0x182>
100042ae:	7993      	ldrb	r3, [r2, #6]
100042b0:	ea4f 1c23 	mov.w	ip, r3, asr #4
100042b4:	f1bc 0f09 	cmp.w	ip, #9
100042b8:	bfcc      	ite	gt
100042ba:	f10c 0c37 	addgt.w	ip, ip, #55	@ 0x37
100042be:	f10c 0c30 	addle.w	ip, ip, #48	@ 0x30
100042c2:	290d      	cmp	r1, #13
100042c4:	f880 c00c 	strb.w	ip, [r0, #12]
100042c8:	d01f      	beq.n	1000430a <pico_get_unique_board_id_string+0x182>
100042ca:	f003 030f 	and.w	r3, r3, #15
100042ce:	2b09      	cmp	r3, #9
100042d0:	bf8c      	ite	hi
100042d2:	3337      	addhi	r3, #55	@ 0x37
100042d4:	3330      	addls	r3, #48	@ 0x30
100042d6:	290e      	cmp	r1, #14
100042d8:	7343      	strb	r3, [r0, #13]
100042da:	d016      	beq.n	1000430a <pico_get_unique_board_id_string+0x182>
100042dc:	79d3      	ldrb	r3, [r2, #7]
100042de:	111a      	asrs	r2, r3, #4
100042e0:	2a09      	cmp	r2, #9
100042e2:	bfcc      	ite	gt
100042e4:	3237      	addgt	r2, #55	@ 0x37
100042e6:	3230      	addle	r2, #48	@ 0x30
100042e8:	290f      	cmp	r1, #15
100042ea:	7382      	strb	r2, [r0, #14]
100042ec:	d00d      	beq.n	1000430a <pico_get_unique_board_id_string+0x182>
100042ee:	f003 030f 	and.w	r3, r3, #15
100042f2:	2b09      	cmp	r3, #9
100042f4:	bf94      	ite	ls
100042f6:	3330      	addls	r3, #48	@ 0x30
100042f8:	3337      	addhi	r3, #55	@ 0x37
100042fa:	2910      	cmp	r1, #16
100042fc:	73c3      	strb	r3, [r0, #15]
100042fe:	bf18      	it	ne
10004300:	3010      	addne	r0, #16
10004302:	d002      	beq.n	1000430a <pico_get_unique_board_id_string+0x182>
10004304:	2300      	movs	r3, #0
10004306:	7003      	strb	r3, [r0, #0]
10004308:	4770      	bx	lr
1000430a:	2300      	movs	r3, #0
1000430c:	4408      	add	r0, r1
1000430e:	7003      	strb	r3, [r0, #0]
10004310:	4770      	bx	lr
10004312:	bf00      	nop
10004314:	20002454 	.word	0x20002454

10004318 <usb_reset_interface_init>:
10004318:	4770      	bx	lr
1000431a:	bf00      	nop

1000431c <usb_reset_interface_reset>:
1000431c:	2200      	movs	r2, #0
1000431e:	4b01      	ldr	r3, [pc, #4]	@ (10004324 <usb_reset_interface_reset+0x8>)
10004320:	701a      	strb	r2, [r3, #0]
10004322:	4770      	bx	lr
10004324:	20002485 	.word	0x20002485

10004328 <usb_reset_interface_open>:
10004328:	794b      	ldrb	r3, [r1, #5]
1000432a:	2bff      	cmp	r3, #255	@ 0xff
1000432c:	d10b      	bne.n	10004346 <usb_reset_interface_open+0x1e>
1000432e:	7988      	ldrb	r0, [r1, #6]
10004330:	b948      	cbnz	r0, 10004346 <usb_reset_interface_open+0x1e>
10004332:	79cb      	ldrb	r3, [r1, #7]
10004334:	2b01      	cmp	r3, #1
10004336:	d107      	bne.n	10004348 <usb_reset_interface_open+0x20>
10004338:	2a08      	cmp	r2, #8
1000433a:	d905      	bls.n	10004348 <usb_reset_interface_open+0x20>
1000433c:	4b03      	ldr	r3, [pc, #12]	@ (1000434c <usb_reset_interface_open+0x24>)
1000433e:	788a      	ldrb	r2, [r1, #2]
10004340:	2009      	movs	r0, #9
10004342:	701a      	strb	r2, [r3, #0]
10004344:	4770      	bx	lr
10004346:	2000      	movs	r0, #0
10004348:	4770      	bx	lr
1000434a:	bf00      	nop
1000434c:	20002485 	.word	0x20002485

10004350 <usb_reset_interface_xfer_cb>:
10004350:	2001      	movs	r0, #1
10004352:	4770      	bx	lr

10004354 <usb_reset_interface_control_xfer_cb>:
10004354:	2901      	cmp	r1, #1
10004356:	d001      	beq.n	1000435c <usb_reset_interface_control_xfer_cb+0x8>
10004358:	2001      	movs	r0, #1
1000435a:	4770      	bx	lr
1000435c:	b508      	push	{r3, lr}
1000435e:	4b10      	ldr	r3, [pc, #64]	@ (100043a0 <usb_reset_interface_control_xfer_cb+0x4c>)
10004360:	8891      	ldrh	r1, [r2, #4]
10004362:	781b      	ldrb	r3, [r3, #0]
10004364:	4299      	cmp	r1, r3
10004366:	d001      	beq.n	1000436c <usb_reset_interface_control_xfer_cb+0x18>
10004368:	2000      	movs	r0, #0
1000436a:	bd08      	pop	{r3, pc}
1000436c:	7853      	ldrb	r3, [r2, #1]
1000436e:	2b01      	cmp	r3, #1
10004370:	d008      	beq.n	10004384 <usb_reset_interface_control_xfer_cb+0x30>
10004372:	2b02      	cmp	r3, #2
10004374:	d1f8      	bne.n	10004368 <usb_reset_interface_control_xfer_cb+0x14>
10004376:	2100      	movs	r1, #0
10004378:	2264      	movs	r2, #100	@ 0x64
1000437a:	4608      	mov	r0, r1
1000437c:	f7fd f9f0 	bl	10001760 <watchdog_reboot>
10004380:	2001      	movs	r0, #1
10004382:	bd08      	pop	{r3, pc}
10004384:	8851      	ldrh	r1, [r2, #2]
10004386:	f411 7280 	ands.w	r2, r1, #256	@ 0x100
1000438a:	bf1a      	itte	ne
1000438c:	f3c1 12c0 	ubfxne	r2, r1, #7, #1
10004390:	0a48      	lsrne	r0, r1, #9
10004392:	f04f 30ff 	moveq.w	r0, #4294967295
10004396:	f001 0103 	and.w	r1, r1, #3
1000439a:	f7fd fa85 	bl	100018a8 <rom_reset_usb_boot_extra>
1000439e:	bf00      	nop
100043a0:	20002485 	.word	0x20002485

100043a4 <tud_descriptor_bos_cb>:
100043a4:	4800      	ldr	r0, [pc, #0]	@ (100043a8 <tud_descriptor_bos_cb+0x4>)
100043a6:	4770      	bx	lr
100043a8:	10006edc 	.word	0x10006edc

100043ac <tud_vendor_control_xfer_cb>:
100043ac:	2901      	cmp	r1, #1
100043ae:	d107      	bne.n	100043c0 <tud_vendor_control_xfer_cb+0x14>
100043b0:	7853      	ldrb	r3, [r2, #1]
100043b2:	2b01      	cmp	r3, #1
100043b4:	d102      	bne.n	100043bc <tud_vendor_control_xfer_cb+0x10>
100043b6:	8893      	ldrh	r3, [r2, #4]
100043b8:	2b07      	cmp	r3, #7
100043ba:	d003      	beq.n	100043c4 <tud_vendor_control_xfer_cb+0x18>
100043bc:	2000      	movs	r0, #0
100043be:	4770      	bx	lr
100043c0:	2001      	movs	r0, #1
100043c2:	4770      	bx	lr
100043c4:	4611      	mov	r1, r2
100043c6:	23a6      	movs	r3, #166	@ 0xa6
100043c8:	4a01      	ldr	r2, [pc, #4]	@ (100043d0 <tud_vendor_control_xfer_cb+0x24>)
100043ca:	f000 bf1f 	b.w	1000520c <tud_control_xfer>
100043ce:	bf00      	nop
100043d0:	10006e34 	.word	0x10006e34

100043d4 <usbd_app_driver_get_cb>:
100043d4:	4603      	mov	r3, r0
100043d6:	2201      	movs	r2, #1
100043d8:	4801      	ldr	r0, [pc, #4]	@ (100043e0 <usbd_app_driver_get_cb+0xc>)
100043da:	701a      	strb	r2, [r3, #0]
100043dc:	4770      	bx	lr
100043de:	bf00      	nop
100043e0:	10006f00 	.word	0x10006f00

100043e4 <tud_cdc_line_coding_cb>:
100043e4:	b508      	push	{r3, lr}
100043e6:	680b      	ldr	r3, [r1, #0]
100043e8:	f5b3 6f96 	cmp.w	r3, #1200	@ 0x4b0
100043ec:	d000      	beq.n	100043f0 <tud_cdc_line_coding_cb+0xc>
100043ee:	bd08      	pop	{r3, pc}
100043f0:	2200      	movs	r2, #0
100043f2:	f04f 30ff 	mov.w	r0, #4294967295
100043f6:	4611      	mov	r1, r2
100043f8:	f7fd fa56 	bl	100018a8 <rom_reset_usb_boot_extra>

100043fc <dcd_init>:
100043fc:	b510      	push	{r4, lr}
100043fe:	f000 f92d 	bl	1000465c <rp2040_usb_init>
10004402:	230c      	movs	r3, #12
10004404:	4c1c      	ldr	r4, [pc, #112]	@ (10004478 <dcd_init+0x7c>)
10004406:	22ff      	movs	r2, #255	@ 0xff
10004408:	67a3      	str	r3, [r4, #120]	@ 0x78
1000440a:	200e      	movs	r0, #14
1000440c:	491b      	ldr	r1, [pc, #108]	@ (1000447c <dcd_init+0x80>)
1000440e:	f7fc f911 	bl	10000634 <irq_add_shared_handler>
10004412:	2240      	movs	r2, #64	@ 0x40
10004414:	2100      	movs	r1, #0
10004416:	481a      	ldr	r0, [pc, #104]	@ (10004480 <dcd_init+0x84>)
10004418:	f002 face 	bl	100069b8 <__memset_veneer>
1000441c:	f04f 0c80 	mov.w	ip, #128	@ 0x80
10004420:	2001      	movs	r0, #1
10004422:	4a17      	ldr	r2, [pc, #92]	@ (10004480 <dcd_init+0x84>)
10004424:	2300      	movs	r3, #0
10004426:	f8a2 c022 	strh.w	ip, [r2, #34]	@ 0x22
1000442a:	7050      	strb	r0, [r2, #1]
1000442c:	4610      	mov	r0, r2
1000442e:	2240      	movs	r2, #64	@ 0x40
10004430:	4914      	ldr	r1, [pc, #80]	@ (10004484 <dcd_init+0x88>)
10004432:	8302      	strh	r2, [r0, #24]
10004434:	8702      	strh	r2, [r0, #56]	@ 0x38
10004436:	4a14      	ldr	r2, [pc, #80]	@ (10004488 <dcd_init+0x8c>)
10004438:	6081      	str	r1, [r0, #8]
1000443a:	6043      	str	r3, [r0, #4]
1000443c:	f8c2 3084 	str.w	r3, [r2, #132]	@ 0x84
10004440:	f8c2 3080 	str.w	r3, [r2, #128]	@ 0x80
10004444:	f880 3021 	strb.w	r3, [r0, #33]	@ 0x21
10004448:	f880 303b 	strb.w	r3, [r0, #59]	@ 0x3b
1000444c:	6243      	str	r3, [r0, #36]	@ 0x24
1000444e:	4b0f      	ldr	r3, [pc, #60]	@ (1000448c <dcd_init+0x90>)
10004450:	60c3      	str	r3, [r0, #12]
10004452:	62c3      	str	r3, [r0, #44]	@ 0x2c
10004454:	3b80      	subs	r3, #128	@ 0x80
10004456:	6283      	str	r3, [r0, #40]	@ 0x28
10004458:	f002 fab6 	bl	100069c8 <__reset_non_control_endpoints_veneer>
1000445c:	f04f 5c00 	mov.w	ip, #536870912	@ 0x20000000
10004460:	f44f 3280 	mov.w	r2, #65536	@ 0x10000
10004464:	2001      	movs	r0, #1
10004466:	490a      	ldr	r1, [pc, #40]	@ (10004490 <dcd_init+0x94>)
10004468:	4b0a      	ldr	r3, [pc, #40]	@ (10004494 <dcd_init+0x98>)
1000446a:	6420      	str	r0, [r4, #64]	@ 0x40
1000446c:	f8c4 c04c 	str.w	ip, [r4, #76]	@ 0x4c
10004470:	f8c4 1090 	str.w	r1, [r4, #144]	@ 0x90
10004474:	64da      	str	r2, [r3, #76]	@ 0x4c
10004476:	bd10      	pop	{r4, pc}
10004478:	50110000 	.word	0x50110000
1000447c:	20000399 	.word	0x20000399
10004480:	20002020 	.word	0x20002020
10004484:	50100084 	.word	0x50100084
10004488:	50100000 	.word	0x50100000
1000448c:	50100100 	.word	0x50100100
10004490:	0001d010 	.word	0x0001d010
10004494:	50112000 	.word	0x50112000

10004498 <dcd_int_enable>:
10004498:	2101      	movs	r1, #1
1000449a:	200e      	movs	r0, #14
1000449c:	f7fc b856 	b.w	1000054c <irq_set_enabled>

100044a0 <dcd_set_address>:
100044a0:	2200      	movs	r2, #0
100044a2:	4802      	ldr	r0, [pc, #8]	@ (100044ac <dcd_set_address+0xc>)
100044a4:	4611      	mov	r1, r2
100044a6:	f000 b8f9 	b.w	1000469c <hw_endpoint_xfer_start>
100044aa:	bf00      	nop
100044ac:	20002040 	.word	0x20002040

100044b0 <dcd_sof_enable>:
100044b0:	4b04      	ldr	r3, [pc, #16]	@ (100044c4 <dcd_sof_enable+0x14>)
100044b2:	7019      	strb	r1, [r3, #0]
100044b4:	b121      	cbz	r1, 100044c0 <dcd_sof_enable+0x10>
100044b6:	f44f 3200 	mov.w	r2, #131072	@ 0x20000
100044ba:	4b03      	ldr	r3, [pc, #12]	@ (100044c8 <dcd_sof_enable+0x18>)
100044bc:	f8c3 2090 	str.w	r2, [r3, #144]	@ 0x90
100044c0:	4770      	bx	lr
100044c2:	bf00      	nop
100044c4:	20002482 	.word	0x20002482
100044c8:	50112000 	.word	0x50112000

100044cc <dcd_edpt0_status_complete>:
100044cc:	780b      	ldrb	r3, [r1, #0]
100044ce:	065b      	lsls	r3, r3, #25
100044d0:	d000      	beq.n	100044d4 <dcd_edpt0_status_complete+0x8>
100044d2:	4770      	bx	lr
100044d4:	784b      	ldrb	r3, [r1, #1]
100044d6:	2b05      	cmp	r3, #5
100044d8:	d1fb      	bne.n	100044d2 <dcd_edpt0_status_complete+0x6>
100044da:	884b      	ldrh	r3, [r1, #2]
100044dc:	4a01      	ldr	r2, [pc, #4]	@ (100044e4 <dcd_edpt0_status_complete+0x18>)
100044de:	b2db      	uxtb	r3, r3
100044e0:	6013      	str	r3, [r2, #0]
100044e2:	e7f6      	b.n	100044d2 <dcd_edpt0_status_complete+0x6>
100044e4:	50110000 	.word	0x50110000

100044e8 <dcd_edpt_open>:
100044e8:	78cb      	ldrb	r3, [r1, #3]
100044ea:	e92d 41f0 	stmdb	sp!, {r4, r5, r6, r7, r8, lr}
100044ee:	f003 0e03 	and.w	lr, r3, #3
100044f2:	f1be 0f01 	cmp.w	lr, #1
100044f6:	f3c3 0001 	ubfx	r0, r3, #0, #2
100044fa:	d057      	beq.n	100045ac <dcd_edpt_open+0xc4>
100044fc:	2600      	movs	r6, #0
100044fe:	788c      	ldrb	r4, [r1, #2]
10004500:	f8df c0d4 	ldr.w	ip, [pc, #212]	@ 100045d8 <dcd_edpt_open+0xf0>
10004504:	f004 027f 	and.w	r2, r4, #127	@ 0x7f
10004508:	0053      	lsls	r3, r2, #1
1000450a:	8889      	ldrh	r1, [r1, #4]
1000450c:	4698      	mov	r8, r3
1000450e:	eb03 13d4 	add.w	r3, r3, r4, lsr #7
10004512:	eb0c 1343 	add.w	r3, ip, r3, lsl #5
10004516:	09e5      	lsrs	r5, r4, #7
10004518:	76d8      	strb	r0, [r3, #27]
1000451a:	f3c1 010a 	ubfx	r1, r1, #0, #11
1000451e:	f085 0001 	eor.w	r0, r5, #1
10004522:	709c      	strb	r4, [r3, #2]
10004524:	8319      	strh	r1, [r3, #24]
10004526:	7058      	strb	r0, [r3, #1]
10004528:	70de      	strb	r6, [r3, #3]
1000452a:	00d3      	lsls	r3, r2, #3
1000452c:	bb6d      	cbnz	r5, 1000458a <dcd_edpt_open+0xa2>
1000452e:	4825      	ldr	r0, [pc, #148]	@ (100045c4 <dcd_edpt_open+0xdc>)
10004530:	3304      	adds	r3, #4
10004532:	eb0c 1482 	add.w	r4, ip, r2, lsl #6
10004536:	181f      	adds	r7, r3, r0
10004538:	60a7      	str	r7, [r4, #8]
1000453a:	501e      	str	r6, [r3, r0]
1000453c:	b36a      	cbz	r2, 1000459a <dcd_edpt_open+0xb2>
1000453e:	4b22      	ldr	r3, [pc, #136]	@ (100045c8 <dcd_edpt_open+0xe0>)
10004540:	eb03 03c2 	add.w	r3, r3, r2, lsl #3
10004544:	6063      	str	r3, [r4, #4]
10004546:	313f      	adds	r1, #63	@ 0x3f
10004548:	0989      	lsrs	r1, r1, #6
1000454a:	f1be 0f02 	cmp.w	lr, #2
1000454e:	bf14      	ite	ne
10004550:	018b      	lslne	r3, r1, #6
10004552:	01cb      	lsleq	r3, r1, #7
10004554:	491d      	ldr	r1, [pc, #116]	@ (100045cc <dcd_edpt_open+0xe4>)
10004556:	eb08 0205 	add.w	r2, r8, r5
1000455a:	eb0c 1c42 	add.w	ip, ip, r2, lsl #5
1000455e:	680a      	ldr	r2, [r1, #0]
10004560:	481b      	ldr	r0, [pc, #108]	@ (100045d0 <dcd_edpt_open+0xe8>)
10004562:	4413      	add	r3, r2
10004564:	4283      	cmp	r3, r0
10004566:	600b      	str	r3, [r1, #0]
10004568:	f8cc 200c 	str.w	r2, [ip, #12]
1000456c:	d828      	bhi.n	100045c0 <dcd_edpt_open+0xd8>
1000456e:	f082 43a0 	eor.w	r3, r2, #1342177280	@ 0x50000000
10004572:	f483 1380 	eor.w	r3, r3, #1048576	@ 0x100000
10004576:	f8dc 2004 	ldr.w	r2, [ip, #4]
1000457a:	ea43 638e 	orr.w	r3, r3, lr, lsl #26
1000457e:	f043 4300 	orr.w	r3, r3, #2147483648	@ 0x80000000
10004582:	6013      	str	r3, [r2, #0]
10004584:	2001      	movs	r0, #1
10004586:	e8bd 81f0 	ldmia.w	sp!, {r4, r5, r6, r7, r8, pc}
1000458a:	480e      	ldr	r0, [pc, #56]	@ (100045c4 <dcd_edpt_open+0xdc>)
1000458c:	eb0c 1482 	add.w	r4, ip, r2, lsl #6
10004590:	4403      	add	r3, r0
10004592:	62a3      	str	r3, [r4, #40]	@ 0x28
10004594:	f840 6032 	str.w	r6, [r0, r2, lsl #3]
10004598:	b95a      	cbnz	r2, 100045b2 <dcd_edpt_open+0xca>
1000459a:	4613      	mov	r3, r2
1000459c:	4a0d      	ldr	r2, [pc, #52]	@ (100045d4 <dcd_edpt_open+0xec>)
1000459e:	eb0c 1c45 	add.w	ip, ip, r5, lsl #5
100045a2:	f8cc 200c 	str.w	r2, [ip, #12]
100045a6:	f8cc 3004 	str.w	r3, [ip, #4]
100045aa:	e7eb      	b.n	10004584 <dcd_edpt_open+0x9c>
100045ac:	2000      	movs	r0, #0
100045ae:	e8bd 81f0 	ldmia.w	sp!, {r4, r5, r6, r7, r8, pc}
100045b2:	00d2      	lsls	r2, r2, #3
100045b4:	f102 42a0 	add.w	r2, r2, #1342177280	@ 0x50000000
100045b8:	f502 1280 	add.w	r2, r2, #1048576	@ 0x100000
100045bc:	6262      	str	r2, [r4, #36]	@ 0x24
100045be:	e7c2      	b.n	10004546 <dcd_edpt_open+0x5e>
100045c0:	f7fd f9bc 	bl	1000193c <hard_assertion_failure>
100045c4:	50100080 	.word	0x50100080
100045c8:	50100004 	.word	0x50100004
100045cc:	20002428 	.word	0x20002428
100045d0:	50100fff 	.word	0x50100fff
100045d4:	50100100 	.word	0x50100100
100045d8:	20002020 	.word	0x20002020

100045dc <dcd_edpt_close_all>:
100045dc:	f002 b9f4 	b.w	100069c8 <__reset_non_control_endpoints_veneer>

100045e0 <dcd_edpt_xfer>:
100045e0:	b508      	push	{r3, lr}
100045e2:	4696      	mov	lr, r2
100045e4:	f8df c01c 	ldr.w	ip, [pc, #28]	@ 10004604 <dcd_edpt_xfer+0x24>
100045e8:	f001 027f 	and.w	r2, r1, #127	@ 0x7f
100045ec:	09c8      	lsrs	r0, r1, #7
100045ee:	eb00 0042 	add.w	r0, r0, r2, lsl #1
100045f2:	eb0c 1040 	add.w	r0, ip, r0, lsl #5
100045f6:	461a      	mov	r2, r3
100045f8:	4671      	mov	r1, lr
100045fa:	f000 f84f 	bl	1000469c <hw_endpoint_xfer_start>
100045fe:	2001      	movs	r0, #1
10004600:	bd08      	pop	{r3, pc}
10004602:	bf00      	nop
10004604:	20002020 	.word	0x20002020

10004608 <dcd_edpt_stall>:
10004608:	f011 027f 	ands.w	r2, r1, #127	@ 0x7f
1000460c:	d105      	bne.n	1000461a <dcd_edpt_stall+0x12>
1000460e:	2900      	cmp	r1, #0
10004610:	bf0c      	ite	eq
10004612:	2002      	moveq	r0, #2
10004614:	2001      	movne	r0, #1
10004616:	4b06      	ldr	r3, [pc, #24]	@ (10004630 <dcd_edpt_stall+0x28>)
10004618:	6698      	str	r0, [r3, #104]	@ 0x68
1000461a:	09c9      	lsrs	r1, r1, #7
1000461c:	4b05      	ldr	r3, [pc, #20]	@ (10004634 <dcd_edpt_stall+0x2c>)
1000461e:	eb01 0042 	add.w	r0, r1, r2, lsl #1
10004622:	eb03 1040 	add.w	r0, r3, r0, lsl #5
10004626:	f44f 6200 	mov.w	r2, #2048	@ 0x800
1000462a:	2100      	movs	r1, #0
1000462c:	f002 b9e4 	b.w	100069f8 <___hw_endpoint_buffer_control_update32_veneer>
10004630:	50112000 	.word	0x50112000
10004634:	20002020 	.word	0x20002020

10004638 <dcd_edpt_clear_stall>:
10004638:	f011 037f 	ands.w	r3, r1, #127	@ 0x7f
1000463c:	d100      	bne.n	10004640 <dcd_edpt_clear_stall+0x8>
1000463e:	4770      	bx	lr
10004640:	2200      	movs	r2, #0
10004642:	4805      	ldr	r0, [pc, #20]	@ (10004658 <dcd_edpt_clear_stall+0x20>)
10004644:	005b      	lsls	r3, r3, #1
10004646:	eb03 13d1 	add.w	r3, r3, r1, lsr #7
1000464a:	eb00 1043 	add.w	r0, r0, r3, lsl #5
1000464e:	f46f 6100 	mvn.w	r1, #2048	@ 0x800
10004652:	70c2      	strb	r2, [r0, #3]
10004654:	f002 b9d0 	b.w	100069f8 <___hw_endpoint_buffer_control_update32_veneer>
10004658:	20002020 	.word	0x20002020

1000465c <rp2040_usb_init>:
1000465c:	f04f 5280 	mov.w	r2, #268435456	@ 0x10000000
10004660:	4809      	ldr	r0, [pc, #36]	@ (10004688 <rp2040_usb_init+0x2c>)
10004662:	490a      	ldr	r1, [pc, #40]	@ (1000468c <rp2040_usb_init+0x30>)
10004664:	b508      	push	{r3, lr}
10004666:	4b0a      	ldr	r3, [pc, #40]	@ (10004690 <rp2040_usb_init+0x34>)
10004668:	6002      	str	r2, [r0, #0]
1000466a:	600a      	str	r2, [r1, #0]
1000466c:	6899      	ldr	r1, [r3, #8]
1000466e:	43c9      	mvns	r1, r1
10004670:	f011 5180 	ands.w	r1, r1, #268435456	@ 0x10000000
10004674:	d1fa      	bne.n	1000466c <rp2040_usb_init+0x10>
10004676:	f44f 5280 	mov.w	r2, #4096	@ 0x1000
1000467a:	4806      	ldr	r0, [pc, #24]	@ (10004694 <rp2040_usb_init+0x38>)
1000467c:	f002 f99c 	bl	100069b8 <__memset_veneer>
10004680:	2209      	movs	r2, #9
10004682:	4b05      	ldr	r3, [pc, #20]	@ (10004698 <rp2040_usb_init+0x3c>)
10004684:	675a      	str	r2, [r3, #116]	@ 0x74
10004686:	bd08      	pop	{r3, pc}
10004688:	40022000 	.word	0x40022000
1000468c:	40023000 	.word	0x40023000
10004690:	40020000 	.word	0x40020000
10004694:	50100000 	.word	0x50100000
10004698:	50110000 	.word	0x50110000

1000469c <hw_endpoint_xfer_start>:
1000469c:	2300      	movs	r3, #0
1000469e:	f04f 0c01 	mov.w	ip, #1
100046a2:	b510      	push	{r4, lr}
100046a4:	6101      	str	r1, [r0, #16]
100046a6:	f880 c01a 	strb.w	ip, [r0, #26]
100046aa:	8282      	strh	r2, [r0, #20]
100046ac:	82c3      	strh	r3, [r0, #22]
100046ae:	4604      	mov	r4, r0
100046b0:	f002 f97e 	bl	100069b0 <__e15_is_bulkin_ep_veneer>
100046b4:	b120      	cbz	r0, 100046c0 <hw_endpoint_xfer_start+0x24>
100046b6:	f44f 3200 	mov.w	r2, #131072	@ 0x20000
100046ba:	4b07      	ldr	r3, [pc, #28]	@ (100046d8 <hw_endpoint_xfer_start+0x3c>)
100046bc:	f8c3 2090 	str.w	r2, [r3, #144]	@ 0x90
100046c0:	4620      	mov	r0, r4
100046c2:	f002 f96d 	bl	100069a0 <__e15_is_critical_frame_period_veneer>
100046c6:	b110      	cbz	r0, 100046ce <hw_endpoint_xfer_start+0x32>
100046c8:	2301      	movs	r3, #1
100046ca:	7723      	strb	r3, [r4, #28]
100046cc:	bd10      	pop	{r4, pc}
100046ce:	4620      	mov	r0, r4
100046d0:	e8bd 4010 	ldmia.w	sp!, {r4, lr}
100046d4:	f002 b988 	b.w	100069e8 <__hw_endpoint_start_next_buffer_veneer>
100046d8:	50112000 	.word	0x50112000

100046dc <configuration_reset>:
100046dc:	e92d 41f0 	stmdb	sp!, {r4, r5, r6, r7, r8, lr}
100046e0:	f04f 0800 	mov.w	r8, #0
100046e4:	4c1b      	ldr	r4, [pc, #108]	@ (10004754 <configuration_reset+0x78>)
100046e6:	4605      	mov	r5, r0
100046e8:	4642      	mov	r2, r8
100046ea:	7823      	ldrb	r3, [r4, #0]
100046ec:	4f1a      	ldr	r7, [pc, #104]	@ (10004758 <configuration_reset+0x7c>)
100046ee:	4e1b      	ldr	r6, [pc, #108]	@ (1000475c <configuration_reset+0x80>)
100046f0:	e00d      	b.n	1000470e <configuration_reset+0x32>
100046f2:	6833      	ldr	r3, [r6, #0]
100046f4:	eb13 1342 	adds.w	r3, r3, r2, lsl #5
100046f8:	d023      	beq.n	10004742 <configuration_reset+0x66>
100046fa:	68db      	ldr	r3, [r3, #12]
100046fc:	4628      	mov	r0, r5
100046fe:	4798      	blx	r3
10004700:	f108 0801 	add.w	r8, r8, #1
10004704:	7823      	ldrb	r3, [r4, #0]
10004706:	fa5f f288 	uxtb.w	r2, r8
1000470a:	4293      	cmp	r3, r2
1000470c:	d306      	bcc.n	1000471c <configuration_reset+0x40>
1000470e:	4293      	cmp	r3, r2
10004710:	eba2 0303 	sub.w	r3, r2, r3
10004714:	d8ed      	bhi.n	100046f2 <configuration_reset+0x16>
10004716:	eb07 1343 	add.w	r3, r7, r3, lsl #5
1000471a:	e7ee      	b.n	100046fa <configuration_reset+0x1e>
1000471c:	2254      	movs	r2, #84	@ 0x54
1000471e:	2100      	movs	r1, #0
10004720:	480f      	ldr	r0, [pc, #60]	@ (10004760 <configuration_reset+0x84>)
10004722:	f002 f949 	bl	100069b8 <__memset_veneer>
10004726:	f04f 33ff 	mov.w	r3, #4294967295
1000472a:	4c0d      	ldr	r4, [pc, #52]	@ (10004760 <configuration_reset+0x84>)
1000472c:	2220      	movs	r2, #32
1000472e:	e9c4 3301 	strd	r3, r3, [r4, #4]
10004732:	e9c4 3303 	strd	r3, r3, [r4, #12]
10004736:	21ff      	movs	r1, #255	@ 0xff
10004738:	e8bd 41f0 	ldmia.w	sp!, {r4, r5, r6, r7, r8, lr}
1000473c:	4809      	ldr	r0, [pc, #36]	@ (10004764 <configuration_reset+0x88>)
1000473e:	f002 b93b 	b.w	100069b8 <__memset_veneer>
10004742:	f04f 23e0 	mov.w	r3, #3758153728	@ 0xe000e000
10004746:	f8d3 3df0 	ldr.w	r3, [r3, #3568]	@ 0xdf0
1000474a:	07db      	lsls	r3, r3, #31
1000474c:	d500      	bpl.n	10004750 <configuration_reset+0x74>
1000474e:	be00      	bkpt	0x0000
10004750:	e8bd 81f0 	ldmia.w	sp!, {r4, r5, r6, r7, r8, pc}
10004754:	20002481 	.word	0x20002481
10004758:	10006f20 	.word	0x10006f20
1000475c:	20001d80 	.word	0x20001d80
10004760:	20001e88 	.word	0x20001e88
10004764:	20001e9c 	.word	0x20001e9c

10004768 <tud_event_hook_cb>:
10004768:	4770      	bx	lr
1000476a:	bf00      	nop

1000476c <tud_sof_cb>:
1000476c:	4770      	bx	lr
1000476e:	bf00      	nop

10004770 <tud_descriptor_device_qualifier_cb>:
10004770:	2000      	movs	r0, #0
10004772:	4770      	bx	lr

10004774 <tud_descriptor_other_speed_configuration_cb>:
10004774:	2000      	movs	r0, #0
10004776:	4770      	bx	lr

10004778 <tud_mount_cb>:
10004778:	4770      	bx	lr
1000477a:	bf00      	nop

1000477c <tud_umount_cb>:
1000477c:	4770      	bx	lr
1000477e:	bf00      	nop

10004780 <tud_suspend_cb>:
10004780:	4770      	bx	lr
10004782:	bf00      	nop

10004784 <tud_resume_cb>:
10004784:	4770      	bx	lr
10004786:	bf00      	nop

10004788 <tud_mounted>:
10004788:	4b02      	ldr	r3, [pc, #8]	@ (10004794 <tud_mounted+0xc>)
1000478a:	7858      	ldrb	r0, [r3, #1]
1000478c:	3800      	subs	r0, #0
1000478e:	bf18      	it	ne
10004790:	2001      	movne	r0, #1
10004792:	4770      	bx	lr
10004794:	20001e88 	.word	0x20001e88

10004798 <tud_suspended>:
10004798:	4b02      	ldr	r3, [pc, #8]	@ (100047a4 <tud_suspended+0xc>)
1000479a:	7818      	ldrb	r0, [r3, #0]
1000479c:	f3c0 0080 	ubfx	r0, r0, #2, #1
100047a0:	4770      	bx	lr
100047a2:	bf00      	nop
100047a4:	20001e88 	.word	0x20001e88

100047a8 <tud_rhport_init>:
100047a8:	e92d 47f0 	stmdb	sp!, {r4, r5, r6, r7, r8, r9, sl, lr}
100047ac:	4f2d      	ldr	r7, [pc, #180]	@ (10004864 <tud_rhport_init+0xbc>)
100047ae:	783b      	ldrb	r3, [r7, #0]
100047b0:	2bff      	cmp	r3, #255	@ 0xff
100047b2:	d154      	bne.n	1000485e <tud_rhport_init+0xb6>
100047b4:	2900      	cmp	r1, #0
100047b6:	d03d      	beq.n	10004834 <tud_rhport_init+0x8c>
100047b8:	2254      	movs	r2, #84	@ 0x54
100047ba:	468a      	mov	sl, r1
100047bc:	4681      	mov	r9, r0
100047be:	2100      	movs	r1, #0
100047c0:	4829      	ldr	r0, [pc, #164]	@ (10004868 <tud_rhport_init+0xc0>)
100047c2:	f002 f8f9 	bl	100069b8 <__memset_veneer>
100047c6:	2200      	movs	r2, #0
100047c8:	4c28      	ldr	r4, [pc, #160]	@ (1000486c <tud_rhport_init+0xc4>)
100047ca:	4b29      	ldr	r3, [pc, #164]	@ (10004870 <tud_rhport_init+0xc8>)
100047cc:	4620      	mov	r0, r4
100047ce:	701a      	strb	r2, [r3, #0]
100047d0:	f7fc f9a6 	bl	10000b20 <mutex_init>
100047d4:	4b27      	ldr	r3, [pc, #156]	@ (10004874 <tud_rhport_init+0xcc>)
100047d6:	4828      	ldr	r0, [pc, #160]	@ (10004878 <tud_rhport_init+0xd0>)
100047d8:	601c      	str	r4, [r3, #0]
100047da:	4c28      	ldr	r4, [pc, #160]	@ (1000487c <tud_rhport_init+0xd4>)
100047dc:	f7fc f9ae 	bl	10000b3c <critical_section_init>
100047e0:	4620      	mov	r0, r4
100047e2:	f001 fbdd 	bl	10005fa0 <tu_fifo_clear>
100047e6:	4a26      	ldr	r2, [pc, #152]	@ (10004880 <tud_rhport_init+0xd8>)
100047e8:	4b26      	ldr	r3, [pc, #152]	@ (10004884 <tud_rhport_init+0xdc>)
100047ea:	6014      	str	r4, [r2, #0]
100047ec:	b123      	cbz	r3, 100047f8 <tud_rhport_init+0x50>
100047ee:	4826      	ldr	r0, [pc, #152]	@ (10004888 <tud_rhport_init+0xe0>)
100047f0:	f7ff fdf0 	bl	100043d4 <usbd_app_driver_get_cb>
100047f4:	4b25      	ldr	r3, [pc, #148]	@ (1000488c <tud_rhport_init+0xe4>)
100047f6:	6018      	str	r0, [r3, #0]
100047f8:	f04f 0800 	mov.w	r8, #0
100047fc:	4c22      	ldr	r4, [pc, #136]	@ (10004888 <tud_rhport_init+0xe0>)
100047fe:	4643      	mov	r3, r8
10004800:	7822      	ldrb	r2, [r4, #0]
10004802:	4e23      	ldr	r6, [pc, #140]	@ (10004890 <tud_rhport_init+0xe8>)
10004804:	4d21      	ldr	r5, [pc, #132]	@ (1000488c <tud_rhport_init+0xe4>)
10004806:	e00d      	b.n	10004824 <tud_rhport_init+0x7c>
10004808:	682a      	ldr	r2, [r5, #0]
1000480a:	eb12 1343 	adds.w	r3, r2, r3, lsl #5
1000480e:	d011      	beq.n	10004834 <tud_rhport_init+0x8c>
10004810:	685b      	ldr	r3, [r3, #4]
10004812:	b17b      	cbz	r3, 10004834 <tud_rhport_init+0x8c>
10004814:	4798      	blx	r3
10004816:	f108 0801 	add.w	r8, r8, #1
1000481a:	7822      	ldrb	r2, [r4, #0]
1000481c:	fa5f f388 	uxtb.w	r3, r8
10004820:	4293      	cmp	r3, r2
10004822:	d811      	bhi.n	10004848 <tud_rhport_init+0xa0>
10004824:	4293      	cmp	r3, r2
10004826:	d3ef      	bcc.n	10004808 <tud_rhport_init+0x60>
10004828:	1a9b      	subs	r3, r3, r2
1000482a:	eb06 1343 	add.w	r3, r6, r3, lsl #5
1000482e:	685b      	ldr	r3, [r3, #4]
10004830:	2b00      	cmp	r3, #0
10004832:	d1ef      	bne.n	10004814 <tud_rhport_init+0x6c>
10004834:	f04f 23e0 	mov.w	r3, #3758153728	@ 0xe000e000
10004838:	f8d3 3df0 	ldr.w	r3, [r3, #3568]	@ 0xdf0
1000483c:	07db      	lsls	r3, r3, #31
1000483e:	d500      	bpl.n	10004842 <tud_rhport_init+0x9a>
10004840:	be00      	bkpt	0x0000
10004842:	2000      	movs	r0, #0
10004844:	e8bd 87f0 	ldmia.w	sp!, {r4, r5, r6, r7, r8, r9, sl, pc}
10004848:	4651      	mov	r1, sl
1000484a:	4648      	mov	r0, r9
1000484c:	f887 9000 	strb.w	r9, [r7]
10004850:	f7ff fdd4 	bl	100043fc <dcd_init>
10004854:	2800      	cmp	r0, #0
10004856:	d0ed      	beq.n	10004834 <tud_rhport_init+0x8c>
10004858:	4648      	mov	r0, r9
1000485a:	f7ff fe1d 	bl	10004498 <dcd_int_enable>
1000485e:	2001      	movs	r0, #1
10004860:	e8bd 87f0 	ldmia.w	sp!, {r4, r5, r6, r7, r8, r9, sl, pc}
10004864:	20001394 	.word	0x20001394
10004868:	20001e88 	.word	0x20001e88
1000486c:	20001e80 	.word	0x20001e80
10004870:	20002483 	.word	0x20002483
10004874:	20001edc 	.word	0x20001edc
10004878:	2000138c 	.word	0x2000138c
1000487c:	20001378 	.word	0x20001378
10004880:	20001ee0 	.word	0x20001ee0
10004884:	100043d5 	.word	0x100043d5
10004888:	20002481 	.word	0x20002481
1000488c:	20001d80 	.word	0x20001d80
10004890:	10006f20 	.word	0x10006f20

10004894 <tud_task_ext>:
10004894:	4ba4      	ldr	r3, [pc, #656]	@ (10004b28 <tud_task_ext+0x294>)
10004896:	781b      	ldrb	r3, [r3, #0]
10004898:	2bff      	cmp	r3, #255	@ 0xff
1000489a:	f000 8112 	beq.w	10004ac2 <tud_task_ext+0x22e>
1000489e:	e92d 4ff0 	stmdb	sp!, {r4, r5, r6, r7, r8, r9, sl, fp, lr}
100048a2:	4ca2      	ldr	r4, [pc, #648]	@ (10004b2c <tud_task_ext+0x298>)
100048a4:	4da2      	ldr	r5, [pc, #648]	@ (10004b30 <tud_task_ext+0x29c>)
100048a6:	f8df 829c 	ldr.w	r8, [pc, #668]	@ 10004b44 <tud_task_ext+0x2b0>
100048aa:	4ea2      	ldr	r6, [pc, #648]	@ (10004b34 <tud_task_ext+0x2a0>)
100048ac:	b08b      	sub	sp, #44	@ 0x2c
100048ae:	6827      	ldr	r7, [r4, #0]
100048b0:	697b      	ldr	r3, [r7, #20]
100048b2:	f3ef 8210 	mrs	r2, PRIMASK
100048b6:	b672      	cpsid	i
100048b8:	e8d3 0fcf 	ldaexb	r0, [r3]
100048bc:	2101      	movs	r1, #1
100048be:	2800      	cmp	r0, #0
100048c0:	d1fa      	bne.n	100048b8 <tud_task_ext+0x24>
100048c2:	e8c3 1f40 	strexb	r0, r1, [r3]
100048c6:	2800      	cmp	r0, #0
100048c8:	d1f6      	bne.n	100048b8 <tud_task_ext+0x24>
100048ca:	f3bf 8f5f 	dmb	sy
100048ce:	61ba      	str	r2, [r7, #24]
100048d0:	4638      	mov	r0, r7
100048d2:	a907      	add	r1, sp, #28
100048d4:	f001 f9aa 	bl	10005c2c <tu_fifo_read>
100048d8:	2300      	movs	r3, #0
100048da:	697a      	ldr	r2, [r7, #20]
100048dc:	e8c2 3f8f 	stlb	r3, [r2]
100048e0:	69bb      	ldr	r3, [r7, #24]
100048e2:	f383 8810 	msr	PRIMASK, r3
100048e6:	2800      	cmp	r0, #0
100048e8:	f000 80c6 	beq.w	10004a78 <tud_task_ext+0x1e4>
100048ec:	f89d 301d 	ldrb.w	r3, [sp, #29]
100048f0:	3b01      	subs	r3, #1
100048f2:	2b07      	cmp	r3, #7
100048f4:	f200 8383 	bhi.w	10004ffe <tud_task_ext+0x76a>
100048f8:	e8df f003 	tbb	[pc, r3]
100048fc:	9991ada3 	.word	0x9991ada3
10004900:	040a358a 	.word	0x040a358a
10004904:	9b08      	ldr	r3, [sp, #32]
10004906:	2b00      	cmp	r3, #0
10004908:	d0d1      	beq.n	100048ae <tud_task_ext+0x1a>
1000490a:	9809      	ldr	r0, [sp, #36]	@ 0x24
1000490c:	4798      	blx	r3
1000490e:	e7ce      	b.n	100048ae <tud_task_ext+0x1a>
10004910:	f89d 1020 	ldrb.w	r1, [sp, #32]
10004914:	f001 077f 	and.w	r7, r1, #127	@ 0x7f
10004918:	eb05 0047 	add.w	r0, r5, r7, lsl #1
1000491c:	eb00 10d1 	add.w	r0, r0, r1, lsr #7
10004920:	f890 3034 	ldrb.w	r3, [r0, #52]	@ 0x34
10004924:	f023 0301 	bic.w	r3, r3, #1
10004928:	f880 3034 	strb.w	r3, [r0, #52]	@ 0x34
1000492c:	f890 3034 	ldrb.w	r3, [r0, #52]	@ 0x34
10004930:	f023 0304 	bic.w	r3, r3, #4
10004934:	f880 3034 	strb.w	r3, [r0, #52]	@ 0x34
10004938:	2f00      	cmp	r7, #0
1000493a:	f000 80a0 	beq.w	10004a7e <tud_task_ext+0x1ea>
1000493e:	7d02      	ldrb	r2, [r0, #20]
10004940:	f898 3000 	ldrb.w	r3, [r8]
10004944:	429a      	cmp	r2, r3
10004946:	f080 808f 	bcs.w	10004a68 <tud_task_ext+0x1d4>
1000494a:	4b7b      	ldr	r3, [pc, #492]	@ (10004b38 <tud_task_ext+0x2a4>)
1000494c:	681b      	ldr	r3, [r3, #0]
1000494e:	eb13 1342 	adds.w	r3, r3, r2, lsl #5
10004952:	f000 808a 	beq.w	10004a6a <tud_task_ext+0x1d6>
10004956:	699f      	ldr	r7, [r3, #24]
10004958:	f89d 2021 	ldrb.w	r2, [sp, #33]	@ 0x21
1000495c:	9b09      	ldr	r3, [sp, #36]	@ 0x24
1000495e:	f89d 001c 	ldrb.w	r0, [sp, #28]
10004962:	47b8      	blx	r7
10004964:	e7a3      	b.n	100048ae <tud_task_ext+0x1a>
10004966:	7833      	ldrb	r3, [r6, #0]
10004968:	2b00      	cmp	r3, #0
1000496a:	d07e      	beq.n	10004a6a <tud_task_ext+0x1d6>
1000496c:	7833      	ldrb	r3, [r6, #0]
1000496e:	3b01      	subs	r3, #1
10004970:	7033      	strb	r3, [r6, #0]
10004972:	7833      	ldrb	r3, [r6, #0]
10004974:	f003 00ff 	and.w	r0, r3, #255	@ 0xff
10004978:	2b00      	cmp	r3, #0
1000497a:	d198      	bne.n	100048ae <tud_task_ext+0x1a>
1000497c:	f8df a1b0 	ldr.w	sl, [pc, #432]	@ 10004b30 <tud_task_ext+0x29c>
10004980:	f89d b01c 	ldrb.w	fp, [sp, #28]
10004984:	f89a 3000 	ldrb.w	r3, [sl]
10004988:	f043 0301 	orr.w	r3, r3, #1
1000498c:	f88a 3000 	strb.w	r3, [sl]
10004990:	f89a 3034 	ldrb.w	r3, [sl, #52]	@ 0x34
10004994:	f360 0300 	bfi	r3, r0, #0, #1
10004998:	f88a 3034 	strb.w	r3, [sl, #52]	@ 0x34
1000499c:	f89a 3034 	ldrb.w	r3, [sl, #52]	@ 0x34
100049a0:	f360 0382 	bfi	r3, r0, #2, #1
100049a4:	f88a 3034 	strb.w	r3, [sl, #52]	@ 0x34
100049a8:	f89a 3035 	ldrb.w	r3, [sl, #53]	@ 0x35
100049ac:	f360 0300 	bfi	r3, r0, #0, #1
100049b0:	f88a 3035 	strb.w	r3, [sl, #53]	@ 0x35
100049b4:	f89a 3035 	ldrb.w	r3, [sl, #53]	@ 0x35
100049b8:	f360 0382 	bfi	r3, r0, #2, #1
100049bc:	f88a 3035 	strb.w	r3, [sl, #53]	@ 0x35
100049c0:	f000 fc88 	bl	100052d4 <usbd_control_set_complete_callback>
100049c4:	f89d 3020 	ldrb.w	r3, [sp, #32]
100049c8:	f003 0260 	and.w	r2, r3, #96	@ 0x60
100049cc:	2a60      	cmp	r2, #96	@ 0x60
100049ce:	d066      	beq.n	10004a9e <tud_task_ext+0x20a>
100049d0:	2a40      	cmp	r2, #64	@ 0x40
100049d2:	d077      	beq.n	10004ac4 <tud_task_ext+0x230>
100049d4:	f003 031f 	and.w	r3, r3, #31
100049d8:	2b01      	cmp	r3, #1
100049da:	f000 80b5 	beq.w	10004b48 <tud_task_ext+0x2b4>
100049de:	2b02      	cmp	r3, #2
100049e0:	d07c      	beq.n	10004adc <tud_task_ext+0x248>
100049e2:	2b00      	cmp	r3, #0
100049e4:	d15b      	bne.n	10004a9e <tud_task_ext+0x20a>
100049e6:	2a20      	cmp	r2, #32
100049e8:	f000 81e7 	beq.w	10004dba <tud_task_ext+0x526>
100049ec:	2a00      	cmp	r2, #0
100049ee:	d156      	bne.n	10004a9e <tud_task_ext+0x20a>
100049f0:	f89d 3021 	ldrb.w	r3, [sp, #33]	@ 0x21
100049f4:	2b09      	cmp	r3, #9
100049f6:	d852      	bhi.n	10004a9e <tud_task_ext+0x20a>
100049f8:	e8df f013 	tbh	[pc, r3, lsl #1]
100049fc:	019b01ab 	.word	0x019b01ab
10004a00:	01bd0051 	.word	0x01bd0051
10004a04:	018c0051 	.word	0x018c0051
10004a08:	00510162 	.word	0x00510162
10004a0c:	00e70156 	.word	0x00e70156
10004a10:	782b      	ldrb	r3, [r5, #0]
10004a12:	07d9      	lsls	r1, r3, #31
10004a14:	f57f af4b 	bpl.w	100048ae <tud_task_ext+0x1a>
10004a18:	f7ff feb4 	bl	10004784 <tud_resume_cb>
10004a1c:	e747      	b.n	100048ae <tud_task_ext+0x1a>
10004a1e:	78eb      	ldrb	r3, [r5, #3]
10004a20:	07da      	lsls	r2, r3, #31
10004a22:	f57f af44 	bpl.w	100048ae <tud_task_ext+0x1a>
10004a26:	9808      	ldr	r0, [sp, #32]
10004a28:	f7ff fea0 	bl	1000476c <tud_sof_cb>
10004a2c:	e73f      	b.n	100048ae <tud_task_ext+0x1a>
10004a2e:	782b      	ldrb	r3, [r5, #0]
10004a30:	07d8      	lsls	r0, r3, #31
10004a32:	f57f af3c 	bpl.w	100048ae <tud_task_ext+0x1a>
10004a36:	7828      	ldrb	r0, [r5, #0]
10004a38:	f3c0 00c0 	ubfx	r0, r0, #3, #1
10004a3c:	f7ff fea0 	bl	10004780 <tud_suspend_cb>
10004a40:	e735      	b.n	100048ae <tud_task_ext+0x1a>
10004a42:	f89d 001c 	ldrb.w	r0, [sp, #28]
10004a46:	f7ff fe49 	bl	100046dc <configuration_reset>
10004a4a:	f000 fc39 	bl	100052c0 <usbd_control_reset>
10004a4e:	f89d 3020 	ldrb.w	r3, [sp, #32]
10004a52:	70ab      	strb	r3, [r5, #2]
10004a54:	e72b      	b.n	100048ae <tud_task_ext+0x1a>
10004a56:	f89d 001c 	ldrb.w	r0, [sp, #28]
10004a5a:	f7ff fe3f 	bl	100046dc <configuration_reset>
10004a5e:	f000 fc2f 	bl	100052c0 <usbd_control_reset>
10004a62:	f7ff fe8b 	bl	1000477c <tud_umount_cb>
10004a66:	e722      	b.n	100048ae <tud_task_ext+0x1a>
10004a68:	d011      	beq.n	10004a8e <tud_task_ext+0x1fa>
10004a6a:	f04f 23e0 	mov.w	r3, #3758153728	@ 0xe000e000
10004a6e:	f8d3 3df0 	ldr.w	r3, [r3, #3568]	@ 0xdf0
10004a72:	07dc      	lsls	r4, r3, #31
10004a74:	d500      	bpl.n	10004a78 <tud_task_ext+0x1e4>
10004a76:	be00      	bkpt	0x0000
10004a78:	b00b      	add	sp, #44	@ 0x2c
10004a7a:	e8bd 8ff0 	ldmia.w	sp!, {r4, r5, r6, r7, r8, r9, sl, fp, pc}
10004a7e:	9b09      	ldr	r3, [sp, #36]	@ 0x24
10004a80:	f89d 2021 	ldrb.w	r2, [sp, #33]	@ 0x21
10004a84:	f89d 001c 	ldrb.w	r0, [sp, #28]
10004a88:	f000 fc38 	bl	100052fc <usbd_control_xfer_cb>
10004a8c:	e70f      	b.n	100048ae <tud_task_ext+0x1a>
10004a8e:	4b2b      	ldr	r3, [pc, #172]	@ (10004b3c <tud_task_ext+0x2a8>)
10004a90:	e761      	b.n	10004956 <tud_task_ext+0xc2>
10004a92:	f7ff fb1f 	bl	100040d4 <tud_descriptor_configuration_cb>
10004a96:	4602      	mov	r2, r0
10004a98:	2800      	cmp	r0, #0
10004a9a:	f040 8185 	bne.w	10004da8 <tud_task_ext+0x514>
10004a9e:	f04f 23e0 	mov.w	r3, #3758153728	@ 0xe000e000
10004aa2:	f8d3 3df0 	ldr.w	r3, [r3, #3568]	@ 0xdf0
10004aa6:	07df      	lsls	r7, r3, #31
10004aa8:	d500      	bpl.n	10004aac <tud_task_ext+0x218>
10004aaa:	be00      	bkpt	0x0000
10004aac:	f89d 001c 	ldrb.w	r0, [sp, #28]
10004ab0:	2100      	movs	r1, #0
10004ab2:	f7ff fda9 	bl	10004608 <dcd_edpt_stall>
10004ab6:	2180      	movs	r1, #128	@ 0x80
10004ab8:	f89d 001c 	ldrb.w	r0, [sp, #28]
10004abc:	f7ff fda4 	bl	10004608 <dcd_edpt_stall>
10004ac0:	e6f5      	b.n	100048ae <tud_task_ext+0x1a>
10004ac2:	4770      	bx	lr
10004ac4:	481e      	ldr	r0, [pc, #120]	@ (10004b40 <tud_task_ext+0x2ac>)
10004ac6:	f000 fc05 	bl	100052d4 <usbd_control_set_complete_callback>
10004aca:	2101      	movs	r1, #1
10004acc:	4658      	mov	r0, fp
10004ace:	aa08      	add	r2, sp, #32
10004ad0:	f7ff fc6c 	bl	100043ac <tud_vendor_control_xfer_cb>
10004ad4:	2800      	cmp	r0, #0
10004ad6:	f47f aeea 	bne.w	100048ae <tud_task_ext+0x1a>
10004ada:	e7e7      	b.n	10004aac <tud_task_ext+0x218>
10004adc:	f89d 1024 	ldrb.w	r1, [sp, #36]	@ 0x24
10004ae0:	f011 0f70 	tst.w	r1, #112	@ 0x70
10004ae4:	d1db      	bne.n	10004a9e <tud_task_ext+0x20a>
10004ae6:	4817      	ldr	r0, [pc, #92]	@ (10004b44 <tud_task_ext+0x2b0>)
10004ae8:	f001 037f 	and.w	r3, r1, #127	@ 0x7f
10004aec:	f890 c000 	ldrb.w	ip, [r0]
10004af0:	eb0a 0043 	add.w	r0, sl, r3, lsl #1
10004af4:	eb00 10d1 	add.w	r0, r0, r1, lsr #7
10004af8:	7d00      	ldrb	r0, [r0, #20]
10004afa:	4560      	cmp	r0, ip
10004afc:	d351      	bcc.n	10004ba2 <tud_task_ext+0x30e>
10004afe:	f040 816e 	bne.w	10004dde <tud_task_ext+0x54a>
10004b02:	480e      	ldr	r0, [pc, #56]	@ (10004b3c <tud_task_ext+0x2a8>)
10004b04:	9000      	str	r0, [sp, #0]
10004b06:	2a00      	cmp	r2, #0
10004b08:	f000 816d 	beq.w	10004de6 <tud_task_ext+0x552>
10004b0c:	9f00      	ldr	r7, [sp, #0]
10004b0e:	6978      	ldr	r0, [r7, #20]
10004b10:	f000 fbe0 	bl	100052d4 <usbd_control_set_complete_callback>
10004b14:	2101      	movs	r1, #1
10004b16:	4658      	mov	r0, fp
10004b18:	697b      	ldr	r3, [r7, #20]
10004b1a:	aa08      	add	r2, sp, #32
10004b1c:	4798      	blx	r3
10004b1e:	2800      	cmp	r0, #0
10004b20:	f47f aec5 	bne.w	100048ae <tud_task_ext+0x1a>
10004b24:	e7c2      	b.n	10004aac <tud_task_ext+0x218>
10004b26:	bf00      	nop
10004b28:	20001394 	.word	0x20001394
10004b2c:	20001ee0 	.word	0x20001ee0
10004b30:	20001e88 	.word	0x20001e88
10004b34:	20002483 	.word	0x20002483
10004b38:	20001d80 	.word	0x20001d80
10004b3c:	10006f20 	.word	0x10006f20
10004b40:	100043ad 	.word	0x100043ad
10004b44:	20002481 	.word	0x20002481
10004b48:	f89d 3024 	ldrb.w	r3, [sp, #36]	@ 0x24
10004b4c:	2b0f      	cmp	r3, #15
10004b4e:	d8ad      	bhi.n	10004aac <tud_task_ext+0x218>
10004b50:	4ab1      	ldr	r2, [pc, #708]	@ (10004e18 <tud_task_ext+0x584>)
10004b52:	4453      	add	r3, sl
10004b54:	791b      	ldrb	r3, [r3, #4]
10004b56:	7812      	ldrb	r2, [r2, #0]
10004b58:	4293      	cmp	r3, r2
10004b5a:	d330      	bcc.n	10004bbe <tud_task_ext+0x32a>
10004b5c:	d1a6      	bne.n	10004aac <tud_task_ext+0x218>
10004b5e:	4faf      	ldr	r7, [pc, #700]	@ (10004e1c <tud_task_ext+0x588>)
10004b60:	6978      	ldr	r0, [r7, #20]
10004b62:	f000 fbb7 	bl	100052d4 <usbd_control_set_complete_callback>
10004b66:	2101      	movs	r1, #1
10004b68:	4658      	mov	r0, fp
10004b6a:	697b      	ldr	r3, [r7, #20]
10004b6c:	aa08      	add	r2, sp, #32
10004b6e:	4798      	blx	r3
10004b70:	2800      	cmp	r0, #0
10004b72:	f47f ae9c 	bne.w	100048ae <tud_task_ext+0x1a>
10004b76:	f89d 3020 	ldrb.w	r3, [sp, #32]
10004b7a:	f013 0760 	ands.w	r7, r3, #96	@ 0x60
10004b7e:	d195      	bne.n	10004aac <tud_task_ext+0x218>
10004b80:	f89d 3021 	ldrb.w	r3, [sp, #33]	@ 0x21
10004b84:	3b0a      	subs	r3, #10
10004b86:	2b01      	cmp	r3, #1
10004b88:	d890      	bhi.n	10004aac <tud_task_ext+0x218>
10004b8a:	f000 fba3 	bl	100052d4 <usbd_control_set_complete_callback>
10004b8e:	f89d 3021 	ldrb.w	r3, [sp, #33]	@ 0x21
10004b92:	2b0a      	cmp	r3, #10
10004b94:	f000 820d 	beq.w	10004fb2 <tud_task_ext+0x71e>
10004b98:	4658      	mov	r0, fp
10004b9a:	a908      	add	r1, sp, #32
10004b9c:	f000 fb1a 	bl	100051d4 <tud_control_status>
10004ba0:	e685      	b.n	100048ae <tud_task_ext+0x1a>
10004ba2:	f8df c27c 	ldr.w	ip, [pc, #636]	@ 10004e20 <tud_task_ext+0x58c>
10004ba6:	f8dc c000 	ldr.w	ip, [ip]
10004baa:	eb0c 1040 	add.w	r0, ip, r0, lsl #5
10004bae:	9000      	str	r0, [sp, #0]
10004bb0:	2a00      	cmp	r2, #0
10004bb2:	f000 8118 	beq.w	10004de6 <tud_task_ext+0x552>
10004bb6:	2800      	cmp	r0, #0
10004bb8:	f43f af78 	beq.w	10004aac <tud_task_ext+0x218>
10004bbc:	e7a6      	b.n	10004b0c <tud_task_ext+0x278>
10004bbe:	4a98      	ldr	r2, [pc, #608]	@ (10004e20 <tud_task_ext+0x58c>)
10004bc0:	6817      	ldr	r7, [r2, #0]
10004bc2:	eb17 1743 	adds.w	r7, r7, r3, lsl #5
10004bc6:	d1cb      	bne.n	10004b60 <tud_task_ext+0x2cc>
10004bc8:	e770      	b.n	10004aac <tud_task_ext+0x218>
10004bca:	f89a 2001 	ldrb.w	r2, [sl, #1]
10004bce:	f89d 3022 	ldrb.w	r3, [sp, #34]	@ 0x22
10004bd2:	4293      	cmp	r3, r2
10004bd4:	f000 815d 	beq.w	10004e92 <tud_task_ext+0x5fe>
10004bd8:	f89a 2001 	ldrb.w	r2, [sl, #1]
10004bdc:	2a00      	cmp	r2, #0
10004bde:	f040 81d2 	bne.w	10004f86 <tud_task_ext+0x6f2>
10004be2:	f88a 3001 	strb.w	r3, [sl, #1]
10004be6:	2b00      	cmp	r3, #0
10004be8:	f000 8151 	beq.w	10004e8e <tud_task_ext+0x5fa>
10004bec:	3b01      	subs	r3, #1
10004bee:	b2d8      	uxtb	r0, r3
10004bf0:	f7ff fa70 	bl	100040d4 <tud_descriptor_configuration_cb>
10004bf4:	2800      	cmp	r0, #0
10004bf6:	f000 816e 	beq.w	10004ed6 <tud_task_ext+0x642>
10004bfa:	7843      	ldrb	r3, [r0, #1]
10004bfc:	2b02      	cmp	r3, #2
10004bfe:	f040 816a 	bne.w	10004ed6 <tud_task_ext+0x642>
10004c02:	79c2      	ldrb	r2, [r0, #7]
10004c04:	f89a 1000 	ldrb.w	r1, [sl]
10004c08:	f3c2 1340 	ubfx	r3, r2, #5, #1
10004c0c:	011b      	lsls	r3, r3, #4
10004c0e:	f3c2 1280 	ubfx	r2, r2, #6, #1
10004c12:	f021 0130 	bic.w	r1, r1, #48	@ 0x30
10004c16:	ea43 1342 	orr.w	r3, r3, r2, lsl #5
10004c1a:	430b      	orrs	r3, r1
10004c1c:	f88a 3000 	strb.w	r3, [sl]
10004c20:	8843      	ldrh	r3, [r0, #2]
10004c22:	f100 0109 	add.w	r1, r0, #9
10004c26:	18c3      	adds	r3, r0, r3
10004c28:	9302      	str	r3, [sp, #8]
10004c2a:	9b02      	ldr	r3, [sp, #8]
10004c2c:	428b      	cmp	r3, r1
10004c2e:	f240 81bd 	bls.w	10004fac <tud_task_ext+0x718>
10004c32:	784b      	ldrb	r3, [r1, #1]
10004c34:	2b0b      	cmp	r3, #11
10004c36:	f000 81c6 	beq.w	10004fc6 <tud_task_ext+0x732>
10004c3a:	2001      	movs	r0, #1
10004c3c:	2b04      	cmp	r3, #4
10004c3e:	f040 814a 	bne.w	10004ed6 <tud_task_ext+0x642>
10004c42:	2200      	movs	r2, #0
10004c44:	9b02      	ldr	r3, [sp, #8]
10004c46:	9201      	str	r2, [sp, #4]
10004c48:	1a5b      	subs	r3, r3, r1
10004c4a:	fa1f f983 	uxth.w	r9, r3
10004c4e:	4b72      	ldr	r3, [pc, #456]	@ (10004e18 <tud_task_ext+0x584>)
10004c50:	9200      	str	r2, [sp, #0]
10004c52:	781b      	ldrb	r3, [r3, #0]
10004c54:	9003      	str	r0, [sp, #12]
10004c56:	e01e      	b.n	10004c96 <tud_task_ext+0x402>
10004c58:	4b71      	ldr	r3, [pc, #452]	@ (10004e20 <tud_task_ext+0x58c>)
10004c5a:	681b      	ldr	r3, [r3, #0]
10004c5c:	eb13 1342 	adds.w	r3, r3, r2, lsl #5
10004c60:	f000 8139 	beq.w	10004ed6 <tud_task_ext+0x642>
10004c64:	691f      	ldr	r7, [r3, #16]
10004c66:	464a      	mov	r2, r9
10004c68:	4658      	mov	r0, fp
10004c6a:	9105      	str	r1, [sp, #20]
10004c6c:	9304      	str	r3, [sp, #16]
10004c6e:	47b8      	blx	r7
10004c70:	9b01      	ldr	r3, [sp, #4]
10004c72:	2808      	cmp	r0, #8
10004c74:	f103 0301 	add.w	r3, r3, #1
10004c78:	9905      	ldr	r1, [sp, #20]
10004c7a:	9301      	str	r3, [sp, #4]
10004c7c:	d903      	bls.n	10004c86 <tud_task_ext+0x3f2>
10004c7e:	4581      	cmp	r9, r0
10004c80:	9b04      	ldr	r3, [sp, #16]
10004c82:	f080 810b 	bcs.w	10004e9c <tud_task_ext+0x608>
10004c86:	4b64      	ldr	r3, [pc, #400]	@ (10004e18 <tud_task_ext+0x584>)
10004c88:	f89d 2004 	ldrb.w	r2, [sp, #4]
10004c8c:	781b      	ldrb	r3, [r3, #0]
10004c8e:	9200      	str	r2, [sp, #0]
10004c90:	4293      	cmp	r3, r2
10004c92:	f0c0 8120 	bcc.w	10004ed6 <tud_task_ext+0x642>
10004c96:	9a00      	ldr	r2, [sp, #0]
10004c98:	4293      	cmp	r3, r2
10004c9a:	eba2 0303 	sub.w	r3, r2, r3
10004c9e:	d8db      	bhi.n	10004c58 <tud_task_ext+0x3c4>
10004ca0:	4a5e      	ldr	r2, [pc, #376]	@ (10004e1c <tud_task_ext+0x588>)
10004ca2:	eb02 1343 	add.w	r3, r2, r3, lsl #5
10004ca6:	e7dd      	b.n	10004c64 <tud_task_ext+0x3d0>
10004ca8:	f89a 3001 	ldrb.w	r3, [sl, #1]
10004cac:	4658      	mov	r0, fp
10004cae:	f88d 301a 	strb.w	r3, [sp, #26]
10004cb2:	f10d 021a 	add.w	r2, sp, #26
10004cb6:	2301      	movs	r3, #1
10004cb8:	a908      	add	r1, sp, #32
10004cba:	f000 faa7 	bl	1000520c <tud_control_xfer>
10004cbe:	e5f6      	b.n	100048ae <tud_task_ext+0x1a>
10004cc0:	f8bd 0022 	ldrh.w	r0, [sp, #34]	@ 0x22
10004cc4:	0a03      	lsrs	r3, r0, #8
10004cc6:	1e5a      	subs	r2, r3, #1
10004cc8:	b2c0      	uxtb	r0, r0
10004cca:	2a0e      	cmp	r2, #14
10004ccc:	f63f aeee 	bhi.w	10004aac <tud_task_ext+0x218>
10004cd0:	a101      	add	r1, pc, #4	@ (adr r1, 10004cd8 <tud_task_ext+0x444>)
10004cd2:	f851 f022 	ldr.w	pc, [r1, r2, lsl #2]
10004cd6:	bf00      	nop
10004cd8:	10004f09 	.word	0x10004f09
10004cdc:	10004d97 	.word	0x10004d97
10004ce0:	10004f45 	.word	0x10004f45
10004ce4:	10004aad 	.word	0x10004aad
10004ce8:	10004aad 	.word	0x10004aad
10004cec:	10004f27 	.word	0x10004f27
10004cf0:	10004d97 	.word	0x10004d97
10004cf4:	10004aad 	.word	0x10004aad
10004cf8:	10004aad 	.word	0x10004aad
10004cfc:	10004aad 	.word	0x10004aad
10004d00:	10004aad 	.word	0x10004aad
10004d04:	10004aad 	.word	0x10004aad
10004d08:	10004aad 	.word	0x10004aad
10004d0c:	10004aad 	.word	0x10004aad
10004d10:	10004efb 	.word	0x10004efb
10004d14:	a808      	add	r0, sp, #32
10004d16:	f000 fae3 	bl	100052e0 <usbd_control_set_request>
10004d1a:	4658      	mov	r0, fp
10004d1c:	f89d 1022 	ldrb.w	r1, [sp, #34]	@ 0x22
10004d20:	f7ff fbbe 	bl	100044a0 <dcd_set_address>
10004d24:	f89a 3000 	ldrb.w	r3, [sl]
10004d28:	f043 0302 	orr.w	r3, r3, #2
10004d2c:	f88a 3000 	strb.w	r3, [sl]
10004d30:	e5bd      	b.n	100048ae <tud_task_ext+0x1a>
10004d32:	f8bd 3022 	ldrh.w	r3, [sp, #34]	@ 0x22
10004d36:	2b01      	cmp	r3, #1
10004d38:	f47f aeb8 	bne.w	10004aac <tud_task_ext+0x218>
10004d3c:	f89a 3000 	ldrb.w	r3, [sl]
10004d40:	4658      	mov	r0, fp
10004d42:	f023 0308 	bic.w	r3, r3, #8
10004d46:	a908      	add	r1, sp, #32
10004d48:	f88a 3000 	strb.w	r3, [sl]
10004d4c:	f000 fa42 	bl	100051d4 <tud_control_status>
10004d50:	e5ad      	b.n	100048ae <tud_task_ext+0x1a>
10004d52:	4658      	mov	r0, fp
10004d54:	f89a 3000 	ldrb.w	r3, [sl]
10004d58:	089a      	lsrs	r2, r3, #2
10004d5a:	f002 0202 	and.w	r2, r2, #2
10004d5e:	f3c3 1340 	ubfx	r3, r3, #5, #1
10004d62:	4313      	orrs	r3, r2
10004d64:	f8ad 301a 	strh.w	r3, [sp, #26]
10004d68:	f10d 021a 	add.w	r2, sp, #26
10004d6c:	2302      	movs	r3, #2
10004d6e:	a908      	add	r1, sp, #32
10004d70:	f000 fa4c 	bl	1000520c <tud_control_xfer>
10004d74:	e59b      	b.n	100048ae <tud_task_ext+0x1a>
10004d76:	f8bd 3022 	ldrh.w	r3, [sp, #34]	@ 0x22
10004d7a:	2b01      	cmp	r3, #1
10004d7c:	f47f ae96 	bne.w	10004aac <tud_task_ext+0x218>
10004d80:	f89a 3000 	ldrb.w	r3, [sl]
10004d84:	4658      	mov	r0, fp
10004d86:	f043 0308 	orr.w	r3, r3, #8
10004d8a:	a908      	add	r1, sp, #32
10004d8c:	f88a 3000 	strb.w	r3, [sl]
10004d90:	f000 fa20 	bl	100051d4 <tud_control_status>
10004d94:	e58b      	b.n	100048ae <tud_task_ext+0x1a>
10004d96:	2b02      	cmp	r3, #2
10004d98:	f43f ae7b 	beq.w	10004a92 <tud_task_ext+0x1fe>
10004d9c:	f7ff fcea 	bl	10004774 <tud_descriptor_other_speed_configuration_cb>
10004da0:	4602      	mov	r2, r0
10004da2:	2800      	cmp	r0, #0
10004da4:	f43f ae82 	beq.w	10004aac <tud_task_ext+0x218>
10004da8:	4658      	mov	r0, fp
10004daa:	8853      	ldrh	r3, [r2, #2]
10004dac:	a908      	add	r1, sp, #32
10004dae:	f000 fa2d 	bl	1000520c <tud_control_xfer>
10004db2:	2800      	cmp	r0, #0
10004db4:	f47f ad7b 	bne.w	100048ae <tud_task_ext+0x1a>
10004db8:	e678      	b.n	10004aac <tud_task_ext+0x218>
10004dba:	f89d 3024 	ldrb.w	r3, [sp, #36]	@ 0x24
10004dbe:	2b0f      	cmp	r3, #15
10004dc0:	f63f ae74 	bhi.w	10004aac <tud_task_ext+0x218>
10004dc4:	4a14      	ldr	r2, [pc, #80]	@ (10004e18 <tud_task_ext+0x584>)
10004dc6:	4453      	add	r3, sl
10004dc8:	791b      	ldrb	r3, [r3, #4]
10004dca:	7812      	ldrb	r2, [r2, #0]
10004dcc:	4293      	cmp	r3, r2
10004dce:	d21e      	bcs.n	10004e0e <tud_task_ext+0x57a>
10004dd0:	4a13      	ldr	r2, [pc, #76]	@ (10004e20 <tud_task_ext+0x58c>)
10004dd2:	6817      	ldr	r7, [r2, #0]
10004dd4:	eb17 1743 	adds.w	r7, r7, r3, lsl #5
10004dd8:	f47f ae99 	bne.w	10004b0e <tud_task_ext+0x27a>
10004ddc:	e666      	b.n	10004aac <tud_task_ext+0x218>
10004dde:	2a00      	cmp	r2, #0
10004de0:	f47f ae64 	bne.w	10004aac <tud_task_ext+0x218>
10004de4:	9200      	str	r2, [sp, #0]
10004de6:	f89d c021 	ldrb.w	ip, [sp, #33]	@ 0x21
10004dea:	f00c 02fd 	and.w	r2, ip, #253	@ 0xfd
10004dee:	2a01      	cmp	r2, #1
10004df0:	d018      	beq.n	10004e24 <tud_task_ext+0x590>
10004df2:	f1bc 0f00 	cmp.w	ip, #0
10004df6:	f47f ae52 	bne.w	10004a9e <tud_task_ext+0x20a>
10004dfa:	eb0a 0343 	add.w	r3, sl, r3, lsl #1
10004dfe:	eb03 13d1 	add.w	r3, r3, r1, lsr #7
10004e02:	f893 3034 	ldrb.w	r3, [r3, #52]	@ 0x34
10004e06:	4658      	mov	r0, fp
10004e08:	f3c3 0340 	ubfx	r3, r3, #1, #1
10004e0c:	e7aa      	b.n	10004d64 <tud_task_ext+0x4d0>
10004e0e:	f47f ae4d 	bne.w	10004aac <tud_task_ext+0x218>
10004e12:	4f02      	ldr	r7, [pc, #8]	@ (10004e1c <tud_task_ext+0x588>)
10004e14:	e67b      	b.n	10004b0e <tud_task_ext+0x27a>
10004e16:	bf00      	nop
10004e18:	20002481 	.word	0x20002481
10004e1c:	10006f20 	.word	0x10006f20
10004e20:	20001d80 	.word	0x20001d80
10004e24:	f8bd 2022 	ldrh.w	r2, [sp, #34]	@ 0x22
10004e28:	b9da      	cbnz	r2, 10004e62 <tud_task_ext+0x5ce>
10004e2a:	4879      	ldr	r0, [pc, #484]	@ (10005010 <tud_task_ext+0x77c>)
10004e2c:	f1bc 0f01 	cmp.w	ip, #1
10004e30:	7800      	ldrb	r0, [r0, #0]
10004e32:	f000 808f 	beq.w	10004f54 <tud_task_ext+0x6c0>
10004e36:	e9cd 1301 	strd	r1, r3, [sp, #4]
10004e3a:	f7ff fbe5 	bl	10004608 <dcd_edpt_stall>
10004e3e:	9b02      	ldr	r3, [sp, #8]
10004e40:	9901      	ldr	r1, [sp, #4]
10004e42:	eb0a 0343 	add.w	r3, sl, r3, lsl #1
10004e46:	eb03 13d1 	add.w	r3, r3, r1, lsr #7
10004e4a:	f893 2034 	ldrb.w	r2, [r3, #52]	@ 0x34
10004e4e:	f042 0202 	orr.w	r2, r2, #2
10004e52:	f883 2034 	strb.w	r2, [r3, #52]	@ 0x34
10004e56:	f893 2034 	ldrb.w	r2, [r3, #52]	@ 0x34
10004e5a:	f042 0201 	orr.w	r2, r2, #1
10004e5e:	f883 2034 	strb.w	r2, [r3, #52]	@ 0x34
10004e62:	9b00      	ldr	r3, [sp, #0]
10004e64:	2b00      	cmp	r3, #0
10004e66:	f43f ad22 	beq.w	100048ae <tud_task_ext+0x1a>
10004e6a:	461f      	mov	r7, r3
10004e6c:	6958      	ldr	r0, [r3, #20]
10004e6e:	f000 fa31 	bl	100052d4 <usbd_control_set_complete_callback>
10004e72:	697b      	ldr	r3, [r7, #20]
10004e74:	2101      	movs	r1, #1
10004e76:	aa08      	add	r2, sp, #32
10004e78:	4658      	mov	r0, fp
10004e7a:	4798      	blx	r3
10004e7c:	2000      	movs	r0, #0
10004e7e:	f000 fa29 	bl	100052d4 <usbd_control_set_complete_callback>
10004e82:	f89a 3035 	ldrb.w	r3, [sl, #53]	@ 0x35
10004e86:	07db      	lsls	r3, r3, #31
10004e88:	f53f ad11 	bmi.w	100048ae <tud_task_ext+0x1a>
10004e8c:	e684      	b.n	10004b98 <tud_task_ext+0x304>
10004e8e:	f7ff fc75 	bl	1000477c <tud_umount_cb>
10004e92:	4658      	mov	r0, fp
10004e94:	a908      	add	r1, sp, #32
10004e96:	f000 f99d 	bl	100051d4 <tud_control_status>
10004e9a:	e508      	b.n	100048ae <tud_task_ext+0x1a>
10004e9c:	4602      	mov	r2, r0
10004e9e:	9803      	ldr	r0, [sp, #12]
10004ea0:	2801      	cmp	r0, #1
10004ea2:	f000 80a5 	beq.w	10004ff0 <tud_task_ext+0x75c>
10004ea6:	2800      	cmp	r0, #0
10004ea8:	f000 8092 	beq.w	10004fd0 <tud_task_ext+0x73c>
10004eac:	2300      	movs	r3, #0
10004eae:	f891 e002 	ldrb.w	lr, [r1, #2]
10004eb2:	e007      	b.n	10004ec4 <tud_task_ext+0x630>
10004eb4:	9f00      	ldr	r7, [sp, #0]
10004eb6:	f88c 7004 	strb.w	r7, [ip, #4]
10004eba:	fa5f fc83 	uxtb.w	ip, r3
10004ebe:	4560      	cmp	r0, ip
10004ec0:	f240 8086 	bls.w	10004fd0 <tud_task_ext+0x73c>
10004ec4:	eb0e 0c03 	add.w	ip, lr, r3
10004ec8:	fa5a fc8c 	uxtab	ip, sl, ip
10004ecc:	f89c 7004 	ldrb.w	r7, [ip, #4]
10004ed0:	3301      	adds	r3, #1
10004ed2:	2fff      	cmp	r7, #255	@ 0xff
10004ed4:	d0ee      	beq.n	10004eb4 <tud_task_ext+0x620>
10004ed6:	f04f 23e0 	mov.w	r3, #3758153728	@ 0xe000e000
10004eda:	f8d3 3df0 	ldr.w	r3, [r3, #3568]	@ 0xdf0
10004ede:	07d9      	lsls	r1, r3, #31
10004ee0:	d500      	bpl.n	10004ee4 <tud_task_ext+0x650>
10004ee2:	be00      	bkpt	0x0000
10004ee4:	f04f 23e0 	mov.w	r3, #3758153728	@ 0xe000e000
10004ee8:	f8d3 3df0 	ldr.w	r3, [r3, #3568]	@ 0xdf0
10004eec:	07da      	lsls	r2, r3, #31
10004eee:	d500      	bpl.n	10004ef2 <tud_task_ext+0x65e>
10004ef0:	be00      	bkpt	0x0000
10004ef2:	2300      	movs	r3, #0
10004ef4:	f88a 3001 	strb.w	r3, [sl, #1]
10004ef8:	e5d8      	b.n	10004aac <tud_task_ext+0x218>
10004efa:	f7ff fa53 	bl	100043a4 <tud_descriptor_bos_cb>
10004efe:	4602      	mov	r2, r0
10004f00:	2800      	cmp	r0, #0
10004f02:	f47f af51 	bne.w	10004da8 <tud_task_ext+0x514>
10004f06:	e5d1      	b.n	10004aac <tud_task_ext+0x218>
10004f08:	f7ff f8e0 	bl	100040cc <tud_descriptor_device_cb>
10004f0c:	4602      	mov	r2, r0
10004f0e:	2800      	cmp	r0, #0
10004f10:	f43f adc5 	beq.w	10004a9e <tud_task_ext+0x20a>
10004f14:	4658      	mov	r0, fp
10004f16:	2312      	movs	r3, #18
10004f18:	a908      	add	r1, sp, #32
10004f1a:	f000 f977 	bl	1000520c <tud_control_xfer>
10004f1e:	2800      	cmp	r0, #0
10004f20:	f47f acc5 	bne.w	100048ae <tud_task_ext+0x1a>
10004f24:	e5c2      	b.n	10004aac <tud_task_ext+0x218>
10004f26:	f7ff fc23 	bl	10004770 <tud_descriptor_device_qualifier_cb>
10004f2a:	4602      	mov	r2, r0
10004f2c:	2800      	cmp	r0, #0
10004f2e:	f43f adbd 	beq.w	10004aac <tud_task_ext+0x218>
10004f32:	4658      	mov	r0, fp
10004f34:	7813      	ldrb	r3, [r2, #0]
10004f36:	a908      	add	r1, sp, #32
10004f38:	f000 f968 	bl	1000520c <tud_control_xfer>
10004f3c:	2800      	cmp	r0, #0
10004f3e:	f47f acb6 	bne.w	100048ae <tud_task_ext+0x1a>
10004f42:	e5b3      	b.n	10004aac <tud_task_ext+0x218>
10004f44:	f8bd 1024 	ldrh.w	r1, [sp, #36]	@ 0x24
10004f48:	f7ff f8c8 	bl	100040dc <tud_descriptor_string_cb>
10004f4c:	4602      	mov	r2, r0
10004f4e:	2800      	cmp	r0, #0
10004f50:	d1ef      	bne.n	10004f32 <tud_task_ext+0x69e>
10004f52:	e5ab      	b.n	10004aac <tud_task_ext+0x218>
10004f54:	e9cd 3202 	strd	r3, r2, [sp, #8]
10004f58:	9101      	str	r1, [sp, #4]
10004f5a:	f7ff fb6d 	bl	10004638 <dcd_edpt_clear_stall>
10004f5e:	9b02      	ldr	r3, [sp, #8]
10004f60:	9901      	ldr	r1, [sp, #4]
10004f62:	eb0a 0343 	add.w	r3, sl, r3, lsl #1
10004f66:	eb03 13d1 	add.w	r3, r3, r1, lsr #7
10004f6a:	f893 1034 	ldrb.w	r1, [r3, #52]	@ 0x34
10004f6e:	9a03      	ldr	r2, [sp, #12]
10004f70:	f362 0141 	bfi	r1, r2, #1, #1
10004f74:	f883 1034 	strb.w	r1, [r3, #52]	@ 0x34
10004f78:	f893 1034 	ldrb.w	r1, [r3, #52]	@ 0x34
10004f7c:	f362 0100 	bfi	r1, r2, #0, #1
10004f80:	f883 1034 	strb.w	r1, [r3, #52]	@ 0x34
10004f84:	e76d      	b.n	10004e62 <tud_task_ext+0x5ce>
10004f86:	2100      	movs	r1, #0
10004f88:	4658      	mov	r0, fp
10004f8a:	9301      	str	r3, [sp, #4]
10004f8c:	f7ff fa90 	bl	100044b0 <dcd_sof_enable>
10004f90:	4658      	mov	r0, fp
10004f92:	f7ff fb23 	bl	100045dc <dcd_edpt_close_all>
10004f96:	f89a 2002 	ldrb.w	r2, [sl, #2]
10004f9a:	4658      	mov	r0, fp
10004f9c:	9200      	str	r2, [sp, #0]
10004f9e:	f7ff fb9d 	bl	100046dc <configuration_reset>
10004fa2:	9a00      	ldr	r2, [sp, #0]
10004fa4:	9b01      	ldr	r3, [sp, #4]
10004fa6:	f88a 2002 	strb.w	r2, [sl, #2]
10004faa:	e61a      	b.n	10004be2 <tud_task_ext+0x34e>
10004fac:	f7ff fbe4 	bl	10004778 <tud_mount_cb>
10004fb0:	e76f      	b.n	10004e92 <tud_task_ext+0x5fe>
10004fb2:	4658      	mov	r0, fp
10004fb4:	2301      	movs	r3, #1
10004fb6:	a908      	add	r1, sp, #32
10004fb8:	f10d 021a 	add.w	r2, sp, #26
10004fbc:	f88d 701a 	strb.w	r7, [sp, #26]
10004fc0:	f000 f924 	bl	1000520c <tud_control_xfer>
10004fc4:	e473      	b.n	100048ae <tud_task_ext+0x1a>
10004fc6:	780b      	ldrb	r3, [r1, #0]
10004fc8:	78c8      	ldrb	r0, [r1, #3]
10004fca:	4419      	add	r1, r3
10004fcc:	784b      	ldrb	r3, [r1, #1]
10004fce:	e635      	b.n	10004c3c <tud_task_ext+0x3a8>
10004fd0:	9f00      	ldr	r7, [sp, #0]
10004fd2:	4810      	ldr	r0, [pc, #64]	@ (10005014 <tud_task_ext+0x780>)
10004fd4:	463b      	mov	r3, r7
10004fd6:	e9cd 1200 	strd	r1, r2, [sp]
10004fda:	f000 fda1 	bl	10005b20 <tu_edpt_bind_driver>
10004fde:	e9dd 1200 	ldrd	r1, r2, [sp]
10004fe2:	4411      	add	r1, r2
10004fe4:	4a0c      	ldr	r2, [pc, #48]	@ (10005018 <tud_task_ext+0x784>)
10004fe6:	7813      	ldrb	r3, [r2, #0]
10004fe8:	42bb      	cmp	r3, r7
10004fea:	f4bf ae1e 	bcs.w	10004c2a <tud_task_ext+0x396>
10004fee:	e772      	b.n	10004ed6 <tud_task_ext+0x642>
10004ff0:	f8d3 c010 	ldr.w	ip, [r3, #16]
10004ff4:	4b09      	ldr	r3, [pc, #36]	@ (1000501c <tud_task_ext+0x788>)
10004ff6:	459c      	cmp	ip, r3
10004ff8:	bf08      	it	eq
10004ffa:	2002      	moveq	r0, #2
10004ffc:	e756      	b.n	10004eac <tud_task_ext+0x618>
10004ffe:	f04f 23e0 	mov.w	r3, #3758153728	@ 0xe000e000
10005002:	f8d3 3df0 	ldr.w	r3, [r3, #3568]	@ 0xdf0
10005006:	07db      	lsls	r3, r3, #31
10005008:	f57f ac51 	bpl.w	100048ae <tud_task_ext+0x1a>
1000500c:	be00      	bkpt	0x0000
1000500e:	e44e      	b.n	100048ae <tud_task_ext+0x1a>
10005010:	20001394 	.word	0x20001394
10005014:	20001e9c 	.word	0x20001e9c
10005018:	20002481 	.word	0x20002481
1000501c:	10005725 	.word	0x10005725

10005020 <usbd_open_edpt_pair>:
10005020:	e92d 4ff8 	stmdb	sp!, {r3, r4, r5, r6, r7, r8, r9, sl, fp, lr}
10005024:	9f0a      	ldr	r7, [sp, #40]	@ 0x28
10005026:	2a00      	cmp	r2, #0
10005028:	d040      	beq.n	100050ac <usbd_open_edpt_pair+0x8c>
1000502a:	460c      	mov	r4, r1
1000502c:	461e      	mov	r6, r3
1000502e:	4615      	mov	r5, r2
10005030:	f04f 0b00 	mov.w	fp, #0
10005034:	f8df 9080 	ldr.w	r9, [pc, #128]	@ 100050b8 <usbd_open_edpt_pair+0x98>
10005038:	f8df 8080 	ldr.w	r8, [pc, #128]	@ 100050bc <usbd_open_edpt_pair+0x9c>
1000503c:	e016      	b.n	1000506c <usbd_open_edpt_pair+0x4c>
1000503e:	4620      	mov	r0, r4
10005040:	f898 1002 	ldrb.w	r1, [r8, #2]
10005044:	f899 a000 	ldrb.w	sl, [r9]
10005048:	f000 fd3a 	bl	10005ac0 <tu_edpt_validate>
1000504c:	b1d0      	cbz	r0, 10005084 <usbd_open_edpt_pair+0x64>
1000504e:	4621      	mov	r1, r4
10005050:	4650      	mov	r0, sl
10005052:	f7ff fa49 	bl	100044e8 <dcd_edpt_open>
10005056:	b1e0      	cbz	r0, 10005092 <usbd_open_edpt_pair+0x72>
10005058:	78a3      	ldrb	r3, [r4, #2]
1000505a:	f10b 0b01 	add.w	fp, fp, #1
1000505e:	09da      	lsrs	r2, r3, #7
10005060:	d120      	bne.n	100050a4 <usbd_open_edpt_pair+0x84>
10005062:	45ab      	cmp	fp, r5
10005064:	703b      	strb	r3, [r7, #0]
10005066:	d021      	beq.n	100050ac <usbd_open_edpt_pair+0x8c>
10005068:	7823      	ldrb	r3, [r4, #0]
1000506a:	441c      	add	r4, r3
1000506c:	7863      	ldrb	r3, [r4, #1]
1000506e:	2b05      	cmp	r3, #5
10005070:	d10f      	bne.n	10005092 <usbd_open_edpt_pair+0x72>
10005072:	78e1      	ldrb	r1, [r4, #3]
10005074:	f001 0103 	and.w	r1, r1, #3
10005078:	42b1      	cmp	r1, r6
1000507a:	d10a      	bne.n	10005092 <usbd_open_edpt_pair+0x72>
1000507c:	78a3      	ldrb	r3, [r4, #2]
1000507e:	f013 0f70 	tst.w	r3, #112	@ 0x70
10005082:	d0dc      	beq.n	1000503e <usbd_open_edpt_pair+0x1e>
10005084:	f04f 23e0 	mov.w	r3, #3758153728	@ 0xe000e000
10005088:	f8d3 3df0 	ldr.w	r3, [r3, #3568]	@ 0xdf0
1000508c:	07da      	lsls	r2, r3, #31
1000508e:	d500      	bpl.n	10005092 <usbd_open_edpt_pair+0x72>
10005090:	be00      	bkpt	0x0000
10005092:	f04f 23e0 	mov.w	r3, #3758153728	@ 0xe000e000
10005096:	f8d3 3df0 	ldr.w	r3, [r3, #3568]	@ 0xdf0
1000509a:	07db      	lsls	r3, r3, #31
1000509c:	d409      	bmi.n	100050b2 <usbd_open_edpt_pair+0x92>
1000509e:	2000      	movs	r0, #0
100050a0:	e8bd 8ff8 	ldmia.w	sp!, {r3, r4, r5, r6, r7, r8, r9, sl, fp, pc}
100050a4:	9a0b      	ldr	r2, [sp, #44]	@ 0x2c
100050a6:	45ab      	cmp	fp, r5
100050a8:	7013      	strb	r3, [r2, #0]
100050aa:	d1dd      	bne.n	10005068 <usbd_open_edpt_pair+0x48>
100050ac:	2001      	movs	r0, #1
100050ae:	e8bd 8ff8 	ldmia.w	sp!, {r3, r4, r5, r6, r7, r8, r9, sl, fp, pc}
100050b2:	be00      	bkpt	0x0000
100050b4:	e7f3      	b.n	1000509e <usbd_open_edpt_pair+0x7e>
100050b6:	bf00      	nop
100050b8:	20001394 	.word	0x20001394
100050bc:	20001e88 	.word	0x20001e88

100050c0 <usbd_edpt_open>:
100050c0:	788b      	ldrb	r3, [r1, #2]
100050c2:	f013 0f70 	tst.w	r3, #112	@ 0x70
100050c6:	d008      	beq.n	100050da <usbd_edpt_open+0x1a>
100050c8:	f04f 23e0 	mov.w	r3, #3758153728	@ 0xe000e000
100050cc:	f8d3 3df0 	ldr.w	r3, [r3, #3568]	@ 0xdf0
100050d0:	07da      	lsls	r2, r3, #31
100050d2:	d500      	bpl.n	100050d6 <usbd_edpt_open+0x16>
100050d4:	be00      	bkpt	0x0000
100050d6:	2000      	movs	r0, #0
100050d8:	4770      	bx	lr
100050da:	b510      	push	{r4, lr}
100050dc:	b082      	sub	sp, #8
100050de:	4608      	mov	r0, r1
100050e0:	9101      	str	r1, [sp, #4]
100050e2:	490c      	ldr	r1, [pc, #48]	@ (10005114 <usbd_edpt_open+0x54>)
100050e4:	4a0c      	ldr	r2, [pc, #48]	@ (10005118 <usbd_edpt_open+0x58>)
100050e6:	7889      	ldrb	r1, [r1, #2]
100050e8:	7814      	ldrb	r4, [r2, #0]
100050ea:	f000 fce9 	bl	10005ac0 <tu_edpt_validate>
100050ee:	b948      	cbnz	r0, 10005104 <usbd_edpt_open+0x44>
100050f0:	f04f 23e0 	mov.w	r3, #3758153728	@ 0xe000e000
100050f4:	f8d3 3df0 	ldr.w	r3, [r3, #3568]	@ 0xdf0
100050f8:	07db      	lsls	r3, r3, #31
100050fa:	d500      	bpl.n	100050fe <usbd_edpt_open+0x3e>
100050fc:	be00      	bkpt	0x0000
100050fe:	2000      	movs	r0, #0
10005100:	b002      	add	sp, #8
10005102:	bd10      	pop	{r4, pc}
10005104:	4620      	mov	r0, r4
10005106:	9901      	ldr	r1, [sp, #4]
10005108:	b002      	add	sp, #8
1000510a:	e8bd 4010 	ldmia.w	sp!, {r4, lr}
1000510e:	f7ff b9eb 	b.w	100044e8 <dcd_edpt_open>
10005112:	bf00      	nop
10005114:	20001e88 	.word	0x20001e88
10005118:	20001394 	.word	0x20001394

1000511c <usbd_edpt_claim>:
1000511c:	460a      	mov	r2, r1
1000511e:	4b06      	ldr	r3, [pc, #24]	@ (10005138 <usbd_edpt_claim+0x1c>)
10005120:	4806      	ldr	r0, [pc, #24]	@ (1000513c <usbd_edpt_claim+0x20>)
10005122:	6819      	ldr	r1, [r3, #0]
10005124:	09d3      	lsrs	r3, r2, #7
10005126:	3334      	adds	r3, #52	@ 0x34
10005128:	f002 027f 	and.w	r2, r2, #127	@ 0x7f
1000512c:	eb03 0342 	add.w	r3, r3, r2, lsl #1
10005130:	4418      	add	r0, r3
10005132:	f000 bc79 	b.w	10005a28 <tu_edpt_claim>
10005136:	bf00      	nop
10005138:	20001edc 	.word	0x20001edc
1000513c:	20001e88 	.word	0x20001e88

10005140 <usbd_edpt_release>:
10005140:	460a      	mov	r2, r1
10005142:	4b06      	ldr	r3, [pc, #24]	@ (1000515c <usbd_edpt_release+0x1c>)
10005144:	4806      	ldr	r0, [pc, #24]	@ (10005160 <usbd_edpt_release+0x20>)
10005146:	6819      	ldr	r1, [r3, #0]
10005148:	09d3      	lsrs	r3, r2, #7
1000514a:	3334      	adds	r3, #52	@ 0x34
1000514c:	f002 027f 	and.w	r2, r2, #127	@ 0x7f
10005150:	eb03 0342 	add.w	r3, r3, r2, lsl #1
10005154:	4418      	add	r0, r3
10005156:	f000 bc97 	b.w	10005a88 <tu_edpt_release>
1000515a:	bf00      	nop
1000515c:	20001edc 	.word	0x20001edc
10005160:	20001e88 	.word	0x20001e88

10005164 <usbd_edpt_xfer>:
10005164:	b510      	push	{r4, lr}
10005166:	4819      	ldr	r0, [pc, #100]	@ (100051cc <usbd_edpt_xfer+0x68>)
10005168:	f001 047f 	and.w	r4, r1, #127	@ 0x7f
1000516c:	eb00 0044 	add.w	r0, r0, r4, lsl #1
10005170:	eb00 10d1 	add.w	r0, r0, r1, lsr #7
10005174:	f890 c034 	ldrb.w	ip, [r0, #52]	@ 0x34
10005178:	f01c 0f01 	tst.w	ip, #1
1000517c:	d008      	beq.n	10005190 <usbd_edpt_xfer+0x2c>
1000517e:	f04f 23e0 	mov.w	r3, #3758153728	@ 0xe000e000
10005182:	f8d3 3df0 	ldr.w	r3, [r3, #3568]	@ 0xdf0
10005186:	07da      	lsls	r2, r3, #31
10005188:	d500      	bpl.n	1000518c <usbd_edpt_xfer+0x28>
1000518a:	be00      	bkpt	0x0000
1000518c:	2000      	movs	r0, #0
1000518e:	bd10      	pop	{r4, pc}
10005190:	f100 0430 	add.w	r4, r0, #48	@ 0x30
10005194:	f894 c004 	ldrb.w	ip, [r4, #4]
10005198:	480d      	ldr	r0, [pc, #52]	@ (100051d0 <usbd_edpt_xfer+0x6c>)
1000519a:	f04c 0c01 	orr.w	ip, ip, #1
1000519e:	7800      	ldrb	r0, [r0, #0]
100051a0:	f884 c004 	strb.w	ip, [r4, #4]
100051a4:	f7ff fa1c 	bl	100045e0 <dcd_edpt_xfer>
100051a8:	2800      	cmp	r0, #0
100051aa:	d1f0      	bne.n	1000518e <usbd_edpt_xfer+0x2a>
100051ac:	f04f 21e0 	mov.w	r1, #3758153728	@ 0xe000e000
100051b0:	7922      	ldrb	r2, [r4, #4]
100051b2:	f360 0200 	bfi	r2, r0, #0, #1
100051b6:	7122      	strb	r2, [r4, #4]
100051b8:	7922      	ldrb	r2, [r4, #4]
100051ba:	f360 0282 	bfi	r2, r0, #2, #1
100051be:	7122      	strb	r2, [r4, #4]
100051c0:	f8d1 3df0 	ldr.w	r3, [r1, #3568]	@ 0xdf0
100051c4:	07db      	lsls	r3, r3, #31
100051c6:	d5e1      	bpl.n	1000518c <usbd_edpt_xfer+0x28>
100051c8:	be00      	bkpt	0x0000
100051ca:	e7df      	b.n	1000518c <usbd_edpt_xfer+0x28>
100051cc:	20001e88 	.word	0x20001e88
100051d0:	20001394 	.word	0x20001394

100051d4 <tud_control_status>:
100051d4:	f8df c030 	ldr.w	ip, [pc, #48]	@ 10005208 <tud_control_status+0x34>
100051d8:	2300      	movs	r3, #0
100051da:	4662      	mov	r2, ip
100051dc:	b510      	push	{r4, lr}
100051de:	468e      	mov	lr, r1
100051e0:	4604      	mov	r4, r0
100051e2:	6808      	ldr	r0, [r1, #0]
100051e4:	6849      	ldr	r1, [r1, #4]
100051e6:	f8cc 300c 	str.w	r3, [ip, #12]
100051ea:	c203      	stmia	r2!, {r0, r1}
100051ec:	f89e 1000 	ldrb.w	r1, [lr]
100051f0:	4620      	mov	r0, r4
100051f2:	e8bd 4010 	ldmia.w	sp!, {r4, lr}
100051f6:	f081 01ff 	eor.w	r1, r1, #255	@ 0xff
100051fa:	461a      	mov	r2, r3
100051fc:	f001 0180 	and.w	r1, r1, #128	@ 0x80
10005200:	f8cc 3008 	str.w	r3, [ip, #8]
10005204:	f7ff bfae 	b.w	10005164 <usbd_edpt_xfer>
10005208:	20001e48 	.word	0x20001e48

1000520c <tud_control_xfer>:
1000520c:	f8df c0ac 	ldr.w	ip, [pc, #172]	@ 100052bc <tud_control_xfer+0xb0>
10005210:	b570      	push	{r4, r5, r6, lr}
10005212:	4615      	mov	r5, r2
10005214:	4662      	mov	r2, ip
10005216:	2400      	movs	r4, #0
10005218:	468e      	mov	lr, r1
1000521a:	4606      	mov	r6, r0
1000521c:	6808      	ldr	r0, [r1, #0]
1000521e:	6849      	ldr	r1, [r1, #4]
10005220:	b082      	sub	sp, #8
10005222:	c203      	stmia	r2!, {r0, r1}
10005224:	f8cc 5008 	str.w	r5, [ip, #8]
10005228:	f8ac 400e 	strh.w	r4, [ip, #14]
1000522c:	f8be 2006 	ldrh.w	r2, [lr, #6]
10005230:	4293      	cmp	r3, r2
10005232:	bf28      	it	cs
10005234:	4613      	movcs	r3, r2
10005236:	f8ac 300c 	strh.w	r3, [ip, #12]
1000523a:	b18a      	cbz	r2, 10005260 <tud_control_xfer+0x54>
1000523c:	b333      	cbz	r3, 1000528c <tud_control_xfer+0x80>
1000523e:	b1dd      	cbz	r5, 10005278 <tud_control_xfer+0x6c>
10005240:	f99c 2000 	ldrsb.w	r2, [ip]
10005244:	2b40      	cmp	r3, #64	@ 0x40
10005246:	bf28      	it	cs
10005248:	2340      	movcs	r3, #64	@ 0x40
1000524a:	2a00      	cmp	r2, #0
1000524c:	db29      	blt.n	100052a2 <tud_control_xfer+0x96>
1000524e:	4621      	mov	r1, r4
10005250:	4630      	mov	r0, r6
10005252:	4a19      	ldr	r2, [pc, #100]	@ (100052b8 <tud_control_xfer+0xac>)
10005254:	f7ff ff86 	bl	10005164 <usbd_edpt_xfer>
10005258:	b170      	cbz	r0, 10005278 <tud_control_xfer+0x6c>
1000525a:	2001      	movs	r0, #1
1000525c:	b002      	add	sp, #8
1000525e:	bd70      	pop	{r4, r5, r6, pc}
10005260:	f89e 1000 	ldrb.w	r1, [lr]
10005264:	4613      	mov	r3, r2
10005266:	f081 01ff 	eor.w	r1, r1, #255	@ 0xff
1000526a:	4630      	mov	r0, r6
1000526c:	f001 0180 	and.w	r1, r1, #128	@ 0x80
10005270:	f7ff ff78 	bl	10005164 <usbd_edpt_xfer>
10005274:	2800      	cmp	r0, #0
10005276:	d1f0      	bne.n	1000525a <tud_control_xfer+0x4e>
10005278:	f04f 23e0 	mov.w	r3, #3758153728	@ 0xe000e000
1000527c:	f8d3 3df0 	ldr.w	r3, [r3, #3568]	@ 0xdf0
10005280:	07db      	lsls	r3, r3, #31
10005282:	d500      	bpl.n	10005286 <tud_control_xfer+0x7a>
10005284:	be00      	bkpt	0x0000
10005286:	2000      	movs	r0, #0
10005288:	b002      	add	sp, #8
1000528a:	bd70      	pop	{r4, r5, r6, pc}
1000528c:	461a      	mov	r2, r3
1000528e:	f89c 1000 	ldrb.w	r1, [ip]
10005292:	f001 0180 	and.w	r1, r1, #128	@ 0x80
10005296:	4630      	mov	r0, r6
10005298:	f7ff ff64 	bl	10005164 <usbd_edpt_xfer>
1000529c:	2800      	cmp	r0, #0
1000529e:	d1dc      	bne.n	1000525a <tud_control_xfer+0x4e>
100052a0:	e7ea      	b.n	10005278 <tud_control_xfer+0x6c>
100052a2:	461a      	mov	r2, r3
100052a4:	4629      	mov	r1, r5
100052a6:	4804      	ldr	r0, [pc, #16]	@ (100052b8 <tud_control_xfer+0xac>)
100052a8:	9301      	str	r3, [sp, #4]
100052aa:	f001 fb7d 	bl	100069a8 <__memcpy_veneer>
100052ae:	2180      	movs	r1, #128	@ 0x80
100052b0:	4a01      	ldr	r2, [pc, #4]	@ (100052b8 <tud_control_xfer+0xac>)
100052b2:	9b01      	ldr	r3, [sp, #4]
100052b4:	e7ef      	b.n	10005296 <tud_control_xfer+0x8a>
100052b6:	bf00      	nop
100052b8:	20001e08 	.word	0x20001e08
100052bc:	20001e48 	.word	0x20001e48

100052c0 <usbd_control_reset>:
100052c0:	2200      	movs	r2, #0
100052c2:	4b03      	ldr	r3, [pc, #12]	@ (100052d0 <usbd_control_reset+0x10>)
100052c4:	e9c3 2200 	strd	r2, r2, [r3]
100052c8:	e9c3 2202 	strd	r2, r2, [r3, #8]
100052cc:	611a      	str	r2, [r3, #16]
100052ce:	4770      	bx	lr
100052d0:	20001e48 	.word	0x20001e48

100052d4 <usbd_control_set_complete_callback>:
100052d4:	4b01      	ldr	r3, [pc, #4]	@ (100052dc <usbd_control_set_complete_callback+0x8>)
100052d6:	6118      	str	r0, [r3, #16]
100052d8:	4770      	bx	lr
100052da:	bf00      	nop
100052dc:	20001e48 	.word	0x20001e48

100052e0 <usbd_control_set_request>:
100052e0:	4601      	mov	r1, r0
100052e2:	4a05      	ldr	r2, [pc, #20]	@ (100052f8 <usbd_control_set_request+0x18>)
100052e4:	f04f 0c00 	mov.w	ip, #0
100052e8:	4613      	mov	r3, r2
100052ea:	6800      	ldr	r0, [r0, #0]
100052ec:	6849      	ldr	r1, [r1, #4]
100052ee:	e9c2 cc02 	strd	ip, ip, [r2, #8]
100052f2:	c303      	stmia	r3!, {r0, r1}
100052f4:	4770      	bx	lr
100052f6:	bf00      	nop
100052f8:	20001e48 	.word	0x20001e48

100052fc <usbd_control_xfer_cb>:
100052fc:	b530      	push	{r4, r5, lr}
100052fe:	4c3e      	ldr	r4, [pc, #248]	@ (100053f8 <usbd_control_xfer_cb+0xfc>)
10005300:	09c9      	lsrs	r1, r1, #7
10005302:	7822      	ldrb	r2, [r4, #0]
10005304:	4605      	mov	r5, r0
10005306:	ebb1 1fd2 	cmp.w	r1, r2, lsr #7
1000530a:	b083      	sub	sp, #12
1000530c:	d017      	beq.n	1000533e <usbd_control_xfer_cb+0x42>
1000530e:	b153      	cbz	r3, 10005326 <usbd_control_xfer_cb+0x2a>
10005310:	f04f 23e0 	mov.w	r3, #3758153728	@ 0xe000e000
10005314:	f8d3 3df0 	ldr.w	r3, [r3, #3568]	@ 0xdf0
10005318:	07db      	lsls	r3, r3, #31
1000531a:	d402      	bmi.n	10005322 <usbd_control_xfer_cb+0x26>
1000531c:	2000      	movs	r0, #0
1000531e:	b003      	add	sp, #12
10005320:	bd30      	pop	{r4, r5, pc}
10005322:	be00      	bkpt	0x0000
10005324:	e7fa      	b.n	1000531c <usbd_control_xfer_cb+0x20>
10005326:	4621      	mov	r1, r4
10005328:	f7ff f8d0 	bl	100044cc <dcd_edpt0_status_complete>
1000532c:	6923      	ldr	r3, [r4, #16]
1000532e:	b11b      	cbz	r3, 10005338 <usbd_control_xfer_cb+0x3c>
10005330:	4622      	mov	r2, r4
10005332:	2103      	movs	r1, #3
10005334:	4628      	mov	r0, r5
10005336:	4798      	blx	r3
10005338:	2001      	movs	r0, #1
1000533a:	b003      	add	sp, #12
1000533c:	bd30      	pop	{r4, r5, pc}
1000533e:	f994 2000 	ldrsb.w	r2, [r4]
10005342:	2a00      	cmp	r2, #0
10005344:	db08      	blt.n	10005358 <usbd_control_xfer_cb+0x5c>
10005346:	68a0      	ldr	r0, [r4, #8]
10005348:	2800      	cmp	r0, #0
1000534a:	d0e7      	beq.n	1000531c <usbd_control_xfer_cb+0x20>
1000534c:	461a      	mov	r2, r3
1000534e:	492b      	ldr	r1, [pc, #172]	@ (100053fc <usbd_control_xfer_cb+0x100>)
10005350:	9301      	str	r3, [sp, #4]
10005352:	f001 fb29 	bl	100069a8 <__memcpy_veneer>
10005356:	9b01      	ldr	r3, [sp, #4]
10005358:	89e0      	ldrh	r0, [r4, #14]
1000535a:	68a1      	ldr	r1, [r4, #8]
1000535c:	88e2      	ldrh	r2, [r4, #6]
1000535e:	4418      	add	r0, r3
10005360:	b280      	uxth	r0, r0
10005362:	4419      	add	r1, r3
10005364:	4282      	cmp	r2, r0
10005366:	81e0      	strh	r0, [r4, #14]
10005368:	60a1      	str	r1, [r4, #8]
1000536a:	d016      	beq.n	1000539a <usbd_control_xfer_cb+0x9e>
1000536c:	2b3f      	cmp	r3, #63	@ 0x3f
1000536e:	d914      	bls.n	1000539a <usbd_control_xfer_cb+0x9e>
10005370:	89a2      	ldrh	r2, [r4, #12]
10005372:	f994 4000 	ldrsb.w	r4, [r4]
10005376:	1a13      	subs	r3, r2, r0
10005378:	b29b      	uxth	r3, r3
1000537a:	2b40      	cmp	r3, #64	@ 0x40
1000537c:	bf28      	it	cs
1000537e:	2340      	movcs	r3, #64	@ 0x40
10005380:	2c00      	cmp	r4, #0
10005382:	db28      	blt.n	100053d6 <usbd_control_xfer_cb+0xda>
10005384:	4290      	cmp	r0, r2
10005386:	f04f 0100 	mov.w	r1, #0
1000538a:	d032      	beq.n	100053f2 <usbd_control_xfer_cb+0xf6>
1000538c:	4a1b      	ldr	r2, [pc, #108]	@ (100053fc <usbd_control_xfer_cb+0x100>)
1000538e:	4628      	mov	r0, r5
10005390:	f7ff fee8 	bl	10005164 <usbd_edpt_xfer>
10005394:	2800      	cmp	r0, #0
10005396:	d1cf      	bne.n	10005338 <usbd_control_xfer_cb+0x3c>
10005398:	e7ba      	b.n	10005310 <usbd_control_xfer_cb+0x14>
1000539a:	6923      	ldr	r3, [r4, #16]
1000539c:	b123      	cbz	r3, 100053a8 <usbd_control_xfer_cb+0xac>
1000539e:	2102      	movs	r1, #2
100053a0:	4628      	mov	r0, r5
100053a2:	4a15      	ldr	r2, [pc, #84]	@ (100053f8 <usbd_control_xfer_cb+0xfc>)
100053a4:	4798      	blx	r3
100053a6:	b168      	cbz	r0, 100053c4 <usbd_control_xfer_cb+0xc8>
100053a8:	2300      	movs	r3, #0
100053aa:	7821      	ldrb	r1, [r4, #0]
100053ac:	4628      	mov	r0, r5
100053ae:	f081 01ff 	eor.w	r1, r1, #255	@ 0xff
100053b2:	461a      	mov	r2, r3
100053b4:	f001 0180 	and.w	r1, r1, #128	@ 0x80
100053b8:	f7ff fed4 	bl	10005164 <usbd_edpt_xfer>
100053bc:	2800      	cmp	r0, #0
100053be:	d0a7      	beq.n	10005310 <usbd_control_xfer_cb+0x14>
100053c0:	2001      	movs	r0, #1
100053c2:	e7ba      	b.n	1000533a <usbd_control_xfer_cb+0x3e>
100053c4:	4601      	mov	r1, r0
100053c6:	4628      	mov	r0, r5
100053c8:	f7ff f91e 	bl	10004608 <dcd_edpt_stall>
100053cc:	2180      	movs	r1, #128	@ 0x80
100053ce:	4628      	mov	r0, r5
100053d0:	f7ff f91a 	bl	10004608 <dcd_edpt_stall>
100053d4:	e7b0      	b.n	10005338 <usbd_control_xfer_cb+0x3c>
100053d6:	4290      	cmp	r0, r2
100053d8:	d008      	beq.n	100053ec <usbd_control_xfer_cb+0xf0>
100053da:	461a      	mov	r2, r3
100053dc:	4807      	ldr	r0, [pc, #28]	@ (100053fc <usbd_control_xfer_cb+0x100>)
100053de:	9301      	str	r3, [sp, #4]
100053e0:	f001 fae2 	bl	100069a8 <__memcpy_veneer>
100053e4:	2180      	movs	r1, #128	@ 0x80
100053e6:	4a05      	ldr	r2, [pc, #20]	@ (100053fc <usbd_control_xfer_cb+0x100>)
100053e8:	9b01      	ldr	r3, [sp, #4]
100053ea:	e7d0      	b.n	1000538e <usbd_control_xfer_cb+0x92>
100053ec:	2180      	movs	r1, #128	@ 0x80
100053ee:	2200      	movs	r2, #0
100053f0:	e7cd      	b.n	1000538e <usbd_control_xfer_cb+0x92>
100053f2:	460a      	mov	r2, r1
100053f4:	e7cb      	b.n	1000538e <usbd_control_xfer_cb+0x92>
100053f6:	bf00      	nop
100053f8:	20001e48 	.word	0x20001e48
100053fc:	20001e08 	.word	0x20001e08

10005400 <_prep_out_transaction.isra.0>:
10005400:	b570      	push	{r4, r5, r6, lr}
10005402:	b082      	sub	sp, #8
10005404:	4604      	mov	r4, r0
10005406:	f7ff f9bf 	bl	10004788 <tud_mounted>
1000540a:	b908      	cbnz	r0, 10005410 <_prep_out_transaction.isra.0+0x10>
1000540c:	b002      	add	sp, #8
1000540e:	bd70      	pop	{r4, r5, r6, pc}
10005410:	f7ff f9c2 	bl	10004798 <tud_suspended>
10005414:	4602      	mov	r2, r0
10005416:	2800      	cmp	r0, #0
10005418:	d1f8      	bne.n	1000540c <_prep_out_transaction.isra.0+0xc>
1000541a:	23c8      	movs	r3, #200	@ 0xc8
1000541c:	fb04 f303 	mul.w	r3, r4, r3
10005420:	4915      	ldr	r1, [pc, #84]	@ (10005478 <_prep_out_transaction.isra.0+0x78>)
10005422:	4625      	mov	r5, r4
10005424:	18cc      	adds	r4, r1, r3
10005426:	78e0      	ldrb	r0, [r4, #3]
10005428:	2800      	cmp	r0, #0
1000542a:	d0ef      	beq.n	1000540c <_prep_out_transaction.isra.0+0xc>
1000542c:	3310      	adds	r3, #16
1000542e:	185e      	adds	r6, r3, r1
10005430:	4630      	mov	r0, r6
10005432:	9201      	str	r2, [sp, #4]
10005434:	f000 fbe8 	bl	10005c08 <tu_fifo_remaining>
10005438:	283f      	cmp	r0, #63	@ 0x3f
1000543a:	d9e7      	bls.n	1000540c <_prep_out_transaction.isra.0+0xc>
1000543c:	78e1      	ldrb	r1, [r4, #3]
1000543e:	9801      	ldr	r0, [sp, #4]
10005440:	f7ff fe6c 	bl	1000511c <usbd_edpt_claim>
10005444:	2800      	cmp	r0, #0
10005446:	d0e1      	beq.n	1000540c <_prep_out_transaction.isra.0+0xc>
10005448:	4630      	mov	r0, r6
1000544a:	f000 fbdd 	bl	10005c08 <tu_fifo_remaining>
1000544e:	283f      	cmp	r0, #63	@ 0x3f
10005450:	78e1      	ldrb	r1, [r4, #3]
10005452:	d90a      	bls.n	1000546a <_prep_out_transaction.isra.0+0x6a>
10005454:	2340      	movs	r3, #64	@ 0x40
10005456:	f8df c024 	ldr.w	ip, [pc, #36]	@ 1000547c <_prep_out_transaction.isra.0+0x7c>
1000545a:	9801      	ldr	r0, [sp, #4]
1000545c:	eb0c 12c5 	add.w	r2, ip, r5, lsl #7
10005460:	b002      	add	sp, #8
10005462:	e8bd 4070 	ldmia.w	sp!, {r4, r5, r6, lr}
10005466:	f7ff be7d 	b.w	10005164 <usbd_edpt_xfer>
1000546a:	9801      	ldr	r0, [sp, #4]
1000546c:	b002      	add	sp, #8
1000546e:	e8bd 4070 	ldmia.w	sp!, {r4, r5, r6, lr}
10005472:	f7ff be65 	b.w	10005140 <usbd_edpt_release>
10005476:	bf00      	nop
10005478:	200019c0 	.word	0x200019c0
1000547c:	20001d84 	.word	0x20001d84

10005480 <tud_cdc_n_connected>:
10005480:	b510      	push	{r4, lr}
10005482:	4604      	mov	r4, r0
10005484:	f7ff f980 	bl	10004788 <tud_mounted>
10005488:	b908      	cbnz	r0, 1000548e <tud_cdc_n_connected+0xe>
1000548a:	2000      	movs	r0, #0
1000548c:	bd10      	pop	{r4, pc}
1000548e:	f7ff f983 	bl	10004798 <tud_suspended>
10005492:	2800      	cmp	r0, #0
10005494:	d1f9      	bne.n	1000548a <tud_cdc_n_connected+0xa>
10005496:	22c8      	movs	r2, #200	@ 0xc8
10005498:	4b03      	ldr	r3, [pc, #12]	@ (100054a8 <tud_cdc_n_connected+0x28>)
1000549a:	fb02 3304 	mla	r3, r2, r4, r3
1000549e:	7918      	ldrb	r0, [r3, #4]
100054a0:	f000 0001 	and.w	r0, r0, #1
100054a4:	bd10      	pop	{r4, pc}
100054a6:	bf00      	nop
100054a8:	200019c0 	.word	0x200019c0

100054ac <tud_cdc_n_available>:
100054ac:	22c8      	movs	r2, #200	@ 0xc8
100054ae:	b508      	push	{r3, lr}
100054b0:	4b02      	ldr	r3, [pc, #8]	@ (100054bc <tud_cdc_n_available+0x10>)
100054b2:	fb02 3000 	mla	r0, r2, r0, r3
100054b6:	f000 fb8d 	bl	10005bd4 <tu_fifo_count>
100054ba:	bd08      	pop	{r3, pc}
100054bc:	200019d0 	.word	0x200019d0

100054c0 <tud_cdc_n_read>:
100054c0:	f64f 73ff 	movw	r3, #65535	@ 0xffff
100054c4:	e92d 41f0 	stmdb	sp!, {r4, r5, r6, r7, r8, lr}
100054c8:	24c8      	movs	r4, #200	@ 0xc8
100054ca:	429a      	cmp	r2, r3
100054cc:	bf28      	it	cs
100054ce:	461a      	movcs	r2, r3
100054d0:	fb00 f404 	mul.w	r4, r0, r4
100054d4:	4d1b      	ldr	r5, [pc, #108]	@ (10005544 <tud_cdc_n_read+0x84>)
100054d6:	f104 0310 	add.w	r3, r4, #16
100054da:	b082      	sub	sp, #8
100054dc:	4680      	mov	r8, r0
100054de:	b292      	uxth	r2, r2
100054e0:	1958      	adds	r0, r3, r5
100054e2:	195f      	adds	r7, r3, r5
100054e4:	f000 fbf0 	bl	10005cc8 <tu_fifo_read_n>
100054e8:	4606      	mov	r6, r0
100054ea:	f7ff f94d 	bl	10004788 <tud_mounted>
100054ee:	b918      	cbnz	r0, 100054f8 <tud_cdc_n_read+0x38>
100054f0:	4630      	mov	r0, r6
100054f2:	b002      	add	sp, #8
100054f4:	e8bd 81f0 	ldmia.w	sp!, {r4, r5, r6, r7, r8, pc}
100054f8:	f7ff f94e 	bl	10004798 <tud_suspended>
100054fc:	2800      	cmp	r0, #0
100054fe:	d1f7      	bne.n	100054f0 <tud_cdc_n_read+0x30>
10005500:	4425      	add	r5, r4
10005502:	78ea      	ldrb	r2, [r5, #3]
10005504:	2a00      	cmp	r2, #0
10005506:	d0f3      	beq.n	100054f0 <tud_cdc_n_read+0x30>
10005508:	9001      	str	r0, [sp, #4]
1000550a:	4638      	mov	r0, r7
1000550c:	f000 fb7c 	bl	10005c08 <tu_fifo_remaining>
10005510:	283f      	cmp	r0, #63	@ 0x3f
10005512:	d9ed      	bls.n	100054f0 <tud_cdc_n_read+0x30>
10005514:	9801      	ldr	r0, [sp, #4]
10005516:	78e9      	ldrb	r1, [r5, #3]
10005518:	f7ff fe00 	bl	1000511c <usbd_edpt_claim>
1000551c:	2800      	cmp	r0, #0
1000551e:	d0e7      	beq.n	100054f0 <tud_cdc_n_read+0x30>
10005520:	4638      	mov	r0, r7
10005522:	f000 fb71 	bl	10005c08 <tu_fifo_remaining>
10005526:	283f      	cmp	r0, #63	@ 0x3f
10005528:	78e9      	ldrb	r1, [r5, #3]
1000552a:	d907      	bls.n	1000553c <tud_cdc_n_read+0x7c>
1000552c:	4a06      	ldr	r2, [pc, #24]	@ (10005548 <tud_cdc_n_read+0x88>)
1000552e:	2340      	movs	r3, #64	@ 0x40
10005530:	9801      	ldr	r0, [sp, #4]
10005532:	eb02 12c8 	add.w	r2, r2, r8, lsl #7
10005536:	f7ff fe15 	bl	10005164 <usbd_edpt_xfer>
1000553a:	e7d9      	b.n	100054f0 <tud_cdc_n_read+0x30>
1000553c:	9801      	ldr	r0, [sp, #4]
1000553e:	f7ff fdff 	bl	10005140 <usbd_edpt_release>
10005542:	e7d5      	b.n	100054f0 <tud_cdc_n_read+0x30>
10005544:	200019c0 	.word	0x200019c0
10005548:	20001d84 	.word	0x20001d84

1000554c <tud_cdc_n_write_flush>:
1000554c:	b5f0      	push	{r4, r5, r6, r7, lr}
1000554e:	b083      	sub	sp, #12
10005550:	4605      	mov	r5, r0
10005552:	f7ff f919 	bl	10004788 <tud_mounted>
10005556:	b910      	cbnz	r0, 1000555e <tud_cdc_n_write_flush+0x12>
10005558:	2000      	movs	r0, #0
1000555a:	b003      	add	sp, #12
1000555c:	bdf0      	pop	{r4, r5, r6, r7, pc}
1000555e:	f7ff f91b 	bl	10004798 <tud_suspended>
10005562:	4604      	mov	r4, r0
10005564:	2800      	cmp	r0, #0
10005566:	d1f7      	bne.n	10005558 <tud_cdc_n_write_flush+0xc>
10005568:	23c8      	movs	r3, #200	@ 0xc8
1000556a:	fb05 f303 	mul.w	r3, r5, r3
1000556e:	4a1a      	ldr	r2, [pc, #104]	@ (100055d8 <tud_cdc_n_write_flush+0x8c>)
10005570:	f103 0124 	add.w	r1, r3, #36	@ 0x24
10005574:	188f      	adds	r7, r1, r2
10005576:	4638      	mov	r0, r7
10005578:	9300      	str	r3, [sp, #0]
1000557a:	f000 fb2b 	bl	10005bd4 <tu_fifo_count>
1000557e:	2800      	cmp	r0, #0
10005580:	d0ea      	beq.n	10005558 <tud_cdc_n_write_flush+0xc>
10005582:	4a15      	ldr	r2, [pc, #84]	@ (100055d8 <tud_cdc_n_write_flush+0x8c>)
10005584:	9b00      	ldr	r3, [sp, #0]
10005586:	4620      	mov	r0, r4
10005588:	18d6      	adds	r6, r2, r3
1000558a:	78b1      	ldrb	r1, [r6, #2]
1000558c:	f7ff fdc6 	bl	1000511c <usbd_edpt_claim>
10005590:	2800      	cmp	r0, #0
10005592:	d0e1      	beq.n	10005558 <tud_cdc_n_write_flush+0xc>
10005594:	4911      	ldr	r1, [pc, #68]	@ (100055dc <tud_cdc_n_write_flush+0x90>)
10005596:	4638      	mov	r0, r7
10005598:	eb01 11c5 	add.w	r1, r1, r5, lsl #7
1000559c:	2240      	movs	r2, #64	@ 0x40
1000559e:	9100      	str	r1, [sp, #0]
100055a0:	f000 fb92 	bl	10005cc8 <tu_fifo_read_n>
100055a4:	f896 c002 	ldrb.w	ip, [r6, #2]
100055a8:	4603      	mov	r3, r0
100055aa:	b170      	cbz	r0, 100055ca <tud_cdc_n_write_flush+0x7e>
100055ac:	9001      	str	r0, [sp, #4]
100055ae:	4661      	mov	r1, ip
100055b0:	4620      	mov	r0, r4
100055b2:	9a00      	ldr	r2, [sp, #0]
100055b4:	f7ff fdd6 	bl	10005164 <usbd_edpt_xfer>
100055b8:	b958      	cbnz	r0, 100055d2 <tud_cdc_n_write_flush+0x86>
100055ba:	f04f 23e0 	mov.w	r3, #3758153728	@ 0xe000e000
100055be:	f8d3 3df0 	ldr.w	r3, [r3, #3568]	@ 0xdf0
100055c2:	07db      	lsls	r3, r3, #31
100055c4:	d5c8      	bpl.n	10005558 <tud_cdc_n_write_flush+0xc>
100055c6:	be00      	bkpt	0x0000
100055c8:	e7c6      	b.n	10005558 <tud_cdc_n_write_flush+0xc>
100055ca:	4661      	mov	r1, ip
100055cc:	f7ff fdb8 	bl	10005140 <usbd_edpt_release>
100055d0:	e7c2      	b.n	10005558 <tud_cdc_n_write_flush+0xc>
100055d2:	9801      	ldr	r0, [sp, #4]
100055d4:	e7c1      	b.n	1000555a <tud_cdc_n_write_flush+0xe>
100055d6:	bf00      	nop
100055d8:	200019c0 	.word	0x200019c0
100055dc:	20001dc4 	.word	0x20001dc4

100055e0 <tud_cdc_n_write>:
100055e0:	b570      	push	{r4, r5, r6, lr}
100055e2:	4605      	mov	r5, r0
100055e4:	f64f 70ff 	movw	r0, #65535	@ 0xffff
100055e8:	23c8      	movs	r3, #200	@ 0xc8
100055ea:	4282      	cmp	r2, r0
100055ec:	bf28      	it	cs
100055ee:	4602      	movcs	r2, r0
100055f0:	4c09      	ldr	r4, [pc, #36]	@ (10005618 <tud_cdc_n_write+0x38>)
100055f2:	b292      	uxth	r2, r2
100055f4:	fb03 4405 	mla	r4, r3, r5, r4
100055f8:	4620      	mov	r0, r4
100055fa:	f000 fc29 	bl	10005e50 <tu_fifo_write_n>
100055fe:	4606      	mov	r6, r0
10005600:	4620      	mov	r0, r4
10005602:	f000 fae7 	bl	10005bd4 <tu_fifo_count>
10005606:	283f      	cmp	r0, #63	@ 0x3f
10005608:	d801      	bhi.n	1000560e <tud_cdc_n_write+0x2e>
1000560a:	4630      	mov	r0, r6
1000560c:	bd70      	pop	{r4, r5, r6, pc}
1000560e:	4628      	mov	r0, r5
10005610:	f7ff ff9c 	bl	1000554c <tud_cdc_n_write_flush>
10005614:	4630      	mov	r0, r6
10005616:	bd70      	pop	{r4, r5, r6, pc}
10005618:	200019e4 	.word	0x200019e4

1000561c <tud_cdc_n_write_available>:
1000561c:	22c8      	movs	r2, #200	@ 0xc8
1000561e:	b508      	push	{r3, lr}
10005620:	4b02      	ldr	r3, [pc, #8]	@ (1000562c <tud_cdc_n_write_available+0x10>)
10005622:	fb02 3000 	mla	r0, r2, r0, r3
10005626:	f000 faef 	bl	10005c08 <tu_fifo_remaining>
1000562a:	bd08      	pop	{r3, pc}
1000562c:	200019e4 	.word	0x200019e4

10005630 <cdcd_init>:
10005630:	b570      	push	{r4, r5, r6, lr}
10005632:	2400      	movs	r4, #0
10005634:	b082      	sub	sp, #8
10005636:	22c8      	movs	r2, #200	@ 0xc8
10005638:	2100      	movs	r1, #0
1000563a:	4818      	ldr	r0, [pc, #96]	@ (1000569c <cdcd_init+0x6c>)
1000563c:	f001 f9bc 	bl	100069b8 <__memset_veneer>
10005640:	23ff      	movs	r3, #255	@ 0xff
10005642:	f44f 31e1 	mov.w	r1, #115200	@ 0x1c200
10005646:	2208      	movs	r2, #8
10005648:	4815      	ldr	r0, [pc, #84]	@ (100056a0 <cdcd_init+0x70>)
1000564a:	7004      	strb	r4, [r0, #0]
1000564c:	4813      	ldr	r0, [pc, #76]	@ (1000569c <cdcd_init+0x6c>)
1000564e:	9400      	str	r4, [sp, #0]
10005650:	4606      	mov	r6, r0
10005652:	7143      	strb	r3, [r0, #5]
10005654:	6081      	str	r1, [r0, #8]
10005656:	7382      	strb	r2, [r0, #14]
10005658:	f100 0138 	add.w	r1, r0, #56	@ 0x38
1000565c:	2301      	movs	r3, #1
1000565e:	2240      	movs	r2, #64	@ 0x40
10005660:	3010      	adds	r0, #16
10005662:	f000 fa87 	bl	10005b74 <tu_fifo_config>
10005666:	2301      	movs	r3, #1
10005668:	2240      	movs	r2, #64	@ 0x40
1000566a:	f106 0178 	add.w	r1, r6, #120	@ 0x78
1000566e:	9300      	str	r3, [sp, #0]
10005670:	f106 05b8 	add.w	r5, r6, #184	@ 0xb8
10005674:	f106 0024 	add.w	r0, r6, #36	@ 0x24
10005678:	f000 fa7c 	bl	10005b74 <tu_fifo_config>
1000567c:	4628      	mov	r0, r5
1000567e:	f7fb fa4f 	bl	10000b20 <mutex_init>
10005682:	f106 00c0 	add.w	r0, r6, #192	@ 0xc0
10005686:	f7fb fa4b 	bl	10000b20 <mutex_init>
1000568a:	f106 00c0 	add.w	r0, r6, #192	@ 0xc0
1000568e:	e9c6 4507 	strd	r4, r5, [r6, #28]
10005692:	e9c6 040c 	strd	r0, r4, [r6, #48]	@ 0x30
10005696:	b002      	add	sp, #8
10005698:	bd70      	pop	{r4, r5, r6, pc}
1000569a:	bf00      	nop
1000569c:	200019c0 	.word	0x200019c0
100056a0:	20001e04 	.word	0x20001e04

100056a4 <cdcd_deinit>:
100056a4:	4b0a      	ldr	r3, [pc, #40]	@ (100056d0 <cdcd_deinit+0x2c>)
100056a6:	6b19      	ldr	r1, [r3, #48]	@ 0x30
100056a8:	6a1a      	ldr	r2, [r3, #32]
100056aa:	b161      	cbz	r1, 100056c6 <cdcd_deinit+0x22>
100056ac:	b13a      	cbz	r2, 100056be <cdcd_deinit+0x1a>
100056ae:	2200      	movs	r2, #0
100056b0:	e9c3 220c 	strd	r2, r2, [r3, #48]	@ 0x30
100056b4:	61da      	str	r2, [r3, #28]
100056b6:	2200      	movs	r2, #0
100056b8:	621a      	str	r2, [r3, #32]
100056ba:	2001      	movs	r0, #1
100056bc:	4770      	bx	lr
100056be:	2001      	movs	r0, #1
100056c0:	e9c3 220c 	strd	r2, r2, [r3, #48]	@ 0x30
100056c4:	4770      	bx	lr
100056c6:	2a00      	cmp	r2, #0
100056c8:	d0f7      	beq.n	100056ba <cdcd_deinit+0x16>
100056ca:	61d9      	str	r1, [r3, #28]
100056cc:	e7f3      	b.n	100056b6 <cdcd_deinit+0x12>
100056ce:	bf00      	nop
100056d0:	200019c0 	.word	0x200019c0

100056d4 <cdcd_reset>:
100056d4:	2200      	movs	r2, #0
100056d6:	4910      	ldr	r1, [pc, #64]	@ (10005718 <cdcd_reset+0x44>)
100056d8:	b508      	push	{r3, lr}
100056da:	4810      	ldr	r0, [pc, #64]	@ (1000571c <cdcd_reset+0x48>)
100056dc:	780b      	ldrb	r3, [r1, #0]
100056de:	6002      	str	r2, [r0, #0]
100056e0:	7102      	strb	r2, [r0, #4]
100056e2:	07da      	lsls	r2, r3, #31
100056e4:	d507      	bpl.n	100056f6 <cdcd_reset+0x22>
100056e6:	079b      	lsls	r3, r3, #30
100056e8:	d50c      	bpl.n	10005704 <cdcd_reset+0x30>
100056ea:	e8bd 4008 	ldmia.w	sp!, {r3, lr}
100056ee:	2101      	movs	r1, #1
100056f0:	480b      	ldr	r0, [pc, #44]	@ (10005720 <cdcd_reset+0x4c>)
100056f2:	f000 bc71 	b.w	10005fd8 <tu_fifo_set_overwritable>
100056f6:	3010      	adds	r0, #16
100056f8:	f000 fc52 	bl	10005fa0 <tu_fifo_clear>
100056fc:	4906      	ldr	r1, [pc, #24]	@ (10005718 <cdcd_reset+0x44>)
100056fe:	780b      	ldrb	r3, [r1, #0]
10005700:	079b      	lsls	r3, r3, #30
10005702:	d4f2      	bmi.n	100056ea <cdcd_reset+0x16>
10005704:	4806      	ldr	r0, [pc, #24]	@ (10005720 <cdcd_reset+0x4c>)
10005706:	f000 fc4b 	bl	10005fa0 <tu_fifo_clear>
1000570a:	e8bd 4008 	ldmia.w	sp!, {r3, lr}
1000570e:	2101      	movs	r1, #1
10005710:	4803      	ldr	r0, [pc, #12]	@ (10005720 <cdcd_reset+0x4c>)
10005712:	f000 bc61 	b.w	10005fd8 <tu_fifo_set_overwritable>
10005716:	bf00      	nop
10005718:	20001e04 	.word	0x20001e04
1000571c:	200019c0 	.word	0x200019c0
10005720:	200019e4 	.word	0x200019e4

10005724 <cdcd_open>:
10005724:	b570      	push	{r4, r5, r6, lr}
10005726:	794b      	ldrb	r3, [r1, #5]
10005728:	b084      	sub	sp, #16
1000572a:	2b02      	cmp	r3, #2
1000572c:	d102      	bne.n	10005734 <cdcd_open+0x10>
1000572e:	798b      	ldrb	r3, [r1, #6]
10005730:	2b02      	cmp	r3, #2
10005732:	d003      	beq.n	1000573c <cdcd_open+0x18>
10005734:	2400      	movs	r4, #0
10005736:	4620      	mov	r0, r4
10005738:	b004      	add	sp, #16
1000573a:	bd70      	pop	{r4, r5, r6, pc}
1000573c:	4b2b      	ldr	r3, [pc, #172]	@ (100057ec <cdcd_open+0xc8>)
1000573e:	789b      	ldrb	r3, [r3, #2]
10005740:	b13b      	cbz	r3, 10005752 <cdcd_open+0x2e>
10005742:	f04f 23e0 	mov.w	r3, #3758153728	@ 0xe000e000
10005746:	f8d3 3df0 	ldr.w	r3, [r3, #3568]	@ 0xdf0
1000574a:	07db      	lsls	r3, r3, #31
1000574c:	d5f2      	bpl.n	10005734 <cdcd_open+0x10>
1000574e:	be00      	bkpt	0x0000
10005750:	e7f0      	b.n	10005734 <cdcd_open+0x10>
10005752:	788b      	ldrb	r3, [r1, #2]
10005754:	4605      	mov	r5, r0
10005756:	4825      	ldr	r0, [pc, #148]	@ (100057ec <cdcd_open+0xc8>)
10005758:	7003      	strb	r3, [r0, #0]
1000575a:	780b      	ldrb	r3, [r1, #0]
1000575c:	4419      	add	r1, r3
1000575e:	f891 c001 	ldrb.w	ip, [r1, #1]
10005762:	f1bc 0f24 	cmp.w	ip, #36	@ 0x24
10005766:	bf08      	it	eq
10005768:	2409      	moveq	r4, #9
1000576a:	d009      	beq.n	10005780 <cdcd_open+0x5c>
1000576c:	e03b      	b.n	100057e6 <cdcd_open+0xc2>
1000576e:	780b      	ldrb	r3, [r1, #0]
10005770:	4419      	add	r1, r3
10005772:	f891 c001 	ldrb.w	ip, [r1, #1]
10005776:	4423      	add	r3, r4
10005778:	f1bc 0f24 	cmp.w	ip, #36	@ 0x24
1000577c:	b29c      	uxth	r4, r3
1000577e:	d107      	bne.n	10005790 <cdcd_open+0x6c>
10005780:	4294      	cmp	r4, r2
10005782:	d9f4      	bls.n	1000576e <cdcd_open+0x4a>
10005784:	2000      	movs	r0, #0
10005786:	f7ff fe3b 	bl	10005400 <_prep_out_transaction.isra.0>
1000578a:	4620      	mov	r0, r4
1000578c:	b004      	add	sp, #16
1000578e:	bd70      	pop	{r4, r5, r6, pc}
10005790:	4663      	mov	r3, ip
10005792:	f1bc 0f05 	cmp.w	ip, #5
10005796:	d016      	beq.n	100057c6 <cdcd_open+0xa2>
10005798:	2b04      	cmp	r3, #4
1000579a:	d1f3      	bne.n	10005784 <cdcd_open+0x60>
1000579c:	794b      	ldrb	r3, [r1, #5]
1000579e:	2b0a      	cmp	r3, #10
100057a0:	d1f0      	bne.n	10005784 <cdcd_open+0x60>
100057a2:	4b13      	ldr	r3, [pc, #76]	@ (100057f0 <cdcd_open+0xcc>)
100057a4:	780a      	ldrb	r2, [r1, #0]
100057a6:	9301      	str	r3, [sp, #4]
100057a8:	3301      	adds	r3, #1
100057aa:	9300      	str	r3, [sp, #0]
100057ac:	2302      	movs	r3, #2
100057ae:	4616      	mov	r6, r2
100057b0:	4411      	add	r1, r2
100057b2:	4628      	mov	r0, r5
100057b4:	461a      	mov	r2, r3
100057b6:	f7ff fc33 	bl	10005020 <usbd_open_edpt_pair>
100057ba:	2800      	cmp	r0, #0
100057bc:	d0c1      	beq.n	10005742 <cdcd_open+0x1e>
100057be:	340e      	adds	r4, #14
100057c0:	1933      	adds	r3, r6, r4
100057c2:	b29c      	uxth	r4, r3
100057c4:	e7de      	b.n	10005784 <cdcd_open+0x60>
100057c6:	4628      	mov	r0, r5
100057c8:	9103      	str	r1, [sp, #12]
100057ca:	f7ff fc79 	bl	100050c0 <usbd_edpt_open>
100057ce:	9903      	ldr	r1, [sp, #12]
100057d0:	2800      	cmp	r0, #0
100057d2:	d0b6      	beq.n	10005742 <cdcd_open+0x1e>
100057d4:	788b      	ldrb	r3, [r1, #2]
100057d6:	4a05      	ldr	r2, [pc, #20]	@ (100057ec <cdcd_open+0xc8>)
100057d8:	7053      	strb	r3, [r2, #1]
100057da:	780b      	ldrb	r3, [r1, #0]
100057dc:	191a      	adds	r2, r3, r4
100057de:	4419      	add	r1, r3
100057e0:	784b      	ldrb	r3, [r1, #1]
100057e2:	b294      	uxth	r4, r2
100057e4:	e7d8      	b.n	10005798 <cdcd_open+0x74>
100057e6:	4663      	mov	r3, ip
100057e8:	2409      	movs	r4, #9
100057ea:	e7d2      	b.n	10005792 <cdcd_open+0x6e>
100057ec:	200019c0 	.word	0x200019c0
100057f0:	200019c2 	.word	0x200019c2

100057f4 <cdcd_control_xfer_cb>:
100057f4:	7813      	ldrb	r3, [r2, #0]
100057f6:	f003 0360 	and.w	r3, r3, #96	@ 0x60
100057fa:	2b20      	cmp	r3, #32
100057fc:	d10b      	bne.n	10005816 <cdcd_control_xfer_cb+0x22>
100057fe:	b500      	push	{lr}
10005800:	f8df c0bc 	ldr.w	ip, [pc, #188]	@ 100058c0 <cdcd_control_xfer_cb+0xcc>
10005804:	8893      	ldrh	r3, [r2, #4]
10005806:	f89c e000 	ldrb.w	lr, [ip]
1000580a:	b083      	sub	sp, #12
1000580c:	459e      	cmp	lr, r3
1000580e:	d004      	beq.n	1000581a <cdcd_control_xfer_cb+0x26>
10005810:	2000      	movs	r0, #0
10005812:	b003      	add	sp, #12
10005814:	bd00      	pop	{pc}
10005816:	2000      	movs	r0, #0
10005818:	4770      	bx	lr
1000581a:	7853      	ldrb	r3, [r2, #1]
1000581c:	3b20      	subs	r3, #32
1000581e:	2b03      	cmp	r3, #3
10005820:	d8f6      	bhi.n	10005810 <cdcd_control_xfer_cb+0x1c>
10005822:	e8df f003 	tbb	[pc, r3]
10005826:	272c      	.short	0x272c
10005828:	020d      	.short	0x020d
1000582a:	2901      	cmp	r1, #1
1000582c:	d033      	beq.n	10005896 <cdcd_control_xfer_cb+0xa2>
1000582e:	2903      	cmp	r1, #3
10005830:	d122      	bne.n	10005878 <cdcd_control_xfer_cb+0x84>
10005832:	4b1e      	ldr	r3, [pc, #120]	@ (100058ac <cdcd_control_xfer_cb+0xb8>)
10005834:	b303      	cbz	r3, 10005878 <cdcd_control_xfer_cb+0x84>
10005836:	2000      	movs	r0, #0
10005838:	8851      	ldrh	r1, [r2, #2]
1000583a:	f3af 8000 	nop.w
1000583e:	e01b      	b.n	10005878 <cdcd_control_xfer_cb+0x84>
10005840:	2901      	cmp	r1, #1
10005842:	d028      	beq.n	10005896 <cdcd_control_xfer_cb+0xa2>
10005844:	2903      	cmp	r1, #3
10005846:	d117      	bne.n	10005878 <cdcd_control_xfer_cb+0x84>
10005848:	8852      	ldrh	r2, [r2, #2]
1000584a:	4819      	ldr	r0, [pc, #100]	@ (100058b0 <cdcd_control_xfer_cb+0xbc>)
1000584c:	f002 0301 	and.w	r3, r2, #1
10005850:	f083 0101 	eor.w	r1, r3, #1
10005854:	9301      	str	r3, [sp, #4]
10005856:	f88c 2004 	strb.w	r2, [ip, #4]
1000585a:	9200      	str	r2, [sp, #0]
1000585c:	f000 fbbc 	bl	10005fd8 <tu_fifo_set_overwritable>
10005860:	4914      	ldr	r1, [pc, #80]	@ (100058b4 <cdcd_control_xfer_cb+0xc0>)
10005862:	b149      	cbz	r1, 10005878 <cdcd_control_xfer_cb+0x84>
10005864:	9a00      	ldr	r2, [sp, #0]
10005866:	2000      	movs	r0, #0
10005868:	9901      	ldr	r1, [sp, #4]
1000586a:	f3c2 0240 	ubfx	r2, r2, #1, #1
1000586e:	f3af 8000 	nop.w
10005872:	e001      	b.n	10005878 <cdcd_control_xfer_cb+0x84>
10005874:	2901      	cmp	r1, #1
10005876:	d012      	beq.n	1000589e <cdcd_control_xfer_cb+0xaa>
10005878:	2001      	movs	r0, #1
1000587a:	b003      	add	sp, #12
1000587c:	bd00      	pop	{pc}
1000587e:	2901      	cmp	r1, #1
10005880:	d00d      	beq.n	1000589e <cdcd_control_xfer_cb+0xaa>
10005882:	2903      	cmp	r1, #3
10005884:	d1f8      	bne.n	10005878 <cdcd_control_xfer_cb+0x84>
10005886:	4b0c      	ldr	r3, [pc, #48]	@ (100058b8 <cdcd_control_xfer_cb+0xc4>)
10005888:	2b00      	cmp	r3, #0
1000588a:	d0f5      	beq.n	10005878 <cdcd_control_xfer_cb+0x84>
1000588c:	2000      	movs	r0, #0
1000588e:	490b      	ldr	r1, [pc, #44]	@ (100058bc <cdcd_control_xfer_cb+0xc8>)
10005890:	f7fe fda8 	bl	100043e4 <tud_cdc_line_coding_cb>
10005894:	e7f0      	b.n	10005878 <cdcd_control_xfer_cb+0x84>
10005896:	4611      	mov	r1, r2
10005898:	f7ff fc9c 	bl	100051d4 <tud_control_status>
1000589c:	e7ec      	b.n	10005878 <cdcd_control_xfer_cb+0x84>
1000589e:	4611      	mov	r1, r2
100058a0:	2307      	movs	r3, #7
100058a2:	4a06      	ldr	r2, [pc, #24]	@ (100058bc <cdcd_control_xfer_cb+0xc8>)
100058a4:	f7ff fcb2 	bl	1000520c <tud_control_xfer>
100058a8:	e7e6      	b.n	10005878 <cdcd_control_xfer_cb+0x84>
100058aa:	bf00      	nop
100058ac:	00000000 	.word	0x00000000
100058b0:	200019e4 	.word	0x200019e4
100058b4:	00000000 	.word	0x00000000
100058b8:	100043e5 	.word	0x100043e5
100058bc:	200019c8 	.word	0x200019c8
100058c0:	200019c0 	.word	0x200019c0

100058c4 <cdcd_xfer_cb>:
100058c4:	e92d 41f0 	stmdb	sp!, {r4, r5, r6, r7, r8, lr}
100058c8:	4c35      	ldr	r4, [pc, #212]	@ (100059a0 <cdcd_xfer_cb+0xdc>)
100058ca:	460d      	mov	r5, r1
100058cc:	78e2      	ldrb	r2, [r4, #3]
100058ce:	4607      	mov	r7, r0
100058d0:	428a      	cmp	r2, r1
100058d2:	461e      	mov	r6, r3
100058d4:	b082      	sub	sp, #8
100058d6:	d02f      	beq.n	10005938 <cdcd_xfer_cb+0x74>
100058d8:	78a3      	ldrb	r3, [r4, #2]
100058da:	428b      	cmp	r3, r1
100058dc:	d009      	beq.n	100058f2 <cdcd_xfer_cb+0x2e>
100058de:	f04f 23e0 	mov.w	r3, #3758153728	@ 0xe000e000
100058e2:	f8d3 3df0 	ldr.w	r3, [r3, #3568]	@ 0xdf0
100058e6:	07db      	lsls	r3, r3, #31
100058e8:	d424      	bmi.n	10005934 <cdcd_xfer_cb+0x70>
100058ea:	2000      	movs	r0, #0
100058ec:	b002      	add	sp, #8
100058ee:	e8bd 81f0 	ldmia.w	sp!, {r4, r5, r6, r7, r8, pc}
100058f2:	4b2c      	ldr	r3, [pc, #176]	@ (100059a4 <cdcd_xfer_cb+0xe0>)
100058f4:	b113      	cbz	r3, 100058fc <cdcd_xfer_cb+0x38>
100058f6:	2000      	movs	r0, #0
100058f8:	f3af 8000 	nop.w
100058fc:	2000      	movs	r0, #0
100058fe:	f7ff fe25 	bl	1000554c <tud_cdc_n_write_flush>
10005902:	2800      	cmp	r0, #0
10005904:	d147      	bne.n	10005996 <cdcd_xfer_cb+0xd2>
10005906:	4828      	ldr	r0, [pc, #160]	@ (100059a8 <cdcd_xfer_cb+0xe4>)
10005908:	f000 f964 	bl	10005bd4 <tu_fifo_count>
1000590c:	2800      	cmp	r0, #0
1000590e:	d142      	bne.n	10005996 <cdcd_xfer_cb+0xd2>
10005910:	2e00      	cmp	r6, #0
10005912:	d040      	beq.n	10005996 <cdcd_xfer_cb+0xd2>
10005914:	f016 053f 	ands.w	r5, r6, #63	@ 0x3f
10005918:	d13d      	bne.n	10005996 <cdcd_xfer_cb+0xd2>
1000591a:	4638      	mov	r0, r7
1000591c:	78a1      	ldrb	r1, [r4, #2]
1000591e:	f7ff fbfd 	bl	1000511c <usbd_edpt_claim>
10005922:	2800      	cmp	r0, #0
10005924:	d037      	beq.n	10005996 <cdcd_xfer_cb+0xd2>
10005926:	462b      	mov	r3, r5
10005928:	462a      	mov	r2, r5
1000592a:	4638      	mov	r0, r7
1000592c:	78a1      	ldrb	r1, [r4, #2]
1000592e:	f7ff fc19 	bl	10005164 <usbd_edpt_xfer>
10005932:	e030      	b.n	10005996 <cdcd_xfer_cb+0xd2>
10005934:	be00      	bkpt	0x0000
10005936:	e7d8      	b.n	100058ea <cdcd_xfer_cb+0x26>
10005938:	b29a      	uxth	r2, r3
1000593a:	491c      	ldr	r1, [pc, #112]	@ (100059ac <cdcd_xfer_cb+0xe8>)
1000593c:	f104 0010 	add.w	r0, r4, #16
10005940:	f000 fa86 	bl	10005e50 <tu_fifo_write_n>
10005944:	4b1a      	ldr	r3, [pc, #104]	@ (100059b0 <cdcd_xfer_cb+0xec>)
10005946:	b1d3      	cbz	r3, 1000597e <cdcd_xfer_cb+0xba>
10005948:	7962      	ldrb	r2, [r4, #5]
1000594a:	2aff      	cmp	r2, #255	@ 0xff
1000594c:	d017      	beq.n	1000597e <cdcd_xfer_cb+0xba>
1000594e:	b1b6      	cbz	r6, 1000597e <cdcd_xfer_cb+0xba>
10005950:	4b16      	ldr	r3, [pc, #88]	@ (100059ac <cdcd_xfer_cb+0xe8>)
10005952:	eb03 0806 	add.w	r8, r3, r6
10005956:	e002      	b.n	1000595e <cdcd_xfer_cb+0x9a>
10005958:	4543      	cmp	r3, r8
1000595a:	d010      	beq.n	1000597e <cdcd_xfer_cb+0xba>
1000595c:	7962      	ldrb	r2, [r4, #5]
1000595e:	f813 1b01 	ldrb.w	r1, [r3], #1
10005962:	4291      	cmp	r1, r2
10005964:	d1f8      	bne.n	10005958 <cdcd_xfer_cb+0x94>
10005966:	4813      	ldr	r0, [pc, #76]	@ (100059b4 <cdcd_xfer_cb+0xf0>)
10005968:	9301      	str	r3, [sp, #4]
1000596a:	f000 f943 	bl	10005bf4 <tu_fifo_empty>
1000596e:	9b01      	ldr	r3, [sp, #4]
10005970:	2800      	cmp	r0, #0
10005972:	d1f1      	bne.n	10005958 <cdcd_xfer_cb+0x94>
10005974:	7961      	ldrb	r1, [r4, #5]
10005976:	f3af 8000 	nop.w
1000597a:	9b01      	ldr	r3, [sp, #4]
1000597c:	e7ec      	b.n	10005958 <cdcd_xfer_cb+0x94>
1000597e:	4b0e      	ldr	r3, [pc, #56]	@ (100059b8 <cdcd_xfer_cb+0xf4>)
10005980:	b11b      	cbz	r3, 1000598a <cdcd_xfer_cb+0xc6>
10005982:	480c      	ldr	r0, [pc, #48]	@ (100059b4 <cdcd_xfer_cb+0xf0>)
10005984:	f000 f936 	bl	10005bf4 <tu_fifo_empty>
10005988:	b138      	cbz	r0, 1000599a <cdcd_xfer_cb+0xd6>
1000598a:	2000      	movs	r0, #0
1000598c:	f7ff fd38 	bl	10005400 <_prep_out_transaction.isra.0>
10005990:	78a3      	ldrb	r3, [r4, #2]
10005992:	42ab      	cmp	r3, r5
10005994:	d0ad      	beq.n	100058f2 <cdcd_xfer_cb+0x2e>
10005996:	2001      	movs	r0, #1
10005998:	e7a8      	b.n	100058ec <cdcd_xfer_cb+0x28>
1000599a:	f3af 8000 	nop.w
1000599e:	e7f4      	b.n	1000598a <cdcd_xfer_cb+0xc6>
100059a0:	200019c0 	.word	0x200019c0
100059a4:	00000000 	.word	0x00000000
100059a8:	200019e4 	.word	0x200019e4
100059ac:	20001d84 	.word	0x20001d84
100059b0:	00000000 	.word	0x00000000
100059b4:	200019d0 	.word	0x200019d0
100059b8:	00000000 	.word	0x00000000

100059bc <tusb_rhport_init>:
100059bc:	b500      	push	{lr}
100059be:	b083      	sub	sp, #12
100059c0:	b1d9      	cbz	r1, 100059fa <tusb_rhport_init+0x3e>
100059c2:	2801      	cmp	r0, #1
100059c4:	d80e      	bhi.n	100059e4 <tusb_rhport_init+0x28>
100059c6:	780b      	ldrb	r3, [r1, #0]
100059c8:	b163      	cbz	r3, 100059e4 <tusb_rhport_init+0x28>
100059ca:	f8df c058 	ldr.w	ip, [pc, #88]	@ 10005a24 <tusb_rhport_init+0x68>
100059ce:	2b01      	cmp	r3, #1
100059d0:	f80c 3000 	strb.w	r3, [ip, r0]
100059d4:	d002      	beq.n	100059dc <tusb_rhport_init+0x20>
100059d6:	2001      	movs	r0, #1
100059d8:	b003      	add	sp, #12
100059da:	bd00      	pop	{pc}
100059dc:	f7fe fee4 	bl	100047a8 <tud_rhport_init>
100059e0:	2800      	cmp	r0, #0
100059e2:	d1f8      	bne.n	100059d6 <tusb_rhport_init+0x1a>
100059e4:	f04f 23e0 	mov.w	r3, #3758153728	@ 0xe000e000
100059e8:	f8d3 3df0 	ldr.w	r3, [r3, #3568]	@ 0xdf0
100059ec:	07db      	lsls	r3, r3, #31
100059ee:	d402      	bmi.n	100059f6 <tusb_rhport_init+0x3a>
100059f0:	2000      	movs	r0, #0
100059f2:	b003      	add	sp, #12
100059f4:	bd00      	pop	{pc}
100059f6:	be00      	bkpt	0x0000
100059f8:	e7fa      	b.n	100059f0 <tusb_rhport_init+0x34>
100059fa:	2201      	movs	r2, #1
100059fc:	4608      	mov	r0, r1
100059fe:	a901      	add	r1, sp, #4
10005a00:	f8ad 2004 	strh.w	r2, [sp, #4]
10005a04:	f7fe fed0 	bl	100047a8 <tud_rhport_init>
10005a08:	2201      	movs	r2, #1
10005a0a:	b938      	cbnz	r0, 10005a1c <tusb_rhport_init+0x60>
10005a0c:	f04f 23e0 	mov.w	r3, #3758153728	@ 0xe000e000
10005a10:	f8d3 3df0 	ldr.w	r3, [r3, #3568]	@ 0xdf0
10005a14:	07da      	lsls	r2, r3, #31
10005a16:	d5ec      	bpl.n	100059f2 <tusb_rhport_init+0x36>
10005a18:	be00      	bkpt	0x0000
10005a1a:	e7ea      	b.n	100059f2 <tusb_rhport_init+0x36>
10005a1c:	4b01      	ldr	r3, [pc, #4]	@ (10005a24 <tusb_rhport_init+0x68>)
10005a1e:	701a      	strb	r2, [r3, #0]
10005a20:	e7e7      	b.n	100059f2 <tusb_rhport_init+0x36>
10005a22:	bf00      	nop
10005a24:	20001e7c 	.word	0x20001e7c

10005a28 <tu_edpt_claim>:
10005a28:	7803      	ldrb	r3, [r0, #0]
10005a2a:	f013 0301 	ands.w	r3, r3, #1
10005a2e:	d11e      	bne.n	10005a6e <tu_edpt_claim+0x46>
10005a30:	b530      	push	{r4, r5, lr}
10005a32:	4602      	mov	r2, r0
10005a34:	7800      	ldrb	r0, [r0, #0]
10005a36:	b083      	sub	sp, #12
10005a38:	4604      	mov	r4, r0
10005a3a:	0740      	lsls	r0, r0, #29
10005a3c:	d502      	bpl.n	10005a44 <tu_edpt_claim+0x1c>
10005a3e:	4618      	mov	r0, r3
10005a40:	b003      	add	sp, #12
10005a42:	bd30      	pop	{r4, r5, pc}
10005a44:	4608      	mov	r0, r1
10005a46:	460d      	mov	r5, r1
10005a48:	f04f 31ff 	mov.w	r1, #4294967295
10005a4c:	9201      	str	r2, [sp, #4]
10005a4e:	f000 ffc3 	bl	100069d8 <__mutex_enter_timeout_ms_veneer>
10005a52:	9a01      	ldr	r2, [sp, #4]
10005a54:	7813      	ldrb	r3, [r2, #0]
10005a56:	f013 0301 	ands.w	r3, r3, #1
10005a5a:	d10b      	bne.n	10005a74 <tu_edpt_claim+0x4c>
10005a5c:	7811      	ldrb	r1, [r2, #0]
10005a5e:	0749      	lsls	r1, r1, #29
10005a60:	d40a      	bmi.n	10005a78 <tu_edpt_claim+0x50>
10005a62:	7811      	ldrb	r1, [r2, #0]
10005a64:	2301      	movs	r3, #1
10005a66:	f041 0104 	orr.w	r1, r1, #4
10005a6a:	7011      	strb	r1, [r2, #0]
10005a6c:	e004      	b.n	10005a78 <tu_edpt_claim+0x50>
10005a6e:	2300      	movs	r3, #0
10005a70:	4618      	mov	r0, r3
10005a72:	4770      	bx	lr
10005a74:	f3c4 0380 	ubfx	r3, r4, #2, #1
10005a78:	4628      	mov	r0, r5
10005a7a:	9301      	str	r3, [sp, #4]
10005a7c:	f000 ffa0 	bl	100069c0 <__mutex_exit_veneer>
10005a80:	9b01      	ldr	r3, [sp, #4]
10005a82:	4618      	mov	r0, r3
10005a84:	b003      	add	sp, #12
10005a86:	bd30      	pop	{r4, r5, pc}

10005a88 <tu_edpt_release>:
10005a88:	b570      	push	{r4, r5, r6, lr}
10005a8a:	460d      	mov	r5, r1
10005a8c:	4604      	mov	r4, r0
10005a8e:	f04f 31ff 	mov.w	r1, #4294967295
10005a92:	4628      	mov	r0, r5
10005a94:	f000 ffa0 	bl	100069d8 <__mutex_enter_timeout_ms_veneer>
10005a98:	7823      	ldrb	r3, [r4, #0]
10005a9a:	f3c3 0680 	ubfx	r6, r3, #2, #1
10005a9e:	075b      	lsls	r3, r3, #29
10005aa0:	d508      	bpl.n	10005ab4 <tu_edpt_release+0x2c>
10005aa2:	7823      	ldrb	r3, [r4, #0]
10005aa4:	f013 0301 	ands.w	r3, r3, #1
10005aa8:	bf11      	iteee	ne
10005aaa:	2600      	movne	r6, #0
10005aac:	7822      	ldrbeq	r2, [r4, #0]
10005aae:	f363 0282 	bfieq	r2, r3, #2, #1
10005ab2:	7022      	strbeq	r2, [r4, #0]
10005ab4:	4628      	mov	r0, r5
10005ab6:	f000 ff83 	bl	100069c0 <__mutex_exit_veneer>
10005aba:	4630      	mov	r0, r6
10005abc:	bd70      	pop	{r4, r5, r6, pc}
10005abe:	bf00      	nop

10005ac0 <tu_edpt_validate>:
10005ac0:	78c3      	ldrb	r3, [r0, #3]
10005ac2:	8882      	ldrh	r2, [r0, #4]
10005ac4:	f003 0003 	and.w	r0, r3, #3
10005ac8:	2802      	cmp	r0, #2
10005aca:	f3c2 020a 	ubfx	r2, r2, #0, #11
10005ace:	d015      	beq.n	10005afc <tu_edpt_validate+0x3c>
10005ad0:	2803      	cmp	r0, #3
10005ad2:	d00a      	beq.n	10005aea <tu_edpt_validate+0x2a>
10005ad4:	2801      	cmp	r0, #1
10005ad6:	d11c      	bne.n	10005b12 <tu_edpt_validate+0x52>
10005ad8:	2902      	cmp	r1, #2
10005ada:	f240 33ff 	movw	r3, #1023	@ 0x3ff
10005ade:	bf08      	it	eq
10005ae0:	f44f 6380 	moveq.w	r3, #1024	@ 0x400
10005ae4:	4293      	cmp	r3, r2
10005ae6:	d30d      	bcc.n	10005b04 <tu_edpt_validate+0x44>
10005ae8:	4770      	bx	lr
10005aea:	2902      	cmp	r1, #2
10005aec:	bf14      	ite	ne
10005aee:	2340      	movne	r3, #64	@ 0x40
10005af0:	f44f 6380 	moveq.w	r3, #1024	@ 0x400
10005af4:	4293      	cmp	r3, r2
10005af6:	d305      	bcc.n	10005b04 <tu_edpt_validate+0x44>
10005af8:	2001      	movs	r0, #1
10005afa:	4770      	bx	lr
10005afc:	2902      	cmp	r1, #2
10005afe:	d00a      	beq.n	10005b16 <tu_edpt_validate+0x56>
10005b00:	2a40      	cmp	r2, #64	@ 0x40
10005b02:	d9f9      	bls.n	10005af8 <tu_edpt_validate+0x38>
10005b04:	f04f 23e0 	mov.w	r3, #3758153728	@ 0xe000e000
10005b08:	f8d3 3df0 	ldr.w	r3, [r3, #3568]	@ 0xdf0
10005b0c:	07db      	lsls	r3, r3, #31
10005b0e:	d500      	bpl.n	10005b12 <tu_edpt_validate+0x52>
10005b10:	be00      	bkpt	0x0000
10005b12:	2000      	movs	r0, #0
10005b14:	4770      	bx	lr
10005b16:	f5b2 7f00 	cmp.w	r2, #512	@ 0x200
10005b1a:	d0ed      	beq.n	10005af8 <tu_edpt_validate+0x38>
10005b1c:	e7f2      	b.n	10005b04 <tu_edpt_validate+0x44>
10005b1e:	bf00      	nop

10005b20 <tu_edpt_bind_driver>:
10005b20:	440a      	add	r2, r1
10005b22:	4291      	cmp	r1, r2
10005b24:	d225      	bcs.n	10005b72 <tu_edpt_bind_driver+0x52>
10005b26:	f891 c001 	ldrb.w	ip, [r1, #1]
10005b2a:	f1bc 0f05 	cmp.w	ip, #5
10005b2e:	d005      	beq.n	10005b3c <tu_edpt_bind_driver+0x1c>
10005b30:	f891 c000 	ldrb.w	ip, [r1]
10005b34:	4461      	add	r1, ip
10005b36:	428a      	cmp	r2, r1
10005b38:	d8f5      	bhi.n	10005b26 <tu_edpt_bind_driver+0x6>
10005b3a:	4770      	bx	lr
10005b3c:	b500      	push	{lr}
10005b3e:	f891 c002 	ldrb.w	ip, [r1, #2]
10005b42:	f00c 0e7f 	and.w	lr, ip, #127	@ 0x7f
10005b46:	eb00 0e4e 	add.w	lr, r0, lr, lsl #1
10005b4a:	ea4f 1cdc 	mov.w	ip, ip, lsr #7
10005b4e:	f80e 300c 	strb.w	r3, [lr, ip]
10005b52:	f891 c000 	ldrb.w	ip, [r1]
10005b56:	4461      	add	r1, ip
10005b58:	428a      	cmp	r2, r1
10005b5a:	d909      	bls.n	10005b70 <tu_edpt_bind_driver+0x50>
10005b5c:	f891 c001 	ldrb.w	ip, [r1, #1]
10005b60:	f1bc 0f05 	cmp.w	ip, #5
10005b64:	d0eb      	beq.n	10005b3e <tu_edpt_bind_driver+0x1e>
10005b66:	f891 c000 	ldrb.w	ip, [r1]
10005b6a:	4461      	add	r1, ip
10005b6c:	428a      	cmp	r2, r1
10005b6e:	d8f5      	bhi.n	10005b5c <tu_edpt_bind_driver+0x3c>
10005b70:	bd00      	pop	{pc}
10005b72:	4770      	bx	lr

10005b74 <tu_fifo_config>:
10005b74:	e92d 41f0 	stmdb	sp!, {r4, r5, r6, r7, r8, lr}
10005b78:	f5b2 4f00 	cmp.w	r2, #32768	@ 0x8000
10005b7c:	f89d 5018 	ldrb.w	r5, [sp, #24]
10005b80:	d824      	bhi.n	10005bcc <tu_fifo_config+0x58>
10005b82:	4604      	mov	r4, r0
10005b84:	68c0      	ldr	r0, [r0, #12]
10005b86:	4698      	mov	r8, r3
10005b88:	460f      	mov	r7, r1
10005b8a:	4616      	mov	r6, r2
10005b8c:	b118      	cbz	r0, 10005b96 <tu_fifo_config+0x22>
10005b8e:	f04f 31ff 	mov.w	r1, #4294967295
10005b92:	f000 ff21 	bl	100069d8 <__mutex_enter_timeout_ms_veneer>
10005b96:	6920      	ldr	r0, [r4, #16]
10005b98:	b118      	cbz	r0, 10005ba2 <tu_fifo_config+0x2e>
10005b9a:	f04f 31ff 	mov.w	r1, #4294967295
10005b9e:	f000 ff1b 	bl	100069d8 <__mutex_enter_timeout_ms_veneer>
10005ba2:	2200      	movs	r2, #0
10005ba4:	f3c8 030e 	ubfx	r3, r8, #0, #15
10005ba8:	68e0      	ldr	r0, [r4, #12]
10005baa:	ea43 33c5 	orr.w	r3, r3, r5, lsl #15
10005bae:	8162      	strh	r2, [r4, #10]
10005bb0:	6027      	str	r7, [r4, #0]
10005bb2:	80a6      	strh	r6, [r4, #4]
10005bb4:	80e3      	strh	r3, [r4, #6]
10005bb6:	8122      	strh	r2, [r4, #8]
10005bb8:	b108      	cbz	r0, 10005bbe <tu_fifo_config+0x4a>
10005bba:	f000 ff01 	bl	100069c0 <__mutex_exit_veneer>
10005bbe:	6920      	ldr	r0, [r4, #16]
10005bc0:	b108      	cbz	r0, 10005bc6 <tu_fifo_config+0x52>
10005bc2:	f000 fefd 	bl	100069c0 <__mutex_exit_veneer>
10005bc6:	2001      	movs	r0, #1
10005bc8:	e8bd 81f0 	ldmia.w	sp!, {r4, r5, r6, r7, r8, pc}
10005bcc:	2000      	movs	r0, #0
10005bce:	e8bd 81f0 	ldmia.w	sp!, {r4, r5, r6, r7, r8, pc}
10005bd2:	bf00      	nop

10005bd4 <tu_fifo_count>:
10005bd4:	8903      	ldrh	r3, [r0, #8]
10005bd6:	8942      	ldrh	r2, [r0, #10]
10005bd8:	b29b      	uxth	r3, r3
10005bda:	b292      	uxth	r2, r2
10005bdc:	8880      	ldrh	r0, [r0, #4]
10005bde:	4293      	cmp	r3, r2
10005be0:	bf36      	itet	cc
10005be2:	ebc2 0240 	rsbcc	r2, r2, r0, lsl #1
10005be6:	1a9b      	subcs	r3, r3, r2
10005be8:	189b      	addcc	r3, r3, r2
10005bea:	b29b      	uxth	r3, r3
10005bec:	4298      	cmp	r0, r3
10005bee:	bf28      	it	cs
10005bf0:	4618      	movcs	r0, r3
10005bf2:	4770      	bx	lr

10005bf4 <tu_fifo_empty>:
10005bf4:	8902      	ldrh	r2, [r0, #8]
10005bf6:	8943      	ldrh	r3, [r0, #10]
10005bf8:	b290      	uxth	r0, r2
10005bfa:	b29b      	uxth	r3, r3
10005bfc:	1ac0      	subs	r0, r0, r3
10005bfe:	fab0 f080 	clz	r0, r0
10005c02:	0940      	lsrs	r0, r0, #5
10005c04:	4770      	bx	lr
10005c06:	bf00      	nop

10005c08 <tu_fifo_remaining>:
10005c08:	8903      	ldrh	r3, [r0, #8]
10005c0a:	8942      	ldrh	r2, [r0, #10]
10005c0c:	b29b      	uxth	r3, r3
10005c0e:	8880      	ldrh	r0, [r0, #4]
10005c10:	b292      	uxth	r2, r2
10005c12:	4293      	cmp	r3, r2
10005c14:	bf36      	itet	cc
10005c16:	ebc2 0240 	rsbcc	r2, r2, r0, lsl #1
10005c1a:	1a9b      	subcs	r3, r3, r2
10005c1c:	189b      	addcc	r3, r3, r2
10005c1e:	b29b      	uxth	r3, r3
10005c20:	4298      	cmp	r0, r3
10005c22:	bf86      	itte	hi
10005c24:	1ac0      	subhi	r0, r0, r3
10005c26:	b280      	uxthhi	r0, r0
10005c28:	2000      	movls	r0, #0
10005c2a:	4770      	bx	lr

10005c2c <tu_fifo_read>:
10005c2c:	b530      	push	{r4, r5, lr}
10005c2e:	4604      	mov	r4, r0
10005c30:	6900      	ldr	r0, [r0, #16]
10005c32:	460d      	mov	r5, r1
10005c34:	b083      	sub	sp, #12
10005c36:	b118      	cbz	r0, 10005c40 <tu_fifo_read+0x14>
10005c38:	f04f 31ff 	mov.w	r1, #4294967295
10005c3c:	f000 fecc 	bl	100069d8 <__mutex_enter_timeout_ms_veneer>
10005c40:	8922      	ldrh	r2, [r4, #8]
10005c42:	8961      	ldrh	r1, [r4, #10]
10005c44:	b292      	uxth	r2, r2
10005c46:	b289      	uxth	r1, r1
10005c48:	88a3      	ldrh	r3, [r4, #4]
10005c4a:	428a      	cmp	r2, r1
10005c4c:	bf36      	itet	cc
10005c4e:	ebc1 0043 	rsbcc	r0, r1, r3, lsl #1
10005c52:	1a50      	subcs	r0, r2, r1
10005c54:	1880      	addcc	r0, r0, r2
10005c56:	b280      	uxth	r0, r0
10005c58:	b368      	cbz	r0, 10005cb6 <tu_fifo_read+0x8a>
10005c5a:	4283      	cmp	r3, r0
10005c5c:	d209      	bcs.n	10005c72 <tu_fifo_read+0x46>
10005c5e:	429a      	cmp	r2, r3
10005c60:	bf2c      	ite	cs
10005c62:	1ad2      	subcs	r2, r2, r3
10005c64:	18d2      	addcc	r2, r2, r3
10005c66:	b291      	uxth	r1, r2
10005c68:	428b      	cmp	r3, r1
10005c6a:	8161      	strh	r1, [r4, #10]
10005c6c:	d803      	bhi.n	10005c76 <tu_fifo_read+0x4a>
10005c6e:	1ac9      	subs	r1, r1, r3
10005c70:	b289      	uxth	r1, r1
10005c72:	428b      	cmp	r3, r1
10005c74:	d9fb      	bls.n	10005c6e <tu_fifo_read+0x42>
10005c76:	88e2      	ldrh	r2, [r4, #6]
10005c78:	6823      	ldr	r3, [r4, #0]
10005c7a:	f3c2 020e 	ubfx	r2, r2, #0, #15
10005c7e:	fb02 3101 	mla	r1, r2, r1, r3
10005c82:	4628      	mov	r0, r5
10005c84:	f000 fe90 	bl	100069a8 <__memcpy_veneer>
10005c88:	8962      	ldrh	r2, [r4, #10]
10005c8a:	88a3      	ldrh	r3, [r4, #4]
10005c8c:	b292      	uxth	r2, r2
10005c8e:	1c51      	adds	r1, r2, #1
10005c90:	b289      	uxth	r1, r1
10005c92:	428a      	cmp	r2, r1
10005c94:	f04f 0201 	mov.w	r2, #1
10005c98:	d910      	bls.n	10005cbc <tu_fifo_read+0x90>
10005c9a:	2100      	movs	r1, #0
10005c9c:	fa03 f002 	lsl.w	r0, r3, r2
10005ca0:	1a09      	subs	r1, r1, r0
10005ca2:	6920      	ldr	r0, [r4, #16]
10005ca4:	8161      	strh	r1, [r4, #10]
10005ca6:	b118      	cbz	r0, 10005cb0 <tu_fifo_read+0x84>
10005ca8:	9201      	str	r2, [sp, #4]
10005caa:	f000 fe89 	bl	100069c0 <__mutex_exit_veneer>
10005cae:	9a01      	ldr	r2, [sp, #4]
10005cb0:	4610      	mov	r0, r2
10005cb2:	b003      	add	sp, #12
10005cb4:	bd30      	pop	{r4, r5, pc}
10005cb6:	4602      	mov	r2, r0
10005cb8:	8961      	ldrh	r1, [r4, #10]
10005cba:	b289      	uxth	r1, r1
10005cbc:	ebb1 0f43 	cmp.w	r1, r3, lsl #1
10005cc0:	ea4f 0043 	mov.w	r0, r3, lsl #1
10005cc4:	dbed      	blt.n	10005ca2 <tu_fifo_read+0x76>
10005cc6:	e7eb      	b.n	10005ca0 <tu_fifo_read+0x74>

10005cc8 <tu_fifo_read_n>:
10005cc8:	e92d 41f0 	stmdb	sp!, {r4, r5, r6, r7, r8, lr}
10005ccc:	4605      	mov	r5, r0
10005cce:	6900      	ldr	r0, [r0, #16]
10005cd0:	4688      	mov	r8, r1
10005cd2:	b082      	sub	sp, #8
10005cd4:	b128      	cbz	r0, 10005ce2 <tu_fifo_read_n+0x1a>
10005cd6:	f04f 31ff 	mov.w	r1, #4294967295
10005cda:	9200      	str	r2, [sp, #0]
10005cdc:	f000 fe7c 	bl	100069d8 <__mutex_enter_timeout_ms_veneer>
10005ce0:	9a00      	ldr	r2, [sp, #0]
10005ce2:	8929      	ldrh	r1, [r5, #8]
10005ce4:	896b      	ldrh	r3, [r5, #10]
10005ce6:	b289      	uxth	r1, r1
10005ce8:	b29b      	uxth	r3, r3
10005cea:	88ac      	ldrh	r4, [r5, #4]
10005cec:	4299      	cmp	r1, r3
10005cee:	bf36      	itet	cc
10005cf0:	ebc3 0644 	rsbcc	r6, r3, r4, lsl #1
10005cf4:	1ace      	subcs	r6, r1, r3
10005cf6:	1876      	addcc	r6, r6, r1
10005cf8:	b2b6      	uxth	r6, r6
10005cfa:	2e00      	cmp	r6, #0
10005cfc:	d04b      	beq.n	10005d96 <tu_fifo_read_n+0xce>
10005cfe:	42b4      	cmp	r4, r6
10005d00:	d341      	bcc.n	10005d86 <tu_fifo_read_n+0xbe>
10005d02:	42b2      	cmp	r2, r6
10005d04:	bf28      	it	cs
10005d06:	4632      	movcs	r2, r6
10005d08:	429c      	cmp	r4, r3
10005d0a:	b296      	uxth	r6, r2
10005d0c:	d803      	bhi.n	10005d16 <tu_fifo_read_n+0x4e>
10005d0e:	1b1b      	subs	r3, r3, r4
10005d10:	b29b      	uxth	r3, r3
10005d12:	429c      	cmp	r4, r3
10005d14:	d9fb      	bls.n	10005d0e <tu_fifo_read_n+0x46>
10005d16:	f8b5 c006 	ldrh.w	ip, [r5, #6]
10005d1a:	1ae0      	subs	r0, r4, r3
10005d1c:	6829      	ldr	r1, [r5, #0]
10005d1e:	b280      	uxth	r0, r0
10005d20:	f3cc 020e 	ubfx	r2, ip, #0, #15
10005d24:	4286      	cmp	r6, r0
10005d26:	4617      	mov	r7, r2
10005d28:	fb02 1103 	mla	r1, r2, r3, r1
10005d2c:	d925      	bls.n	10005d7a <tu_fifo_read_n+0xb2>
10005d2e:	fb10 f202 	smulbb	r2, r0, r2
10005d32:	4640      	mov	r0, r8
10005d34:	b292      	uxth	r2, r2
10005d36:	9301      	str	r3, [sp, #4]
10005d38:	9200      	str	r2, [sp, #0]
10005d3a:	f000 fe35 	bl	100069a8 <__memcpy_veneer>
10005d3e:	9b01      	ldr	r3, [sp, #4]
10005d40:	9a00      	ldr	r2, [sp, #0]
10005d42:	1b34      	subs	r4, r6, r4
10005d44:	4423      	add	r3, r4
10005d46:	eb08 0002 	add.w	r0, r8, r2
10005d4a:	fb13 f207 	smulbb	r2, r3, r7
10005d4e:	6829      	ldr	r1, [r5, #0]
10005d50:	b292      	uxth	r2, r2
10005d52:	f000 fe29 	bl	100069a8 <__memcpy_veneer>
10005d56:	896a      	ldrh	r2, [r5, #10]
10005d58:	88ac      	ldrh	r4, [r5, #4]
10005d5a:	b292      	uxth	r2, r2
10005d5c:	1993      	adds	r3, r2, r6
10005d5e:	b29b      	uxth	r3, r3
10005d60:	429a      	cmp	r2, r3
10005d62:	d91a      	bls.n	10005d9a <tu_fifo_read_n+0xd2>
10005d64:	0062      	lsls	r2, r4, #1
10005d66:	1a9b      	subs	r3, r3, r2
10005d68:	6928      	ldr	r0, [r5, #16]
10005d6a:	816b      	strh	r3, [r5, #10]
10005d6c:	b108      	cbz	r0, 10005d72 <tu_fifo_read_n+0xaa>
10005d6e:	f000 fe27 	bl	100069c0 <__mutex_exit_veneer>
10005d72:	4630      	mov	r0, r6
10005d74:	b002      	add	sp, #8
10005d76:	e8bd 81f0 	ldmia.w	sp!, {r4, r5, r6, r7, r8, pc}
10005d7a:	4640      	mov	r0, r8
10005d7c:	fb06 f202 	mul.w	r2, r6, r2
10005d80:	f000 fe12 	bl	100069a8 <__memcpy_veneer>
10005d84:	e7e7      	b.n	10005d56 <tu_fifo_read_n+0x8e>
10005d86:	42a1      	cmp	r1, r4
10005d88:	bf2c      	ite	cs
10005d8a:	1b09      	subcs	r1, r1, r4
10005d8c:	1909      	addcc	r1, r1, r4
10005d8e:	b28b      	uxth	r3, r1
10005d90:	4626      	mov	r6, r4
10005d92:	816b      	strh	r3, [r5, #10]
10005d94:	e7b5      	b.n	10005d02 <tu_fifo_read_n+0x3a>
10005d96:	896b      	ldrh	r3, [r5, #10]
10005d98:	b29b      	uxth	r3, r3
10005d9a:	ebb3 0f44 	cmp.w	r3, r4, lsl #1
10005d9e:	ea4f 0244 	mov.w	r2, r4, lsl #1
10005da2:	dbe1      	blt.n	10005d68 <tu_fifo_read_n+0xa0>
10005da4:	e7df      	b.n	10005d66 <tu_fifo_read_n+0x9e>
10005da6:	bf00      	nop

10005da8 <tu_fifo_write>:
10005da8:	b570      	push	{r4, r5, r6, lr}
10005daa:	4604      	mov	r4, r0
10005dac:	68c0      	ldr	r0, [r0, #12]
10005dae:	460e      	mov	r6, r1
10005db0:	b082      	sub	sp, #8
10005db2:	b118      	cbz	r0, 10005dbc <tu_fifo_write+0x14>
10005db4:	f04f 31ff 	mov.w	r1, #4294967295
10005db8:	f000 fe0e 	bl	100069d8 <__mutex_enter_timeout_ms_veneer>
10005dbc:	8925      	ldrh	r5, [r4, #8]
10005dbe:	8923      	ldrh	r3, [r4, #8]
10005dc0:	8961      	ldrh	r1, [r4, #10]
10005dc2:	b29b      	uxth	r3, r3
10005dc4:	b289      	uxth	r1, r1
10005dc6:	88a2      	ldrh	r2, [r4, #4]
10005dc8:	428b      	cmp	r3, r1
10005dca:	bf36      	itet	cc
10005dcc:	ebc1 0142 	rsbcc	r1, r1, r2, lsl #1
10005dd0:	1a5b      	subcs	r3, r3, r1
10005dd2:	185b      	addcc	r3, r3, r1
10005dd4:	b29b      	uxth	r3, r3
10005dd6:	429a      	cmp	r2, r3
10005dd8:	b2ad      	uxth	r5, r5
10005dda:	d80b      	bhi.n	10005df4 <tu_fifo_write+0x4c>
10005ddc:	79e1      	ldrb	r1, [r4, #7]
10005dde:	09c9      	lsrs	r1, r1, #7
10005de0:	d108      	bne.n	10005df4 <tu_fifo_write+0x4c>
10005de2:	68e0      	ldr	r0, [r4, #12]
10005de4:	b118      	cbz	r0, 10005dee <tu_fifo_write+0x46>
10005de6:	9101      	str	r1, [sp, #4]
10005de8:	f000 fdea 	bl	100069c0 <__mutex_exit_veneer>
10005dec:	9901      	ldr	r1, [sp, #4]
10005dee:	4608      	mov	r0, r1
10005df0:	b002      	add	sp, #8
10005df2:	bd70      	pop	{r4, r5, r6, pc}
10005df4:	4295      	cmp	r5, r2
10005df6:	bf28      	it	cs
10005df8:	462b      	movcs	r3, r5
10005dfa:	d317      	bcc.n	10005e2c <tu_fifo_write+0x84>
10005dfc:	1a9b      	subs	r3, r3, r2
10005dfe:	b29b      	uxth	r3, r3
10005e00:	4293      	cmp	r3, r2
10005e02:	d2fb      	bcs.n	10005dfc <tu_fifo_write+0x54>
10005e04:	88e2      	ldrh	r2, [r4, #6]
10005e06:	6820      	ldr	r0, [r4, #0]
10005e08:	f3c2 020e 	ubfx	r2, r2, #0, #15
10005e0c:	fb02 0003 	mla	r0, r2, r3, r0
10005e10:	4631      	mov	r1, r6
10005e12:	f000 fdc9 	bl	100069a8 <__memcpy_veneer>
10005e16:	1c6b      	adds	r3, r5, #1
10005e18:	b29b      	uxth	r3, r3
10005e1a:	429d      	cmp	r5, r3
10005e1c:	88a2      	ldrh	r2, [r4, #4]
10005e1e:	d911      	bls.n	10005e44 <tu_fifo_write+0x9c>
10005e20:	2300      	movs	r3, #0
10005e22:	0051      	lsls	r1, r2, #1
10005e24:	1a5b      	subs	r3, r3, r1
10005e26:	2101      	movs	r1, #1
10005e28:	8123      	strh	r3, [r4, #8]
10005e2a:	e7da      	b.n	10005de2 <tu_fifo_write+0x3a>
10005e2c:	88e2      	ldrh	r2, [r4, #6]
10005e2e:	6820      	ldr	r0, [r4, #0]
10005e30:	f3c2 020e 	ubfx	r2, r2, #0, #15
10005e34:	fb05 0002 	mla	r0, r5, r2, r0
10005e38:	4631      	mov	r1, r6
10005e3a:	f000 fdb5 	bl	100069a8 <__memcpy_veneer>
10005e3e:	3501      	adds	r5, #1
10005e40:	88a2      	ldrh	r2, [r4, #4]
10005e42:	b2ab      	uxth	r3, r5
10005e44:	ebb3 0f42 	cmp.w	r3, r2, lsl #1
10005e48:	ea4f 0142 	mov.w	r1, r2, lsl #1
10005e4c:	dbeb      	blt.n	10005e26 <tu_fifo_write+0x7e>
10005e4e:	e7e9      	b.n	10005e24 <tu_fifo_write+0x7c>

10005e50 <tu_fifo_write_n>:
10005e50:	e92d 47f0 	stmdb	sp!, {r4, r5, r6, r7, r8, r9, sl, lr}
10005e54:	4615      	mov	r5, r2
10005e56:	b082      	sub	sp, #8
10005e58:	2a00      	cmp	r2, #0
10005e5a:	d04a      	beq.n	10005ef2 <tu_fifo_write_n+0xa2>
10005e5c:	4604      	mov	r4, r0
10005e5e:	68c0      	ldr	r0, [r0, #12]
10005e60:	4688      	mov	r8, r1
10005e62:	b118      	cbz	r0, 10005e6c <tu_fifo_write_n+0x1c>
10005e64:	f04f 31ff 	mov.w	r1, #4294967295
10005e68:	f000 fdb6 	bl	100069d8 <__mutex_enter_timeout_ms_veneer>
10005e6c:	79e1      	ldrb	r1, [r4, #7]
10005e6e:	8926      	ldrh	r6, [r4, #8]
10005e70:	8963      	ldrh	r3, [r4, #10]
10005e72:	09c9      	lsrs	r1, r1, #7
10005e74:	88a2      	ldrh	r2, [r4, #4]
10005e76:	b2b6      	uxth	r6, r6
10005e78:	b29b      	uxth	r3, r3
10005e7a:	d13e      	bne.n	10005efa <tu_fifo_write_n+0xaa>
10005e7c:	429e      	cmp	r6, r3
10005e7e:	bf36      	itet	cc
10005e80:	ebc3 0342 	rsbcc	r3, r3, r2, lsl #1
10005e84:	1af3      	subcs	r3, r6, r3
10005e86:	199b      	addcc	r3, r3, r6
10005e88:	b29b      	uxth	r3, r3
10005e8a:	4293      	cmp	r3, r2
10005e8c:	d253      	bcs.n	10005f36 <tu_fifo_write_n+0xe6>
10005e8e:	1ad3      	subs	r3, r2, r3
10005e90:	b29b      	uxth	r3, r3
10005e92:	42ab      	cmp	r3, r5
10005e94:	bf28      	it	cs
10005e96:	462b      	movcs	r3, r5
10005e98:	b29d      	uxth	r5, r3
10005e9a:	1973      	adds	r3, r6, r5
10005e9c:	f8b4 c006 	ldrh.w	ip, [r4, #6]
10005ea0:	fa1f f983 	uxth.w	r9, r3
10005ea4:	eba5 0a02 	sub.w	sl, r5, r2
10005ea8:	4296      	cmp	r6, r2
10005eaa:	4633      	mov	r3, r6
10005eac:	d303      	bcc.n	10005eb6 <tu_fifo_write_n+0x66>
10005eae:	1a9b      	subs	r3, r3, r2
10005eb0:	b29b      	uxth	r3, r3
10005eb2:	4293      	cmp	r3, r2
10005eb4:	d2fb      	bcs.n	10005eae <tu_fifo_write_n+0x5e>
10005eb6:	1ad2      	subs	r2, r2, r3
10005eb8:	b291      	uxth	r1, r2
10005eba:	6820      	ldr	r0, [r4, #0]
10005ebc:	f3cc 020e 	ubfx	r2, ip, #0, #15
10005ec0:	42a9      	cmp	r1, r5
10005ec2:	4617      	mov	r7, r2
10005ec4:	fb02 0003 	mla	r0, r2, r3, r0
10005ec8:	d352      	bcc.n	10005f70 <tu_fifo_write_n+0x120>
10005eca:	4641      	mov	r1, r8
10005ecc:	fb05 f202 	mul.w	r2, r5, r2
10005ed0:	f000 fd6a 	bl	100069a8 <__memcpy_veneer>
10005ed4:	88a3      	ldrh	r3, [r4, #4]
10005ed6:	454e      	cmp	r6, r9
10005ed8:	ea4f 0243 	mov.w	r2, r3, lsl #1
10005edc:	d802      	bhi.n	10005ee4 <tu_fifo_write_n+0x94>
10005ede:	ebb9 0f43 	cmp.w	r9, r3, lsl #1
10005ee2:	db01      	blt.n	10005ee8 <tu_fifo_write_n+0x98>
10005ee4:	eba9 0902 	sub.w	r9, r9, r2
10005ee8:	68e0      	ldr	r0, [r4, #12]
10005eea:	462a      	mov	r2, r5
10005eec:	f8a4 9008 	strh.w	r9, [r4, #8]
10005ef0:	bb28      	cbnz	r0, 10005f3e <tu_fifo_write_n+0xee>
10005ef2:	4610      	mov	r0, r2
10005ef4:	b002      	add	sp, #8
10005ef6:	e8bd 87f0 	ldmia.w	sp!, {r4, r5, r6, r7, r8, r9, sl, pc}
10005efa:	4295      	cmp	r5, r2
10005efc:	d227      	bcs.n	10005f4e <tu_fifo_write_n+0xfe>
10005efe:	429e      	cmp	r6, r3
10005f00:	bf36      	itet	cc
10005f02:	ebc3 0142 	rsbcc	r1, r3, r2, lsl #1
10005f06:	1af1      	subcs	r1, r6, r3
10005f08:	1989      	addcc	r1, r1, r6
10005f0a:	b289      	uxth	r1, r1
10005f0c:	0050      	lsls	r0, r2, #1
10005f0e:	4429      	add	r1, r5
10005f10:	1aaf      	subs	r7, r5, r2
10005f12:	4281      	cmp	r1, r0
10005f14:	46ba      	mov	sl, r7
10005f16:	db08      	blt.n	10005f2a <tu_fifo_write_n+0xda>
10005f18:	1899      	adds	r1, r3, r2
10005f1a:	b289      	uxth	r1, r1
10005f1c:	1b4e      	subs	r6, r1, r5
10005f1e:	b2b6      	uxth	r6, r6
10005f20:	42b3      	cmp	r3, r6
10005f22:	4689      	mov	r9, r1
10005f24:	d938      	bls.n	10005f98 <tu_fifo_write_n+0x148>
10005f26:	1a30      	subs	r0, r6, r0
10005f28:	b286      	uxth	r6, r0
10005f2a:	19ab      	adds	r3, r5, r6
10005f2c:	fa1f f983 	uxth.w	r9, r3
10005f30:	f8b4 c006 	ldrh.w	ip, [r4, #6]
10005f34:	e7b8      	b.n	10005ea8 <tu_fifo_write_n+0x58>
10005f36:	2200      	movs	r2, #0
10005f38:	68e0      	ldr	r0, [r4, #12]
10005f3a:	2800      	cmp	r0, #0
10005f3c:	d0d9      	beq.n	10005ef2 <tu_fifo_write_n+0xa2>
10005f3e:	9200      	str	r2, [sp, #0]
10005f40:	f000 fd3e 	bl	100069c0 <__mutex_exit_veneer>
10005f44:	9a00      	ldr	r2, [sp, #0]
10005f46:	4610      	mov	r0, r2
10005f48:	b002      	add	sp, #8
10005f4a:	e8bd 87f0 	ldmia.w	sp!, {r4, r5, r6, r7, r8, r9, sl, pc}
10005f4e:	2a00      	cmp	r2, #0
10005f50:	d0f2      	beq.n	10005f38 <tu_fifo_write_n+0xe8>
10005f52:	f8b4 c006 	ldrh.w	ip, [r4, #6]
10005f56:	1aad      	subs	r5, r5, r2
10005f58:	1899      	adds	r1, r3, r2
10005f5a:	461e      	mov	r6, r3
10005f5c:	f3cc 030e 	ubfx	r3, ip, #0, #15
10005f60:	fb03 8805 	mla	r8, r3, r5, r8
10005f64:	f04f 0a00 	mov.w	sl, #0
10005f68:	4615      	mov	r5, r2
10005f6a:	fa1f f981 	uxth.w	r9, r1
10005f6e:	e79b      	b.n	10005ea8 <tu_fifo_write_n+0x58>
10005f70:	fb11 f202 	smulbb	r2, r1, r2
10005f74:	4641      	mov	r1, r8
10005f76:	b292      	uxth	r2, r2
10005f78:	9301      	str	r3, [sp, #4]
10005f7a:	9200      	str	r2, [sp, #0]
10005f7c:	f000 fd14 	bl	100069a8 <__memcpy_veneer>
10005f80:	9b01      	ldr	r3, [sp, #4]
10005f82:	9a00      	ldr	r2, [sp, #0]
10005f84:	4453      	add	r3, sl
10005f86:	fb13 f307 	smulbb	r3, r3, r7
10005f8a:	eb08 0102 	add.w	r1, r8, r2
10005f8e:	6820      	ldr	r0, [r4, #0]
10005f90:	b29a      	uxth	r2, r3
10005f92:	f000 fd09 	bl	100069a8 <__memcpy_veneer>
10005f96:	e79d      	b.n	10005ed4 <tu_fifo_write_n+0x84>
10005f98:	42b0      	cmp	r0, r6
10005f9a:	ddc4      	ble.n	10005f26 <tu_fifo_write_n+0xd6>
10005f9c:	e7c8      	b.n	10005f30 <tu_fifo_write_n+0xe0>
10005f9e:	bf00      	nop

10005fa0 <tu_fifo_clear>:
10005fa0:	b510      	push	{r4, lr}
10005fa2:	4604      	mov	r4, r0
10005fa4:	68c0      	ldr	r0, [r0, #12]
10005fa6:	b118      	cbz	r0, 10005fb0 <tu_fifo_clear+0x10>
10005fa8:	f04f 31ff 	mov.w	r1, #4294967295
10005fac:	f000 fd14 	bl	100069d8 <__mutex_enter_timeout_ms_veneer>
10005fb0:	6920      	ldr	r0, [r4, #16]
10005fb2:	b118      	cbz	r0, 10005fbc <tu_fifo_clear+0x1c>
10005fb4:	f04f 31ff 	mov.w	r1, #4294967295
10005fb8:	f000 fd0e 	bl	100069d8 <__mutex_enter_timeout_ms_veneer>
10005fbc:	2300      	movs	r3, #0
10005fbe:	68e0      	ldr	r0, [r4, #12]
10005fc0:	8163      	strh	r3, [r4, #10]
10005fc2:	8123      	strh	r3, [r4, #8]
10005fc4:	b108      	cbz	r0, 10005fca <tu_fifo_clear+0x2a>
10005fc6:	f000 fcfb 	bl	100069c0 <__mutex_exit_veneer>
10005fca:	6920      	ldr	r0, [r4, #16]
10005fcc:	b108      	cbz	r0, 10005fd2 <tu_fifo_clear+0x32>
10005fce:	f000 fcf7 	bl	100069c0 <__mutex_exit_veneer>
10005fd2:	2001      	movs	r0, #1
10005fd4:	bd10      	pop	{r4, pc}
10005fd6:	bf00      	nop

10005fd8 <tu_fifo_set_overwritable>:
10005fd8:	b538      	push	{r3, r4, r5, lr}
10005fda:	4604      	mov	r4, r0
10005fdc:	68c0      	ldr	r0, [r0, #12]
10005fde:	460d      	mov	r5, r1
10005fe0:	b118      	cbz	r0, 10005fea <tu_fifo_set_overwritable+0x12>
10005fe2:	f04f 31ff 	mov.w	r1, #4294967295
10005fe6:	f000 fcf7 	bl	100069d8 <__mutex_enter_timeout_ms_veneer>
10005fea:	6920      	ldr	r0, [r4, #16]
10005fec:	b118      	cbz	r0, 10005ff6 <tu_fifo_set_overwritable+0x1e>
10005fee:	f04f 31ff 	mov.w	r1, #4294967295
10005ff2:	f000 fcf1 	bl	100069d8 <__mutex_enter_timeout_ms_veneer>
10005ff6:	79e3      	ldrb	r3, [r4, #7]
10005ff8:	68e0      	ldr	r0, [r4, #12]
10005ffa:	f365 13c7 	bfi	r3, r5, #7, #1
10005ffe:	71e3      	strb	r3, [r4, #7]
10006000:	b108      	cbz	r0, 10006006 <tu_fifo_set_overwritable+0x2e>
10006002:	f000 fcdd 	bl	100069c0 <__mutex_exit_veneer>
10006006:	6920      	ldr	r0, [r4, #16]
10006008:	b108      	cbz	r0, 1000600e <tu_fifo_set_overwritable+0x36>
1000600a:	f000 fcd9 	bl	100069c0 <__mutex_exit_veneer>
1000600e:	2001      	movs	r0, #1
10006010:	bd38      	pop	{r3, r4, r5, pc}
10006012:	bf00      	nop

10006014 <__malloc_lock>:
10006014:	4801      	ldr	r0, [pc, #4]	@ (1000601c <__malloc_lock+0x8>)
10006016:	f000 bac7 	b.w	100065a8 <__retarget_lock_acquire_recursive>
1000601a:	bf00      	nop
1000601c:	20001c10 	.word	0x20001c10

10006020 <__malloc_unlock>:
10006020:	4801      	ldr	r0, [pc, #4]	@ (10006028 <__malloc_unlock+0x8>)
10006022:	f000 bac3 	b.w	100065ac <__retarget_lock_release_recursive>
10006026:	bf00      	nop
10006028:	20001c10 	.word	0x20001c10

1000602c <__sflush_r>:
1000602c:	f9b1 200c 	ldrsh.w	r2, [r1, #12]
10006030:	e92d 41f0 	stmdb	sp!, {r4, r5, r6, r7, r8, lr}
10006034:	4680      	mov	r8, r0
10006036:	0710      	lsls	r0, r2, #28
10006038:	460c      	mov	r4, r1
1000603a:	d450      	bmi.n	100060de <__sflush_r+0xb2>
1000603c:	6849      	ldr	r1, [r1, #4]
1000603e:	f442 6300 	orr.w	r3, r2, #2048	@ 0x800
10006042:	2900      	cmp	r1, #0
10006044:	81a3      	strh	r3, [r4, #12]
10006046:	dd64      	ble.n	10006112 <__sflush_r+0xe6>
10006048:	6aa6      	ldr	r6, [r4, #40]	@ 0x28
1000604a:	2e00      	cmp	r6, #0
1000604c:	d044      	beq.n	100060d8 <__sflush_r+0xac>
1000604e:	2100      	movs	r1, #0
10006050:	f412 5280 	ands.w	r2, r2, #4096	@ 0x1000
10006054:	f8d8 5000 	ldr.w	r5, [r8]
10006058:	f8c8 1000 	str.w	r1, [r8]
1000605c:	d165      	bne.n	1000612a <__sflush_r+0xfe>
1000605e:	69e1      	ldr	r1, [r4, #28]
10006060:	2301      	movs	r3, #1
10006062:	4640      	mov	r0, r8
10006064:	47b0      	blx	r6
10006066:	1c41      	adds	r1, r0, #1
10006068:	4602      	mov	r2, r0
1000606a:	d06c      	beq.n	10006146 <__sflush_r+0x11a>
1000606c:	f9b4 300c 	ldrsh.w	r3, [r4, #12]
10006070:	6aa6      	ldr	r6, [r4, #40]	@ 0x28
10006072:	075b      	lsls	r3, r3, #29
10006074:	d505      	bpl.n	10006082 <__sflush_r+0x56>
10006076:	6863      	ldr	r3, [r4, #4]
10006078:	1ad2      	subs	r2, r2, r3
1000607a:	6b23      	ldr	r3, [r4, #48]	@ 0x30
1000607c:	b10b      	cbz	r3, 10006082 <__sflush_r+0x56>
1000607e:	6be3      	ldr	r3, [r4, #60]	@ 0x3c
10006080:	1ad2      	subs	r2, r2, r3
10006082:	2300      	movs	r3, #0
10006084:	69e1      	ldr	r1, [r4, #28]
10006086:	4640      	mov	r0, r8
10006088:	47b0      	blx	r6
1000608a:	1c47      	adds	r7, r0, #1
1000608c:	f9b4 300c 	ldrsh.w	r3, [r4, #12]
10006090:	d14d      	bne.n	1000612e <__sflush_r+0x102>
10006092:	f8d8 1000 	ldr.w	r1, [r8]
10006096:	291d      	cmp	r1, #29
10006098:	d840      	bhi.n	1000611c <__sflush_r+0xf0>
1000609a:	4a30      	ldr	r2, [pc, #192]	@ (1000615c <__sflush_r+0x130>)
1000609c:	40ca      	lsrs	r2, r1
1000609e:	07d6      	lsls	r6, r2, #31
100060a0:	d53c      	bpl.n	1000611c <__sflush_r+0xf0>
100060a2:	f423 6200 	bic.w	r2, r3, #2048	@ 0x800
100060a6:	04d9      	lsls	r1, r3, #19
100060a8:	81a2      	strh	r2, [r4, #12]
100060aa:	f04f 0200 	mov.w	r2, #0
100060ae:	6062      	str	r2, [r4, #4]
100060b0:	6922      	ldr	r2, [r4, #16]
100060b2:	6022      	str	r2, [r4, #0]
100060b4:	d503      	bpl.n	100060be <__sflush_r+0x92>
100060b6:	f8d8 3000 	ldr.w	r3, [r8]
100060ba:	2b00      	cmp	r3, #0
100060bc:	d041      	beq.n	10006142 <__sflush_r+0x116>
100060be:	6b21      	ldr	r1, [r4, #48]	@ 0x30
100060c0:	f8c8 5000 	str.w	r5, [r8]
100060c4:	b141      	cbz	r1, 100060d8 <__sflush_r+0xac>
100060c6:	f104 0340 	add.w	r3, r4, #64	@ 0x40
100060ca:	4299      	cmp	r1, r3
100060cc:	d002      	beq.n	100060d4 <__sflush_r+0xa8>
100060ce:	4640      	mov	r0, r8
100060d0:	f000 fb00 	bl	100066d4 <_free_r>
100060d4:	2300      	movs	r3, #0
100060d6:	6323      	str	r3, [r4, #48]	@ 0x30
100060d8:	2000      	movs	r0, #0
100060da:	e8bd 81f0 	ldmia.w	sp!, {r4, r5, r6, r7, r8, pc}
100060de:	690e      	ldr	r6, [r1, #16]
100060e0:	2e00      	cmp	r6, #0
100060e2:	d0f9      	beq.n	100060d8 <__sflush_r+0xac>
100060e4:	0792      	lsls	r2, r2, #30
100060e6:	680d      	ldr	r5, [r1, #0]
100060e8:	600e      	str	r6, [r1, #0]
100060ea:	bf0c      	ite	eq
100060ec:	694b      	ldreq	r3, [r1, #20]
100060ee:	2300      	movne	r3, #0
100060f0:	1bad      	subs	r5, r5, r6
100060f2:	608b      	str	r3, [r1, #8]
100060f4:	e00a      	b.n	1000610c <__sflush_r+0xe0>
100060f6:	462b      	mov	r3, r5
100060f8:	4632      	mov	r2, r6
100060fa:	69e1      	ldr	r1, [r4, #28]
100060fc:	4640      	mov	r0, r8
100060fe:	6a67      	ldr	r7, [r4, #36]	@ 0x24
10006100:	47b8      	blx	r7
10006102:	2800      	cmp	r0, #0
10006104:	eba5 0500 	sub.w	r5, r5, r0
10006108:	4406      	add	r6, r0
1000610a:	dd06      	ble.n	1000611a <__sflush_r+0xee>
1000610c:	2d00      	cmp	r5, #0
1000610e:	dcf2      	bgt.n	100060f6 <__sflush_r+0xca>
10006110:	e7e2      	b.n	100060d8 <__sflush_r+0xac>
10006112:	6be1      	ldr	r1, [r4, #60]	@ 0x3c
10006114:	2900      	cmp	r1, #0
10006116:	dc97      	bgt.n	10006048 <__sflush_r+0x1c>
10006118:	e7de      	b.n	100060d8 <__sflush_r+0xac>
1000611a:	89a3      	ldrh	r3, [r4, #12]
1000611c:	f043 0340 	orr.w	r3, r3, #64	@ 0x40
10006120:	f04f 30ff 	mov.w	r0, #4294967295
10006124:	81a3      	strh	r3, [r4, #12]
10006126:	e8bd 81f0 	ldmia.w	sp!, {r4, r5, r6, r7, r8, pc}
1000612a:	6d22      	ldr	r2, [r4, #80]	@ 0x50
1000612c:	e7a1      	b.n	10006072 <__sflush_r+0x46>
1000612e:	f423 6200 	bic.w	r2, r3, #2048	@ 0x800
10006132:	04db      	lsls	r3, r3, #19
10006134:	81a2      	strh	r2, [r4, #12]
10006136:	f04f 0200 	mov.w	r2, #0
1000613a:	6062      	str	r2, [r4, #4]
1000613c:	6922      	ldr	r2, [r4, #16]
1000613e:	6022      	str	r2, [r4, #0]
10006140:	d5bd      	bpl.n	100060be <__sflush_r+0x92>
10006142:	6520      	str	r0, [r4, #80]	@ 0x50
10006144:	e7bb      	b.n	100060be <__sflush_r+0x92>
10006146:	f8d8 3000 	ldr.w	r3, [r8]
1000614a:	2b00      	cmp	r3, #0
1000614c:	d08e      	beq.n	1000606c <__sflush_r+0x40>
1000614e:	2b1d      	cmp	r3, #29
10006150:	d001      	beq.n	10006156 <__sflush_r+0x12a>
10006152:	2b16      	cmp	r3, #22
10006154:	d1e1      	bne.n	1000611a <__sflush_r+0xee>
10006156:	f8c8 5000 	str.w	r5, [r8]
1000615a:	e7bd      	b.n	100060d8 <__sflush_r+0xac>
1000615c:	20400001 	.word	0x20400001

10006160 <_fflush_r>:
10006160:	b500      	push	{lr}
10006162:	4603      	mov	r3, r0
10006164:	b083      	sub	sp, #12
10006166:	b108      	cbz	r0, 1000616c <_fflush_r+0xc>
10006168:	6b42      	ldr	r2, [r0, #52]	@ 0x34
1000616a:	b352      	cbz	r2, 100061c2 <_fflush_r+0x62>
1000616c:	f9b1 000c 	ldrsh.w	r0, [r1, #12]
10006170:	b198      	cbz	r0, 1000619a <_fflush_r+0x3a>
10006172:	6e4a      	ldr	r2, [r1, #100]	@ 0x64
10006174:	07d2      	lsls	r2, r2, #31
10006176:	d401      	bmi.n	1000617c <_fflush_r+0x1c>
10006178:	0582      	lsls	r2, r0, #22
1000617a:	d512      	bpl.n	100061a2 <_fflush_r+0x42>
1000617c:	4618      	mov	r0, r3
1000617e:	9100      	str	r1, [sp, #0]
10006180:	f7ff ff54 	bl	1000602c <__sflush_r>
10006184:	9900      	ldr	r1, [sp, #0]
10006186:	4603      	mov	r3, r0
10006188:	6e4a      	ldr	r2, [r1, #100]	@ 0x64
1000618a:	07d0      	lsls	r0, r2, #31
1000618c:	d402      	bmi.n	10006194 <_fflush_r+0x34>
1000618e:	898a      	ldrh	r2, [r1, #12]
10006190:	0592      	lsls	r2, r2, #22
10006192:	d50e      	bpl.n	100061b2 <_fflush_r+0x52>
10006194:	4618      	mov	r0, r3
10006196:	b003      	add	sp, #12
10006198:	bd00      	pop	{pc}
1000619a:	4603      	mov	r3, r0
1000619c:	4618      	mov	r0, r3
1000619e:	b003      	add	sp, #12
100061a0:	bd00      	pop	{pc}
100061a2:	6d88      	ldr	r0, [r1, #88]	@ 0x58
100061a4:	9301      	str	r3, [sp, #4]
100061a6:	9100      	str	r1, [sp, #0]
100061a8:	f000 f9fe 	bl	100065a8 <__retarget_lock_acquire_recursive>
100061ac:	e9dd 1300 	ldrd	r1, r3, [sp]
100061b0:	e7e4      	b.n	1000617c <_fflush_r+0x1c>
100061b2:	6d88      	ldr	r0, [r1, #88]	@ 0x58
100061b4:	9300      	str	r3, [sp, #0]
100061b6:	f000 f9f9 	bl	100065ac <__retarget_lock_release_recursive>
100061ba:	9b00      	ldr	r3, [sp, #0]
100061bc:	4618      	mov	r0, r3
100061be:	b003      	add	sp, #12
100061c0:	bd00      	pop	{pc}
100061c2:	e9cd 0100 	strd	r0, r1, [sp]
100061c6:	f000 f8ef 	bl	100063a8 <__sinit>
100061ca:	e9dd 3100 	ldrd	r3, r1, [sp]
100061ce:	e7cd      	b.n	1000616c <_fflush_r+0xc>

100061d0 <fflush>:
100061d0:	2800      	cmp	r0, #0
100061d2:	d038      	beq.n	10006246 <fflush+0x76>
100061d4:	4b1e      	ldr	r3, [pc, #120]	@ (10006250 <fflush+0x80>)
100061d6:	4601      	mov	r1, r0
100061d8:	681b      	ldr	r3, [r3, #0]
100061da:	b500      	push	{lr}
100061dc:	b083      	sub	sp, #12
100061de:	b10b      	cbz	r3, 100061e4 <fflush+0x14>
100061e0:	6b5a      	ldr	r2, [r3, #52]	@ 0x34
100061e2:	b1d2      	cbz	r2, 1000621a <fflush+0x4a>
100061e4:	f9b1 000c 	ldrsh.w	r0, [r1, #12]
100061e8:	b198      	cbz	r0, 10006212 <fflush+0x42>
100061ea:	6e4a      	ldr	r2, [r1, #100]	@ 0x64
100061ec:	07d2      	lsls	r2, r2, #31
100061ee:	d401      	bmi.n	100061f4 <fflush+0x24>
100061f0:	0582      	lsls	r2, r0, #22
100061f2:	d51a      	bpl.n	1000622a <fflush+0x5a>
100061f4:	4618      	mov	r0, r3
100061f6:	9100      	str	r1, [sp, #0]
100061f8:	f7ff ff18 	bl	1000602c <__sflush_r>
100061fc:	9900      	ldr	r1, [sp, #0]
100061fe:	4603      	mov	r3, r0
10006200:	6e4a      	ldr	r2, [r1, #100]	@ 0x64
10006202:	07d0      	lsls	r0, r2, #31
10006204:	d402      	bmi.n	1000620c <fflush+0x3c>
10006206:	898a      	ldrh	r2, [r1, #12]
10006208:	0592      	lsls	r2, r2, #22
1000620a:	d516      	bpl.n	1000623a <fflush+0x6a>
1000620c:	4618      	mov	r0, r3
1000620e:	b003      	add	sp, #12
10006210:	bd00      	pop	{pc}
10006212:	4603      	mov	r3, r0
10006214:	4618      	mov	r0, r3
10006216:	b003      	add	sp, #12
10006218:	bd00      	pop	{pc}
1000621a:	9001      	str	r0, [sp, #4]
1000621c:	4618      	mov	r0, r3
1000621e:	9300      	str	r3, [sp, #0]
10006220:	f000 f8c2 	bl	100063a8 <__sinit>
10006224:	e9dd 3100 	ldrd	r3, r1, [sp]
10006228:	e7dc      	b.n	100061e4 <fflush+0x14>
1000622a:	6d88      	ldr	r0, [r1, #88]	@ 0x58
1000622c:	9301      	str	r3, [sp, #4]
1000622e:	9100      	str	r1, [sp, #0]
10006230:	f000 f9ba 	bl	100065a8 <__retarget_lock_acquire_recursive>
10006234:	e9dd 1300 	ldrd	r1, r3, [sp]
10006238:	e7dc      	b.n	100061f4 <fflush+0x24>
1000623a:	6d88      	ldr	r0, [r1, #88]	@ 0x58
1000623c:	9300      	str	r3, [sp, #0]
1000623e:	f000 f9b5 	bl	100065ac <__retarget_lock_release_recursive>
10006242:	9b00      	ldr	r3, [sp, #0]
10006244:	e7e2      	b.n	1000620c <fflush+0x3c>
10006246:	4a03      	ldr	r2, [pc, #12]	@ (10006254 <fflush+0x84>)
10006248:	4903      	ldr	r1, [pc, #12]	@ (10006258 <fflush+0x88>)
1000624a:	4804      	ldr	r0, [pc, #16]	@ (1000625c <fflush+0x8c>)
1000624c:	f000 b8d6 	b.w	100063fc <_fwalk_sglue>
10006250:	200017b4 	.word	0x200017b4
10006254:	200017a8 	.word	0x200017a8
10006258:	10006161 	.word	0x10006161
1000625c:	200017b8 	.word	0x200017b8

10006260 <stdio_exit_handler>:
10006260:	4a02      	ldr	r2, [pc, #8]	@ (1000626c <stdio_exit_handler+0xc>)
10006262:	4903      	ldr	r1, [pc, #12]	@ (10006270 <stdio_exit_handler+0x10>)
10006264:	4803      	ldr	r0, [pc, #12]	@ (10006274 <stdio_exit_handler+0x14>)
10006266:	f000 b8c9 	b.w	100063fc <_fwalk_sglue>
1000626a:	bf00      	nop
1000626c:	200017a8 	.word	0x200017a8
10006270:	100068dd 	.word	0x100068dd
10006274:	200017b8 	.word	0x200017b8

10006278 <cleanup_stdio>:
10006278:	4b0c      	ldr	r3, [pc, #48]	@ (100062ac <cleanup_stdio+0x34>)
1000627a:	6841      	ldr	r1, [r0, #4]
1000627c:	4299      	cmp	r1, r3
1000627e:	b510      	push	{r4, lr}
10006280:	4604      	mov	r4, r0
10006282:	d001      	beq.n	10006288 <cleanup_stdio+0x10>
10006284:	f000 fb2a 	bl	100068dc <_fclose_r>
10006288:	68a1      	ldr	r1, [r4, #8]
1000628a:	4b09      	ldr	r3, [pc, #36]	@ (100062b0 <cleanup_stdio+0x38>)
1000628c:	4299      	cmp	r1, r3
1000628e:	d002      	beq.n	10006296 <cleanup_stdio+0x1e>
10006290:	4620      	mov	r0, r4
10006292:	f000 fb23 	bl	100068dc <_fclose_r>
10006296:	68e1      	ldr	r1, [r4, #12]
10006298:	4b06      	ldr	r3, [pc, #24]	@ (100062b4 <cleanup_stdio+0x3c>)
1000629a:	4299      	cmp	r1, r3
1000629c:	d004      	beq.n	100062a8 <cleanup_stdio+0x30>
1000629e:	4620      	mov	r0, r4
100062a0:	e8bd 4010 	ldmia.w	sp!, {r4, lr}
100062a4:	f000 bb1a 	b.w	100068dc <_fclose_r>
100062a8:	bd10      	pop	{r4, pc}
100062aa:	bf00      	nop
100062ac:	20001c44 	.word	0x20001c44
100062b0:	20001cac 	.word	0x20001cac
100062b4:	20001d14 	.word	0x20001d14

100062b8 <global_stdio_init.part.0>:
100062b8:	e92d 43f8 	stmdb	sp!, {r3, r4, r5, r6, r7, r8, r9, lr}
100062bc:	4a31      	ldr	r2, [pc, #196]	@ (10006384 <global_stdio_init.part.0+0xcc>)
100062be:	2500      	movs	r5, #0
100062c0:	4c31      	ldr	r4, [pc, #196]	@ (10006388 <global_stdio_init.part.0+0xd0>)
100062c2:	2304      	movs	r3, #4
100062c4:	4931      	ldr	r1, [pc, #196]	@ (1000638c <global_stdio_init.part.0+0xd4>)
100062c6:	f8df 90d8 	ldr.w	r9, [pc, #216]	@ 100063a0 <global_stdio_init.part.0+0xe8>
100062ca:	f104 005c 	add.w	r0, r4, #92	@ 0x5c
100062ce:	f8df 80d4 	ldr.w	r8, [pc, #212]	@ 100063a4 <global_stdio_init.part.0+0xec>
100062d2:	4f2f      	ldr	r7, [pc, #188]	@ (10006390 <global_stdio_init.part.0+0xd8>)
100062d4:	4e2f      	ldr	r6, [pc, #188]	@ (10006394 <global_stdio_init.part.0+0xdc>)
100062d6:	6011      	str	r1, [r2, #0]
100062d8:	4629      	mov	r1, r5
100062da:	2208      	movs	r2, #8
100062dc:	6025      	str	r5, [r4, #0]
100062de:	6665      	str	r5, [r4, #100]	@ 0x64
100062e0:	e9c4 3503 	strd	r3, r5, [r4, #12]
100062e4:	e9c4 5501 	strd	r5, r5, [r4, #4]
100062e8:	e9c4 5505 	strd	r5, r5, [r4, #20]
100062ec:	f000 fb64 	bl	100069b8 <__memset_veneer>
100062f0:	f104 0058 	add.w	r0, r4, #88	@ 0x58
100062f4:	62e6      	str	r6, [r4, #44]	@ 0x2c
100062f6:	e9c4 4907 	strd	r4, r9, [r4, #28]
100062fa:	e9c4 8709 	strd	r8, r7, [r4, #36]	@ 0x24
100062fe:	f000 f94f 	bl	100065a0 <__retarget_lock_init_recursive>
10006302:	4b25      	ldr	r3, [pc, #148]	@ (10006398 <global_stdio_init.part.0+0xe0>)
10006304:	4629      	mov	r1, r5
10006306:	2208      	movs	r2, #8
10006308:	f104 00c4 	add.w	r0, r4, #196	@ 0xc4
1000630c:	6763      	str	r3, [r4, #116]	@ 0x74
1000630e:	6725      	str	r5, [r4, #112]	@ 0x70
10006310:	f8c4 50cc 	str.w	r5, [r4, #204]	@ 0xcc
10006314:	f8c4 5080 	str.w	r5, [r4, #128]	@ 0x80
10006318:	e9c4 551a 	strd	r5, r5, [r4, #104]	@ 0x68
1000631c:	e9c4 551e 	strd	r5, r5, [r4, #120]	@ 0x78
10006320:	f000 fb4a 	bl	100069b8 <__memset_veneer>
10006324:	f104 0368 	add.w	r3, r4, #104	@ 0x68
10006328:	f104 00c0 	add.w	r0, r4, #192	@ 0xc0
1000632c:	f8c4 3084 	str.w	r3, [r4, #132]	@ 0x84
10006330:	e9c4 9822 	strd	r9, r8, [r4, #136]	@ 0x88
10006334:	e9c4 7624 	strd	r7, r6, [r4, #144]	@ 0x90
10006338:	f000 f932 	bl	100065a0 <__retarget_lock_init_recursive>
1000633c:	4b17      	ldr	r3, [pc, #92]	@ (1000639c <global_stdio_init.part.0+0xe4>)
1000633e:	4629      	mov	r1, r5
10006340:	f504 7096 	add.w	r0, r4, #300	@ 0x12c
10006344:	2208      	movs	r2, #8
10006346:	f8c4 30dc 	str.w	r3, [r4, #220]	@ 0xdc
1000634a:	f8c4 50d8 	str.w	r5, [r4, #216]	@ 0xd8
1000634e:	f8c4 5134 	str.w	r5, [r4, #308]	@ 0x134
10006352:	f8c4 50e8 	str.w	r5, [r4, #232]	@ 0xe8
10006356:	e9c4 5534 	strd	r5, r5, [r4, #208]	@ 0xd0
1000635a:	e9c4 5538 	strd	r5, r5, [r4, #224]	@ 0xe0
1000635e:	f000 fb2b 	bl	100069b8 <__memset_veneer>
10006362:	f104 03d0 	add.w	r3, r4, #208	@ 0xd0
10006366:	f504 7094 	add.w	r0, r4, #296	@ 0x128
1000636a:	f8c4 90f0 	str.w	r9, [r4, #240]	@ 0xf0
1000636e:	f8c4 60fc 	str.w	r6, [r4, #252]	@ 0xfc
10006372:	f8c4 30ec 	str.w	r3, [r4, #236]	@ 0xec
10006376:	e9c4 873d 	strd	r8, r7, [r4, #244]	@ 0xf4
1000637a:	e8bd 43f8 	ldmia.w	sp!, {r3, r4, r5, r6, r7, r8, r9, lr}
1000637e:	f000 b90f 	b.w	100065a0 <__retarget_lock_init_recursive>
10006382:	bf00      	nop
10006384:	20001d7c 	.word	0x20001d7c
10006388:	20001c44 	.word	0x20001c44
1000638c:	10006261 	.word	0x10006261
10006390:	100064a5 	.word	0x100064a5
10006394:	100064cd 	.word	0x100064cd
10006398:	00010009 	.word	0x00010009
1000639c:	00020012 	.word	0x00020012
100063a0:	10006441 	.word	0x10006441
100063a4:	10006465 	.word	0x10006465

100063a8 <__sinit>:
100063a8:	b510      	push	{r4, lr}
100063aa:	4604      	mov	r4, r0
100063ac:	480a      	ldr	r0, [pc, #40]	@ (100063d8 <__sinit+0x30>)
100063ae:	f000 f8fb 	bl	100065a8 <__retarget_lock_acquire_recursive>
100063b2:	6b63      	ldr	r3, [r4, #52]	@ 0x34
100063b4:	b923      	cbnz	r3, 100063c0 <__sinit+0x18>
100063b6:	4b09      	ldr	r3, [pc, #36]	@ (100063dc <__sinit+0x34>)
100063b8:	4a09      	ldr	r2, [pc, #36]	@ (100063e0 <__sinit+0x38>)
100063ba:	681b      	ldr	r3, [r3, #0]
100063bc:	6362      	str	r2, [r4, #52]	@ 0x34
100063be:	b123      	cbz	r3, 100063ca <__sinit+0x22>
100063c0:	4805      	ldr	r0, [pc, #20]	@ (100063d8 <__sinit+0x30>)
100063c2:	e8bd 4010 	ldmia.w	sp!, {r4, lr}
100063c6:	f000 b8f1 	b.w	100065ac <__retarget_lock_release_recursive>
100063ca:	f7ff ff75 	bl	100062b8 <global_stdio_init.part.0>
100063ce:	4802      	ldr	r0, [pc, #8]	@ (100063d8 <__sinit+0x30>)
100063d0:	e8bd 4010 	ldmia.w	sp!, {r4, lr}
100063d4:	f000 b8ea 	b.w	100065ac <__retarget_lock_release_recursive>
100063d8:	20001c14 	.word	0x20001c14
100063dc:	20001d7c 	.word	0x20001d7c
100063e0:	10006279 	.word	0x10006279

100063e4 <__sfp_lock_acquire>:
100063e4:	4801      	ldr	r0, [pc, #4]	@ (100063ec <__sfp_lock_acquire+0x8>)
100063e6:	f000 b8df 	b.w	100065a8 <__retarget_lock_acquire_recursive>
100063ea:	bf00      	nop
100063ec:	20001c14 	.word	0x20001c14

100063f0 <__sfp_lock_release>:
100063f0:	4801      	ldr	r0, [pc, #4]	@ (100063f8 <__sfp_lock_release+0x8>)
100063f2:	f000 b8db 	b.w	100065ac <__retarget_lock_release_recursive>
100063f6:	bf00      	nop
100063f8:	20001c14 	.word	0x20001c14

100063fc <_fwalk_sglue>:
100063fc:	e92d 43f8 	stmdb	sp!, {r3, r4, r5, r6, r7, r8, r9, lr}
10006400:	4607      	mov	r7, r0
10006402:	4688      	mov	r8, r1
10006404:	f04f 0900 	mov.w	r9, #0
10006408:	4616      	mov	r6, r2
1000640a:	6875      	ldr	r5, [r6, #4]
1000640c:	3d01      	subs	r5, #1
1000640e:	d410      	bmi.n	10006432 <_fwalk_sglue+0x36>
10006410:	68b4      	ldr	r4, [r6, #8]
10006412:	89a3      	ldrh	r3, [r4, #12]
10006414:	2b01      	cmp	r3, #1
10006416:	d908      	bls.n	1000642a <_fwalk_sglue+0x2e>
10006418:	f9b4 300e 	ldrsh.w	r3, [r4, #14]
1000641c:	4621      	mov	r1, r4
1000641e:	4638      	mov	r0, r7
10006420:	3301      	adds	r3, #1
10006422:	d002      	beq.n	1000642a <_fwalk_sglue+0x2e>
10006424:	47c0      	blx	r8
10006426:	ea49 0900 	orr.w	r9, r9, r0
1000642a:	3d01      	subs	r5, #1
1000642c:	3468      	adds	r4, #104	@ 0x68
1000642e:	1c6b      	adds	r3, r5, #1
10006430:	d1ef      	bne.n	10006412 <_fwalk_sglue+0x16>
10006432:	6836      	ldr	r6, [r6, #0]
10006434:	2e00      	cmp	r6, #0
10006436:	d1e8      	bne.n	1000640a <_fwalk_sglue+0xe>
10006438:	4648      	mov	r0, r9
1000643a:	e8bd 83f8 	ldmia.w	sp!, {r3, r4, r5, r6, r7, r8, r9, pc}
1000643e:	bf00      	nop

10006440 <__sread>:
10006440:	b510      	push	{r4, lr}
10006442:	460c      	mov	r4, r1
10006444:	f9b1 100e 	ldrsh.w	r1, [r1, #14]
10006448:	f000 f86a 	bl	10006520 <_read_r>
1000644c:	2800      	cmp	r0, #0
1000644e:	db03      	blt.n	10006458 <__sread+0x18>
10006450:	6d23      	ldr	r3, [r4, #80]	@ 0x50
10006452:	4403      	add	r3, r0
10006454:	6523      	str	r3, [r4, #80]	@ 0x50
10006456:	bd10      	pop	{r4, pc}
10006458:	89a3      	ldrh	r3, [r4, #12]
1000645a:	f423 5380 	bic.w	r3, r3, #4096	@ 0x1000
1000645e:	81a3      	strh	r3, [r4, #12]
10006460:	bd10      	pop	{r4, pc}
10006462:	bf00      	nop

10006464 <__swrite>:
10006464:	e92d 41f0 	stmdb	sp!, {r4, r5, r6, r7, r8, lr}
10006468:	461f      	mov	r7, r3
1000646a:	f9b1 300c 	ldrsh.w	r3, [r1, #12]
1000646e:	4616      	mov	r6, r2
10006470:	460c      	mov	r4, r1
10006472:	05da      	lsls	r2, r3, #23
10006474:	4605      	mov	r5, r0
10006476:	d40b      	bmi.n	10006490 <__swrite+0x2c>
10006478:	f423 5180 	bic.w	r1, r3, #4096	@ 0x1000
1000647c:	4632      	mov	r2, r6
1000647e:	463b      	mov	r3, r7
10006480:	4628      	mov	r0, r5
10006482:	81a1      	strh	r1, [r4, #12]
10006484:	f9b4 100e 	ldrsh.w	r1, [r4, #14]
10006488:	e8bd 41f0 	ldmia.w	sp!, {r4, r5, r6, r7, r8, lr}
1000648c:	f000 b86e 	b.w	1000656c <_write_r>
10006490:	2302      	movs	r3, #2
10006492:	2200      	movs	r2, #0
10006494:	f9b1 100e 	ldrsh.w	r1, [r1, #14]
10006498:	f000 f82e 	bl	100064f8 <_lseek_r>
1000649c:	f9b4 300c 	ldrsh.w	r3, [r4, #12]
100064a0:	e7ea      	b.n	10006478 <__swrite+0x14>
100064a2:	bf00      	nop

100064a4 <__sseek>:
100064a4:	b510      	push	{r4, lr}
100064a6:	460c      	mov	r4, r1
100064a8:	f9b1 100e 	ldrsh.w	r1, [r1, #14]
100064ac:	f000 f824 	bl	100064f8 <_lseek_r>
100064b0:	1c42      	adds	r2, r0, #1
100064b2:	f9b4 300c 	ldrsh.w	r3, [r4, #12]
100064b6:	d004      	beq.n	100064c2 <__sseek+0x1e>
100064b8:	f443 5380 	orr.w	r3, r3, #4096	@ 0x1000
100064bc:	6520      	str	r0, [r4, #80]	@ 0x50
100064be:	81a3      	strh	r3, [r4, #12]
100064c0:	bd10      	pop	{r4, pc}
100064c2:	f423 5380 	bic.w	r3, r3, #4096	@ 0x1000
100064c6:	81a3      	strh	r3, [r4, #12]
100064c8:	bd10      	pop	{r4, pc}
100064ca:	bf00      	nop

100064cc <__sclose>:
100064cc:	f9b1 100e 	ldrsh.w	r1, [r1, #14]
100064d0:	f000 b800 	b.w	100064d4 <_close_r>

100064d4 <_close_r>:
100064d4:	b538      	push	{r3, r4, r5, lr}
100064d6:	2300      	movs	r3, #0
100064d8:	4c06      	ldr	r4, [pc, #24]	@ (100064f4 <_close_r+0x20>)
100064da:	4605      	mov	r5, r0
100064dc:	4608      	mov	r0, r1
100064de:	6023      	str	r3, [r4, #0]
100064e0:	f7fd f84a 	bl	10003578 <_close>
100064e4:	1c43      	adds	r3, r0, #1
100064e6:	d000      	beq.n	100064ea <_close_r+0x16>
100064e8:	bd38      	pop	{r3, r4, r5, pc}
100064ea:	6823      	ldr	r3, [r4, #0]
100064ec:	2b00      	cmp	r3, #0
100064ee:	d0fb      	beq.n	100064e8 <_close_r+0x14>
100064f0:	602b      	str	r3, [r5, #0]
100064f2:	bd38      	pop	{r3, r4, r5, pc}
100064f4:	20002014 	.word	0x20002014

100064f8 <_lseek_r>:
100064f8:	b538      	push	{r3, r4, r5, lr}
100064fa:	4c08      	ldr	r4, [pc, #32]	@ (1000651c <_lseek_r+0x24>)
100064fc:	4605      	mov	r5, r0
100064fe:	4608      	mov	r0, r1
10006500:	4611      	mov	r1, r2
10006502:	461a      	mov	r2, r3
10006504:	2300      	movs	r3, #0
10006506:	6023      	str	r3, [r4, #0]
10006508:	f7fd f83a 	bl	10003580 <_lseek>
1000650c:	1c43      	adds	r3, r0, #1
1000650e:	d000      	beq.n	10006512 <_lseek_r+0x1a>
10006510:	bd38      	pop	{r3, r4, r5, pc}
10006512:	6823      	ldr	r3, [r4, #0]
10006514:	2b00      	cmp	r3, #0
10006516:	d0fb      	beq.n	10006510 <_lseek_r+0x18>
10006518:	602b      	str	r3, [r5, #0]
1000651a:	bd38      	pop	{r3, r4, r5, pc}
1000651c:	20002014 	.word	0x20002014

10006520 <_read_r>:
10006520:	b538      	push	{r3, r4, r5, lr}
10006522:	4c08      	ldr	r4, [pc, #32]	@ (10006544 <_read_r+0x24>)
10006524:	4605      	mov	r5, r0
10006526:	4608      	mov	r0, r1
10006528:	4611      	mov	r1, r2
1000652a:	461a      	mov	r2, r3
1000652c:	2300      	movs	r3, #0
1000652e:	6023      	str	r3, [r4, #0]
10006530:	f7fd f804 	bl	1000353c <_read>
10006534:	1c43      	adds	r3, r0, #1
10006536:	d000      	beq.n	1000653a <_read_r+0x1a>
10006538:	bd38      	pop	{r3, r4, r5, pc}
1000653a:	6823      	ldr	r3, [r4, #0]
1000653c:	2b00      	cmp	r3, #0
1000653e:	d0fb      	beq.n	10006538 <_read_r+0x18>
10006540:	602b      	str	r3, [r5, #0]
10006542:	bd38      	pop	{r3, r4, r5, pc}
10006544:	20002014 	.word	0x20002014

10006548 <_sbrk_r>:
10006548:	b538      	push	{r3, r4, r5, lr}
1000654a:	2300      	movs	r3, #0
1000654c:	4c06      	ldr	r4, [pc, #24]	@ (10006568 <_sbrk_r+0x20>)
1000654e:	4605      	mov	r5, r0
10006550:	4608      	mov	r0, r1
10006552:	6023      	str	r3, [r4, #0]
10006554:	f7fc ffdc 	bl	10003510 <_sbrk>
10006558:	1c43      	adds	r3, r0, #1
1000655a:	d000      	beq.n	1000655e <_sbrk_r+0x16>
1000655c:	bd38      	pop	{r3, r4, r5, pc}
1000655e:	6823      	ldr	r3, [r4, #0]
10006560:	2b00      	cmp	r3, #0
10006562:	d0fb      	beq.n	1000655c <_sbrk_r+0x14>
10006564:	602b      	str	r3, [r5, #0]
10006566:	bd38      	pop	{r3, r4, r5, pc}
10006568:	20002014 	.word	0x20002014

1000656c <_write_r>:
1000656c:	b538      	push	{r3, r4, r5, lr}
1000656e:	4c08      	ldr	r4, [pc, #32]	@ (10006590 <_write_r+0x24>)
10006570:	4605      	mov	r5, r0
10006572:	4608      	mov	r0, r1
10006574:	4611      	mov	r1, r2
10006576:	461a      	mov	r2, r3
10006578:	2300      	movs	r3, #0
1000657a:	6023      	str	r3, [r4, #0]
1000657c:	f7fc ffec 	bl	10003558 <_write>
10006580:	1c43      	adds	r3, r0, #1
10006582:	d000      	beq.n	10006586 <_write_r+0x1a>
10006584:	bd38      	pop	{r3, r4, r5, pc}
10006586:	6823      	ldr	r3, [r4, #0]
10006588:	2b00      	cmp	r3, #0
1000658a:	d0fb      	beq.n	10006584 <_write_r+0x18>
1000658c:	602b      	str	r3, [r5, #0]
1000658e:	bd38      	pop	{r3, r4, r5, pc}
10006590:	20002014 	.word	0x20002014

10006594 <__errno>:
10006594:	4b01      	ldr	r3, [pc, #4]	@ (1000659c <__errno+0x8>)
10006596:	6818      	ldr	r0, [r3, #0]
10006598:	4770      	bx	lr
1000659a:	bf00      	nop
1000659c:	200017b4 	.word	0x200017b4

100065a0 <__retarget_lock_init_recursive>:
100065a0:	4770      	bx	lr
100065a2:	bf00      	nop

100065a4 <__retarget_lock_close_recursive>:
100065a4:	4770      	bx	lr
100065a6:	bf00      	nop

100065a8 <__retarget_lock_acquire_recursive>:
100065a8:	4770      	bx	lr
100065aa:	bf00      	nop

100065ac <__retarget_lock_release_recursive>:
100065ac:	4770      	bx	lr
100065ae:	bf00      	nop

100065b0 <sysconf>:
100065b0:	2808      	cmp	r0, #8
100065b2:	d102      	bne.n	100065ba <sysconf+0xa>
100065b4:	f44f 5080 	mov.w	r0, #4096	@ 0x1000
100065b8:	4770      	bx	lr
100065ba:	b508      	push	{r3, lr}
100065bc:	f7ff ffea 	bl	10006594 <__errno>
100065c0:	2216      	movs	r2, #22
100065c2:	4603      	mov	r3, r0
100065c4:	f04f 30ff 	mov.w	r0, #4294967295
100065c8:	601a      	str	r2, [r3, #0]
100065ca:	bd08      	pop	{r3, pc}

100065cc <strlen>:
100065cc:	f020 0103 	bic.w	r1, r0, #3
100065d0:	f010 0003 	ands.w	r0, r0, #3
100065d4:	f1c0 0000 	rsb	r0, r0, #0
100065d8:	f851 3b04 	ldr.w	r3, [r1], #4
100065dc:	f100 0c04 	add.w	ip, r0, #4
100065e0:	ea4f 0ccc 	mov.w	ip, ip, lsl #3
100065e4:	f06f 0200 	mvn.w	r2, #0
100065e8:	bf1c      	itt	ne
100065ea:	fa22 f20c 	lsrne.w	r2, r2, ip
100065ee:	4313      	orrne	r3, r2
100065f0:	f04f 0c01 	mov.w	ip, #1
100065f4:	ea4c 2c0c 	orr.w	ip, ip, ip, lsl #8
100065f8:	ea4c 4c0c 	orr.w	ip, ip, ip, lsl #16
100065fc:	eba3 020c 	sub.w	r2, r3, ip
10006600:	ea22 0203 	bic.w	r2, r2, r3
10006604:	ea12 12cc 	ands.w	r2, r2, ip, lsl #7
10006608:	bf04      	itt	eq
1000660a:	f851 3b04 	ldreq.w	r3, [r1], #4
1000660e:	3004      	addeq	r0, #4
10006610:	d0f4      	beq.n	100065fc <strlen+0x30>
10006612:	f1c2 0100 	rsb	r1, r2, #0
10006616:	ea02 0201 	and.w	r2, r2, r1
1000661a:	fab2 f282 	clz	r2, r2
1000661e:	f1c2 021f 	rsb	r2, r2, #31
10006622:	eb00 00d2 	add.w	r0, r0, r2, lsr #3
10006626:	4770      	bx	lr

10006628 <_malloc_trim_r>:
10006628:	b5f8      	push	{r3, r4, r5, r6, r7, lr}
1000662a:	4606      	mov	r6, r0
1000662c:	2008      	movs	r0, #8
1000662e:	460c      	mov	r4, r1
10006630:	f7ff ffbe 	bl	100065b0 <sysconf>
10006634:	4607      	mov	r7, r0
10006636:	4630      	mov	r0, r6
10006638:	f7ff fcec 	bl	10006014 <__malloc_lock>
1000663c:	4a22      	ldr	r2, [pc, #136]	@ (100066c8 <_malloc_trim_r+0xa0>)
1000663e:	6893      	ldr	r3, [r2, #8]
10006640:	685d      	ldr	r5, [r3, #4]
10006642:	f025 0503 	bic.w	r5, r5, #3
10006646:	f1a5 0311 	sub.w	r3, r5, #17
1000664a:	1b1c      	subs	r4, r3, r4
1000664c:	443c      	add	r4, r7
1000664e:	fbb4 f4f7 	udiv	r4, r4, r7
10006652:	3c01      	subs	r4, #1
10006654:	fb07 f404 	mul.w	r4, r7, r4
10006658:	42a7      	cmp	r7, r4
1000665a:	dc08      	bgt.n	1000666e <_malloc_trim_r+0x46>
1000665c:	2100      	movs	r1, #0
1000665e:	4630      	mov	r0, r6
10006660:	f7ff ff72 	bl	10006548 <_sbrk_r>
10006664:	4a18      	ldr	r2, [pc, #96]	@ (100066c8 <_malloc_trim_r+0xa0>)
10006666:	6893      	ldr	r3, [r2, #8]
10006668:	442b      	add	r3, r5
1000666a:	4298      	cmp	r0, r3
1000666c:	d004      	beq.n	10006678 <_malloc_trim_r+0x50>
1000666e:	4630      	mov	r0, r6
10006670:	f7ff fcd6 	bl	10006020 <__malloc_unlock>
10006674:	2000      	movs	r0, #0
10006676:	bdf8      	pop	{r3, r4, r5, r6, r7, pc}
10006678:	4261      	negs	r1, r4
1000667a:	4630      	mov	r0, r6
1000667c:	f7ff ff64 	bl	10006548 <_sbrk_r>
10006680:	3001      	adds	r0, #1
10006682:	4a11      	ldr	r2, [pc, #68]	@ (100066c8 <_malloc_trim_r+0xa0>)
10006684:	d00d      	beq.n	100066a2 <_malloc_trim_r+0x7a>
10006686:	1b2d      	subs	r5, r5, r4
10006688:	4910      	ldr	r1, [pc, #64]	@ (100066cc <_malloc_trim_r+0xa4>)
1000668a:	6893      	ldr	r3, [r2, #8]
1000668c:	4630      	mov	r0, r6
1000668e:	f045 0501 	orr.w	r5, r5, #1
10006692:	605d      	str	r5, [r3, #4]
10006694:	680b      	ldr	r3, [r1, #0]
10006696:	1b1b      	subs	r3, r3, r4
10006698:	600b      	str	r3, [r1, #0]
1000669a:	f7ff fcc1 	bl	10006020 <__malloc_unlock>
1000669e:	2001      	movs	r0, #1
100066a0:	bdf8      	pop	{r3, r4, r5, r6, r7, pc}
100066a2:	2100      	movs	r1, #0
100066a4:	4630      	mov	r0, r6
100066a6:	f7ff ff4f 	bl	10006548 <_sbrk_r>
100066aa:	4a07      	ldr	r2, [pc, #28]	@ (100066c8 <_malloc_trim_r+0xa0>)
100066ac:	6892      	ldr	r2, [r2, #8]
100066ae:	1a83      	subs	r3, r0, r2
100066b0:	2b0f      	cmp	r3, #15
100066b2:	dddc      	ble.n	1000666e <_malloc_trim_r+0x46>
100066b4:	f043 0301 	orr.w	r3, r3, #1
100066b8:	4904      	ldr	r1, [pc, #16]	@ (100066cc <_malloc_trim_r+0xa4>)
100066ba:	6053      	str	r3, [r2, #4]
100066bc:	4b04      	ldr	r3, [pc, #16]	@ (100066d0 <_malloc_trim_r+0xa8>)
100066be:	681b      	ldr	r3, [r3, #0]
100066c0:	1ac0      	subs	r0, r0, r3
100066c2:	6008      	str	r0, [r1, #0]
100066c4:	e7d3      	b.n	1000666e <_malloc_trim_r+0x46>
100066c6:	bf00      	nop
100066c8:	200013a0 	.word	0x200013a0
100066cc:	20001c18 	.word	0x20001c18
100066d0:	20001398 	.word	0x20001398

100066d4 <_free_r>:
100066d4:	2900      	cmp	r1, #0
100066d6:	d062      	beq.n	1000679e <_free_r+0xca>
100066d8:	e92d 41f0 	stmdb	sp!, {r4, r5, r6, r7, r8, lr}
100066dc:	460c      	mov	r4, r1
100066de:	4607      	mov	r7, r0
100066e0:	f7ff fc98 	bl	10006014 <__malloc_lock>
100066e4:	497a      	ldr	r1, [pc, #488]	@ (100068d0 <_free_r+0x1fc>)
100066e6:	f854 ec04 	ldr.w	lr, [r4, #-4]
100066ea:	f1a4 0c08 	sub.w	ip, r4, #8
100066ee:	688d      	ldr	r5, [r1, #8]
100066f0:	f02e 0301 	bic.w	r3, lr, #1
100066f4:	f00e 0601 	and.w	r6, lr, #1
100066f8:	eb0c 0203 	add.w	r2, ip, r3
100066fc:	6850      	ldr	r0, [r2, #4]
100066fe:	4295      	cmp	r5, r2
10006700:	f020 0003 	bic.w	r0, r0, #3
10006704:	f000 8087 	beq.w	10006816 <_free_r+0x142>
10006708:	1815      	adds	r5, r2, r0
1000670a:	6050      	str	r0, [r2, #4]
1000670c:	686d      	ldr	r5, [r5, #4]
1000670e:	f005 0501 	and.w	r5, r5, #1
10006712:	46a8      	mov	r8, r5
10006714:	bb96      	cbnz	r6, 1000677c <_free_r+0xa8>
10006716:	f854 4c08 	ldr.w	r4, [r4, #-8]
1000671a:	f101 0e08 	add.w	lr, r1, #8
1000671e:	ebac 0c04 	sub.w	ip, ip, r4
10006722:	4423      	add	r3, r4
10006724:	f8dc 4008 	ldr.w	r4, [ip, #8]
10006728:	4574      	cmp	r4, lr
1000672a:	d067      	beq.n	100067fc <_free_r+0x128>
1000672c:	f8dc 500c 	ldr.w	r5, [ip, #12]
10006730:	60e5      	str	r5, [r4, #12]
10006732:	60ac      	str	r4, [r5, #8]
10006734:	f1b8 0f00 	cmp.w	r8, #0
10006738:	f000 8088 	beq.w	1000684c <_free_r+0x178>
1000673c:	f043 0001 	orr.w	r0, r3, #1
10006740:	f8cc 0004 	str.w	r0, [ip, #4]
10006744:	6013      	str	r3, [r2, #0]
10006746:	f5b3 7f00 	cmp.w	r3, #512	@ 0x200
1000674a:	d232      	bcs.n	100067b2 <_free_r+0xde>
1000674c:	0958      	lsrs	r0, r3, #5
1000674e:	08da      	lsrs	r2, r3, #3
10006750:	2301      	movs	r3, #1
10006752:	4083      	lsls	r3, r0
10006754:	6848      	ldr	r0, [r1, #4]
10006756:	3201      	adds	r2, #1
10006758:	4303      	orrs	r3, r0
1000675a:	f851 0032 	ldr.w	r0, [r1, r2, lsl #3]
1000675e:	604b      	str	r3, [r1, #4]
10006760:	eb01 03c2 	add.w	r3, r1, r2, lsl #3
10006764:	3b08      	subs	r3, #8
10006766:	e9cc 0302 	strd	r0, r3, [ip, #8]
1000676a:	f841 c032 	str.w	ip, [r1, r2, lsl #3]
1000676e:	f8c0 c00c 	str.w	ip, [r0, #12]
10006772:	4638      	mov	r0, r7
10006774:	e8bd 41f0 	ldmia.w	sp!, {r4, r5, r6, r7, r8, lr}
10006778:	f7ff bc52 	b.w	10006020 <__malloc_unlock>
1000677c:	b985      	cbnz	r5, 100067a0 <_free_r+0xcc>
1000677e:	4403      	add	r3, r0
10006780:	f101 0e08 	add.w	lr, r1, #8
10006784:	6890      	ldr	r0, [r2, #8]
10006786:	f043 0401 	orr.w	r4, r3, #1
1000678a:	4570      	cmp	r0, lr
1000678c:	d077      	beq.n	1000687e <_free_r+0x1aa>
1000678e:	68d2      	ldr	r2, [r2, #12]
10006790:	60c2      	str	r2, [r0, #12]
10006792:	6090      	str	r0, [r2, #8]
10006794:	f8cc 4004 	str.w	r4, [ip, #4]
10006798:	f84c 3003 	str.w	r3, [ip, r3]
1000679c:	e7d3      	b.n	10006746 <_free_r+0x72>
1000679e:	4770      	bx	lr
100067a0:	f04e 0201 	orr.w	r2, lr, #1
100067a4:	f5b3 7f00 	cmp.w	r3, #512	@ 0x200
100067a8:	f844 2c04 	str.w	r2, [r4, #-4]
100067ac:	f84c 3003 	str.w	r3, [ip, r3]
100067b0:	d3cc      	bcc.n	1000674c <_free_r+0x78>
100067b2:	f5b3 6f20 	cmp.w	r3, #2560	@ 0xa00
100067b6:	ea4f 2253 	mov.w	r2, r3, lsr #9
100067ba:	d249      	bcs.n	10006850 <_free_r+0x17c>
100067bc:	099a      	lsrs	r2, r3, #6
100067be:	f102 0039 	add.w	r0, r2, #57	@ 0x39
100067c2:	f102 0438 	add.w	r4, r2, #56	@ 0x38
100067c6:	00c2      	lsls	r2, r0, #3
100067c8:	1888      	adds	r0, r1, r2
100067ca:	588a      	ldr	r2, [r1, r2]
100067cc:	3808      	subs	r0, #8
100067ce:	4290      	cmp	r0, r2
100067d0:	d103      	bne.n	100067da <_free_r+0x106>
100067d2:	e05d      	b.n	10006890 <_free_r+0x1bc>
100067d4:	6892      	ldr	r2, [r2, #8]
100067d6:	4290      	cmp	r0, r2
100067d8:	d004      	beq.n	100067e4 <_free_r+0x110>
100067da:	6851      	ldr	r1, [r2, #4]
100067dc:	f021 0103 	bic.w	r1, r1, #3
100067e0:	4299      	cmp	r1, r3
100067e2:	d8f7      	bhi.n	100067d4 <_free_r+0x100>
100067e4:	68d0      	ldr	r0, [r2, #12]
100067e6:	e9cc 2002 	strd	r2, r0, [ip, #8]
100067ea:	f8c0 c008 	str.w	ip, [r0, #8]
100067ee:	4638      	mov	r0, r7
100067f0:	f8c2 c00c 	str.w	ip, [r2, #12]
100067f4:	e8bd 41f0 	ldmia.w	sp!, {r4, r5, r6, r7, r8, lr}
100067f8:	f7ff bc12 	b.w	10006020 <__malloc_unlock>
100067fc:	bb9d      	cbnz	r5, 10006866 <_free_r+0x192>
100067fe:	4418      	add	r0, r3
10006800:	e9d2 2302 	ldrd	r2, r3, [r2, #8]
10006804:	60d3      	str	r3, [r2, #12]
10006806:	609a      	str	r2, [r3, #8]
10006808:	f040 0301 	orr.w	r3, r0, #1
1000680c:	f8cc 3004 	str.w	r3, [ip, #4]
10006810:	f84c 0000 	str.w	r0, [ip, r0]
10006814:	e7ad      	b.n	10006772 <_free_r+0x9e>
10006816:	4418      	add	r0, r3
10006818:	b946      	cbnz	r6, 1000682c <_free_r+0x158>
1000681a:	f854 3c08 	ldr.w	r3, [r4, #-8]
1000681e:	ebac 0c03 	sub.w	ip, ip, r3
10006822:	4418      	add	r0, r3
10006824:	e9dc 2302 	ldrd	r2, r3, [ip, #8]
10006828:	60d3      	str	r3, [r2, #12]
1000682a:	609a      	str	r2, [r3, #8]
1000682c:	f040 0301 	orr.w	r3, r0, #1
10006830:	f8cc 3004 	str.w	r3, [ip, #4]
10006834:	4b27      	ldr	r3, [pc, #156]	@ (100068d4 <_free_r+0x200>)
10006836:	f8c1 c008 	str.w	ip, [r1, #8]
1000683a:	681b      	ldr	r3, [r3, #0]
1000683c:	4283      	cmp	r3, r0
1000683e:	d898      	bhi.n	10006772 <_free_r+0x9e>
10006840:	4b25      	ldr	r3, [pc, #148]	@ (100068d8 <_free_r+0x204>)
10006842:	4638      	mov	r0, r7
10006844:	6819      	ldr	r1, [r3, #0]
10006846:	f7ff feef 	bl	10006628 <_malloc_trim_r>
1000684a:	e792      	b.n	10006772 <_free_r+0x9e>
1000684c:	4403      	add	r3, r0
1000684e:	e799      	b.n	10006784 <_free_r+0xb0>
10006850:	2a14      	cmp	r2, #20
10006852:	d90e      	bls.n	10006872 <_free_r+0x19e>
10006854:	2a54      	cmp	r2, #84	@ 0x54
10006856:	d822      	bhi.n	1000689e <_free_r+0x1ca>
10006858:	0b1a      	lsrs	r2, r3, #12
1000685a:	f102 006f 	add.w	r0, r2, #111	@ 0x6f
1000685e:	f102 046e 	add.w	r4, r2, #110	@ 0x6e
10006862:	00c2      	lsls	r2, r0, #3
10006864:	e7b0      	b.n	100067c8 <_free_r+0xf4>
10006866:	f043 0101 	orr.w	r1, r3, #1
1000686a:	f8cc 1004 	str.w	r1, [ip, #4]
1000686e:	6013      	str	r3, [r2, #0]
10006870:	e77f      	b.n	10006772 <_free_r+0x9e>
10006872:	f102 005c 	add.w	r0, r2, #92	@ 0x5c
10006876:	f102 045b 	add.w	r4, r2, #91	@ 0x5b
1000687a:	00c2      	lsls	r2, r0, #3
1000687c:	e7a4      	b.n	100067c8 <_free_r+0xf4>
1000687e:	e9c1 cc04 	strd	ip, ip, [r1, #16]
10006882:	e9cc ee02 	strd	lr, lr, [ip, #8]
10006886:	f8cc 4004 	str.w	r4, [ip, #4]
1000688a:	f84c 3003 	str.w	r3, [ip, r3]
1000688e:	e770      	b.n	10006772 <_free_r+0x9e>
10006890:	10a4      	asrs	r4, r4, #2
10006892:	2301      	movs	r3, #1
10006894:	40a3      	lsls	r3, r4
10006896:	684c      	ldr	r4, [r1, #4]
10006898:	4323      	orrs	r3, r4
1000689a:	604b      	str	r3, [r1, #4]
1000689c:	e7a3      	b.n	100067e6 <_free_r+0x112>
1000689e:	f5b2 7faa 	cmp.w	r2, #340	@ 0x154
100068a2:	d806      	bhi.n	100068b2 <_free_r+0x1de>
100068a4:	0bda      	lsrs	r2, r3, #15
100068a6:	f102 0078 	add.w	r0, r2, #120	@ 0x78
100068aa:	f102 0477 	add.w	r4, r2, #119	@ 0x77
100068ae:	00c2      	lsls	r2, r0, #3
100068b0:	e78a      	b.n	100067c8 <_free_r+0xf4>
100068b2:	f240 5054 	movw	r0, #1364	@ 0x554
100068b6:	4282      	cmp	r2, r0
100068b8:	d806      	bhi.n	100068c8 <_free_r+0x1f4>
100068ba:	0c9a      	lsrs	r2, r3, #18
100068bc:	f102 007d 	add.w	r0, r2, #125	@ 0x7d
100068c0:	f102 047c 	add.w	r4, r2, #124	@ 0x7c
100068c4:	00c2      	lsls	r2, r0, #3
100068c6:	e77f      	b.n	100067c8 <_free_r+0xf4>
100068c8:	f44f 727e 	mov.w	r2, #1016	@ 0x3f8
100068cc:	247e      	movs	r4, #126	@ 0x7e
100068ce:	e77b      	b.n	100067c8 <_free_r+0xf4>
100068d0:	200013a0 	.word	0x200013a0
100068d4:	2000139c 	.word	0x2000139c
100068d8:	20001c40 	.word	0x20001c40

100068dc <_fclose_r>:
100068dc:	b570      	push	{r4, r5, r6, lr}
100068de:	2900      	cmp	r1, #0
100068e0:	d041      	beq.n	10006966 <_fclose_r+0x8a>
100068e2:	4606      	mov	r6, r0
100068e4:	460c      	mov	r4, r1
100068e6:	b110      	cbz	r0, 100068ee <_fclose_r+0x12>
100068e8:	6b43      	ldr	r3, [r0, #52]	@ 0x34
100068ea:	2b00      	cmp	r3, #0
100068ec:	d03e      	beq.n	1000696c <_fclose_r+0x90>
100068ee:	f7ff fd79 	bl	100063e4 <__sfp_lock_acquire>
100068f2:	6e63      	ldr	r3, [r4, #100]	@ 0x64
100068f4:	f9b4 200c 	ldrsh.w	r2, [r4, #12]
100068f8:	07dd      	lsls	r5, r3, #31
100068fa:	d430      	bmi.n	1000695e <_fclose_r+0x82>
100068fc:	0590      	lsls	r0, r2, #22
100068fe:	d538      	bpl.n	10006972 <_fclose_r+0x96>
10006900:	4621      	mov	r1, r4
10006902:	4630      	mov	r0, r6
10006904:	f7ff fb92 	bl	1000602c <__sflush_r>
10006908:	6ae3      	ldr	r3, [r4, #44]	@ 0x2c
1000690a:	4605      	mov	r5, r0
1000690c:	b133      	cbz	r3, 1000691c <_fclose_r+0x40>
1000690e:	69e1      	ldr	r1, [r4, #28]
10006910:	4630      	mov	r0, r6
10006912:	4798      	blx	r3
10006914:	2800      	cmp	r0, #0
10006916:	bfb8      	it	lt
10006918:	f04f 35ff 	movlt.w	r5, #4294967295
1000691c:	89a3      	ldrh	r3, [r4, #12]
1000691e:	061a      	lsls	r2, r3, #24
10006920:	d439      	bmi.n	10006996 <_fclose_r+0xba>
10006922:	6b21      	ldr	r1, [r4, #48]	@ 0x30
10006924:	b141      	cbz	r1, 10006938 <_fclose_r+0x5c>
10006926:	f104 0340 	add.w	r3, r4, #64	@ 0x40
1000692a:	4299      	cmp	r1, r3
1000692c:	d002      	beq.n	10006934 <_fclose_r+0x58>
1000692e:	4630      	mov	r0, r6
10006930:	f7ff fed0 	bl	100066d4 <_free_r>
10006934:	2300      	movs	r3, #0
10006936:	6323      	str	r3, [r4, #48]	@ 0x30
10006938:	6c61      	ldr	r1, [r4, #68]	@ 0x44
1000693a:	b121      	cbz	r1, 10006946 <_fclose_r+0x6a>
1000693c:	4630      	mov	r0, r6
1000693e:	f7ff fec9 	bl	100066d4 <_free_r>
10006942:	2300      	movs	r3, #0
10006944:	6463      	str	r3, [r4, #68]	@ 0x44
10006946:	6e63      	ldr	r3, [r4, #100]	@ 0x64
10006948:	2200      	movs	r2, #0
1000694a:	07db      	lsls	r3, r3, #31
1000694c:	81a2      	strh	r2, [r4, #12]
1000694e:	d51e      	bpl.n	1000698e <_fclose_r+0xb2>
10006950:	6da0      	ldr	r0, [r4, #88]	@ 0x58
10006952:	f7ff fe27 	bl	100065a4 <__retarget_lock_close_recursive>
10006956:	f7ff fd4b 	bl	100063f0 <__sfp_lock_release>
1000695a:	4628      	mov	r0, r5
1000695c:	bd70      	pop	{r4, r5, r6, pc}
1000695e:	2a00      	cmp	r2, #0
10006960:	d1ce      	bne.n	10006900 <_fclose_r+0x24>
10006962:	f7ff fd45 	bl	100063f0 <__sfp_lock_release>
10006966:	2500      	movs	r5, #0
10006968:	4628      	mov	r0, r5
1000696a:	bd70      	pop	{r4, r5, r6, pc}
1000696c:	f7ff fd1c 	bl	100063a8 <__sinit>
10006970:	e7bd      	b.n	100068ee <_fclose_r+0x12>
10006972:	6da0      	ldr	r0, [r4, #88]	@ 0x58
10006974:	f7ff fe18 	bl	100065a8 <__retarget_lock_acquire_recursive>
10006978:	f9b4 300c 	ldrsh.w	r3, [r4, #12]
1000697c:	2b00      	cmp	r3, #0
1000697e:	d1bf      	bne.n	10006900 <_fclose_r+0x24>
10006980:	6e63      	ldr	r3, [r4, #100]	@ 0x64
10006982:	07d9      	lsls	r1, r3, #31
10006984:	d4ed      	bmi.n	10006962 <_fclose_r+0x86>
10006986:	6da0      	ldr	r0, [r4, #88]	@ 0x58
10006988:	f7ff fe10 	bl	100065ac <__retarget_lock_release_recursive>
1000698c:	e7e9      	b.n	10006962 <_fclose_r+0x86>
1000698e:	6da0      	ldr	r0, [r4, #88]	@ 0x58
10006990:	f7ff fe0c 	bl	100065ac <__retarget_lock_release_recursive>
10006994:	e7dc      	b.n	10006950 <_fclose_r+0x74>
10006996:	6921      	ldr	r1, [r4, #16]
10006998:	4630      	mov	r0, r6
1000699a:	f7ff fe9b 	bl	100066d4 <_free_r>
1000699e:	e7c0      	b.n	10006922 <_fclose_r+0x46>

100069a0 <__e15_is_critical_frame_period_veneer>:
100069a0:	f85f f000 	ldr.w	pc, [pc]	@ 100069a4 <__e15_is_critical_frame_period_veneer+0x4>
100069a4:	20000a7d 	.word	0x20000a7d

100069a8 <__memcpy_veneer>:
100069a8:	f85f f000 	ldr.w	pc, [pc]	@ 100069ac <__memcpy_veneer+0x4>
100069ac:	200011a9 	.word	0x200011a9

100069b0 <__e15_is_bulkin_ep_veneer>:
100069b0:	f85f f000 	ldr.w	pc, [pc]	@ 100069b4 <__e15_is_bulkin_ep_veneer+0x4>
100069b4:	20000a55 	.word	0x20000a55

100069b8 <__memset_veneer>:
100069b8:	f85f f000 	ldr.w	pc, [pc]	@ 100069bc <__memset_veneer+0x4>
100069bc:	20001121 	.word	0x20001121

100069c0 <__mutex_exit_veneer>:
100069c0:	f85f f000 	ldr.w	pc, [pc]	@ 100069c4 <__mutex_exit_veneer+0x4>
100069c4:	20000261 	.word	0x20000261

100069c8 <__reset_non_control_endpoints_veneer>:
100069c8:	f85f f000 	ldr.w	pc, [pc]	@ 100069cc <__reset_non_control_endpoints_veneer+0x4>
100069cc:	200002a9 	.word	0x200002a9

100069d0 <__mutex_try_enter_block_until_veneer>:
100069d0:	f85f f000 	ldr.w	pc, [pc]	@ 100069d4 <__mutex_try_enter_block_until_veneer+0x4>
100069d4:	200001f1 	.word	0x200001f1

100069d8 <__mutex_enter_timeout_ms_veneer>:
100069d8:	f85f f000 	ldr.w	pc, [pc]	@ 100069dc <__mutex_enter_timeout_ms_veneer+0x4>
100069dc:	20000229 	.word	0x20000229

100069e0 <____aeabi_uldivmod_veneer>:
100069e0:	f85f f000 	ldr.w	pc, [pc]	@ 100069e4 <____aeabi_uldivmod_veneer+0x4>
100069e4:	20000dad 	.word	0x20000dad

100069e8 <__hw_endpoint_start_next_buffer_veneer>:
100069e8:	f85f f000 	ldr.w	pc, [pc]	@ 100069ec <__hw_endpoint_start_next_buffer_veneer+0x4>
100069ec:	20000af9 	.word	0x20000af9

100069f0 <__mutex_try_enter_veneer>:
100069f0:	f85f f000 	ldr.w	pc, [pc]	@ 100069f4 <__mutex_try_enter_veneer+0x4>
100069f4:	20000111 	.word	0x20000111

100069f8 <___hw_endpoint_buffer_control_update32_veneer>:
100069f8:	f85f f000 	ldr.w	pc, [pc]	@ 100069fc <___hw_endpoint_buffer_control_update32_veneer+0x4>
100069fc:	20000ab1 	.word	0x20000ab1

10006a00 <__pre_init_runtime_init_bootrom_reset>:
10006a00:	100019f1                                ....

10006a04 <__pre_init_runtime_init_early_resets>:
10006a04:	10001969                                i...

10006a08 <__pre_init_runtime_init_usb_power_down>:
10006a08:	10001999                                ....

10006a0c <__pre_init_runtime_init_clocks>:
10006a0c:	10001a81                                ....

10006a10 <__pre_init_runtime_init_post_clock_resets>:
10006a10:	100019d1                                ....

10006a14 <__pre_init_runtime_init_boot_locks_reset>:
10006a14:	100018f1                                ....

10006a18 <__pre_init_runtime_init_spin_locks_reset>:
10006a18:	10001a19                                ....

10006a1c <__pre_init_runtime_init_bootrom_locking_enable>:
10006a1c:	100018dd                                ....

10006a20 <__pre_init_runtime_init_mutex>:
10006a20:	10000ad5                                ....

10006a24 <__pre_init_runtime_init_install_ram_vector_table>:
10006a24:	10001a1d                                ....

10006a28 <__pre_init_runtime_init_default_alarm_pool>:
10006a28:	10000ea5                                ....

10006a2c <__pre_init_first_per_core_initializer>:
10006a2c:	10001939                                9...

10006a30 <__pre_init_runtime_init_per_core_bootrom_reset>:
10006a30:	10001a05                                ....

10006a34 <__pre_init_runtime_init_per_core_enable_coprocessors>:
10006a34:	100019b5                                ....

10006a38 <__pre_init_spinlock_set_extexclall>:
10006a38:	100004e5                                ....

10006a3c <__pre_init_runtime_init_per_core_irq_priorities>:
10006a3c:	1000050d                                ....

10006a40 <__init_array_start>:
10006a40:	1000415d 	.word	0x1000415d

Disassembly of section .data:

20000110 <mutex_try_enter>:
20000110:	4603      	mov	r3, r0
20000112:	b500      	push	{lr}
20000114:	6802      	ldr	r2, [r0, #0]
20000116:	f3ef 8c10 	mrs	ip, PRIMASK
2000011a:	b672      	cpsid	i
2000011c:	e8d2 efcf 	ldaexb	lr, [r2]
20000120:	2001      	movs	r0, #1
20000122:	f1be 0f00 	cmp.w	lr, #0
20000126:	d1f9      	bne.n	2000011c <mutex_try_enter+0xc>
20000128:	e8c2 0f4e 	strexb	lr, r0, [r2]
2000012c:	f1be 0f00 	cmp.w	lr, #0
20000130:	d1f4      	bne.n	2000011c <mutex_try_enter+0xc>
20000132:	f3bf 8f5f 	dmb	sy
20000136:	f993 2004 	ldrsb.w	r2, [r3, #4]
2000013a:	2a00      	cmp	r2, #0
2000013c:	db09      	blt.n	20000152 <mutex_try_enter+0x42>
2000013e:	b101      	cbz	r1, 20000142 <mutex_try_enter+0x32>
20000140:	600a      	str	r2, [r1, #0]
20000142:	2000      	movs	r0, #0
20000144:	2200      	movs	r2, #0
20000146:	681b      	ldr	r3, [r3, #0]
20000148:	e8c3 2f8f 	stlb	r2, [r3]
2000014c:	f38c 8810 	msr	PRIMASK, ip
20000150:	bd00      	pop	{pc}
20000152:	f04f 4250 	mov.w	r2, #3489660928	@ 0xd0000000
20000156:	6812      	ldr	r2, [r2, #0]
20000158:	2001      	movs	r0, #1
2000015a:	711a      	strb	r2, [r3, #4]
2000015c:	e7f2      	b.n	20000144 <mutex_try_enter+0x34>
2000015e:	bf00      	nop

20000160 <mutex_enter_block_until>:
20000160:	f04f 4150 	mov.w	r1, #3489660928	@ 0xd0000000
20000164:	e92d 43f8 	stmdb	sp!, {r3, r4, r5, r6, r7, r8, r9, lr}
20000168:	461f      	mov	r7, r3
2000016a:	680b      	ldr	r3, [r1, #0]
2000016c:	4604      	mov	r4, r0
2000016e:	4616      	mov	r6, r2
20000170:	2500      	movs	r5, #0
20000172:	4699      	mov	r9, r3
20000174:	f8df 8074 	ldr.w	r8, [pc, #116]	@ 200001ec <mutex_enter_block_until+0x8c>
20000178:	6823      	ldr	r3, [r4, #0]
2000017a:	f3ef 8210 	mrs	r2, PRIMASK
2000017e:	b672      	cpsid	i
20000180:	e8d3 0fcf 	ldaexb	r0, [r3]
20000184:	2101      	movs	r1, #1
20000186:	2800      	cmp	r0, #0
20000188:	d1fa      	bne.n	20000180 <mutex_enter_block_until+0x20>
2000018a:	e8c3 1f40 	strexb	r0, r1, [r3]
2000018e:	2800      	cmp	r0, #0
20000190:	d1f6      	bne.n	20000180 <mutex_enter_block_until+0x20>
20000192:	f3bf 8f5f 	dmb	sy
20000196:	f994 3004 	ldrsb.w	r3, [r4, #4]
2000019a:	6821      	ldr	r1, [r4, #0]
2000019c:	2b00      	cmp	r3, #0
2000019e:	db1b      	blt.n	200001d8 <mutex_enter_block_until+0x78>
200001a0:	f898 3000 	ldrb.w	r3, [r8]
200001a4:	b2db      	uxtb	r3, r3
200001a6:	e8c1 5f8f 	stlb	r5, [r1]
200001aa:	f382 8810 	msr	PRIMASK, r2
200001ae:	f898 2000 	ldrb.w	r2, [r8]
200001b2:	429a      	cmp	r2, r3
200001b4:	d008      	beq.n	200001c8 <mutex_enter_block_until+0x68>
200001b6:	4630      	mov	r0, r6
200001b8:	4639      	mov	r1, r7
200001ba:	f001 f871 	bl	200012a0 <__best_effort_wfe_or_timeout_veneer>
200001be:	2800      	cmp	r0, #0
200001c0:	d0da      	beq.n	20000178 <mutex_enter_block_until+0x18>
200001c2:	2000      	movs	r0, #0
200001c4:	e8bd 83f8 	ldmia.w	sp!, {r3, r4, r5, r6, r7, r8, r9, pc}
200001c8:	bf20      	wfe
200001ca:	4630      	mov	r0, r6
200001cc:	4639      	mov	r1, r7
200001ce:	f001 f867 	bl	200012a0 <__best_effort_wfe_or_timeout_veneer>
200001d2:	2800      	cmp	r0, #0
200001d4:	d0d0      	beq.n	20000178 <mutex_enter_block_until+0x18>
200001d6:	e7f4      	b.n	200001c2 <mutex_enter_block_until+0x62>
200001d8:	2300      	movs	r3, #0
200001da:	f884 9004 	strb.w	r9, [r4, #4]
200001de:	e8c1 3f8f 	stlb	r3, [r1]
200001e2:	f382 8810 	msr	PRIMASK, r2
200001e6:	2001      	movs	r0, #1
200001e8:	e8bd 83f8 	ldmia.w	sp!, {r3, r4, r5, r6, r7, r8, r9, pc}
200001ec:	20002486 	.word	0x20002486

200001f0 <mutex_try_enter_block_until>:
200001f0:	b570      	push	{r4, r5, r6, lr}
200001f2:	b082      	sub	sp, #8
200001f4:	a901      	add	r1, sp, #4
200001f6:	4606      	mov	r6, r0
200001f8:	4614      	mov	r4, r2
200001fa:	461d      	mov	r5, r3
200001fc:	f7ff ff88 	bl	20000110 <mutex_try_enter>
20000200:	b938      	cbnz	r0, 20000212 <mutex_try_enter_block_until+0x22>
20000202:	f04f 4350 	mov.w	r3, #3489660928	@ 0xd0000000
20000206:	f99d 2004 	ldrsb.w	r2, [sp, #4]
2000020a:	f993 3000 	ldrsb.w	r3, [r3]
2000020e:	429a      	cmp	r2, r3
20000210:	d101      	bne.n	20000216 <mutex_try_enter_block_until+0x26>
20000212:	b002      	add	sp, #8
20000214:	bd70      	pop	{r4, r5, r6, pc}
20000216:	4622      	mov	r2, r4
20000218:	462b      	mov	r3, r5
2000021a:	4630      	mov	r0, r6
2000021c:	b002      	add	sp, #8
2000021e:	e8bd 4070 	ldmia.w	sp!, {r4, r5, r6, lr}
20000222:	f7ff bf9d 	b.w	20000160 <mutex_enter_block_until>
20000226:	bf00      	nop

20000228 <mutex_enter_timeout_ms>:
20000228:	b570      	push	{r4, r5, r6, lr}
2000022a:	4605      	mov	r5, r0
2000022c:	460c      	mov	r4, r1
2000022e:	f001 f843 	bl	200012b8 <__time_us_64_veneer>
20000232:	4602      	mov	r2, r0
20000234:	460b      	mov	r3, r1
20000236:	f44f 707a 	mov.w	r0, #1000	@ 0x3e8
2000023a:	f04f 3eff 	mov.w	lr, #4294967295
2000023e:	f06f 4c00 	mvn.w	ip, #2147483648	@ 0x80000000
20000242:	fbe4 2300 	umlal	r2, r3, r4, r0
20000246:	4596      	cmp	lr, r2
20000248:	eb7c 0103 	sbcs.w	r1, ip, r3
2000024c:	bf38      	it	cc
2000024e:	4672      	movcc	r2, lr
20000250:	4628      	mov	r0, r5
20000252:	e8bd 4070 	ldmia.w	sp!, {r4, r5, r6, lr}
20000256:	bf38      	it	cc
20000258:	4663      	movcc	r3, ip
2000025a:	f7ff bf81 	b.w	20000160 <mutex_enter_block_until>
2000025e:	bf00      	nop

20000260 <mutex_exit>:
20000260:	6803      	ldr	r3, [r0, #0]
20000262:	f3ef 8110 	mrs	r1, PRIMASK
20000266:	b672      	cpsid	i
20000268:	e8d3 cfcf 	ldaexb	ip, [r3]
2000026c:	2201      	movs	r2, #1
2000026e:	f1bc 0f00 	cmp.w	ip, #0
20000272:	d1f9      	bne.n	20000268 <mutex_exit+0x8>
20000274:	e8c3 2f4c 	strexb	ip, r2, [r3]
20000278:	f1bc 0f00 	cmp.w	ip, #0
2000027c:	d1f4      	bne.n	20000268 <mutex_exit+0x8>
2000027e:	f3bf 8f5f 	dmb	sy
20000282:	f04f 0cff 	mov.w	ip, #255	@ 0xff
20000286:	4a07      	ldr	r2, [pc, #28]	@ (200002a4 <mutex_exit+0x44>)
20000288:	f880 c004 	strb.w	ip, [r0, #4]
2000028c:	7813      	ldrb	r3, [r2, #0]
2000028e:	3301      	adds	r3, #1
20000290:	7013      	strb	r3, [r2, #0]
20000292:	2300      	movs	r3, #0
20000294:	6802      	ldr	r2, [r0, #0]
20000296:	e8c2 3f8f 	stlb	r3, [r2]
2000029a:	f381 8810 	msr	PRIMASK, r1
2000029e:	bf40      	sev
200002a0:	4770      	bx	lr
200002a2:	bf00      	nop
200002a4:	20002486 	.word	0x20002486

200002a8 <reset_non_control_endpoints>:
200002a8:	2100      	movs	r1, #0
200002aa:	b508      	push	{r3, lr}
200002ac:	4b13      	ldr	r3, [pc, #76]	@ (200002fc <reset_non_control_endpoints+0x54>)
200002ae:	f44f 7270 	mov.w	r2, #960	@ 0x3c0
200002b2:	6099      	str	r1, [r3, #8]
200002b4:	4812      	ldr	r0, [pc, #72]	@ (20000300 <reset_non_control_endpoints+0x58>)
200002b6:	60d9      	str	r1, [r3, #12]
200002b8:	6119      	str	r1, [r3, #16]
200002ba:	6159      	str	r1, [r3, #20]
200002bc:	6199      	str	r1, [r3, #24]
200002be:	61d9      	str	r1, [r3, #28]
200002c0:	6219      	str	r1, [r3, #32]
200002c2:	6259      	str	r1, [r3, #36]	@ 0x24
200002c4:	6299      	str	r1, [r3, #40]	@ 0x28
200002c6:	62d9      	str	r1, [r3, #44]	@ 0x2c
200002c8:	6319      	str	r1, [r3, #48]	@ 0x30
200002ca:	6359      	str	r1, [r3, #52]	@ 0x34
200002cc:	6399      	str	r1, [r3, #56]	@ 0x38
200002ce:	63d9      	str	r1, [r3, #60]	@ 0x3c
200002d0:	6419      	str	r1, [r3, #64]	@ 0x40
200002d2:	6459      	str	r1, [r3, #68]	@ 0x44
200002d4:	6499      	str	r1, [r3, #72]	@ 0x48
200002d6:	64d9      	str	r1, [r3, #76]	@ 0x4c
200002d8:	6519      	str	r1, [r3, #80]	@ 0x50
200002da:	6559      	str	r1, [r3, #84]	@ 0x54
200002dc:	6599      	str	r1, [r3, #88]	@ 0x58
200002de:	65d9      	str	r1, [r3, #92]	@ 0x5c
200002e0:	6619      	str	r1, [r3, #96]	@ 0x60
200002e2:	6659      	str	r1, [r3, #100]	@ 0x64
200002e4:	6699      	str	r1, [r3, #104]	@ 0x68
200002e6:	66d9      	str	r1, [r3, #108]	@ 0x6c
200002e8:	6719      	str	r1, [r3, #112]	@ 0x70
200002ea:	6759      	str	r1, [r3, #116]	@ 0x74
200002ec:	6799      	str	r1, [r3, #120]	@ 0x78
200002ee:	67d9      	str	r1, [r3, #124]	@ 0x7c
200002f0:	f000 ff16 	bl	20001120 <memset>
200002f4:	4b03      	ldr	r3, [pc, #12]	@ (20000304 <reset_non_control_endpoints+0x5c>)
200002f6:	4a04      	ldr	r2, [pc, #16]	@ (20000308 <reset_non_control_endpoints+0x60>)
200002f8:	601a      	str	r2, [r3, #0]
200002fa:	bd08      	pop	{r3, pc}
200002fc:	50100000 	.word	0x50100000
20000300:	20002060 	.word	0x20002060
20000304:	20002428 	.word	0x20002428
20000308:	50100180 	.word	0x50100180

2000030c <hw_handle_buff_status>:
2000030c:	e92d 47f0 	stmdb	sp!, {r4, r5, r6, r7, r8, r9, sl, lr}
20000310:	4b1e      	ldr	r3, [pc, #120]	@ (2000038c <hw_handle_buff_status+0x80>)
20000312:	b084      	sub	sp, #16
20000314:	f8d3 a058 	ldr.w	sl, [r3, #88]	@ 0x58
20000318:	f1ba 0f00 	cmp.w	sl, #0
2000031c:	d021      	beq.n	20000362 <hw_handle_buff_status+0x56>
2000031e:	2400      	movs	r4, #0
20000320:	2501      	movs	r5, #1
20000322:	f44f 69e0 	mov.w	r9, #1792	@ 0x700
20000326:	f8df 806c 	ldr.w	r8, [pc, #108]	@ 20000394 <hw_handle_buff_status+0x88>
2000032a:	4f19      	ldr	r7, [pc, #100]	@ (20000390 <hw_handle_buff_status+0x84>)
2000032c:	e005      	b.n	2000033a <hw_handle_buff_status+0x2e>
2000032e:	3401      	adds	r4, #1
20000330:	b2e4      	uxtb	r4, r4
20000332:	2c20      	cmp	r4, #32
20000334:	ea4f 0545 	mov.w	r5, r5, lsl #1
20000338:	d013      	beq.n	20000362 <hw_handle_buff_status+0x56>
2000033a:	ea1a 0f05 	tst.w	sl, r5
2000033e:	d0f6      	beq.n	2000032e <hw_handle_buff_status+0x22>
20000340:	43e3      	mvns	r3, r4
20000342:	f004 06fe 	and.w	r6, r4, #254	@ 0xfe
20000346:	f003 0301 	and.w	r3, r3, #1
2000034a:	441e      	add	r6, r3
2000034c:	eb07 1646 	add.w	r6, r7, r6, lsl #5
20000350:	4630      	mov	r0, r6
20000352:	f8c8 5058 	str.w	r5, [r8, #88]	@ 0x58
20000356:	f000 fc01 	bl	20000b5c <hw_endpoint_xfer_continue>
2000035a:	b928      	cbnz	r0, 20000368 <hw_handle_buff_status+0x5c>
2000035c:	ea3a 0a05 	bics.w	sl, sl, r5
20000360:	d1e5      	bne.n	2000032e <hw_handle_buff_status+0x22>
20000362:	b004      	add	sp, #16
20000364:	e8bd 87f0 	ldmia.w	sp!, {r4, r5, r6, r7, r8, r9, sl, pc}
20000368:	78b3      	ldrb	r3, [r6, #2]
2000036a:	8af2      	ldrh	r2, [r6, #22]
2000036c:	f88d 3008 	strb.w	r3, [sp, #8]
20000370:	2300      	movs	r3, #0
20000372:	a801      	add	r0, sp, #4
20000374:	2101      	movs	r1, #1
20000376:	f8ad 9004 	strh.w	r9, [sp, #4]
2000037a:	9203      	str	r2, [sp, #12]
2000037c:	f88d 3009 	strb.w	r3, [sp, #9]
20000380:	f000 fc0a 	bl	20000b98 <dcd_event_handler>
20000384:	4630      	mov	r0, r6
20000386:	f000 fb8d 	bl	20000aa4 <hw_endpoint_reset_transfer>
2000038a:	e7e7      	b.n	2000035c <hw_handle_buff_status+0x50>
2000038c:	50110000 	.word	0x50110000
20000390:	20002020 	.word	0x20002020
20000394:	50113000 	.word	0x50113000

20000398 <dcd_rp2040_irq>:
20000398:	b570      	push	{r4, r5, r6, lr}
2000039a:	4bb2      	ldr	r3, [pc, #712]	@ (20000664 <dcd_rp2040_irq+0x2cc>)
2000039c:	b086      	sub	sp, #24
2000039e:	f8d3 4098 	ldr.w	r4, [r3, #152]	@ 0x98
200003a2:	f414 3500 	ands.w	r5, r4, #131072	@ 0x20000
200003a6:	d074      	beq.n	20000492 <dcd_rp2040_irq+0xfa>
200003a8:	4aaf      	ldr	r2, [pc, #700]	@ (20000668 <dcd_rp2040_irq+0x2d0>)
200003aa:	4bb0      	ldr	r3, [pc, #704]	@ (2000066c <dcd_rp2040_irq+0x2d4>)
200003ac:	6a90      	ldr	r0, [r2, #40]	@ 0x28
200003ae:	f893 203b 	ldrb.w	r2, [r3, #59]	@ 0x3b
200003b2:	49af      	ldr	r1, [pc, #700]	@ (20000670 <dcd_rp2040_irq+0x2d8>)
200003b4:	2a02      	cmp	r2, #2
200003b6:	6008      	str	r0, [r1, #0]
200003b8:	f000 80e6 	beq.w	20000588 <dcd_rp2040_irq+0x1f0>
200003bc:	2500      	movs	r5, #0
200003be:	f893 207b 	ldrb.w	r2, [r3, #123]	@ 0x7b
200003c2:	2a02      	cmp	r2, #2
200003c4:	f000 81b2 	beq.w	2000072c <dcd_rp2040_irq+0x394>
200003c8:	f893 20bb 	ldrb.w	r2, [r3, #187]	@ 0xbb
200003cc:	2a02      	cmp	r2, #2
200003ce:	f000 81a2 	beq.w	20000716 <dcd_rp2040_irq+0x37e>
200003d2:	f893 20fb 	ldrb.w	r2, [r3, #251]	@ 0xfb
200003d6:	2a02      	cmp	r2, #2
200003d8:	f000 8192 	beq.w	20000700 <dcd_rp2040_irq+0x368>
200003dc:	f893 213b 	ldrb.w	r2, [r3, #315]	@ 0x13b
200003e0:	2a02      	cmp	r2, #2
200003e2:	f000 8181 	beq.w	200006e8 <dcd_rp2040_irq+0x350>
200003e6:	f893 217b 	ldrb.w	r2, [r3, #379]	@ 0x17b
200003ea:	2a02      	cmp	r2, #2
200003ec:	f000 8171 	beq.w	200006d2 <dcd_rp2040_irq+0x33a>
200003f0:	f893 21bb 	ldrb.w	r2, [r3, #443]	@ 0x1bb
200003f4:	2a02      	cmp	r2, #2
200003f6:	f000 8161 	beq.w	200006bc <dcd_rp2040_irq+0x324>
200003fa:	f893 21fb 	ldrb.w	r2, [r3, #507]	@ 0x1fb
200003fe:	2a02      	cmp	r2, #2
20000400:	f000 8150 	beq.w	200006a4 <dcd_rp2040_irq+0x30c>
20000404:	f893 223b 	ldrb.w	r2, [r3, #571]	@ 0x23b
20000408:	2a02      	cmp	r2, #2
2000040a:	f000 813f 	beq.w	2000068c <dcd_rp2040_irq+0x2f4>
2000040e:	f893 227b 	ldrb.w	r2, [r3, #635]	@ 0x27b
20000412:	2a02      	cmp	r2, #2
20000414:	f000 811a 	beq.w	2000064c <dcd_rp2040_irq+0x2b4>
20000418:	f893 22bb 	ldrb.w	r2, [r3, #699]	@ 0x2bb
2000041c:	2a02      	cmp	r2, #2
2000041e:	f000 8109 	beq.w	20000634 <dcd_rp2040_irq+0x29c>
20000422:	f893 22fb 	ldrb.w	r2, [r3, #763]	@ 0x2fb
20000426:	2a02      	cmp	r2, #2
20000428:	f000 80f8 	beq.w	2000061c <dcd_rp2040_irq+0x284>
2000042c:	f893 233b 	ldrb.w	r2, [r3, #827]	@ 0x33b
20000430:	2a02      	cmp	r2, #2
20000432:	f000 80e7 	beq.w	20000604 <dcd_rp2040_irq+0x26c>
20000436:	f893 237b 	ldrb.w	r2, [r3, #891]	@ 0x37b
2000043a:	2a02      	cmp	r2, #2
2000043c:	f000 80b7 	beq.w	200005ae <dcd_rp2040_irq+0x216>
20000440:	f893 23bb 	ldrb.w	r2, [r3, #955]	@ 0x3bb
20000444:	2a02      	cmp	r2, #2
20000446:	f000 817c 	beq.w	20000742 <dcd_rp2040_irq+0x3aa>
2000044a:	f893 23fb 	ldrb.w	r2, [r3, #1019]	@ 0x3fb
2000044e:	2a02      	cmp	r2, #2
20000450:	f000 80c7 	beq.w	200005e2 <dcd_rp2040_irq+0x24a>
20000454:	b93d      	cbnz	r5, 20000466 <dcd_rp2040_irq+0xce>
20000456:	4b87      	ldr	r3, [pc, #540]	@ (20000674 <dcd_rp2040_irq+0x2dc>)
20000458:	781b      	ldrb	r3, [r3, #0]
2000045a:	b923      	cbnz	r3, 20000466 <dcd_rp2040_irq+0xce>
2000045c:	f44f 3200 	mov.w	r2, #131072	@ 0x20000
20000460:	4b85      	ldr	r3, [pc, #532]	@ (20000678 <dcd_rp2040_irq+0x2e0>)
20000462:	f8c3 2090 	str.w	r2, [r3, #144]	@ 0x90
20000466:	f44f 7240 	mov.w	r2, #768	@ 0x300
2000046a:	4b7e      	ldr	r3, [pc, #504]	@ (20000664 <dcd_rp2040_irq+0x2cc>)
2000046c:	2101      	movs	r1, #1
2000046e:	6c9b      	ldr	r3, [r3, #72]	@ 0x48
20000470:	a803      	add	r0, sp, #12
20000472:	f3c3 030a 	ubfx	r3, r3, #0, #11
20000476:	9304      	str	r3, [sp, #16]
20000478:	f8ad 200c 	strh.w	r2, [sp, #12]
2000047c:	f000 fb8c 	bl	20000b98 <dcd_event_handler>
20000480:	06e3      	lsls	r3, r4, #27
20000482:	f44f 3500 	mov.w	r5, #131072	@ 0x20000
20000486:	4e7d      	ldr	r6, [pc, #500]	@ (2000067c <dcd_rp2040_irq+0x2e4>)
20000488:	d507      	bpl.n	2000049a <dcd_rp2040_irq+0x102>
2000048a:	f7ff ff3f 	bl	2000030c <hw_handle_buff_status>
2000048e:	4635      	mov	r5, r6
20000490:	e003      	b.n	2000049a <dcd_rp2040_irq+0x102>
20000492:	06e3      	lsls	r3, r4, #27
20000494:	f04f 0610 	mov.w	r6, #16
20000498:	d4f7      	bmi.n	2000048a <dcd_rp2040_irq+0xf2>
2000049a:	03e0      	lsls	r0, r4, #15
2000049c:	d51d      	bpl.n	200004da <dcd_rp2040_irq+0x142>
2000049e:	4873      	ldr	r0, [pc, #460]	@ (2000066c <dcd_rp2040_irq+0x2d4>)
200004a0:	2602      	movs	r6, #2
200004a2:	7e83      	ldrb	r3, [r0, #26]
200004a4:	f445 3580 	orr.w	r5, r5, #65536	@ 0x10000
200004a8:	bb33      	cbnz	r3, 200004f8 <dcd_rp2040_irq+0x160>
200004aa:	f04f 0301 	mov.w	r3, #1
200004ae:	2e01      	cmp	r6, #1
200004b0:	70c3      	strb	r3, [r0, #3]
200004b2:	f100 0020 	add.w	r0, r0, #32
200004b6:	d11b      	bne.n	200004f0 <dcd_rp2040_irq+0x158>
200004b8:	f44f 62c0 	mov.w	r2, #1536	@ 0x600
200004bc:	4b70      	ldr	r3, [pc, #448]	@ (20000680 <dcd_rp2040_irq+0x2e8>)
200004be:	f8ad 200c 	strh.w	r2, [sp, #12]
200004c2:	e893 0003 	ldmia.w	r3, {r0, r1}
200004c6:	e9cd 0104 	strd	r0, r1, [sp, #16]
200004ca:	4631      	mov	r1, r6
200004cc:	a803      	add	r0, sp, #12
200004ce:	f000 fb63 	bl	20000b98 <dcd_event_handler>
200004d2:	f44f 3200 	mov.w	r2, #131072	@ 0x20000
200004d6:	4b68      	ldr	r3, [pc, #416]	@ (20000678 <dcd_rp2040_irq+0x2e0>)
200004d8:	651a      	str	r2, [r3, #80]	@ 0x50
200004da:	04e1      	lsls	r1, r4, #19
200004dc:	d43e      	bmi.n	2000055c <dcd_rp2040_irq+0x1c4>
200004de:	0462      	lsls	r2, r4, #17
200004e0:	d42e      	bmi.n	20000540 <dcd_rp2040_irq+0x1a8>
200004e2:	0423      	lsls	r3, r4, #16
200004e4:	d41d      	bmi.n	20000522 <dcd_rp2040_irq+0x18a>
200004e6:	42a5      	cmp	r5, r4
200004e8:	f040 81bb 	bne.w	20000862 <dcd_rp2040_irq+0x4ca>
200004ec:	b006      	add	sp, #24
200004ee:	bd70      	pop	{r4, r5, r6, pc}
200004f0:	7e83      	ldrb	r3, [r0, #26]
200004f2:	2601      	movs	r6, #1
200004f4:	2b00      	cmp	r3, #0
200004f6:	d0d8      	beq.n	200004aa <dcd_rp2040_irq+0x112>
200004f8:	4b62      	ldr	r3, [pc, #392]	@ (20000684 <dcd_rp2040_irq+0x2ec>)
200004fa:	4a5a      	ldr	r2, [pc, #360]	@ (20000664 <dcd_rp2040_irq+0x2cc>)
200004fc:	661e      	str	r6, [r3, #96]	@ 0x60
200004fe:	6e53      	ldr	r3, [r2, #100]	@ 0x64
20000500:	ea36 0303 	bics.w	r3, r6, r3
20000504:	d1fb      	bne.n	200004fe <dcd_rp2040_irq+0x166>
20000506:	f44f 5240 	mov.w	r2, #12288	@ 0x3000
2000050a:	2100      	movs	r1, #0
2000050c:	9001      	str	r0, [sp, #4]
2000050e:	f000 facf 	bl	20000ab0 <_hw_endpoint_buffer_control_update32>
20000512:	9801      	ldr	r0, [sp, #4]
20000514:	f000 fac6 	bl	20000aa4 <hw_endpoint_reset_transfer>
20000518:	4b57      	ldr	r3, [pc, #348]	@ (20000678 <dcd_rp2040_irq+0x2e0>)
2000051a:	9801      	ldr	r0, [sp, #4]
2000051c:	665e      	str	r6, [r3, #100]	@ 0x64
2000051e:	661e      	str	r6, [r3, #96]	@ 0x60
20000520:	e7c3      	b.n	200004aa <dcd_rp2040_irq+0x112>
20000522:	f44f 63a0 	mov.w	r3, #1280	@ 0x500
20000526:	2101      	movs	r1, #1
20000528:	a803      	add	r0, sp, #12
2000052a:	f8ad 300c 	strh.w	r3, [sp, #12]
2000052e:	f000 fb33 	bl	20000b98 <dcd_event_handler>
20000532:	f44f 6200 	mov.w	r2, #2048	@ 0x800
20000536:	4b50      	ldr	r3, [pc, #320]	@ (20000678 <dcd_rp2040_irq+0x2e0>)
20000538:	f445 4500 	orr.w	r5, r5, #32768	@ 0x8000
2000053c:	651a      	str	r2, [r3, #80]	@ 0x50
2000053e:	e7d2      	b.n	200004e6 <dcd_rp2040_irq+0x14e>
20000540:	f44f 6380 	mov.w	r3, #1024	@ 0x400
20000544:	2101      	movs	r1, #1
20000546:	a803      	add	r0, sp, #12
20000548:	f8ad 300c 	strh.w	r3, [sp, #12]
2000054c:	f000 fb24 	bl	20000b98 <dcd_event_handler>
20000550:	2210      	movs	r2, #16
20000552:	4b49      	ldr	r3, [pc, #292]	@ (20000678 <dcd_rp2040_irq+0x2e0>)
20000554:	f445 4580 	orr.w	r5, r5, #16384	@ 0x4000
20000558:	651a      	str	r2, [r3, #80]	@ 0x50
2000055a:	e7c2      	b.n	200004e2 <dcd_rp2040_irq+0x14a>
2000055c:	2600      	movs	r6, #0
2000055e:	4b41      	ldr	r3, [pc, #260]	@ (20000664 <dcd_rp2040_irq+0x2cc>)
20000560:	f445 5580 	orr.w	r5, r5, #4096	@ 0x1000
20000564:	601e      	str	r6, [r3, #0]
20000566:	f7ff fe9f 	bl	200002a8 <reset_non_control_endpoints>
2000056a:	f44f 7380 	mov.w	r3, #256	@ 0x100
2000056e:	2101      	movs	r1, #1
20000570:	a803      	add	r0, sp, #12
20000572:	f8ad 300c 	strh.w	r3, [sp, #12]
20000576:	f88d 6010 	strb.w	r6, [sp, #16]
2000057a:	f000 fb0d 	bl	20000b98 <dcd_event_handler>
2000057e:	f44f 2200 	mov.w	r2, #524288	@ 0x80000
20000582:	4b3d      	ldr	r3, [pc, #244]	@ (20000678 <dcd_rp2040_irq+0x2e0>)
20000584:	651a      	str	r2, [r3, #80]	@ 0x50
20000586:	e7aa      	b.n	200004de <dcd_rp2040_irq+0x146>
20000588:	f893 503a 	ldrb.w	r5, [r3, #58]	@ 0x3a
2000058c:	2d00      	cmp	r5, #0
2000058e:	f43f af16 	beq.w	200003be <dcd_rp2040_irq+0x26>
20000592:	f893 203c 	ldrb.w	r2, [r3, #60]	@ 0x3c
20000596:	2a00      	cmp	r2, #0
20000598:	f43f af11 	beq.w	200003be <dcd_rp2040_irq+0x26>
2000059c:	2200      	movs	r2, #0
2000059e:	f103 0020 	add.w	r0, r3, #32
200005a2:	f883 203c 	strb.w	r2, [r3, #60]	@ 0x3c
200005a6:	f000 faa7 	bl	20000af8 <hw_endpoint_start_next_buffer>
200005aa:	4b30      	ldr	r3, [pc, #192]	@ (2000066c <dcd_rp2040_irq+0x2d4>)
200005ac:	e707      	b.n	200003be <dcd_rp2040_irq+0x26>
200005ae:	f893 637a 	ldrb.w	r6, [r3, #890]	@ 0x37a
200005b2:	2e00      	cmp	r6, #0
200005b4:	f43f af44 	beq.w	20000440 <dcd_rp2040_irq+0xa8>
200005b8:	f893 237c 	ldrb.w	r2, [r3, #892]	@ 0x37c
200005bc:	2a00      	cmp	r2, #0
200005be:	f040 8140 	bne.w	20000842 <dcd_rp2040_irq+0x4aa>
200005c2:	f893 23bb 	ldrb.w	r2, [r3, #955]	@ 0x3bb
200005c6:	2a02      	cmp	r2, #2
200005c8:	f040 80c4 	bne.w	20000754 <dcd_rp2040_irq+0x3bc>
200005cc:	f893 23ba 	ldrb.w	r2, [r3, #954]	@ 0x3ba
200005d0:	2a00      	cmp	r2, #0
200005d2:	f040 80bb 	bne.w	2000074c <dcd_rp2040_irq+0x3b4>
200005d6:	f893 23fb 	ldrb.w	r2, [r3, #1019]	@ 0x3fb
200005da:	2a02      	cmp	r2, #2
200005dc:	f47f af43 	bne.w	20000466 <dcd_rp2040_irq+0xce>
200005e0:	4635      	mov	r5, r6
200005e2:	f893 23fa 	ldrb.w	r2, [r3, #1018]	@ 0x3fa
200005e6:	2a00      	cmp	r2, #0
200005e8:	f43f af34 	beq.w	20000454 <dcd_rp2040_irq+0xbc>
200005ec:	f893 23fc 	ldrb.w	r2, [r3, #1020]	@ 0x3fc
200005f0:	2a00      	cmp	r2, #0
200005f2:	f43f af38 	beq.w	20000466 <dcd_rp2040_irq+0xce>
200005f6:	2200      	movs	r2, #0
200005f8:	4823      	ldr	r0, [pc, #140]	@ (20000688 <dcd_rp2040_irq+0x2f0>)
200005fa:	f883 23fc 	strb.w	r2, [r3, #1020]	@ 0x3fc
200005fe:	f000 fa7b 	bl	20000af8 <hw_endpoint_start_next_buffer>
20000602:	e730      	b.n	20000466 <dcd_rp2040_irq+0xce>
20000604:	f893 633a 	ldrb.w	r6, [r3, #826]	@ 0x33a
20000608:	2e00      	cmp	r6, #0
2000060a:	f43f af14 	beq.w	20000436 <dcd_rp2040_irq+0x9e>
2000060e:	f893 233c 	ldrb.w	r2, [r3, #828]	@ 0x33c
20000612:	2a00      	cmp	r2, #0
20000614:	f040 80a9 	bne.w	2000076a <dcd_rp2040_irq+0x3d2>
20000618:	4635      	mov	r5, r6
2000061a:	e70c      	b.n	20000436 <dcd_rp2040_irq+0x9e>
2000061c:	f893 62fa 	ldrb.w	r6, [r3, #762]	@ 0x2fa
20000620:	2e00      	cmp	r6, #0
20000622:	f43f af03 	beq.w	2000042c <dcd_rp2040_irq+0x94>
20000626:	f893 22fc 	ldrb.w	r2, [r3, #764]	@ 0x2fc
2000062a:	2a00      	cmp	r2, #0
2000062c:	f040 80af 	bne.w	2000078e <dcd_rp2040_irq+0x3f6>
20000630:	4635      	mov	r5, r6
20000632:	e6fb      	b.n	2000042c <dcd_rp2040_irq+0x94>
20000634:	f893 62ba 	ldrb.w	r6, [r3, #698]	@ 0x2ba
20000638:	2e00      	cmp	r6, #0
2000063a:	f43f aef2 	beq.w	20000422 <dcd_rp2040_irq+0x8a>
2000063e:	f893 22bc 	ldrb.w	r2, [r3, #700]	@ 0x2bc
20000642:	2a00      	cmp	r2, #0
20000644:	f040 809a 	bne.w	2000077c <dcd_rp2040_irq+0x3e4>
20000648:	4635      	mov	r5, r6
2000064a:	e6ea      	b.n	20000422 <dcd_rp2040_irq+0x8a>
2000064c:	f893 627a 	ldrb.w	r6, [r3, #634]	@ 0x27a
20000650:	2e00      	cmp	r6, #0
20000652:	f43f aee1 	beq.w	20000418 <dcd_rp2040_irq+0x80>
20000656:	f893 227c 	ldrb.w	r2, [r3, #636]	@ 0x27c
2000065a:	2a00      	cmp	r2, #0
2000065c:	f040 80cd 	bne.w	200007fa <dcd_rp2040_irq+0x462>
20000660:	4635      	mov	r5, r6
20000662:	e6d9      	b.n	20000418 <dcd_rp2040_irq+0x80>
20000664:	50110000 	.word	0x50110000
20000668:	400b0000 	.word	0x400b0000
2000066c:	20002020 	.word	0x20002020
20000670:	20002010 	.word	0x20002010
20000674:	20002482 	.word	0x20002482
20000678:	50113000 	.word	0x50113000
2000067c:	00020010 	.word	0x00020010
20000680:	50100000 	.word	0x50100000
20000684:	50112000 	.word	0x50112000
20000688:	20002400 	.word	0x20002400
2000068c:	f893 623a 	ldrb.w	r6, [r3, #570]	@ 0x23a
20000690:	2e00      	cmp	r6, #0
20000692:	f43f aebc 	beq.w	2000040e <dcd_rp2040_irq+0x76>
20000696:	f893 223c 	ldrb.w	r2, [r3, #572]	@ 0x23c
2000069a:	2a00      	cmp	r2, #0
2000069c:	f040 80a4 	bne.w	200007e8 <dcd_rp2040_irq+0x450>
200006a0:	4635      	mov	r5, r6
200006a2:	e6b4      	b.n	2000040e <dcd_rp2040_irq+0x76>
200006a4:	f893 61fa 	ldrb.w	r6, [r3, #506]	@ 0x1fa
200006a8:	2e00      	cmp	r6, #0
200006aa:	f43f aeab 	beq.w	20000404 <dcd_rp2040_irq+0x6c>
200006ae:	f893 21fc 	ldrb.w	r2, [r3, #508]	@ 0x1fc
200006b2:	2a00      	cmp	r2, #0
200006b4:	f040 808f 	bne.w	200007d6 <dcd_rp2040_irq+0x43e>
200006b8:	4635      	mov	r5, r6
200006ba:	e6a3      	b.n	20000404 <dcd_rp2040_irq+0x6c>
200006bc:	f893 61ba 	ldrb.w	r6, [r3, #442]	@ 0x1ba
200006c0:	2e00      	cmp	r6, #0
200006c2:	f43f ae9a 	beq.w	200003fa <dcd_rp2040_irq+0x62>
200006c6:	f893 21bc 	ldrb.w	r2, [r3, #444]	@ 0x1bc
200006ca:	2a00      	cmp	r2, #0
200006cc:	d17a      	bne.n	200007c4 <dcd_rp2040_irq+0x42c>
200006ce:	4635      	mov	r5, r6
200006d0:	e693      	b.n	200003fa <dcd_rp2040_irq+0x62>
200006d2:	f893 617a 	ldrb.w	r6, [r3, #378]	@ 0x17a
200006d6:	2e00      	cmp	r6, #0
200006d8:	f43f ae8a 	beq.w	200003f0 <dcd_rp2040_irq+0x58>
200006dc:	f893 217c 	ldrb.w	r2, [r3, #380]	@ 0x17c
200006e0:	2a00      	cmp	r2, #0
200006e2:	d166      	bne.n	200007b2 <dcd_rp2040_irq+0x41a>
200006e4:	4635      	mov	r5, r6
200006e6:	e683      	b.n	200003f0 <dcd_rp2040_irq+0x58>
200006e8:	f893 613a 	ldrb.w	r6, [r3, #314]	@ 0x13a
200006ec:	2e00      	cmp	r6, #0
200006ee:	f43f ae7a 	beq.w	200003e6 <dcd_rp2040_irq+0x4e>
200006f2:	f893 213c 	ldrb.w	r2, [r3, #316]	@ 0x13c
200006f6:	2a00      	cmp	r2, #0
200006f8:	f040 8091 	bne.w	2000081e <dcd_rp2040_irq+0x486>
200006fc:	4635      	mov	r5, r6
200006fe:	e672      	b.n	200003e6 <dcd_rp2040_irq+0x4e>
20000700:	f893 60fa 	ldrb.w	r6, [r3, #250]	@ 0xfa
20000704:	2e00      	cmp	r6, #0
20000706:	f43f ae69 	beq.w	200003dc <dcd_rp2040_irq+0x44>
2000070a:	f893 20fc 	ldrb.w	r2, [r3, #252]	@ 0xfc
2000070e:	2a00      	cmp	r2, #0
20000710:	d17c      	bne.n	2000080c <dcd_rp2040_irq+0x474>
20000712:	4635      	mov	r5, r6
20000714:	e662      	b.n	200003dc <dcd_rp2040_irq+0x44>
20000716:	f893 60ba 	ldrb.w	r6, [r3, #186]	@ 0xba
2000071a:	2e00      	cmp	r6, #0
2000071c:	f43f ae59 	beq.w	200003d2 <dcd_rp2040_irq+0x3a>
20000720:	f893 20bc 	ldrb.w	r2, [r3, #188]	@ 0xbc
20000724:	2a00      	cmp	r2, #0
20000726:	d13b      	bne.n	200007a0 <dcd_rp2040_irq+0x408>
20000728:	4635      	mov	r5, r6
2000072a:	e652      	b.n	200003d2 <dcd_rp2040_irq+0x3a>
2000072c:	f893 607a 	ldrb.w	r6, [r3, #122]	@ 0x7a
20000730:	2e00      	cmp	r6, #0
20000732:	f43f ae49 	beq.w	200003c8 <dcd_rp2040_irq+0x30>
20000736:	f893 207c 	ldrb.w	r2, [r3, #124]	@ 0x7c
2000073a:	2a00      	cmp	r2, #0
2000073c:	d178      	bne.n	20000830 <dcd_rp2040_irq+0x498>
2000073e:	4635      	mov	r5, r6
20000740:	e642      	b.n	200003c8 <dcd_rp2040_irq+0x30>
20000742:	f893 23ba 	ldrb.w	r2, [r3, #954]	@ 0x3ba
20000746:	2a00      	cmp	r2, #0
20000748:	f43f ae7f 	beq.w	2000044a <dcd_rp2040_irq+0xb2>
2000074c:	f893 23bc 	ldrb.w	r2, [r3, #956]	@ 0x3bc
20000750:	2a00      	cmp	r2, #0
20000752:	d17e      	bne.n	20000852 <dcd_rp2040_irq+0x4ba>
20000754:	f893 23fb 	ldrb.w	r2, [r3, #1019]	@ 0x3fb
20000758:	2a02      	cmp	r2, #2
2000075a:	f47f ae84 	bne.w	20000466 <dcd_rp2040_irq+0xce>
2000075e:	f893 23fa 	ldrb.w	r2, [r3, #1018]	@ 0x3fa
20000762:	2a00      	cmp	r2, #0
20000764:	f43f ae7f 	beq.w	20000466 <dcd_rp2040_irq+0xce>
20000768:	e740      	b.n	200005ec <dcd_rp2040_irq+0x254>
2000076a:	2200      	movs	r2, #0
2000076c:	483f      	ldr	r0, [pc, #252]	@ (2000086c <dcd_rp2040_irq+0x4d4>)
2000076e:	f883 233c 	strb.w	r2, [r3, #828]	@ 0x33c
20000772:	4635      	mov	r5, r6
20000774:	f000 f9c0 	bl	20000af8 <hw_endpoint_start_next_buffer>
20000778:	4b3d      	ldr	r3, [pc, #244]	@ (20000870 <dcd_rp2040_irq+0x4d8>)
2000077a:	e65c      	b.n	20000436 <dcd_rp2040_irq+0x9e>
2000077c:	2200      	movs	r2, #0
2000077e:	483d      	ldr	r0, [pc, #244]	@ (20000874 <dcd_rp2040_irq+0x4dc>)
20000780:	f883 22bc 	strb.w	r2, [r3, #700]	@ 0x2bc
20000784:	4635      	mov	r5, r6
20000786:	f000 f9b7 	bl	20000af8 <hw_endpoint_start_next_buffer>
2000078a:	4b39      	ldr	r3, [pc, #228]	@ (20000870 <dcd_rp2040_irq+0x4d8>)
2000078c:	e649      	b.n	20000422 <dcd_rp2040_irq+0x8a>
2000078e:	2200      	movs	r2, #0
20000790:	4839      	ldr	r0, [pc, #228]	@ (20000878 <dcd_rp2040_irq+0x4e0>)
20000792:	f883 22fc 	strb.w	r2, [r3, #764]	@ 0x2fc
20000796:	4635      	mov	r5, r6
20000798:	f000 f9ae 	bl	20000af8 <hw_endpoint_start_next_buffer>
2000079c:	4b34      	ldr	r3, [pc, #208]	@ (20000870 <dcd_rp2040_irq+0x4d8>)
2000079e:	e645      	b.n	2000042c <dcd_rp2040_irq+0x94>
200007a0:	2200      	movs	r2, #0
200007a2:	4836      	ldr	r0, [pc, #216]	@ (2000087c <dcd_rp2040_irq+0x4e4>)
200007a4:	f883 20bc 	strb.w	r2, [r3, #188]	@ 0xbc
200007a8:	4635      	mov	r5, r6
200007aa:	f000 f9a5 	bl	20000af8 <hw_endpoint_start_next_buffer>
200007ae:	4b30      	ldr	r3, [pc, #192]	@ (20000870 <dcd_rp2040_irq+0x4d8>)
200007b0:	e60f      	b.n	200003d2 <dcd_rp2040_irq+0x3a>
200007b2:	2200      	movs	r2, #0
200007b4:	4832      	ldr	r0, [pc, #200]	@ (20000880 <dcd_rp2040_irq+0x4e8>)
200007b6:	f883 217c 	strb.w	r2, [r3, #380]	@ 0x17c
200007ba:	4635      	mov	r5, r6
200007bc:	f000 f99c 	bl	20000af8 <hw_endpoint_start_next_buffer>
200007c0:	4b2b      	ldr	r3, [pc, #172]	@ (20000870 <dcd_rp2040_irq+0x4d8>)
200007c2:	e615      	b.n	200003f0 <dcd_rp2040_irq+0x58>
200007c4:	2200      	movs	r2, #0
200007c6:	482f      	ldr	r0, [pc, #188]	@ (20000884 <dcd_rp2040_irq+0x4ec>)
200007c8:	f883 21bc 	strb.w	r2, [r3, #444]	@ 0x1bc
200007cc:	4635      	mov	r5, r6
200007ce:	f000 f993 	bl	20000af8 <hw_endpoint_start_next_buffer>
200007d2:	4b27      	ldr	r3, [pc, #156]	@ (20000870 <dcd_rp2040_irq+0x4d8>)
200007d4:	e611      	b.n	200003fa <dcd_rp2040_irq+0x62>
200007d6:	2200      	movs	r2, #0
200007d8:	482b      	ldr	r0, [pc, #172]	@ (20000888 <dcd_rp2040_irq+0x4f0>)
200007da:	f883 21fc 	strb.w	r2, [r3, #508]	@ 0x1fc
200007de:	4635      	mov	r5, r6
200007e0:	f000 f98a 	bl	20000af8 <hw_endpoint_start_next_buffer>
200007e4:	4b22      	ldr	r3, [pc, #136]	@ (20000870 <dcd_rp2040_irq+0x4d8>)
200007e6:	e60d      	b.n	20000404 <dcd_rp2040_irq+0x6c>
200007e8:	2200      	movs	r2, #0
200007ea:	4828      	ldr	r0, [pc, #160]	@ (2000088c <dcd_rp2040_irq+0x4f4>)
200007ec:	f883 223c 	strb.w	r2, [r3, #572]	@ 0x23c
200007f0:	4635      	mov	r5, r6
200007f2:	f000 f981 	bl	20000af8 <hw_endpoint_start_next_buffer>
200007f6:	4b1e      	ldr	r3, [pc, #120]	@ (20000870 <dcd_rp2040_irq+0x4d8>)
200007f8:	e609      	b.n	2000040e <dcd_rp2040_irq+0x76>
200007fa:	2200      	movs	r2, #0
200007fc:	4824      	ldr	r0, [pc, #144]	@ (20000890 <dcd_rp2040_irq+0x4f8>)
200007fe:	f883 227c 	strb.w	r2, [r3, #636]	@ 0x27c
20000802:	4635      	mov	r5, r6
20000804:	f000 f978 	bl	20000af8 <hw_endpoint_start_next_buffer>
20000808:	4b19      	ldr	r3, [pc, #100]	@ (20000870 <dcd_rp2040_irq+0x4d8>)
2000080a:	e605      	b.n	20000418 <dcd_rp2040_irq+0x80>
2000080c:	2200      	movs	r2, #0
2000080e:	4821      	ldr	r0, [pc, #132]	@ (20000894 <dcd_rp2040_irq+0x4fc>)
20000810:	f883 20fc 	strb.w	r2, [r3, #252]	@ 0xfc
20000814:	4635      	mov	r5, r6
20000816:	f000 f96f 	bl	20000af8 <hw_endpoint_start_next_buffer>
2000081a:	4b15      	ldr	r3, [pc, #84]	@ (20000870 <dcd_rp2040_irq+0x4d8>)
2000081c:	e5de      	b.n	200003dc <dcd_rp2040_irq+0x44>
2000081e:	2200      	movs	r2, #0
20000820:	481d      	ldr	r0, [pc, #116]	@ (20000898 <dcd_rp2040_irq+0x500>)
20000822:	f883 213c 	strb.w	r2, [r3, #316]	@ 0x13c
20000826:	4635      	mov	r5, r6
20000828:	f000 f966 	bl	20000af8 <hw_endpoint_start_next_buffer>
2000082c:	4b10      	ldr	r3, [pc, #64]	@ (20000870 <dcd_rp2040_irq+0x4d8>)
2000082e:	e5da      	b.n	200003e6 <dcd_rp2040_irq+0x4e>
20000830:	2200      	movs	r2, #0
20000832:	481a      	ldr	r0, [pc, #104]	@ (2000089c <dcd_rp2040_irq+0x504>)
20000834:	f883 207c 	strb.w	r2, [r3, #124]	@ 0x7c
20000838:	4635      	mov	r5, r6
2000083a:	f000 f95d 	bl	20000af8 <hw_endpoint_start_next_buffer>
2000083e:	4b0c      	ldr	r3, [pc, #48]	@ (20000870 <dcd_rp2040_irq+0x4d8>)
20000840:	e5c2      	b.n	200003c8 <dcd_rp2040_irq+0x30>
20000842:	2200      	movs	r2, #0
20000844:	4816      	ldr	r0, [pc, #88]	@ (200008a0 <dcd_rp2040_irq+0x508>)
20000846:	f883 237c 	strb.w	r2, [r3, #892]	@ 0x37c
2000084a:	f000 f955 	bl	20000af8 <hw_endpoint_start_next_buffer>
2000084e:	4b08      	ldr	r3, [pc, #32]	@ (20000870 <dcd_rp2040_irq+0x4d8>)
20000850:	e6b7      	b.n	200005c2 <dcd_rp2040_irq+0x22a>
20000852:	2200      	movs	r2, #0
20000854:	4813      	ldr	r0, [pc, #76]	@ (200008a4 <dcd_rp2040_irq+0x50c>)
20000856:	f883 23bc 	strb.w	r2, [r3, #956]	@ 0x3bc
2000085a:	f000 f94d 	bl	20000af8 <hw_endpoint_start_next_buffer>
2000085e:	4b04      	ldr	r3, [pc, #16]	@ (20000870 <dcd_rp2040_irq+0x4d8>)
20000860:	e778      	b.n	20000754 <dcd_rp2040_irq+0x3bc>
20000862:	4811      	ldr	r0, [pc, #68]	@ (200008a8 <dcd_rp2040_irq+0x510>)
20000864:	ea85 0104 	eor.w	r1, r5, r4
20000868:	f000 fd1e 	bl	200012a8 <__panic_veneer>
2000086c:	20002340 	.word	0x20002340
20000870:	20002020 	.word	0x20002020
20000874:	200022c0 	.word	0x200022c0
20000878:	20002300 	.word	0x20002300
2000087c:	200020c0 	.word	0x200020c0
20000880:	20002180 	.word	0x20002180
20000884:	200021c0 	.word	0x200021c0
20000888:	20002200 	.word	0x20002200
2000088c:	20002240 	.word	0x20002240
20000890:	20002280 	.word	0x20002280
20000894:	20002100 	.word	0x20002100
20000898:	20002140 	.word	0x20002140
2000089c:	20002080 	.word	0x20002080
200008a0:	20002380 	.word	0x20002380
200008a4:	200023c0 	.word	0x200023c0
200008a8:	10006c78 	.word	0x10006c78

200008ac <prepare_ep_buffer>:
200008ac:	e92d 43f0 	stmdb	sp!, {r4, r5, r6, r7, r8, r9, lr}
200008b0:	8a82      	ldrh	r2, [r0, #20]
200008b2:	f8b0 e018 	ldrh.w	lr, [r0, #24]
200008b6:	4603      	mov	r3, r0
200008b8:	4596      	cmp	lr, r2
200008ba:	78c0      	ldrb	r0, [r0, #3]
200008bc:	bf28      	it	cs
200008be:	4696      	movcs	lr, r2
200008c0:	1e04      	subs	r4, r0, #0
200008c2:	bf18      	it	ne
200008c4:	2401      	movne	r4, #1
200008c6:	f080 0001 	eor.w	r0, r0, #1
200008ca:	460d      	mov	r5, r1
200008cc:	eba2 020e 	sub.w	r2, r2, lr
200008d0:	7859      	ldrb	r1, [r3, #1]
200008d2:	70d8      	strb	r0, [r3, #3]
200008d4:	b292      	uxth	r2, r2
200008d6:	f44e 6080 	orr.w	r0, lr, #1024	@ 0x400
200008da:	829a      	strh	r2, [r3, #20]
200008dc:	ea40 3044 	orr.w	r0, r0, r4, lsl #13
200008e0:	bba1      	cbnz	r1, 2000094c <prepare_ep_buffer+0xa0>
200008e2:	6919      	ldr	r1, [r3, #16]
200008e4:	f1be 0f00 	cmp.w	lr, #0
200008e8:	d02c      	beq.n	20000944 <prepare_ep_buffer+0x98>
200008ea:	f10e 34ff 	add.w	r4, lr, #4294967295
200008ee:	68da      	ldr	r2, [r3, #12]
200008f0:	2c05      	cmp	r4, #5
200008f2:	46a1      	mov	r9, r4
200008f4:	eb02 1885 	add.w	r8, r2, r5, lsl #6
200008f8:	d92f      	bls.n	2000095a <prepare_ep_buffer+0xae>
200008fa:	eba8 0401 	sub.w	r4, r8, r1
200008fe:	3c01      	subs	r4, #1
20000900:	2c02      	cmp	r4, #2
20000902:	46c4      	mov	ip, r8
20000904:	460a      	mov	r2, r1
20000906:	d928      	bls.n	2000095a <prepare_ep_buffer+0xae>
20000908:	ea4f 079e 	mov.w	r7, lr, lsr #2
2000090c:	eb01 0687 	add.w	r6, r1, r7, lsl #2
20000910:	f852 4b04 	ldr.w	r4, [r2], #4
20000914:	4296      	cmp	r6, r2
20000916:	f84c 4b04 	str.w	r4, [ip], #4
2000091a:	d1f9      	bne.n	20000910 <prepare_ep_buffer+0x64>
2000091c:	ebbe 0f87 	cmp.w	lr, r7, lsl #2
20000920:	d00e      	beq.n	20000940 <prepare_ep_buffer+0x94>
20000922:	f811 2027 	ldrb.w	r2, [r1, r7, lsl #2]
20000926:	ebb9 0187 	subs.w	r1, r9, r7, lsl #2
2000092a:	f808 2027 	strb.w	r2, [r8, r7, lsl #2]
2000092e:	eb08 0287 	add.w	r2, r8, r7, lsl #2
20000932:	d005      	beq.n	20000940 <prepare_ep_buffer+0x94>
20000934:	7874      	ldrb	r4, [r6, #1]
20000936:	2901      	cmp	r1, #1
20000938:	7054      	strb	r4, [r2, #1]
2000093a:	d001      	beq.n	20000940 <prepare_ep_buffer+0x94>
2000093c:	78b1      	ldrb	r1, [r6, #2]
2000093e:	7091      	strb	r1, [r2, #2]
20000940:	6919      	ldr	r1, [r3, #16]
20000942:	8a9a      	ldrh	r2, [r3, #20]
20000944:	4471      	add	r1, lr
20000946:	6119      	str	r1, [r3, #16]
20000948:	f440 4000 	orr.w	r0, r0, #32768	@ 0x8000
2000094c:	b90a      	cbnz	r2, 20000952 <prepare_ep_buffer+0xa6>
2000094e:	f440 4080 	orr.w	r0, r0, #16384	@ 0x4000
20000952:	b105      	cbz	r5, 20000956 <prepare_ep_buffer+0xaa>
20000954:	0400      	lsls	r0, r0, #16
20000956:	e8bd 83f0 	ldmia.w	sp!, {r4, r5, r6, r7, r8, r9, pc}
2000095a:	f108 32ff 	add.w	r2, r8, #4294967295
2000095e:	eb01 060e 	add.w	r6, r1, lr
20000962:	f811 4b01 	ldrb.w	r4, [r1], #1
20000966:	42b1      	cmp	r1, r6
20000968:	f802 4f01 	strb.w	r4, [r2, #1]!
2000096c:	d1f9      	bne.n	20000962 <prepare_ep_buffer+0xb6>
2000096e:	e7e7      	b.n	20000940 <prepare_ep_buffer+0x94>

20000970 <sync_ep_buffer>:
20000970:	6883      	ldr	r3, [r0, #8]
20000972:	e92d 41f0 	stmdb	sp!, {r4, r5, r6, r7, r8, lr}
20000976:	4605      	mov	r5, r0
20000978:	6818      	ldr	r0, [r3, #0]
2000097a:	b101      	cbz	r1, 2000097e <sync_ep_buffer+0xe>
2000097c:	0c00      	lsrs	r0, r0, #16
2000097e:	786a      	ldrb	r2, [r5, #1]
20000980:	f3c0 0009 	ubfx	r0, r0, #0, #10
20000984:	b94a      	cbnz	r2, 2000099a <sync_ep_buffer+0x2a>
20000986:	8aeb      	ldrh	r3, [r5, #22]
20000988:	4403      	add	r3, r0
2000098a:	82eb      	strh	r3, [r5, #22]
2000098c:	8b2b      	ldrh	r3, [r5, #24]
2000098e:	4283      	cmp	r3, r0
20000990:	bf84      	itt	hi
20000992:	2300      	movhi	r3, #0
20000994:	82ab      	strhhi	r3, [r5, #20]
20000996:	e8bd 81f0 	ldmia.w	sp!, {r4, r5, r6, r7, r8, pc}
2000099a:	f8d5 c010 	ldr.w	ip, [r5, #16]
2000099e:	b388      	cbz	r0, 20000a04 <sync_ep_buffer+0x94>
200009a0:	1e42      	subs	r2, r0, #1
200009a2:	68eb      	ldr	r3, [r5, #12]
200009a4:	2a05      	cmp	r2, #5
200009a6:	4616      	mov	r6, r2
200009a8:	eb03 1e81 	add.w	lr, r3, r1, lsl #6
200009ac:	d931      	bls.n	20000a12 <sync_ep_buffer+0xa2>
200009ae:	0189      	lsls	r1, r1, #6
200009b0:	1c4c      	adds	r4, r1, #1
200009b2:	441c      	add	r4, r3
200009b4:	ebac 0404 	sub.w	r4, ip, r4
200009b8:	2c02      	cmp	r4, #2
200009ba:	4662      	mov	r2, ip
200009bc:	d929      	bls.n	20000a12 <sync_ep_buffer+0xa2>
200009be:	f400 717f 	and.w	r1, r0, #1020	@ 0x3fc
200009c2:	4673      	mov	r3, lr
200009c4:	460f      	mov	r7, r1
200009c6:	ea4f 0890 	mov.w	r8, r0, lsr #2
200009ca:	185c      	adds	r4, r3, r1
200009cc:	f853 1b04 	ldr.w	r1, [r3], #4
200009d0:	42a3      	cmp	r3, r4
200009d2:	f842 1b04 	str.w	r1, [r2], #4
200009d6:	d1f9      	bne.n	200009cc <sync_ep_buffer+0x5c>
200009d8:	42b8      	cmp	r0, r7
200009da:	d011      	beq.n	20000a00 <sync_ep_buffer+0x90>
200009dc:	f81e 3028 	ldrb.w	r3, [lr, r8, lsl #2]
200009e0:	44be      	add	lr, r7
200009e2:	f80c 3028 	strb.w	r3, [ip, r8, lsl #2]
200009e6:	1bf3      	subs	r3, r6, r7
200009e8:	44bc      	add	ip, r7
200009ea:	d009      	beq.n	20000a00 <sync_ep_buffer+0x90>
200009ec:	f89e 2001 	ldrb.w	r2, [lr, #1]
200009f0:	2b01      	cmp	r3, #1
200009f2:	f88c 2001 	strb.w	r2, [ip, #1]
200009f6:	d003      	beq.n	20000a00 <sync_ep_buffer+0x90>
200009f8:	f89e 3002 	ldrb.w	r3, [lr, #2]
200009fc:	f88c 3002 	strb.w	r3, [ip, #2]
20000a00:	f8d5 c010 	ldr.w	ip, [r5, #16]
20000a04:	8aea      	ldrh	r2, [r5, #22]
20000a06:	eb0c 0300 	add.w	r3, ip, r0
20000a0a:	4402      	add	r2, r0
20000a0c:	82ea      	strh	r2, [r5, #22]
20000a0e:	612b      	str	r3, [r5, #16]
20000a10:	e7bc      	b.n	2000098c <sync_ep_buffer+0x1c>
20000a12:	f10c 3cff 	add.w	ip, ip, #4294967295
20000a16:	eb0e 0200 	add.w	r2, lr, r0
20000a1a:	f81e 3b01 	ldrb.w	r3, [lr], #1
20000a1e:	4572      	cmp	r2, lr
20000a20:	f80c 3f01 	strb.w	r3, [ip, #1]!
20000a24:	d1f9      	bne.n	20000a1a <sync_ep_buffer+0xaa>
20000a26:	e7eb      	b.n	20000a00 <sync_ep_buffer+0x90>

20000a28 <_hw_endpoint_xfer_sync>:
20000a28:	b510      	push	{r4, lr}
20000a2a:	4604      	mov	r4, r0
20000a2c:	6883      	ldr	r3, [r0, #8]
20000a2e:	2100      	movs	r1, #0
20000a30:	681b      	ldr	r3, [r3, #0]
20000a32:	f7ff ff9d 	bl	20000970 <sync_ep_buffer>
20000a36:	6863      	ldr	r3, [r4, #4]
20000a38:	681b      	ldr	r3, [r3, #0]
20000a3a:	005b      	lsls	r3, r3, #1
20000a3c:	d502      	bpl.n	20000a44 <_hw_endpoint_xfer_sync+0x1c>
20000a3e:	8b23      	ldrh	r3, [r4, #24]
20000a40:	4283      	cmp	r3, r0
20000a42:	d000      	beq.n	20000a46 <_hw_endpoint_xfer_sync+0x1e>
20000a44:	bd10      	pop	{r4, pc}
20000a46:	4620      	mov	r0, r4
20000a48:	e8bd 4010 	ldmia.w	sp!, {r4, lr}
20000a4c:	2101      	movs	r1, #1
20000a4e:	f7ff bf8f 	b.w	20000970 <sync_ep_buffer>
20000a52:	bf00      	nop

20000a54 <e15_is_bulkin_ep>:
20000a54:	4b08      	ldr	r3, [pc, #32]	@ (20000a78 <e15_is_bulkin_ep+0x24>)
20000a56:	6c1b      	ldr	r3, [r3, #64]	@ 0x40
20000a58:	f013 0302 	ands.w	r3, r3, #2
20000a5c:	d102      	bne.n	20000a64 <e15_is_bulkin_ep+0x10>
20000a5e:	7882      	ldrb	r2, [r0, #2]
20000a60:	09d2      	lsrs	r2, r2, #7
20000a62:	d101      	bne.n	20000a68 <e15_is_bulkin_ep+0x14>
20000a64:	2000      	movs	r0, #0
20000a66:	4770      	bx	lr
20000a68:	7ec0      	ldrb	r0, [r0, #27]
20000a6a:	f1a0 0002 	sub.w	r0, r0, #2
20000a6e:	fab0 f080 	clz	r0, r0
20000a72:	0940      	lsrs	r0, r0, #5
20000a74:	4770      	bx	lr
20000a76:	bf00      	nop
20000a78:	50110000 	.word	0x50110000

20000a7c <e15_is_critical_frame_period>:
20000a7c:	b508      	push	{r3, lr}
20000a7e:	f7ff ffe9 	bl	20000a54 <e15_is_bulkin_ep>
20000a82:	b150      	cbz	r0, 20000a9a <e15_is_critical_frame_period+0x1e>
20000a84:	4a05      	ldr	r2, [pc, #20]	@ (20000a9c <e15_is_critical_frame_period+0x20>)
20000a86:	4b06      	ldr	r3, [pc, #24]	@ (20000aa0 <e15_is_critical_frame_period+0x24>)
20000a88:	6a90      	ldr	r0, [r2, #40]	@ 0x28
20000a8a:	681b      	ldr	r3, [r3, #0]
20000a8c:	f5a0 7048 	sub.w	r0, r0, #800	@ 0x320
20000a90:	1ac0      	subs	r0, r0, r3
20000a92:	28c6      	cmp	r0, #198	@ 0xc6
20000a94:	bf8c      	ite	hi
20000a96:	2000      	movhi	r0, #0
20000a98:	2001      	movls	r0, #1
20000a9a:	bd08      	pop	{r3, pc}
20000a9c:	400b0000 	.word	0x400b0000
20000aa0:	20002010 	.word	0x20002010

20000aa4 <hw_endpoint_reset_transfer>:
20000aa4:	2300      	movs	r3, #0
20000aa6:	e9c0 3304 	strd	r3, r3, [r0, #16]
20000aaa:	7683      	strb	r3, [r0, #26]
20000aac:	4770      	bx	lr
20000aae:	bf00      	nop

20000ab0 <_hw_endpoint_buffer_control_update32>:
20000ab0:	b508      	push	{r3, lr}
20000ab2:	6883      	ldr	r3, [r0, #8]
20000ab4:	b119      	cbz	r1, 20000abe <_hw_endpoint_buffer_control_update32+0xe>
20000ab6:	f8d3 c000 	ldr.w	ip, [r3]
20000aba:	ea01 010c 	and.w	r1, r1, ip
20000abe:	b18a      	cbz	r2, 20000ae4 <_hw_endpoint_buffer_control_update32+0x34>
20000ac0:	4311      	orrs	r1, r2
20000ac2:	0552      	lsls	r2, r2, #21
20000ac4:	d50e      	bpl.n	20000ae4 <_hw_endpoint_buffer_control_update32+0x34>
20000ac6:	681a      	ldr	r2, [r3, #0]
20000ac8:	0552      	lsls	r2, r2, #21
20000aca:	d40d      	bmi.n	20000ae8 <_hw_endpoint_buffer_control_update32+0x38>
20000acc:	4a08      	ldr	r2, [pc, #32]	@ (20000af0 <_hw_endpoint_buffer_control_update32+0x40>)
20000ace:	f421 6c80 	bic.w	ip, r1, #1024	@ 0x400
20000ad2:	f8c3 c000 	str.w	ip, [r3]
20000ad6:	6c12      	ldr	r2, [r2, #64]	@ 0x40
20000ad8:	0792      	lsls	r2, r2, #30
20000ada:	d403      	bmi.n	20000ae4 <_hw_endpoint_buffer_control_update32+0x34>
20000adc:	230c      	movs	r3, #12
20000ade:	3b03      	subs	r3, #3
20000ae0:	d2fd      	bcs.n	20000ade <_hw_endpoint_buffer_control_update32+0x2e>
20000ae2:	6883      	ldr	r3, [r0, #8]
20000ae4:	6019      	str	r1, [r3, #0]
20000ae6:	bd08      	pop	{r3, pc}
20000ae8:	7881      	ldrb	r1, [r0, #2]
20000aea:	4802      	ldr	r0, [pc, #8]	@ (20000af4 <_hw_endpoint_buffer_control_update32+0x44>)
20000aec:	f000 fbdc 	bl	200012a8 <__panic_veneer>
20000af0:	50110000 	.word	0x50110000
20000af4:	10006c8c 	.word	0x10006c8c

20000af8 <hw_endpoint_start_next_buffer>:
20000af8:	b530      	push	{r4, r5, lr}
20000afa:	6843      	ldr	r3, [r0, #4]
20000afc:	2100      	movs	r1, #0
20000afe:	b083      	sub	sp, #12
20000b00:	4605      	mov	r5, r0
20000b02:	681c      	ldr	r4, [r3, #0]
20000b04:	f7ff fed2 	bl	200008ac <prepare_ep_buffer>
20000b08:	4b13      	ldr	r3, [pc, #76]	@ (20000b58 <hw_endpoint_start_next_buffer+0x60>)
20000b0a:	f440 5280 	orr.w	r2, r0, #4096	@ 0x1000
20000b0e:	6c19      	ldr	r1, [r3, #64]	@ 0x40
20000b10:	78ab      	ldrb	r3, [r5, #2]
20000b12:	0789      	lsls	r1, r1, #30
20000b14:	d50e      	bpl.n	20000b34 <hw_endpoint_start_next_buffer+0x3c>
20000b16:	065b      	lsls	r3, r3, #25
20000b18:	d00e      	beq.n	20000b38 <hw_endpoint_start_next_buffer+0x40>
20000b1a:	f024 44a0 	bic.w	r4, r4, #1342177280	@ 0x50000000
20000b1e:	f044 5400 	orr.w	r4, r4, #536870912	@ 0x20000000
20000b22:	2100      	movs	r1, #0
20000b24:	4628      	mov	r0, r5
20000b26:	686b      	ldr	r3, [r5, #4]
20000b28:	601c      	str	r4, [r3, #0]
20000b2a:	b003      	add	sp, #12
20000b2c:	e8bd 4030 	ldmia.w	sp!, {r4, r5, lr}
20000b30:	f7ff bfbe 	b.w	20000ab0 <_hw_endpoint_buffer_control_update32>
20000b34:	09db      	lsrs	r3, r3, #7
20000b36:	d0f0      	beq.n	20000b1a <hw_endpoint_start_next_buffer+0x22>
20000b38:	8aab      	ldrh	r3, [r5, #20]
20000b3a:	2b00      	cmp	r3, #0
20000b3c:	d0ed      	beq.n	20000b1a <hw_endpoint_start_next_buffer+0x22>
20000b3e:	2101      	movs	r1, #1
20000b40:	4628      	mov	r0, r5
20000b42:	9201      	str	r2, [sp, #4]
20000b44:	f7ff feb2 	bl	200008ac <prepare_ep_buffer>
20000b48:	9a01      	ldr	r2, [sp, #4]
20000b4a:	f024 5400 	bic.w	r4, r4, #536870912	@ 0x20000000
20000b4e:	4302      	orrs	r2, r0
20000b50:	f044 44a0 	orr.w	r4, r4, #1342177280	@ 0x50000000
20000b54:	e7e5      	b.n	20000b22 <hw_endpoint_start_next_buffer+0x2a>
20000b56:	bf00      	nop
20000b58:	50110000 	.word	0x50110000

20000b5c <hw_endpoint_xfer_continue>:
20000b5c:	b538      	push	{r3, r4, r5, lr}
20000b5e:	7e85      	ldrb	r5, [r0, #26]
20000b60:	4604      	mov	r4, r0
20000b62:	b195      	cbz	r5, 20000b8a <hw_endpoint_xfer_continue+0x2e>
20000b64:	f7ff ff60 	bl	20000a28 <_hw_endpoint_xfer_sync>
20000b68:	8aa3      	ldrh	r3, [r4, #20]
20000b6a:	b90b      	cbnz	r3, 20000b70 <hw_endpoint_xfer_continue+0x14>
20000b6c:	4628      	mov	r0, r5
20000b6e:	bd38      	pop	{r3, r4, r5, pc}
20000b70:	4620      	mov	r0, r4
20000b72:	f7ff ff83 	bl	20000a7c <e15_is_critical_frame_period>
20000b76:	b120      	cbz	r0, 20000b82 <hw_endpoint_xfer_continue+0x26>
20000b78:	2301      	movs	r3, #1
20000b7a:	7723      	strb	r3, [r4, #28]
20000b7c:	2500      	movs	r5, #0
20000b7e:	4628      	mov	r0, r5
20000b80:	bd38      	pop	{r3, r4, r5, pc}
20000b82:	4620      	mov	r0, r4
20000b84:	f7ff ffb8 	bl	20000af8 <hw_endpoint_start_next_buffer>
20000b88:	e7f8      	b.n	20000b7c <hw_endpoint_xfer_continue+0x20>
20000b8a:	7881      	ldrb	r1, [r0, #2]
20000b8c:	4801      	ldr	r0, [pc, #4]	@ (20000b94 <hw_endpoint_xfer_continue+0x38>)
20000b8e:	f000 fb8b 	bl	200012a8 <__panic_veneer>
20000b92:	bf00      	nop
20000b94:	10006cac 	.word	0x10006cac

20000b98 <dcd_event_handler>:
20000b98:	b570      	push	{r4, r5, r6, lr}
20000b9a:	7843      	ldrb	r3, [r0, #1]
20000b9c:	4604      	mov	r4, r0
20000b9e:	3b02      	subs	r3, #2
20000ba0:	460e      	mov	r6, r1
20000ba2:	b086      	sub	sp, #24
20000ba4:	2b04      	cmp	r3, #4
20000ba6:	d813      	bhi.n	20000bd0 <dcd_event_handler+0x38>
20000ba8:	e8df f003 	tbb	[pc, r3]
20000bac:	70674903 	.word	0x70674903
20000bb0:	44          	.byte	0x44
20000bb1:	00          	.byte	0x00
20000bb2:	2100      	movs	r1, #0
20000bb4:	4b77      	ldr	r3, [pc, #476]	@ (20000d94 <dcd_event_handler+0x1fc>)
20000bb6:	781a      	ldrb	r2, [r3, #0]
20000bb8:	f022 0201 	bic.w	r2, r2, #1
20000bbc:	701a      	strb	r2, [r3, #0]
20000bbe:	781a      	ldrb	r2, [r3, #0]
20000bc0:	f022 0202 	bic.w	r2, r2, #2
20000bc4:	701a      	strb	r2, [r3, #0]
20000bc6:	7059      	strb	r1, [r3, #1]
20000bc8:	781a      	ldrb	r2, [r3, #0]
20000bca:	f361 0282 	bfi	r2, r1, #2, #1
20000bce:	701a      	strb	r2, [r3, #0]
20000bd0:	4b71      	ldr	r3, [pc, #452]	@ (20000d98 <dcd_event_handler+0x200>)
20000bd2:	681b      	ldr	r3, [r3, #0]
20000bd4:	695a      	ldr	r2, [r3, #20]
20000bd6:	f3ef 8010 	mrs	r0, PRIMASK
20000bda:	b672      	cpsid	i
20000bdc:	e8d2 cfcf 	ldaexb	ip, [r2]
20000be0:	2101      	movs	r1, #1
20000be2:	f1bc 0f00 	cmp.w	ip, #0
20000be6:	d1f9      	bne.n	20000bdc <dcd_event_handler+0x44>
20000be8:	e8c2 1f4c 	strexb	ip, r1, [r2]
20000bec:	f1bc 0f00 	cmp.w	ip, #0
20000bf0:	d1f4      	bne.n	20000bdc <dcd_event_handler+0x44>
20000bf2:	f3bf 8f5f 	dmb	sy
20000bf6:	4621      	mov	r1, r4
20000bf8:	6198      	str	r0, [r3, #24]
20000bfa:	4618      	mov	r0, r3
20000bfc:	9301      	str	r3, [sp, #4]
20000bfe:	f000 fb4b 	bl	20001298 <__tu_fifo_write_veneer>
20000c02:	9b01      	ldr	r3, [sp, #4]
20000c04:	2200      	movs	r2, #0
20000c06:	6959      	ldr	r1, [r3, #20]
20000c08:	e8c1 2f8f 	stlb	r2, [r1]
20000c0c:	699b      	ldr	r3, [r3, #24]
20000c0e:	f383 8810 	msr	PRIMASK, r3
20000c12:	b940      	cbnz	r0, 20000c26 <dcd_event_handler+0x8e>
20000c14:	f04f 23e0 	mov.w	r3, #3758153728	@ 0xe000e000
20000c18:	f8d3 3df0 	ldr.w	r3, [r3, #3568]	@ 0xdf0
20000c1c:	07db      	lsls	r3, r3, #31
20000c1e:	d507      	bpl.n	20000c30 <dcd_event_handler+0x98>
20000c20:	be00      	bkpt	0x0000
20000c22:	b006      	add	sp, #24
20000c24:	bd70      	pop	{r4, r5, r6, pc}
20000c26:	4632      	mov	r2, r6
20000c28:	7861      	ldrb	r1, [r4, #1]
20000c2a:	7820      	ldrb	r0, [r4, #0]
20000c2c:	f000 fb40 	bl	200012b0 <__tud_event_hook_cb_veneer>
20000c30:	b006      	add	sp, #24
20000c32:	bd70      	pop	{r4, r5, r6, pc}
20000c34:	4a59      	ldr	r2, [pc, #356]	@ (20000d9c <dcd_event_handler+0x204>)
20000c36:	7813      	ldrb	r3, [r2, #0]
20000c38:	3301      	adds	r3, #1
20000c3a:	7013      	strb	r3, [r2, #0]
20000c3c:	e7c8      	b.n	20000bd0 <dcd_event_handler+0x38>
20000c3e:	2200      	movs	r2, #0
20000c40:	4b57      	ldr	r3, [pc, #348]	@ (20000da0 <dcd_event_handler+0x208>)
20000c42:	7818      	ldrb	r0, [r3, #0]
20000c44:	4613      	mov	r3, r2
20000c46:	e011      	b.n	20000c6c <dcd_event_handler+0xd4>
20000c48:	4956      	ldr	r1, [pc, #344]	@ (20000da4 <dcd_event_handler+0x20c>)
20000c4a:	6809      	ldr	r1, [r1, #0]
20000c4c:	eb11 1343 	adds.w	r3, r1, r3, lsl #5
20000c50:	d008      	beq.n	20000c64 <dcd_event_handler+0xcc>
20000c52:	69db      	ldr	r3, [r3, #28]
20000c54:	b133      	cbz	r3, 20000c64 <dcd_event_handler+0xcc>
20000c56:	7820      	ldrb	r0, [r4, #0]
20000c58:	6861      	ldr	r1, [r4, #4]
20000c5a:	9201      	str	r2, [sp, #4]
20000c5c:	4798      	blx	r3
20000c5e:	4b50      	ldr	r3, [pc, #320]	@ (20000da0 <dcd_event_handler+0x208>)
20000c60:	9a01      	ldr	r2, [sp, #4]
20000c62:	7818      	ldrb	r0, [r3, #0]
20000c64:	3201      	adds	r2, #1
20000c66:	b2d3      	uxtb	r3, r2
20000c68:	4283      	cmp	r3, r0
20000c6a:	d818      	bhi.n	20000c9e <dcd_event_handler+0x106>
20000c6c:	4298      	cmp	r0, r3
20000c6e:	d8eb      	bhi.n	20000c48 <dcd_event_handler+0xb0>
20000c70:	494d      	ldr	r1, [pc, #308]	@ (20000da8 <dcd_event_handler+0x210>)
20000c72:	1a1b      	subs	r3, r3, r0
20000c74:	eb01 1343 	add.w	r3, r1, r3, lsl #5
20000c78:	e7eb      	b.n	20000c52 <dcd_event_handler+0xba>
20000c7a:	4b46      	ldr	r3, [pc, #280]	@ (20000d94 <dcd_event_handler+0x1fc>)
20000c7c:	781a      	ldrb	r2, [r3, #0]
20000c7e:	07d2      	lsls	r2, r2, #31
20000c80:	d5d6      	bpl.n	20000c30 <dcd_event_handler+0x98>
20000c82:	781a      	ldrb	r2, [r3, #0]
20000c84:	f042 0204 	orr.w	r2, r2, #4
20000c88:	701a      	strb	r2, [r3, #0]
20000c8a:	e7a1      	b.n	20000bd0 <dcd_event_handler+0x38>
20000c8c:	4b41      	ldr	r3, [pc, #260]	@ (20000d94 <dcd_event_handler+0x1fc>)
20000c8e:	781a      	ldrb	r2, [r3, #0]
20000c90:	07d5      	lsls	r5, r2, #31
20000c92:	d5cd      	bpl.n	20000c30 <dcd_event_handler+0x98>
20000c94:	781a      	ldrb	r2, [r3, #0]
20000c96:	f022 0204 	bic.w	r2, r2, #4
20000c9a:	701a      	strb	r2, [r3, #0]
20000c9c:	e798      	b.n	20000bd0 <dcd_event_handler+0x38>
20000c9e:	4b3d      	ldr	r3, [pc, #244]	@ (20000d94 <dcd_event_handler+0x1fc>)
20000ca0:	781a      	ldrb	r2, [r3, #0]
20000ca2:	0750      	lsls	r0, r2, #29
20000ca4:	d433      	bmi.n	20000d0e <dcd_event_handler+0x176>
20000ca6:	78db      	ldrb	r3, [r3, #3]
20000ca8:	07da      	lsls	r2, r3, #31
20000caa:	d5c1      	bpl.n	20000c30 <dcd_event_handler+0x98>
20000cac:	2203      	movs	r2, #3
20000cae:	4b3a      	ldr	r3, [pc, #232]	@ (20000d98 <dcd_event_handler+0x200>)
20000cb0:	7820      	ldrb	r0, [r4, #0]
20000cb2:	6861      	ldr	r1, [r4, #4]
20000cb4:	681b      	ldr	r3, [r3, #0]
20000cb6:	f88d 000c 	strb.w	r0, [sp, #12]
20000cba:	f88d 200d 	strb.w	r2, [sp, #13]
20000cbe:	695a      	ldr	r2, [r3, #20]
20000cc0:	9104      	str	r1, [sp, #16]
20000cc2:	f3ef 8110 	mrs	r1, PRIMASK
20000cc6:	b672      	cpsid	i
20000cc8:	e8d2 4fcf 	ldaexb	r4, [r2]
20000ccc:	2001      	movs	r0, #1
20000cce:	2c00      	cmp	r4, #0
20000cd0:	d1fa      	bne.n	20000cc8 <dcd_event_handler+0x130>
20000cd2:	e8c2 0f44 	strexb	r4, r0, [r2]
20000cd6:	2c00      	cmp	r4, #0
20000cd8:	d1f6      	bne.n	20000cc8 <dcd_event_handler+0x130>
20000cda:	f3bf 8f5f 	dmb	sy
20000cde:	6199      	str	r1, [r3, #24]
20000ce0:	4618      	mov	r0, r3
20000ce2:	a903      	add	r1, sp, #12
20000ce4:	9301      	str	r3, [sp, #4]
20000ce6:	f000 fad7 	bl	20001298 <__tu_fifo_write_veneer>
20000cea:	9b01      	ldr	r3, [sp, #4]
20000cec:	2200      	movs	r2, #0
20000cee:	6959      	ldr	r1, [r3, #20]
20000cf0:	e8c1 2f8f 	stlb	r2, [r1]
20000cf4:	699b      	ldr	r3, [r3, #24]
20000cf6:	f383 8810 	msr	PRIMASK, r3
20000cfa:	2800      	cmp	r0, #0
20000cfc:	d08a      	beq.n	20000c14 <dcd_event_handler+0x7c>
20000cfe:	4632      	mov	r2, r6
20000d00:	f89d 100d 	ldrb.w	r1, [sp, #13]
20000d04:	f89d 000c 	ldrb.w	r0, [sp, #12]
20000d08:	f000 fad2 	bl	200012b0 <__tud_event_hook_cb_veneer>
20000d0c:	e790      	b.n	20000c30 <dcd_event_handler+0x98>
20000d0e:	2500      	movs	r5, #0
20000d10:	2005      	movs	r0, #5
20000d12:	7819      	ldrb	r1, [r3, #0]
20000d14:	e9cd 5504 	strd	r5, r5, [sp, #16]
20000d18:	f021 0104 	bic.w	r1, r1, #4
20000d1c:	9503      	str	r5, [sp, #12]
20000d1e:	7019      	strb	r1, [r3, #0]
20000d20:	f88d 000d 	strb.w	r0, [sp, #13]
20000d24:	4a1c      	ldr	r2, [pc, #112]	@ (20000d98 <dcd_event_handler+0x200>)
20000d26:	7821      	ldrb	r1, [r4, #0]
20000d28:	6812      	ldr	r2, [r2, #0]
20000d2a:	f88d 100c 	strb.w	r1, [sp, #12]
20000d2e:	6951      	ldr	r1, [r2, #20]
20000d30:	f3ef 8010 	mrs	r0, PRIMASK
20000d34:	b672      	cpsid	i
20000d36:	e8d1 efcf 	ldaexb	lr, [r1]
20000d3a:	f05f 0c01 	movs.w	ip, #1
20000d3e:	f1be 0f00 	cmp.w	lr, #0
20000d42:	d1f8      	bne.n	20000d36 <dcd_event_handler+0x19e>
20000d44:	e8c1 cf4e 	strexb	lr, ip, [r1]
20000d48:	f1be 0f00 	cmp.w	lr, #0
20000d4c:	d1f3      	bne.n	20000d36 <dcd_event_handler+0x19e>
20000d4e:	f3bf 8f5f 	dmb	sy
20000d52:	6190      	str	r0, [r2, #24]
20000d54:	a903      	add	r1, sp, #12
20000d56:	4610      	mov	r0, r2
20000d58:	9201      	str	r2, [sp, #4]
20000d5a:	f000 fa9d 	bl	20001298 <__tu_fifo_write_veneer>
20000d5e:	9a01      	ldr	r2, [sp, #4]
20000d60:	6951      	ldr	r1, [r2, #20]
20000d62:	e8c1 5f8f 	stlb	r5, [r1]
20000d66:	6992      	ldr	r2, [r2, #24]
20000d68:	f382 8810 	msr	PRIMASK, r2
20000d6c:	4b09      	ldr	r3, [pc, #36]	@ (20000d94 <dcd_event_handler+0x1fc>)
20000d6e:	b938      	cbnz	r0, 20000d80 <dcd_event_handler+0x1e8>
20000d70:	f04f 22e0 	mov.w	r2, #3758153728	@ 0xe000e000
20000d74:	f8d2 2df0 	ldr.w	r2, [r2, #3568]	@ 0xdf0
20000d78:	07d1      	lsls	r1, r2, #31
20000d7a:	d594      	bpl.n	20000ca6 <dcd_event_handler+0x10e>
20000d7c:	be00      	bkpt	0x0000
20000d7e:	e792      	b.n	20000ca6 <dcd_event_handler+0x10e>
20000d80:	4632      	mov	r2, r6
20000d82:	f89d 100d 	ldrb.w	r1, [sp, #13]
20000d86:	f89d 000c 	ldrb.w	r0, [sp, #12]
20000d8a:	f000 fa91 	bl	200012b0 <__tud_event_hook_cb_veneer>
20000d8e:	4b01      	ldr	r3, [pc, #4]	@ (20000d94 <dcd_event_handler+0x1fc>)
20000d90:	e789      	b.n	20000ca6 <dcd_event_handler+0x10e>
20000d92:	bf00      	nop
20000d94:	20001e88 	.word	0x20001e88
20000d98:	20001ee0 	.word	0x20001ee0
20000d9c:	20002483 	.word	0x20002483
20000da0:	20002481 	.word	0x20002481
20000da4:	20001d80 	.word	0x20001d80
20000da8:	10006f20 	.word	0x10006f20

20000dac <__aeabi_uldivmod>:
20000dac:	b953      	cbnz	r3, 20000dc4 <__aeabi_uldivmod+0x18>
20000dae:	b94a      	cbnz	r2, 20000dc4 <__aeabi_uldivmod+0x18>
20000db0:	2900      	cmp	r1, #0
20000db2:	bf08      	it	eq
20000db4:	2800      	cmpeq	r0, #0
20000db6:	bf1c      	itt	ne
20000db8:	f04f 31ff 	movne.w	r1, #4294967295
20000dbc:	f04f 30ff 	movne.w	r0, #4294967295
20000dc0:	f000 b9ac 	b.w	2000111c <__aeabi_idiv0>
20000dc4:	f1ad 0c08 	sub.w	ip, sp, #8
20000dc8:	e96d ce04 	strd	ip, lr, [sp, #-16]!
20000dcc:	f000 f806 	bl	20000ddc <__udivmoddi4>
20000dd0:	f8dd e004 	ldr.w	lr, [sp, #4]
20000dd4:	e9dd 2302 	ldrd	r2, r3, [sp, #8]
20000dd8:	b004      	add	sp, #16
20000dda:	4770      	bx	lr

20000ddc <__udivmoddi4>:
20000ddc:	e92d 47f0 	stmdb	sp!, {r4, r5, r6, r7, r8, r9, sl, lr}
20000de0:	4606      	mov	r6, r0
20000de2:	b082      	sub	sp, #8
20000de4:	4617      	mov	r7, r2
20000de6:	4608      	mov	r0, r1
20000de8:	9a0a      	ldr	r2, [sp, #40]	@ 0x28
20000dea:	46b4      	mov	ip, r6
20000dec:	460d      	mov	r5, r1
20000dee:	2b00      	cmp	r3, #0
20000df0:	d14d      	bne.n	20000e8e <__udivmoddi4+0xb2>
20000df2:	428f      	cmp	r7, r1
20000df4:	46be      	mov	lr, r7
20000df6:	d965      	bls.n	20000ec4 <__udivmoddi4+0xe8>
20000df8:	fab7 f187 	clz	r1, r7
20000dfc:	b149      	cbz	r1, 20000e12 <__udivmoddi4+0x36>
20000dfe:	f1c1 0320 	rsb	r3, r1, #32
20000e02:	408d      	lsls	r5, r1
20000e04:	fa07 fe01 	lsl.w	lr, r7, r1
20000e08:	fa06 fc01 	lsl.w	ip, r6, r1
20000e0c:	fa26 f303 	lsr.w	r3, r6, r3
20000e10:	431d      	orrs	r5, r3
20000e12:	ea4f 461e 	mov.w	r6, lr, lsr #16
20000e16:	fa1f f08e 	uxth.w	r0, lr
20000e1a:	ea4f 431c 	mov.w	r3, ip, lsr #16
20000e1e:	fbb5 f4f6 	udiv	r4, r5, r6
20000e22:	fb06 5514 	mls	r5, r6, r4, r5
20000e26:	ea43 4305 	orr.w	r3, r3, r5, lsl #16
20000e2a:	fb04 f500 	mul.w	r5, r4, r0
20000e2e:	429d      	cmp	r5, r3
20000e30:	d906      	bls.n	20000e40 <__udivmoddi4+0x64>
20000e32:	eb1e 0303 	adds.w	r3, lr, r3
20000e36:	d202      	bcs.n	20000e3e <__udivmoddi4+0x62>
20000e38:	429d      	cmp	r5, r3
20000e3a:	f200 814c 	bhi.w	200010d6 <__udivmoddi4+0x2fa>
20000e3e:	3c01      	subs	r4, #1
20000e40:	1b5b      	subs	r3, r3, r5
20000e42:	fa1f fc8c 	uxth.w	ip, ip
20000e46:	fbb3 f5f6 	udiv	r5, r3, r6
20000e4a:	fb06 3315 	mls	r3, r6, r5, r3
20000e4e:	fb05 f000 	mul.w	r0, r5, r0
20000e52:	ea4c 4c03 	orr.w	ip, ip, r3, lsl #16
20000e56:	4560      	cmp	r0, ip
20000e58:	d90a      	bls.n	20000e70 <__udivmoddi4+0x94>
20000e5a:	eb1e 0c0c 	adds.w	ip, lr, ip
20000e5e:	bf2c      	ite	cs
20000e60:	2301      	movcs	r3, #1
20000e62:	2300      	movcc	r3, #0
20000e64:	4560      	cmp	r0, ip
20000e66:	d902      	bls.n	20000e6e <__udivmoddi4+0x92>
20000e68:	2b00      	cmp	r3, #0
20000e6a:	f000 8137 	beq.w	200010dc <__udivmoddi4+0x300>
20000e6e:	3d01      	subs	r5, #1
20000e70:	ebac 0c00 	sub.w	ip, ip, r0
20000e74:	ea45 4004 	orr.w	r0, r5, r4, lsl #16
20000e78:	2400      	movs	r4, #0
20000e7a:	b122      	cbz	r2, 20000e86 <__udivmoddi4+0xaa>
20000e7c:	fa2c f301 	lsr.w	r3, ip, r1
20000e80:	2100      	movs	r1, #0
20000e82:	e9c2 3100 	strd	r3, r1, [r2]
20000e86:	4621      	mov	r1, r4
20000e88:	b002      	add	sp, #8
20000e8a:	e8bd 87f0 	ldmia.w	sp!, {r4, r5, r6, r7, r8, r9, sl, pc}
20000e8e:	428b      	cmp	r3, r1
20000e90:	d908      	bls.n	20000ea4 <__udivmoddi4+0xc8>
20000e92:	b10a      	cbz	r2, 20000e98 <__udivmoddi4+0xbc>
20000e94:	e9c2 6100 	strd	r6, r1, [r2]
20000e98:	2400      	movs	r4, #0
20000e9a:	4620      	mov	r0, r4
20000e9c:	4621      	mov	r1, r4
20000e9e:	b002      	add	sp, #8
20000ea0:	e8bd 87f0 	ldmia.w	sp!, {r4, r5, r6, r7, r8, r9, sl, pc}
20000ea4:	fab3 f483 	clz	r4, r3
20000ea8:	2c00      	cmp	r4, #0
20000eaa:	d14d      	bne.n	20000f48 <__udivmoddi4+0x16c>
20000eac:	428b      	cmp	r3, r1
20000eae:	f0c0 8105 	bcc.w	200010bc <__udivmoddi4+0x2e0>
20000eb2:	42b7      	cmp	r7, r6
20000eb4:	f240 8102 	bls.w	200010bc <__udivmoddi4+0x2e0>
20000eb8:	4620      	mov	r0, r4
20000eba:	2a00      	cmp	r2, #0
20000ebc:	d0e3      	beq.n	20000e86 <__udivmoddi4+0xaa>
20000ebe:	e9c2 c500 	strd	ip, r5, [r2]
20000ec2:	e7e0      	b.n	20000e86 <__udivmoddi4+0xaa>
20000ec4:	2f00      	cmp	r7, #0
20000ec6:	f000 80a2 	beq.w	2000100e <__udivmoddi4+0x232>
20000eca:	4619      	mov	r1, r3
20000ecc:	fab7 f387 	clz	r3, r7
20000ed0:	2b00      	cmp	r3, #0
20000ed2:	f040 80b4 	bne.w	2000103e <__udivmoddi4+0x262>
20000ed6:	1bc3      	subs	r3, r0, r7
20000ed8:	fa1f f88e 	uxth.w	r8, lr
20000edc:	0c3f      	lsrs	r7, r7, #16
20000ede:	2401      	movs	r4, #1
20000ee0:	ea4f 401c 	mov.w	r0, ip, lsr #16
20000ee4:	fbb3 f5f7 	udiv	r5, r3, r7
20000ee8:	fb07 3315 	mls	r3, r7, r5, r3
20000eec:	ea40 4303 	orr.w	r3, r0, r3, lsl #16
20000ef0:	fb08 f005 	mul.w	r0, r8, r5
20000ef4:	4298      	cmp	r0, r3
20000ef6:	d90a      	bls.n	20000f0e <__udivmoddi4+0x132>
20000ef8:	eb1e 0303 	adds.w	r3, lr, r3
20000efc:	bf2c      	ite	cs
20000efe:	2601      	movcs	r6, #1
20000f00:	2600      	movcc	r6, #0
20000f02:	4298      	cmp	r0, r3
20000f04:	d902      	bls.n	20000f0c <__udivmoddi4+0x130>
20000f06:	2e00      	cmp	r6, #0
20000f08:	f000 80e2 	beq.w	200010d0 <__udivmoddi4+0x2f4>
20000f0c:	3d01      	subs	r5, #1
20000f0e:	1a1b      	subs	r3, r3, r0
20000f10:	fa1f fc8c 	uxth.w	ip, ip
20000f14:	fbb3 f0f7 	udiv	r0, r3, r7
20000f18:	fb07 3310 	mls	r3, r7, r0, r3
20000f1c:	ea4c 4c03 	orr.w	ip, ip, r3, lsl #16
20000f20:	fb08 f300 	mul.w	r3, r8, r0
20000f24:	4563      	cmp	r3, ip
20000f26:	d90a      	bls.n	20000f3e <__udivmoddi4+0x162>
20000f28:	eb1e 0c0c 	adds.w	ip, lr, ip
20000f2c:	bf2c      	ite	cs
20000f2e:	2601      	movcs	r6, #1
20000f30:	2600      	movcc	r6, #0
20000f32:	4563      	cmp	r3, ip
20000f34:	d902      	bls.n	20000f3c <__udivmoddi4+0x160>
20000f36:	2e00      	cmp	r6, #0
20000f38:	f000 80c7 	beq.w	200010ca <__udivmoddi4+0x2ee>
20000f3c:	3801      	subs	r0, #1
20000f3e:	ebac 0c03 	sub.w	ip, ip, r3
20000f42:	ea40 4005 	orr.w	r0, r0, r5, lsl #16
20000f46:	e798      	b.n	20000e7a <__udivmoddi4+0x9e>
20000f48:	f1c4 0820 	rsb	r8, r4, #32
20000f4c:	40a3      	lsls	r3, r4
20000f4e:	fa06 fa04 	lsl.w	sl, r6, r4
20000f52:	40a1      	lsls	r1, r4
20000f54:	fa27 fc08 	lsr.w	ip, r7, r8
20000f58:	fa20 f008 	lsr.w	r0, r0, r8
20000f5c:	fa07 f904 	lsl.w	r9, r7, r4
20000f60:	ea4c 0c03 	orr.w	ip, ip, r3
20000f64:	fa26 f308 	lsr.w	r3, r6, r8
20000f68:	ea4f 461c 	mov.w	r6, ip, lsr #16
20000f6c:	430b      	orrs	r3, r1
20000f6e:	fa1f fe8c 	uxth.w	lr, ip
20000f72:	0c19      	lsrs	r1, r3, #16
20000f74:	fbb0 f7f6 	udiv	r7, r0, r6
20000f78:	fb06 0017 	mls	r0, r6, r7, r0
20000f7c:	ea41 4100 	orr.w	r1, r1, r0, lsl #16
20000f80:	fb07 f00e 	mul.w	r0, r7, lr
20000f84:	4288      	cmp	r0, r1
20000f86:	d90a      	bls.n	20000f9e <__udivmoddi4+0x1c2>
20000f88:	eb1c 0101 	adds.w	r1, ip, r1
20000f8c:	bf2c      	ite	cs
20000f8e:	2501      	movcs	r5, #1
20000f90:	2500      	movcc	r5, #0
20000f92:	4288      	cmp	r0, r1
20000f94:	d902      	bls.n	20000f9c <__udivmoddi4+0x1c0>
20000f96:	2d00      	cmp	r5, #0
20000f98:	f000 80b2 	beq.w	20001100 <__udivmoddi4+0x324>
20000f9c:	3f01      	subs	r7, #1
20000f9e:	1a09      	subs	r1, r1, r0
20000fa0:	b29b      	uxth	r3, r3
20000fa2:	fbb1 f0f6 	udiv	r0, r1, r6
20000fa6:	fb06 1110 	mls	r1, r6, r0, r1
20000faa:	fb00 fe0e 	mul.w	lr, r0, lr
20000fae:	ea43 4301 	orr.w	r3, r3, r1, lsl #16
20000fb2:	459e      	cmp	lr, r3
20000fb4:	d90a      	bls.n	20000fcc <__udivmoddi4+0x1f0>
20000fb6:	eb1c 0303 	adds.w	r3, ip, r3
20000fba:	bf2c      	ite	cs
20000fbc:	2101      	movcs	r1, #1
20000fbe:	2100      	movcc	r1, #0
20000fc0:	459e      	cmp	lr, r3
20000fc2:	d902      	bls.n	20000fca <__udivmoddi4+0x1ee>
20000fc4:	2900      	cmp	r1, #0
20000fc6:	f000 809e 	beq.w	20001106 <__udivmoddi4+0x32a>
20000fca:	3801      	subs	r0, #1
20000fcc:	ea40 4007 	orr.w	r0, r0, r7, lsl #16
20000fd0:	eba3 030e 	sub.w	r3, r3, lr
20000fd4:	fba0 e109 	umull	lr, r1, r0, r9
20000fd8:	428b      	cmp	r3, r1
20000fda:	4676      	mov	r6, lr
20000fdc:	460f      	mov	r7, r1
20000fde:	d302      	bcc.n	20000fe6 <__udivmoddi4+0x20a>
20000fe0:	d107      	bne.n	20000ff2 <__udivmoddi4+0x216>
20000fe2:	45f2      	cmp	sl, lr
20000fe4:	d205      	bcs.n	20000ff2 <__udivmoddi4+0x216>
20000fe6:	ebbe 0609 	subs.w	r6, lr, r9
20000fea:	eb61 010c 	sbc.w	r1, r1, ip
20000fee:	3801      	subs	r0, #1
20000ff0:	460f      	mov	r7, r1
20000ff2:	b152      	cbz	r2, 2000100a <__udivmoddi4+0x22e>
20000ff4:	ebba 0106 	subs.w	r1, sl, r6
20000ff8:	eb63 0307 	sbc.w	r3, r3, r7
20000ffc:	fa03 f508 	lsl.w	r5, r3, r8
20001000:	40e1      	lsrs	r1, r4
20001002:	40e3      	lsrs	r3, r4
20001004:	430d      	orrs	r5, r1
20001006:	e9c2 5300 	strd	r5, r3, [r2]
2000100a:	2400      	movs	r4, #0
2000100c:	e73b      	b.n	20000e86 <__udivmoddi4+0xaa>
2000100e:	0873      	lsrs	r3, r6, #1
20001010:	46b8      	mov	r8, r7
20001012:	0849      	lsrs	r1, r1, #1
20001014:	9701      	str	r7, [sp, #4]
20001016:	ea43 73c0 	orr.w	r3, r3, r0, lsl #31
2000101a:	ea4f 7cc6 	mov.w	ip, r6, lsl #31
2000101e:	0c1c      	lsrs	r4, r3, #16
20001020:	b29b      	uxth	r3, r3
20001022:	ea44 4401 	orr.w	r4, r4, r1, lsl #16
20001026:	ea43 4304 	orr.w	r3, r3, r4, lsl #16
2000102a:	fbb4 f4f7 	udiv	r4, r4, r7
2000102e:	fbb1 f5f7 	udiv	r5, r1, r7
20001032:	211f      	movs	r1, #31
20001034:	9801      	ldr	r0, [sp, #4]
20001036:	ea44 4405 	orr.w	r4, r4, r5, lsl #16
2000103a:	1a1b      	subs	r3, r3, r0
2000103c:	e750      	b.n	20000ee0 <__udivmoddi4+0x104>
2000103e:	4619      	mov	r1, r3
20001040:	fa07 fe03 	lsl.w	lr, r7, r3
20001044:	f1c3 0320 	rsb	r3, r3, #32
20001048:	fa00 f401 	lsl.w	r4, r0, r1
2000104c:	ea4f 471e 	mov.w	r7, lr, lsr #16
20001050:	40d8      	lsrs	r0, r3
20001052:	fa26 f303 	lsr.w	r3, r6, r3
20001056:	fa1f f88e 	uxth.w	r8, lr
2000105a:	fa06 fc01 	lsl.w	ip, r6, r1
2000105e:	4323      	orrs	r3, r4
20001060:	fbb0 f5f7 	udiv	r5, r0, r7
20001064:	0c1c      	lsrs	r4, r3, #16
20001066:	fb07 0015 	mls	r0, r7, r5, r0
2000106a:	ea44 4000 	orr.w	r0, r4, r0, lsl #16
2000106e:	fb05 f408 	mul.w	r4, r5, r8
20001072:	4284      	cmp	r4, r0
20001074:	d94a      	bls.n	2000110c <__udivmoddi4+0x330>
20001076:	eb1e 0000 	adds.w	r0, lr, r0
2000107a:	bf2c      	ite	cs
2000107c:	2601      	movcs	r6, #1
2000107e:	2600      	movcc	r6, #0
20001080:	4284      	cmp	r4, r0
20001082:	d900      	bls.n	20001086 <__udivmoddi4+0x2aa>
20001084:	b38e      	cbz	r6, 200010ea <__udivmoddi4+0x30e>
20001086:	1b00      	subs	r0, r0, r4
20001088:	3d01      	subs	r5, #1
2000108a:	fbb0 f4f7 	udiv	r4, r0, r7
2000108e:	fb04 f608 	mul.w	r6, r4, r8
20001092:	46a1      	mov	r9, r4
20001094:	9601      	str	r6, [sp, #4]
20001096:	fb07 0019 	mls	r0, r7, r9, r0
2000109a:	b29b      	uxth	r3, r3
2000109c:	9e01      	ldr	r6, [sp, #4]
2000109e:	ea43 4300 	orr.w	r3, r3, r0, lsl #16
200010a2:	42b3      	cmp	r3, r6
200010a4:	d2c6      	bcs.n	20001034 <__udivmoddi4+0x258>
200010a6:	eb1e 0303 	adds.w	r3, lr, r3
200010aa:	bf2c      	ite	cs
200010ac:	2001      	movcs	r0, #1
200010ae:	2000      	movcc	r0, #0
200010b0:	42b3      	cmp	r3, r6
200010b2:	d200      	bcs.n	200010b6 <__udivmoddi4+0x2da>
200010b4:	b1a8      	cbz	r0, 200010e2 <__udivmoddi4+0x306>
200010b6:	f109 34ff 	add.w	r4, r9, #4294967295
200010ba:	e7bb      	b.n	20001034 <__udivmoddi4+0x258>
200010bc:	ebb6 0c07 	subs.w	ip, r6, r7
200010c0:	eb60 0303 	sbc.w	r3, r0, r3
200010c4:	2001      	movs	r0, #1
200010c6:	461d      	mov	r5, r3
200010c8:	e6f7      	b.n	20000eba <__udivmoddi4+0xde>
200010ca:	44f4      	add	ip, lr
200010cc:	3802      	subs	r0, #2
200010ce:	e736      	b.n	20000f3e <__udivmoddi4+0x162>
200010d0:	3d02      	subs	r5, #2
200010d2:	4473      	add	r3, lr
200010d4:	e71b      	b.n	20000f0e <__udivmoddi4+0x132>
200010d6:	3c02      	subs	r4, #2
200010d8:	4473      	add	r3, lr
200010da:	e6b1      	b.n	20000e40 <__udivmoddi4+0x64>
200010dc:	44f4      	add	ip, lr
200010de:	3d02      	subs	r5, #2
200010e0:	e6c6      	b.n	20000e70 <__udivmoddi4+0x94>
200010e2:	f1a9 0402 	sub.w	r4, r9, #2
200010e6:	4473      	add	r3, lr
200010e8:	e7a4      	b.n	20001034 <__udivmoddi4+0x258>
200010ea:	ebae 0404 	sub.w	r4, lr, r4
200010ee:	3d02      	subs	r5, #2
200010f0:	4420      	add	r0, r4
200010f2:	fbb0 f4f7 	udiv	r4, r0, r7
200010f6:	fb04 f608 	mul.w	r6, r4, r8
200010fa:	46a1      	mov	r9, r4
200010fc:	9601      	str	r6, [sp, #4]
200010fe:	e7ca      	b.n	20001096 <__udivmoddi4+0x2ba>
20001100:	3f02      	subs	r7, #2
20001102:	4461      	add	r1, ip
20001104:	e74b      	b.n	20000f9e <__udivmoddi4+0x1c2>
20001106:	3802      	subs	r0, #2
20001108:	4463      	add	r3, ip
2000110a:	e75f      	b.n	20000fcc <__udivmoddi4+0x1f0>
2000110c:	1b00      	subs	r0, r0, r4
2000110e:	fbb0 f4f7 	udiv	r4, r0, r7
20001112:	fb04 f608 	mul.w	r6, r4, r8
20001116:	46a1      	mov	r9, r4
20001118:	9601      	str	r6, [sp, #4]
2000111a:	e7bc      	b.n	20001096 <__udivmoddi4+0x2ba>

2000111c <__aeabi_idiv0>:
2000111c:	4770      	bx	lr
2000111e:	bf00      	nop

20001120 <memset>:
20001120:	b530      	push	{r4, r5, lr}
20001122:	0784      	lsls	r4, r0, #30
20001124:	4686      	mov	lr, r0
20001126:	4603      	mov	r3, r0
20001128:	d006      	beq.n	20001138 <memset+0x18>
2000112a:	b3a2      	cbz	r2, 20001196 <memset+0x76>
2000112c:	f803 1b01 	strb.w	r1, [r3], #1
20001130:	0798      	lsls	r0, r3, #30
20001132:	f102 32ff 	add.w	r2, r2, #4294967295
20001136:	d1f8      	bne.n	2000112a <memset+0xa>
20001138:	2a03      	cmp	r2, #3
2000113a:	d926      	bls.n	2000118a <memset+0x6a>
2000113c:	fa5f fc81 	uxtb.w	ip, r1
20001140:	2a0f      	cmp	r2, #15
20001142:	eb0c 2c0c 	add.w	ip, ip, ip, lsl #8
20001146:	eb0c 400c 	add.w	r0, ip, ip, lsl #16
2000114a:	d92a      	bls.n	200011a2 <memset+0x82>
2000114c:	f022 0c0f 	bic.w	ip, r2, #15
20001150:	449c      	add	ip, r3
20001152:	e9c3 0000 	strd	r0, r0, [r3]
20001156:	e9c3 0002 	strd	r0, r0, [r3, #8]
2000115a:	3310      	adds	r3, #16
2000115c:	4563      	cmp	r3, ip
2000115e:	d1f8      	bne.n	20001152 <memset+0x32>
20001160:	f012 0f0c 	tst.w	r2, #12
20001164:	f002 050f 	and.w	r5, r2, #15
20001168:	d017      	beq.n	2000119a <memset+0x7a>
2000116a:	ea4f 0c95 	mov.w	ip, r5, lsr #2
2000116e:	461a      	mov	r2, r3
20001170:	f10c 34ff 	add.w	r4, ip, #4294967295
20001174:	eb03 0c8c 	add.w	ip, r3, ip, lsl #2
20001178:	f842 0b04 	str.w	r0, [r2], #4
2000117c:	4562      	cmp	r2, ip
2000117e:	d1fb      	bne.n	20001178 <memset+0x58>
20001180:	3304      	adds	r3, #4
20001182:	f005 0203 	and.w	r2, r5, #3
20001186:	eb03 0384 	add.w	r3, r3, r4, lsl #2
2000118a:	b122      	cbz	r2, 20001196 <memset+0x76>
2000118c:	441a      	add	r2, r3
2000118e:	f803 1b01 	strb.w	r1, [r3], #1
20001192:	429a      	cmp	r2, r3
20001194:	d1fb      	bne.n	2000118e <memset+0x6e>
20001196:	4670      	mov	r0, lr
20001198:	bd30      	pop	{r4, r5, pc}
2000119a:	462a      	mov	r2, r5
2000119c:	2a00      	cmp	r2, #0
2000119e:	d1f5      	bne.n	2000118c <memset+0x6c>
200011a0:	e7f9      	b.n	20001196 <memset+0x76>
200011a2:	4615      	mov	r5, r2
200011a4:	e7e1      	b.n	2000116a <memset+0x4a>
200011a6:	bf00      	nop

200011a8 <memcpy>:
200011a8:	4684      	mov	ip, r0
200011aa:	ea41 0300 	orr.w	r3, r1, r0
200011ae:	f013 0303 	ands.w	r3, r3, #3
200011b2:	d149      	bne.n	20001248 <memcpy+0xa0>
200011b4:	3a40      	subs	r2, #64	@ 0x40
200011b6:	d323      	bcc.n	20001200 <memcpy+0x58>
200011b8:	680b      	ldr	r3, [r1, #0]
200011ba:	6003      	str	r3, [r0, #0]
200011bc:	684b      	ldr	r3, [r1, #4]
200011be:	6043      	str	r3, [r0, #4]
200011c0:	688b      	ldr	r3, [r1, #8]
200011c2:	6083      	str	r3, [r0, #8]
200011c4:	68cb      	ldr	r3, [r1, #12]
200011c6:	60c3      	str	r3, [r0, #12]
200011c8:	690b      	ldr	r3, [r1, #16]
200011ca:	6103      	str	r3, [r0, #16]
200011cc:	694b      	ldr	r3, [r1, #20]
200011ce:	6143      	str	r3, [r0, #20]
200011d0:	698b      	ldr	r3, [r1, #24]
200011d2:	6183      	str	r3, [r0, #24]
200011d4:	69cb      	ldr	r3, [r1, #28]
200011d6:	61c3      	str	r3, [r0, #28]
200011d8:	6a0b      	ldr	r3, [r1, #32]
200011da:	6203      	str	r3, [r0, #32]
200011dc:	6a4b      	ldr	r3, [r1, #36]	@ 0x24
200011de:	6243      	str	r3, [r0, #36]	@ 0x24
200011e0:	6a8b      	ldr	r3, [r1, #40]	@ 0x28
200011e2:	6283      	str	r3, [r0, #40]	@ 0x28
200011e4:	6acb      	ldr	r3, [r1, #44]	@ 0x2c
200011e6:	62c3      	str	r3, [r0, #44]	@ 0x2c
200011e8:	6b0b      	ldr	r3, [r1, #48]	@ 0x30
200011ea:	6303      	str	r3, [r0, #48]	@ 0x30
200011ec:	6b4b      	ldr	r3, [r1, #52]	@ 0x34
200011ee:	6343      	str	r3, [r0, #52]	@ 0x34
200011f0:	6b8b      	ldr	r3, [r1, #56]	@ 0x38
200011f2:	6383      	str	r3, [r0, #56]	@ 0x38
200011f4:	6bcb      	ldr	r3, [r1, #60]	@ 0x3c
200011f6:	63c3      	str	r3, [r0, #60]	@ 0x3c
200011f8:	3040      	adds	r0, #64	@ 0x40
200011fa:	3140      	adds	r1, #64	@ 0x40
200011fc:	3a40      	subs	r2, #64	@ 0x40
200011fe:	d2db      	bcs.n	200011b8 <memcpy+0x10>
20001200:	3230      	adds	r2, #48	@ 0x30
20001202:	d30b      	bcc.n	2000121c <memcpy+0x74>
20001204:	680b      	ldr	r3, [r1, #0]
20001206:	6003      	str	r3, [r0, #0]
20001208:	684b      	ldr	r3, [r1, #4]
2000120a:	6043      	str	r3, [r0, #4]
2000120c:	688b      	ldr	r3, [r1, #8]
2000120e:	6083      	str	r3, [r0, #8]
20001210:	68cb      	ldr	r3, [r1, #12]
20001212:	60c3      	str	r3, [r0, #12]
20001214:	3010      	adds	r0, #16
20001216:	3110      	adds	r1, #16
20001218:	3a10      	subs	r2, #16
2000121a:	d2f3      	bcs.n	20001204 <memcpy+0x5c>
2000121c:	320c      	adds	r2, #12
2000121e:	d305      	bcc.n	2000122c <memcpy+0x84>
20001220:	f851 3b04 	ldr.w	r3, [r1], #4
20001224:	f840 3b04 	str.w	r3, [r0], #4
20001228:	3a04      	subs	r2, #4
2000122a:	d2f9      	bcs.n	20001220 <memcpy+0x78>
2000122c:	3204      	adds	r2, #4
2000122e:	d008      	beq.n	20001242 <memcpy+0x9a>
20001230:	07d2      	lsls	r2, r2, #31
20001232:	bf1c      	itt	ne
20001234:	f811 3b01 	ldrbne.w	r3, [r1], #1
20001238:	f800 3b01 	strbne.w	r3, [r0], #1
2000123c:	d301      	bcc.n	20001242 <memcpy+0x9a>
2000123e:	880b      	ldrh	r3, [r1, #0]
20001240:	8003      	strh	r3, [r0, #0]
20001242:	4660      	mov	r0, ip
20001244:	4770      	bx	lr
20001246:	bf00      	nop
20001248:	2a08      	cmp	r2, #8
2000124a:	d313      	bcc.n	20001274 <memcpy+0xcc>
2000124c:	078b      	lsls	r3, r1, #30
2000124e:	d0b1      	beq.n	200011b4 <memcpy+0xc>
20001250:	f010 0303 	ands.w	r3, r0, #3
20001254:	d0ae      	beq.n	200011b4 <memcpy+0xc>
20001256:	f1c3 0304 	rsb	r3, r3, #4
2000125a:	1ad2      	subs	r2, r2, r3
2000125c:	07db      	lsls	r3, r3, #31
2000125e:	bf1c      	itt	ne
20001260:	f811 3b01 	ldrbne.w	r3, [r1], #1
20001264:	f800 3b01 	strbne.w	r3, [r0], #1
20001268:	d3a4      	bcc.n	200011b4 <memcpy+0xc>
2000126a:	f831 3b02 	ldrh.w	r3, [r1], #2
2000126e:	f820 3b02 	strh.w	r3, [r0], #2
20001272:	e79f      	b.n	200011b4 <memcpy+0xc>
20001274:	3a04      	subs	r2, #4
20001276:	d3d9      	bcc.n	2000122c <memcpy+0x84>
20001278:	3a01      	subs	r2, #1
2000127a:	f811 3b01 	ldrb.w	r3, [r1], #1
2000127e:	f800 3b01 	strb.w	r3, [r0], #1
20001282:	d2f9      	bcs.n	20001278 <memcpy+0xd0>
20001284:	780b      	ldrb	r3, [r1, #0]
20001286:	7003      	strb	r3, [r0, #0]
20001288:	784b      	ldrb	r3, [r1, #1]
2000128a:	7043      	strb	r3, [r0, #1]
2000128c:	788b      	ldrb	r3, [r1, #2]
2000128e:	7083      	strb	r3, [r0, #2]
20001290:	4660      	mov	r0, ip
20001292:	4770      	bx	lr
20001294:	0000      	movs	r0, r0
	...

20001298 <__tu_fifo_write_veneer>:
20001298:	f85f f000 	ldr.w	pc, [pc]	@ 2000129c <__tu_fifo_write_veneer+0x4>
2000129c:	10005da9 	.word	0x10005da9

200012a0 <__best_effort_wfe_or_timeout_veneer>:
200012a0:	f85f f000 	ldr.w	pc, [pc]	@ 200012a4 <__best_effort_wfe_or_timeout_veneer+0x4>
200012a4:	100012e1 	.word	0x100012e1

200012a8 <__panic_veneer>:
200012a8:	f85f f000 	ldr.w	pc, [pc]	@ 200012ac <__panic_veneer+0x4>
200012ac:	1000039d 	.word	0x1000039d

200012b0 <__tud_event_hook_cb_veneer>:
200012b0:	f85f f000 	ldr.w	pc, [pc]	@ 200012b4 <__tud_event_hook_cb_veneer+0x4>
200012b4:	10004769 	.word	0x10004769

200012b8 <__time_us_64_veneer>:
200012b8:	f85f f000 	ldr.w	pc, [pc]	@ 200012bc <__time_us_64_veneer+0x4>
200012bc:	10001441 	.word	0x10001441

200012c0 <striped_spin_lock_num>:
200012c0:	00000010                                ....

200012c4 <irq_handler_chain_slots>:
200012c4:	00000000 	.word	0x00000000
200012c8:	00010000 	.word	0x00010000
	...
200012d4:	00020000 	.word	0x00020000
	...
200012e0:	00030000 	.word	0x00030000
	...
200012ec:	00040000 	.word	0x00040000
	...
200012f8:	00050000 	.word	0x00050000
	...
20001304:	00ff0000 	.word	0x00ff0000
20001308:	00000000 	.word	0x00000000

2000130c <irq_handler_chain_first_slot>:
2000130c:	b501      	push	{r0, lr}
2000130e:	6848      	ldr	r0, [r1, #4]
20001310:	3101      	adds	r1, #1
20001312:	468e      	mov	lr, r1
20001314:	4700      	bx	r0

20001316 <irq_handler_chain_remove_tail>:
20001316:	4670      	mov	r0, lr
20001318:	3809      	subs	r0, #9
2000131a:	4901      	ldr	r1, [pc, #4]	@ (20001320 <irq_handler_chain_remove_tail+0xa>)
2000131c:	4788      	blx	r1
2000131e:	bd01      	pop	{r0, pc}
20001320:	100009b9 	.word	0x100009b9
20001324:	00000000 	.word	0x00000000

20001328 <last_added.0>:
20001328:	ffffffff 7fffffff                       ........

20001330 <default_alarm_pool>:
	...
20001344:	20001a88                                ... 

20001348 <stdio_uart>:
20001348:	10003a8d 10003ba1 10003ae1 10003bb1     .:...;...:...;..
20001358:	00000000 00000100                       ........

20001360 <stdio_usb>:
20001360:	10003e05 10003db1 10003d29 10003c99     .>...=..)=...<..
20001370:	00000000 00000100                       ........

20001378 <_usbd_qdef>:
20001378:	20001ee4 000c0010 00000000 00000000     ... ............
	...

20001394 <_usbd_rhport>:
20001394:	000000ff                                ....

20001398 <__malloc_sbrk_base>:
20001398:	ffffffff                                ....

2000139c <__malloc_trim_threshold>:
2000139c:	00020000                                ....

200013a0 <__malloc_av_>:
	...
200013a8:	200013a0 200013a0 200013a8 200013a8     ... ... ... ... 
200013b8:	200013b0 200013b0 200013b8 200013b8     ... ... ... ... 
200013c8:	200013c0 200013c0 200013c8 200013c8     ... ... ... ... 
200013d8:	200013d0 200013d0 200013d8 200013d8     ... ... ... ... 
200013e8:	200013e0 200013e0 200013e8 200013e8     ... ... ... ... 
200013f8:	200013f0 200013f0 200013f8 200013f8     ... ... ... ... 
20001408:	20001400 20001400 20001408 20001408     ... ... ... ... 
20001418:	20001410 20001410 20001418 20001418     ... ... ... ... 
20001428:	20001420 20001420 20001428 20001428      ..  .. (.. (.. 
20001438:	20001430 20001430 20001438 20001438     0.. 0.. 8.. 8.. 
20001448:	20001440 20001440 20001448 20001448     @.. @.. H.. H.. 
20001458:	20001450 20001450 20001458 20001458     P.. P.. X.. X.. 
20001468:	20001460 20001460 20001468 20001468     `.. `.. h.. h.. 
20001478:	20001470 20001470 20001478 20001478     p.. p.. x.. x.. 
20001488:	20001480 20001480 20001488 20001488     ... ... ... ... 
20001498:	20001490 20001490 20001498 20001498     ... ... ... ... 
200014a8:	200014a0 200014a0 200014a8 200014a8     ... ... ... ... 
200014b8:	200014b0 200014b0 200014b8 200014b8     ... ... ... ... 
200014c8:	200014c0 200014c0 200014c8 200014c8     ... ... ... ... 
200014d8:	200014d0 200014d0 200014d8 200014d8     ... ... ... ... 
200014e8:	200014e0 200014e0 200014e8 200014e8     ... ... ... ... 
200014f8:	200014f0 200014f0 200014f8 200014f8     ... ... ... ... 
20001508:	20001500 20001500 20001508 20001508     ... ... ... ... 
20001518:	20001510 20001510 20001518 20001518     ... ... ... ... 
20001528:	20001520 20001520 20001528 20001528      ..  .. (.. (.. 
20001538:	20001530 20001530 20001538 20001538     0.. 0.. 8.. 8.. 
20001548:	20001540 20001540 20001548 20001548     @.. @.. H.. H.. 
20001558:	20001550 20001550 20001558 20001558     P.. P.. X.. X.. 
20001568:	20001560 20001560 20001568 20001568     `.. `.. h.. h.. 
20001578:	20001570 20001570 20001578 20001578     p.. p.. x.. x.. 
20001588:	20001580 20001580 20001588 20001588     ... ... ... ... 
20001598:	20001590 20001590 20001598 20001598     ... ... ... ... 
200015a8:	200015a0 200015a0 200015a8 200015a8     ... ... ... ... 
200015b8:	200015b0 200015b0 200015b8 200015b8     ... ... ... ... 
200015c8:	200015c0 200015c0 200015c8 200015c8     ... ... ... ... 
200015d8:	200015d0 200015d0 200015d8 200015d8     ... ... ... ... 
200015e8:	200015e0 200015e0 200015e8 200015e8     ... ... ... ... 
200015f8:	200015f0 200015f0 200015f8 200015f8     ... ... ... ... 
20001608:	20001600 20001600 20001608 20001608     ... ... ... ... 
20001618:	20001610 20001610 20001618 20001618     ... ... ... ... 
20001628:	20001620 20001620 20001628 20001628      ..  .. (.. (.. 
20001638:	20001630 20001630 20001638 20001638     0.. 0.. 8.. 8.. 
20001648:	20001640 20001640 20001648 20001648     @.. @.. H.. H.. 
20001658:	20001650 20001650 20001658 20001658     P.. P.. X.. X.. 
20001668:	20001660 20001660 20001668 20001668     `.. `.. h.. h.. 
20001678:	20001670 20001670 20001678 20001678     p.. p.. x.. x.. 
20001688:	20001680 20001680 20001688 20001688     ... ... ... ... 
20001698:	20001690 20001690 20001698 20001698     ... ... ... ... 
200016a8:	200016a0 200016a0 200016a8 200016a8     ... ... ... ... 
200016b8:	200016b0 200016b0 200016b8 200016b8     ... ... ... ... 
200016c8:	200016c0 200016c0 200016c8 200016c8     ... ... ... ... 
200016d8:	200016d0 200016d0 200016d8 200016d8     ... ... ... ... 
200016e8:	200016e0 200016e0 200016e8 200016e8     ... ... ... ... 
200016f8:	200016f0 200016f0 200016f8 200016f8     ... ... ... ... 
20001708:	20001700 20001700 20001708 20001708     ... ... ... ... 
20001718:	20001710 20001710 20001718 20001718     ... ... ... ... 
20001728:	20001720 20001720 20001728 20001728      ..  .. (.. (.. 
20001738:	20001730 20001730 20001738 20001738     0.. 0.. 8.. 8.. 
20001748:	20001740 20001740 20001748 20001748     @.. @.. H.. H.. 
20001758:	20001750 20001750 20001758 20001758     P.. P.. X.. X.. 
20001768:	20001760 20001760 20001768 20001768     `.. `.. h.. h.. 
20001778:	20001770 20001770 20001778 20001778     p.. p.. x.. x.. 
20001788:	20001780 20001780 20001788 20001788     ... ... ... ... 
20001798:	20001790 20001790 20001798 20001798     ... ... ... ... 

200017a8 <__sglue>:
200017a8:	00000000 00000003 20001c44              ........D.. 

200017b4 <_impure_ptr>:
200017b4:	200017b8                                ... 

200017b8 <_impure_data>:
200017b8:	00000000 20001c44 20001cac 20001d14     ....D.. ... ... 
	...
20001850:	00000001 00000000 abcd330e e66d1234     .........3..4.m.
20001860:	0005deec 0000000b 00000000 00000000     ................
	...

200019b8 <print_mutex>:
	...
